Event_No,Source_File,X_Acc_Raw_PeakFreq1,X_Acc_Raw_PeakPower1,X_Acc_Raw_PeakFreq2,X_Acc_Raw_PeakPower2,X_Acc_Raw_PeakFreq3,X_Acc_Raw_PeakPower3,X_Acc_Raw_SpectralCentroid,X_Acc_Raw_SpectralBandwidth,X_Acc_Raw_SpectralEntropy,X_Acc_Filtered_PeakFreq1,X_Acc_Filtered_PeakPower1,X_Acc_Filtered_PeakFreq2,X_Acc_Filtered_PeakPower2,X_Acc_Filtered_PeakFreq3,X_Acc_Filtered_PeakPower3,X_Acc_Filtered_SpectralCentroid,X_Acc_Filtered_SpectralBandwidth,X_Acc_Filtered_SpectralEntropy,Y_Acc_Raw_PeakFreq1,Y_Acc_Raw_PeakPower1,Y_Acc_Raw_PeakFreq2,Y_Acc_Raw_PeakPower2,Y_Acc_Raw_PeakFreq3,Y_Acc_Raw_PeakPower3,Y_Acc_Raw_SpectralCentroid,Y_Acc_Raw_SpectralBandwidth,Y_Acc_Raw_SpectralEntropy,Y_Acc_Filtered_PeakFreq1,Y_Acc_Filtered_PeakPower1,Y_Acc_Filtered_PeakFreq2,Y_Acc_Filtered_PeakPower2,Y_Acc_Filtered_PeakFreq3,Y_Acc_Filtered_PeakPower3,Y_Acc_Filtered_SpectralCentroid,Y_Acc_Filtered_SpectralBandwidth,Y_Acc_Filtered_SpectralEntropy,Z_Acc_Raw_PeakFreq1,Z_Acc_Raw_PeakPower1,Z_Acc_Raw_PeakFreq2,Z_Acc_Raw_PeakPower2,Z_Acc_Raw_PeakFreq3,Z_Acc_Raw_PeakPower3,Z_Acc_Raw_SpectralCentroid,Z_Acc_Raw_SpectralBandwidth,Z_Acc_Raw_SpectralEntropy,Wave_Raw_RMS,Wave_Raw_Std,Wave_Raw_Skew,Wave_Raw_Kurtosis,Wave_Raw_CrestFactor,Wave_Filtered_RMS,Wave_Filtered_Std,Wave_Filtered_Skew,Wave_Filtered_Kurtosis,Wave_Filtered_CrestFactor,X_Acc_Raw_RMS,X_Acc_Raw_Std,X_Acc_Raw_Skew,X_Acc_Raw_Kurtosis,X_Acc_Raw_CrestFactor,X_Acc_Filtered_RMS,X_Acc_Filtered_Std,X_Acc_Filtered_Skew,X_Acc_Filtered_Kurtosis,X_Acc_Filtered_CrestFactor,Y_Acc_Raw_RMS,Y_Acc_Raw_Std,Y_Acc_Raw_Skew,Y_Acc_Raw_Kurtosis,Y_Acc_Raw_CrestFactor,Y_Acc_Filtered_RMS,Y_Acc_Filtered_Std,Y_Acc_Filtered_Skew,Y_Acc_Filtered_Kurtosis,Y_Acc_Filtered_CrestFactor,Z_Acc_Raw_RMS,Z_Acc_Raw_Std,Z_Acc_Raw_Skew,Z_Acc_Raw_Kurtosis,Z_Acc_Raw_CrestFactor,X_Displacement_RMS,X_Displacement_Std,X_Displacement_Skew,X_Displacement_Kurtosis,X_Displacement_CrestFactor,Y_Displacement_RMS,Y_Displacement_Std,Y_Displacement_Skew,Y_Displacement_Kurtosis,Y_Displacement_CrestFactor,X_Velocity_RMS,X_Velocity_Std,X_Velocity_Skew,X_Velocity_Kurtosis,X_Velocity_CrestFactor,Y_Velocity_RMS,Y_Velocity_Std,Y_Velocity_Skew,Y_Velocity_Kurtosis,Y_Velocity_CrestFactor,Horizontal_Displacement_RMS,Hs (m),Tz (s),Wave_Steepness,Hydro_Interaction,X Frequency,Y Frequency
571,E571_processed,0.205078125,15770.14382,0.244140625,3950.835878,0.302734375,655.9854311,0.240023937,0.096667283,0.410374217,0.205078125,15770.04065,0.244140625,3950.833792,0.302734375,655.9868463,0.239892861,0.094146954,0.410385636,0.205078125,16550.61133,0.302734375,587.5154213,0.673828125,60.41725686,0.229059801,0.074335371,0.382019511,0.205078125,16550.39732,0.302734375,587.514883,0.673828125,60.41726402,0.228975301,0.071951128,0.381963486,0.205078125,1047.16756,0.302734375,36.18393459,0.537109375,34.33890991,0.343108019,0.543158946,0.438447032,21.92203119,0.093518392,-0.039314171,0.090789657,1.016401711,0.092402417,0.092404957,-0.058840557,0.122598106,3.858332988,29.09007542,25.56545215,-0.003197946,-0.177509789,3.425816109,25.64330279,25.64398279,0.016298539,-0.143190557,3.571245789,32.50519429,24.86742756,-0.058857179,0.028350811,3.376672941,24.8764425,24.87713188,-0.054730347,0.025799941,3.70809504,3834.789913,6.232262294,-0.068125619,0.236678998,1.00598833,14.58556824,14.58582682,-0.377951419,3.225725055,8.076420952,13.53880662,13.53917325,0.007515974,-0.240751366,3.423794196,113.8659922,18.6306443,-0.053310332,0.01435252,1.573338349,23.63136291,18.07958065,0.032258314,-0.234641943,3.121300186,19.9011446,0.342502173,2.586043165,0.051214365,4.637196261,0.2130,0.2130
572,E572_processed,0.21484375,8305.061947,0.25390625,3754.091614,0.537109375,152.3293994,0.240139715,0.096396284,0.436326116,0.21484375,8305.012028,0.25390625,3754.075471,0.537109375,152.3293776,0.240021503,0.093774104,0.436261397,0.205078125,7284.408621,0.341796875,219.0968966,0.693359375,39.7810313,0.232862556,0.082337785,0.428362038,0.205078125,7284.294004,0.341796875,219.0975099,0.693359375,39.78104771,0.23276926,0.080077879,0.428324163,0.205078125,482.7470033,0.283203125,50.79679839,0.537109375,14.17075278,0.362620944,0.597231277,0.486344089,7.500624444,7.25599076,4.859491886,30.56315688,9.397605163,1.895995933,1.896048596,-3.420647134,128.7063795,18.43872027,26.14720602,22.19138504,-0.048325216,-0.097620601,3.538815999,22.19789771,22.19851392,-0.046568874,-0.097446622,3.660125428,29.5840399,20.95569375,-0.054741126,0.368319526,3.668278585,20.97886761,20.97941459,-0.046362894,0.357709748,4.164341543,3834.528367,5.076632175,-0.076496217,0.570040411,1.005125593,12.05219335,12.05250579,0.037174431,-0.240634533,3.430324635,11.75253935,11.75277945,0.1017412,0.391321863,4.706032587,21.73101435,15.91029673,0.016512853,-0.400201397,2.988594575,43.06544666,15.27584253,0.008033941,0.007198434,2.153607312,16.83421279,0.342502173,2.586043165,0.051214365,4.025352502,0.2130,0.2130
573,E573_processed,0.205078125,9455.101085,0.234375,6160.935172,0.634765625,134.9332105,0.237055242,0.093174103,0.430310716,0.205078125,9454.988729,0.234375,6160.903269,0.634765625,134.933151,0.236921527,0.090171734,0.43024228,0.205078125,7807.293466,0.25390625,3550.143991,0.37109375,60.30484564,0.231234691,0.080913977,0.424628347,0.205078125,7807.189987,0.25390625,3550.128711,0.37109375,60.30507862,0.231122951,0.078160015,0.424585739,0.205078125,535.2297082,0.615234375,9.519486887,0.576171875,9.308350034,0.360604143,0.601530658,0.483382239,21.88033981,0.092402562,1.578539096,34.85389261,1.109216548,0.091572369,0.091574402,1.393286822,30.89249085,25.48377027,26.78093795,22.94853111,-0.045210189,0.145875499,3.646663056,22.97777344,22.97836906,-0.040439648,0.136008699,3.648970836,29.97568415,21.36433071,-0.056322396,0.147873521,3.611363446,21.37208808,21.37266059,-0.053803041,0.14830762,4.057400059,3834.414128,5.215998941,-0.069869271,0.56874789,1.005621243,12.73813989,12.73844268,-0.010335162,-0.081605836,3.49958749,12.03361137,12.0338512,0.131395572,0.374679116,4.98070343,44.40030404,16.6743338,0.001778715,-0.202586453,2.11499033,42.43461134,15.57660431,0.017377333,-0.12104671,2.174966055,17.52374094,0.333376596,2.810328638,0.042210538,4.011804353,0.2130,0.2130
574,E574_processed,0.244140625,6601.600041,0.21484375,6055.529572,0.64453125,89.5464641,0.242769827,0.101183154,0.446340604,0.244140625,6601.578665,0.21484375,6055.473761,0.64453125,89.54658782,0.242114438,0.086861018,0.446059517,0.205078125,4899.739233,0.244140625,4436.992049,0.68359375,46.91242204,0.235425546,0.081826968,0.437693055,0.205078125,4899.675828,0.244140625,4436.97575,0.68359375,46.91243311,0.235112113,0.073471919,0.437541895,0.205078125,320.8191507,0.283203125,64.75082926,0.56640625,7.540976542,0.441663286,0.812775691,0.522127424,17.10099848,2.480637238,2.132905604,21.83594638,3.841074474,0.693323573,0.693342651,-0.69540029,53.24048949,15.92694117,25.32064274,21.1627632,-0.04831249,0.031497218,3.941901121,21.17176575,21.17234567,-0.045988274,0.026777062,4.044298016,28.68292187,19.28297698,-0.0600541,0.5760186,3.323366198,19.28592499,19.28645366,-0.059032871,0.573059964,3.844840955,3833.838535,4.595895731,-0.063147565,0.888277568,1.005539322,11.41620699,11.4164516,-0.07353641,0.315781855,4.901489504,10.41921563,10.41948382,0.019013132,0.233799912,3.565263166,48.92270731,14.98835215,-0.014624888,-0.236261391,2.11403454,30.08234309,13.80138047,-0.005328524,0.238674349,2.514645917,15.45642294,0.337939385,2.698185902,0.046418924,3.521153951,0.2130,0.2130
575,E575_processed,0.21484375,5846.036972,0.33203125,307.1629014,0.576171875,94.66842017,0.240508128,0.090461764,0.452039522,0.21484375,5845.990803,0.33203125,307.1628545,0.576171875,94.66840332,0.240286942,0.085216461,0.451923387,0.21484375,4395.214044,0.244140625,4306.091399,0.1953125,3342.629757,0.237075514,0.077347631,0.438331467,0.21484375,4395.178619,0.244140625,4306.083152,0.1953125,3342.567185,0.236870121,0.071763643,0.438236533,0.21484375,300.3506693,0.244140625,92.34724721,0.29296875,54.54913795,0.393605856,0.682437744,0.519571312,0.163113042,0.163113042,134.1528981,17995.00006,134.1640786,0.61848133,0.618317434,-22.75893608,669.7644756,35.78066803,24.52302915,20.07638425,-0.048748335,0.097517154,3.89777223,20.07774803,20.0783041,-0.043253586,0.097985938,4.055606466,28.44020569,18.7237101,-0.030588081,0.164372464,3.236379442,18.7881827,18.7886921,-0.052713608,0.225826433,4.194426825,3833.430934,4.345323344,-0.006744742,0.574836215,1.004947596,10.85256701,10.85286737,0.016561257,0.01497144,4.031953221,10.1597743,10.1600555,0.070060503,0.72163426,5.029441121,26.85311909,14.32189385,-0.014956447,-0.163178622,2.680149594,26.04730982,13.55577195,0.07206898,0.546294011,3.802163983,14.86645412,0.337939385,2.698185902,0.046418924,3.433482904,0.2130,0.2130
576,E576_processed,0.1953125,5576.196681,0.244140625,4757.327801,0.615234375,97.01054164,0.241409401,0.094955784,0.454922133,0.1953125,5576.089356,0.244140625,4757.313188,0.615234375,97.01052,0.241250909,0.091383269,0.454830334,0.244140625,5367.158566,0.1953125,5182.864878,0.693359375,47.01381435,0.237039503,0.083481254,0.432826658,0.244140625,5367.184405,0.1953125,5182.824202,0.693359375,47.01388156,0.236887537,0.079820349,0.432780985,0.1953125,315.8867282,0.234375,131.5376155,0.576171875,6.503884473,0.400859179,0.685777348,0.522982145,21.89139672,0.089899753,0.614925282,9.437526243,1.065209511,0.088739893,0.088742314,0.518635644,7.666800221,15.37115103,24.86463452,20.31741561,-0.062954336,0.245444164,3.394943929,20.32221379,20.3227548,-0.044346409,0.250165151,3.645051056,28.83433511,19.18409216,-0.061537239,0.124236028,3.409490062,19.1832437,19.18376711,-0.060791234,0.12859355,4.00636518,3833.082904,4.354897027,-0.0193969,0.465155825,1.004107085,11.05485449,11.05516097,-0.001708004,0.275110883,4.257683664,10.56787948,10.56805427,0.231495933,1.344941858,6.408895302,14.80902289,14.55200697,-0.043294975,0.209722175,4.045988947,36.36678214,13.7271851,-0.014678676,-0.087070381,2.325512794,15.2938012,0.32048956,2.462328767,0.052859349,3.38695106,0.2000,0.2000
577,E577_processed,0.234375,7926.593694,0.29296875,852.0976833,0.673828125,123.2662246,0.237799656,0.092488167,0.431580443,0.234375,7926.566172,0.29296875,852.0967878,0.673828125,123.2661943,0.237694224,0.090054069,0.431519131,0.205078125,4883.309617,0.234375,3423.864192,0.673828125,74.22214002,0.235743666,0.090843309,0.4380409,0.205078125,4883.241429,0.234375,3423.857436,0.673828125,74.22219135,0.235637733,0.088412097,0.437976566,0.205078125,333.7956504,0.29296875,48.69664998,0.576171875,7.895434766,0.395027215,0.665373204,0.512642587,14.67150104,1.538984902,28.23330803,3613.989084,29.35050232,0.557438389,0.55741754,-4.86530026,167.4305489,19.78652852,27.18989858,22.9936259,-0.050740934,0.061621615,3.714045851,22.99014013,22.9907408,-0.04596923,0.05942695,3.75837799,28.88480232,19.15982095,-0.057520137,0.215889866,3.390450587,19.17387101,19.17440141,-0.048326866,0.208826004,3.972903643,3832.467804,4.598519541,-0.007809117,0.345501149,1.004734233,12.67644317,12.67676704,0.058925208,-0.029533299,3.606553297,10.72216053,10.72243602,0.043631908,0.211805123,3.894689444,50.48529588,16.59338345,0.003800107,-0.118739758,2.074237014,40.1059314,13.91352675,0.00190449,-0.018364958,2.123235326,16.60334475,0.332122776,2.619566857,0.048399367,3.56116522,0.2250,0.2000
578,E578_processed,0.234375,6075.52272,0.21484375,6074.603029,0.283203125,673.7420754,0.240318321,0.101917032,0.437712745,0.234375,6075.495621,0.21484375,6074.516025,0.283203125,673.742459,0.240170827,0.098960164,0.437658494,0.234375,4151.054079,0.673828125,58.34075221,0.693359375,50.08940826,0.240150483,0.090067738,0.44607439,0.234375,4150.994298,0.673828125,58.34080789,0.693359375,50.08950063,0.240003239,0.087265056,0.446131632,0.21484375,255.8962564,0.29296875,56.60803161,0.56640625,9.070625446,0.413147533,0.692753425,0.532504875,0.162754675,0.162754675,134.1528981,17995.00006,134.1640786,0.617122497,0.616958961,-22.75893608,669.7644756,35.78066803,25.32091867,20.70854963,-0.035307292,-0.161642087,3.259253705,20.73029413,20.73085534,-0.035200022,-0.164990252,3.33364065,28.97887934,19.00957703,-0.044618539,0.181544707,3.859806608,19.08590968,19.08633034,-0.029881632,0.287264169,4.888607506,3831.964796,4.412557868,0.006163753,0.453225391,1.00626402,11.61026107,11.61054325,-0.045634582,0.589871686,5.447209783,11.29066865,11.29067432,-0.900790763,16.63165609,11.01147178,67.57307666,14.97936222,-0.008477867,-0.318254618,1.682334781,94.33204086,13.78716183,0.145137544,1.936600383,1.895849476,16.19518574,0.332122776,2.619566857,0.048399367,3.749890102,0.2250,0.2250
579,E579_processed,0.205078125,5695.456404,0.234375,5672.323047,0.615234375,109.4291734,0.242962408,0.113063374,0.445628788,0.205078125,5695.384368,0.234375,5672.302981,0.615234375,109.4291736,0.242307972,0.100620246,0.445336769,0.234375,4329.603004,0.205078125,3871.66891,0.283203125,1283.865857,0.242481383,0.090663258,0.447257751,0.234375,4329.587044,0.205078125,3871.616714,0.283203125,1283.865649,0.242153211,0.082836078,0.447091975,0.205078125,274.0038436,0.25390625,82.28958046,0.283203125,49.60372743,0.492337551,0.879847466,0.550774024,21.8912,0.090220353,1.12200685,16.63278233,1.072238845,0.089322191,0.089324655,0.924594915,13.50705155,16.82295257,24.87681457,20.02783197,-0.041832603,0.047068537,3.307806824,20.01646541,20.01701709,-0.042690967,0.05724498,3.381910221,28.62231614,18.18643403,-0.051463223,0.613509103,3.645893627,18.19637042,18.19686947,-0.050586118,0.607092442,4.525403321,3831.80597,4.226983348,3.76E-05,0.733216074,1.004674697,10.96638167,10.96668577,0.0244046,0.068153774,3.966801113,9.421482271,9.421743095,0.014301536,0.420954921,4.132752697,35.50771122,14.34136727,-0.01312309,-0.081019499,2.307386149,12.86137457,12.76827608,-0.001377349,0.320548063,4.059076288,14.45812712,0.326335491,2.577363897,0.049126161,3.074649163,0.2250,0.2000
580,E580_processed,0.224609375,5057.334301,0.3125,548.9458072,0.615234375,88.53482155,0.242179649,0.101864099,0.449035736,0.224609375,5057.342111,0.3125,548.948174,0.615234375,88.53488058,0.241790137,0.093686511,0.448901717,0.244140625,4859.527334,0.205078125,3263.512576,0.283203125,1022.459393,0.24257995,0.087756076,0.445237137,0.244140625,4859.518902,0.205078125,3263.459986,0.283203125,1022.460179,0.242277021,0.080170417,0.445087739,0.205078125,205.6927063,0.283203125,50.22944678,0.556640625,6.31352264,0.452643251,0.787486168,0.553771751,13.63020855,1.13541422,39.49163501,5154.51118,40.28411844,0.499090947,0.499053045,-6.594406066,217.2034673,21.6480376,24.27531311,19.18430992,-0.04021812,-0.070020372,3.398419441,19.22715675,19.22767044,-0.034761306,-0.06887337,3.518280534,28.33215923,17.69603317,-0.055300781,0.448334937,3.624333718,17.70125439,17.7017291,-0.058577622,0.446699893,4.699058048,3831.490409,3.985631107,-0.02924283,0.665859473,1.004291409,10.9232798,10.923492,-0.251275067,2.290927827,7.151121581,9.181690565,9.181911806,0.045195224,0.29605891,4.104670375,75.18283589,13.87231658,-0.055300992,0.030328115,1.658827697,16.44148568,12.42005093,0.021582035,0.2287174,3.852309006,14.26990476,0.330675955,2.609016117,0.048579058,3.036237456,0.2250,0.2000
581,E581_processed,0.224609375,4381.831805,0.302734375,628.9368982,0.615234375,73.46792499,0.245879672,0.106150718,0.456060432,0.224609375,4381.808844,0.302734375,628.9368257,0.615234375,73.46792878,0.245642453,0.101369426,0.455939155,0.244140625,4546.999177,0.341796875,150.9267533,0.703125,40.15889824,0.249705908,0.0941832,0.453929019,0.244140625,4546.989669,0.341796875,150.9264333,0.703125,40.15886292,0.249479025,0.089108017,0.453821103,0.21484375,141.1433124,0.244140625,99.71214956,0.29296875,48.14249052,0.473985413,0.792775865,0.575815414,0.16407997,0.16407997,134.1528981,17995.00006,134.1640786,0.622147664,0.621982796,-22.75893608,669.7644756,35.78066803,22.6482073,17.07688153,-0.077036326,0.326673664,3.547489121,17.08208363,17.08254306,-0.073963757,0.322569165,3.831073446,27.4935311,16.43679693,-0.040770573,0.132701326,2.99690857,16.46551441,16.46597159,-0.049282367,0.137172131,3.668709258,3831.486307,3.592939552,-0.025477658,0.519704387,1.004292484,9.16547365,9.165714795,0.00510314,0.087351852,3.362862652,8.331521075,8.331745037,-0.061219279,0.798768265,5.348145719,19.35651342,12.10600377,-0.001039906,0.031344412,3.064151007,39.08417795,11.33235067,0.036325961,0.213110857,2.236202269,12.3866179,0.330675955,2.609016117,0.048579058,2.755107748,0.2250,0.2250
582,E582_processed,0.234375,4706.857516,0.205078125,3137.880848,0.29296875,630.2128336,0.249432782,0.114986685,0.463228062,0.234375,4706.839938,0.205078125,3137.844604,0.29296875,630.2123906,0.249239391,0.111408403,0.463124193,0.244140625,3777.795165,0.693359375,53.62418315,0.56640625,13.68687602,0.248657818,0.103295336,0.458974911,0.244140625,3777.780123,0.693359375,53.62417767,0.56640625,13.68690555,0.248494853,0.100164667,0.45892102,0.205078125,130.8325342,0.25390625,87.54544355,0.283203125,55.61790574,0.484463618,0.793267037,0.583748189,21.96399472,0.081345984,-0.010502032,-0.176897664,1.012382414,0.080427608,0.08042981,-0.023276783,-0.133756659,3.878171507,22.89371567,17.32481649,-0.054773781,0.02255971,3.891694048,17.32376653,17.32424528,-0.052915909,0.023801701,4.27502933,27.30020902,16.34500339,-0.069247037,0.189046406,3.325269632,16.50533072,16.50573641,-0.179302266,0.875707022,6.623248289,3831.897885,3.647048847,-0.047072079,0.561166039,1.003718684,9.240104813,9.240361416,0.029371015,-0.063917081,3.412617732,8.941739319,8.941959426,0.157351351,4.45278527,7.946220853,13.94255817,12.22134108,-0.011466931,-0.260873459,3.526246858,19.86229411,12.02536982,0.398478308,4.304285454,5.710045045,12.8585737,0.292070112,2.3932,0.05099518,2.611679091,0.2250,0.2250
583,E583_processed,0.21484375,4123.244882,0.302734375,579.1229955,0.615234375,109.1293659,0.249538522,0.124015723,0.471451335,0.21484375,4123.214125,0.302734375,579.1216196,0.615234375,109.1293383,0.249319074,0.120264969,0.471331946,0.244140625,3119.02227,0.205078125,2156.107086,0.68359375,52.14636173,0.249443956,0.118427167,0.468138086,0.244140625,3119.035438,0.205078125,2156.104063,0.68359375,52.14640787,0.249206459,0.114947519,0.468210476,0.205078125,158.0934856,0.234375,65.9088967,0.283203125,35.92331845,0.529785093,0.8496156,0.596665628,12.58812556,0.120545191,57.96623762,7720.821067,58.10732618,0.315401936,0.31533291,-9.351938233,294.460859,24.12829278,22.52773097,16.84358844,-0.057391562,0.010097246,3.61608087,16.85795687,16.85842301,-0.057482829,0.007786481,3.945811471,26.43333592,15.27199014,-0.006310051,0.075926864,2.706315889,15.39555369,15.39576192,-0.087965248,0.288335725,5.102106525,3832.205322,3.559900848,0.021184791,0.356170116,1.003638161,9.461650398,9.461911762,0.019826042,-0.131690165,3.488068818,9.793456214,9.793224855,1.349596227,19.90055488,11.77006405,38.76498622,12.12499812,0.021822288,-0.247290373,2.020649577,98.92538322,11.39564479,0.28853628,3.466987174,1.57852016,13.61745304,0.31806794,2.560805326,0.048502795,3.114910854,0.2130,0.2130
584,E584_processed,0.224609375,3655.664003,0.205078125,2816.974894,0.283203125,592.7685356,0.259949412,0.152070989,0.484556375,0.224609375,3655.672008,0.205078125,2816.945097,0.283203125,592.7683469,0.25888991,0.137635602,0.484132766,0.244140625,2758.953354,0.1953125,1811.116929,0.2734375,1005.853866,0.257478483,0.131294088,0.480062361,0.244140625,2758.965848,0.1953125,1811.054101,0.2734375,1005.848723,0.256857512,0.121445861,0.479815261,0.205078125,119.0575674,0.244140625,55.52128144,0.29296875,38.22945975,0.720276892,1.125654455,0.646419821,0.164557385,0.164557385,134.1528981,17995.00006,134.1640786,0.623957897,0.623792549,-22.75893608,669.7644756,35.78066803,22.20888099,16.51172756,-0.038112736,-0.071530514,3.424813661,16.52130226,16.52174531,-0.037555035,-0.077168458,3.715350675,25.86885419,14.61886731,-0.030379397,0.255341633,3.300365968,14.65085184,14.65122452,-0.060509275,0.315338654,4.382075487,3832.682289,3.412576003,0.005220974,0.387276434,1.003746204,9.47200734,9.472175547,0.273928462,2.106376984,6.637033911,8.547425656,8.547415188,1.047029854,13.23232896,10.62208204,52.5321934,11.77900791,-0.006907143,-0.032923044,1.945682936,62.52025342,10.37122149,0.0697851,0.984472826,1.720843276,12.75854286,0.312965054,2.477630888,0.050982677,2.675042259,0.2250,0.2000
585,E585_processed,0.234375,3649.109899,0.205078125,3617.323494,0.283203125,686.9006805,0.257367056,0.133755979,0.483378545,0.234375,3649.110386,0.205078125,3617.296257,0.283203125,686.897391,0.257012871,0.128243928,0.483238621,0.244140625,2517.211651,0.205078125,2102.867729,0.185546875,2069.894187,0.254430006,0.121579477,0.482256386,0.244140625,2517.204611,0.205078125,2102.839067,0.185546875,2069.826921,0.254059527,0.115140748,0.482071967,0.205078125,154.9953057,0.244140625,54.48698116,0.283203125,47.77655002,0.515120957,0.838766008,0.596366842,22.0626966,0.085152278,0.005024672,0.029353434,1.013818818,0.083348599,0.083350911,0.01584972,0.030907747,4.016906156,22.68904031,17.33159005,-0.038231257,0.105174,3.461344108,17.38628367,17.38667385,-0.044570873,0.1146347,3.698137862,25.66836568,15.3345039,-0.006411914,0.104423312,2.947247088,15.32879782,15.32921249,-0.006499333,0.099573005,3.838564571,3835.96364,4.134573504,0.119806654,0.01731006,1.004284076,10.04582487,10.0459772,0.337639071,1.960528235,7.149087196,8.027132949,8.027352549,0.002936469,-0.050065587,3.557305474,65.76930947,12.52989508,0.081197777,-0.03306995,1.561399111,18.82121191,10.66717596,-0.034105469,-0.167089769,2.854620601,12.85923975,0.298915685,2.299488491,0.056530942,2.399501583,0.2130,0.2000
586,E586_processed,0.234375,3052.207981,0.205078125,2661.745987,0.185546875,2507.218032,0.261581114,0.139062165,0.496285617,0.234375,3052.200704,0.205078125,2661.703179,0.185546875,2507.124457,0.261308539,0.134945151,0.496157315,0.244140625,3159.812621,0.1953125,1903.450877,0.3125,471.1227586,0.25727786,0.121504749,0.47764018,0.244140625,3159.814136,0.1953125,1903.412245,0.3125,471.1239605,0.257026142,0.117271313,0.477525363,0.1953125,121.4128215,0.244140625,69.20342469,0.2734375,44.58165869,0.522777245,0.839553924,0.605058481,12.61438287,0.119715771,57.74144985,7715.846133,58.09369793,0.315009479,0.314940285,-9.548714962,290.0520614,21.06159791,20.74250416,16.13684116,-0.004969278,0.246459012,3.477197616,16.13266608,16.13310801,-0.006166355,0.245602178,3.699680848,22.57783935,15.39961707,0.018487325,-0.238164881,3.082852523,15.39331222,15.39368803,-0.011755919,-0.211822266,3.580740166,3845.28789,4.184781493,-0.041254335,0.227111285,1.004170588,9.05830686,9.058504596,0.11390532,0.686950091,5.044192551,8.117283208,8.117412194,0.116292379,0.504542207,5.462044808,33.04170192,11.43929955,0.001073068,0.021098597,2.217750446,21.56571455,10.75607196,-0.02413706,-0.141646581,3.292342086,12.16342412,0.309452712,2.433095289,0.052272835,2.511955217,0.2130,0.2000
587,E587_processed,0.234375,2939.251883,0.1953125,2778.66905,0.283203125,848.2728619,0.259261434,0.133050131,0.496866679,0.234375,2939.244659,0.1953125,2778.615752,0.283203125,848.2739214,0.259034494,0.129495294,0.496766154,0.234375,2382.395464,0.1953125,2042.900104,0.693359375,94.54539849,0.255429634,0.126651715,0.487113782,0.234375,2382.396639,0.1953125,2042.859635,0.693359375,94.54541418,0.25521314,0.123113959,0.48698193,0.1953125,135.1701243,0.234375,47.29217024,0.283203125,42.84326202,0.523461958,0.846168746,0.60479755,0.165359202,0.165359202,134.1528981,17995.00006,134.1640786,0.626998173,0.626832019,-22.75893608,669.7644756,35.78066803,20.20076417,16.45439557,-0.009605875,0.325048161,3.44670466,16.47611573,16.47654643,-0.010149212,0.320670288,4.11604575,19.52213326,14.63526133,0.013334405,0.421482525,3.892951145,14.57901769,14.57941389,0.009200633,0.430286771,4.391188702,3852.823472,4.377109334,0.082579677,0.000450906,1.004987285,9.242282809,9.242513309,-0.036247407,0.327590703,3.640478165,7.887288402,7.887435934,0.097923903,1.035233723,5.338033741,24.433332,11.76138725,-0.012113348,0.08326082,2.469237702,19.26259644,10.22666729,-0.010949375,0.278713404,3.022804309,12.15054311,0.305773763,2.423350796,0.05206761,2.411770963,0.2000,0.2000
588,E588_processed,0.21484375,2757.123756,0.1953125,2318.120251,0.283203125,537.5391032,0.255649972,0.132428994,0.493811113,0.21484375,2757.108334,0.1953125,2318.080826,0.283203125,537.5394092,0.255386263,0.12842295,0.493738835,0.244140625,2263.693392,0.1953125,1941.577896,0.68359375,61.13082492,0.253756744,0.11997694,0.482748844,0.244140625,2263.689069,0.1953125,1941.526463,0.68359375,61.13079917,0.253521633,0.116046928,0.482641315,0.1953125,120.2240541,0.25390625,42.20631821,0.29296875,26.39670916,0.529020882,0.86881711,0.605504882,22.18258859,0.079450815,0.036779159,0.009353186,1.012971273,0.078189565,0.078191471,-0.012566991,0.050057173,3.899256336,18.95672229,15.78268689,-0.02309402,0.309117872,4.019486482,15.7946133,15.79504147,-0.019236884,0.300923991,4.091902407,16.20325697,14.32084319,-0.027984495,0.31995086,3.988815219,14.18408315,14.18443345,0.008936847,0.325973536,4.086403088,3864.904178,5.799986132,-0.054983097,-0.554387133,1.004848923,9.29569988,9.295879029,-0.116906279,0.940186374,5.422887722,7.645722153,7.645883324,0.070091193,0.416674958,4.498711273,55.79565055,11.44645961,-0.049941744,0.128443037,1.721477447,37.18336427,9.975717945,-0.006691423,0.156567374,1.917228474,12.03631583,0.275700552,2.233955224,0.055244457,2.107974255,0.2250,0.1880
589,E589_processed,0.1953125,2675.676075,0.234375,2224.264604,0.29296875,820.8364227,0.256074896,0.133646474,0.498350382,0.1953125,2675.619245,0.234375,2224.257333,0.29296875,820.8358114,0.25527493,0.121071651,0.49800074,0.244140625,3119.185746,0.1953125,2037.834887,0.68359375,55.49887671,0.253156221,0.109623136,0.467039325,0.244140625,3119.180839,0.1953125,2037.794685,0.68359375,55.49889741,0.252750934,0.101797065,0.466837079,0.1953125,131.012075,0.244140625,61.25703654,0.283203125,34.49976884,0.581940422,0.991357289,0.60125069,7.47228382,7.224913861,4.735891329,29.02748087,9.536173641,1.936070168,1.936123947,-2.756039467,122.6961888,18.33675432,17.73570672,15.82989542,-0.030613294,0.01390171,3.93486677,15.8218557,15.82229123,-0.030792705,0.018802687,4.028372398,14.52725616,14.51366883,0.026320692,0.31995395,4.167927193,14.4496569,14.45005826,0.006503829,0.334163995,4.146642086,3878.373971,3.914527639,-0.090164593,0.294573227,1.004351625,8.82414408,8.824389204,0.005823601,-0.138917003,3.700253768,7.41516785,7.415349591,-0.011024529,0.265270686,3.847208028,34.64622368,11.21322142,0.011235167,-0.287635888,2.078883693,15.77474971,9.944138517,-0.014384133,0.131531655,3.128846607,11.52637213,0.29825546,2.376001903,0.05283173,2.211668504,0.2130,0.2000
590,E590_processed,0.1953125,2530.975378,0.234375,1977.625977,0.126953125,101.4527695,0.254503455,0.121774005,0.500580192,0.1953125,2530.935411,0.234375,1977.618313,0.126953125,101.3419048,0.254210461,0.116668968,0.500432204,0.244140625,2239.591316,0.1953125,2168.786009,0.693359375,52.30522175,0.254651791,0.106935819,0.475209646,0.244140625,2239.586377,0.1953125,2168.740497,0.693359375,52.30521422,0.254361275,0.101178168,0.475049537,0.1953125,134.5306449,0.244140625,45.62919312,0.29296875,37.53907302,0.504790919,0.845733897,0.592549905,22.32885772,0.086458836,0.021493024,0.060937861,1.01470175,0.081420849,0.081423049,-0.032251284,0.030213979,3.946531475,16.64033648,14.8702946,-0.044154485,0.00767106,3.621808253,14.889123,14.8895165,-0.030162008,0.03638935,3.560130064,14.14353857,13.90041367,-0.01196559,0.098045771,3.796387638,13.82690074,13.82727847,0.004269823,0.100899651,3.757947327,3882.890164,3.87775855,0.123454916,0.029981542,1.00389484,8.460132166,8.460366358,0.014987111,-0.046936912,3.768717042,7.104009181,7.104202881,-0.016012511,-0.022449588,3.414097275,10.83594769,10.70253281,-0.00675563,-0.135984811,4.044721998,18.44121689,9.505924032,-0.033630872,-0.111752471,2.667795744,11.04751092,0.29728169,2.410469799,0.051164033,2.111949435,0.2000,0.2000
591,E591_processed,0.21484375,2389.382267,0.1953125,2231.725077,0.244140625,2124.159861,0.2519508,0.121978778,0.500307098,0.21484375,2389.364154,0.1953125,2231.676352,0.244140625,2124.156471,0.251738443,0.118262449,0.500186855,0.1953125,1928.841948,0.244140625,1645.695764,0.693359375,80.31532438,0.252426326,0.125229886,0.485316752,0.1953125,1928.807312,0.244140625,1645.69775,0.693359375,80.31540247,0.252206688,0.121710536,0.485217501,0.1953125,119.3975636,0.244140625,31.03224747,0.2734375,26.1178691,0.518127793,0.857019326,0.597058872,7.509124977,7.259691907,4.703510782,28.53550885,9.569707552,1.933758813,1.933812528,-2.742342766,122.8260248,18.63063808,16.7941377,15.55286411,0.002178271,0.038405822,3.715362712,15.54661069,15.54704058,-0.000747523,0.037318549,3.58290974,15.66663304,13.39885856,0.018839694,0.129579183,4.101971614,13.37272821,13.37299254,-0.001694247,0.173668223,4.054938678,3892.836175,4.546800698,-0.006250246,-0.242533652,1.004859754,8.907354782,8.907602106,0.007569858,-0.092061391,3.527977011,7.605975226,7.606082148,0.085016997,1.69060475,6.118624925,26.33477406,11.16427424,0.02593928,-0.193290378,2.160512497,44.39932295,9.673992919,0.059452507,0.52134246,2.153978242,11.71314906,0.29099201,2.334278378,0.053404244,2.213309129,0.2130,0.2000
592,E592_processed,0.185546875,2256.597353,0.244140625,1973.321528,0.302734375,563.1794518,0.254377334,0.131520097,0.509360733,0.185546875,2256.52904,0.244140625,1973.317713,0.302734375,563.1785006,0.254140978,0.127738248,0.509223989,0.244140625,2047.796881,0.185546875,1462.011248,0.693359375,64.87190271,0.255050733,0.124569689,0.490113411,0.244140625,2047.79926,0.185546875,1461.951615,0.693359375,64.87190912,0.25481861,0.120863724,0.490026949,0.185546875,93.93503287,0.21484375,65.35689912,0.244140625,34.13017164,0.573243299,0.912109392,0.630116553,22.49783147,0.088196577,0.032667483,-0.009922598,1.013958302,0.085209772,0.085212049,-0.008946768,0.007075586,3.859750279,15.71827391,14.89609703,-0.025840164,0.147047204,3.840090352,14.8954309,14.89584263,-0.026510505,0.146381033,3.802442329,18.48342304,12.97922764,-0.039809732,0.291092777,3.037840982,12.94695172,12.94728551,-0.046741291,0.328005005,3.836924765,3901.745227,3.338439335,-0.031353276,0.594607314,1.003572523,8.768204707,8.768436969,0.033795071,-0.071373798,3.493700017,7.417546463,7.417605604,0.494882114,5.027963384,8.568323601,17.46297283,10.77887625,-0.002794117,-0.189592955,2.668237834,38.53730269,9.166425619,-0.009091132,0.348732594,1.883314121,11.4850494,0.301169569,2.346475196,0.05469897,2.23395708,0.2250,0.1880
593,E593_processed,0.185546875,3448.013129,0.244140625,1871.383002,0.21484375,1715.61588,0.242061274,0.135344705,0.496529457,0.185546875,3447.893734,0.244140625,1871.378813,0.21484375,1715.601438,0.241395884,0.125304257,0.496229544,0.185546875,2214.648489,0.244140625,1374.840258,0.21484375,1264.998525,0.245080018,0.122084706,0.486398938,0.185546875,2214.581629,0.244140625,1374.839261,0.21484375,1264.982791,0.244580872,0.113728356,0.486174467,0.185546875,144.5796475,0.263671875,29.28776153,0.283203125,25.83260636,0.655557117,1.08092274,0.625575434,7.580274089,7.328109103,4.6896018,28.22575762,9.488628795,1.917996653,1.918049919,-2.984345638,124.8031384,18.70396109,16.56097964,15.95811904,-0.00793463,-0.050935734,3.670749636,15.95513925,15.95557807,-0.007792935,-0.052726498,3.524662315,21.63133289,13.5343864,-0.006416071,0.371860217,3.179046171,13.53157727,13.53194989,0.002282931,0.381014611,3.889681981,3905.380257,3.365648174,0.051266575,0.592799486,1.003785558,10.09334294,10.09361961,0.002459489,-0.082370548,3.565496121,7.893505937,7.89371781,-0.010874107,0.477890249,3.742988934,16.4754338,12.06915535,0.007892026,-0.178543052,3.207086745,22.50562528,9.90869834,-0.00396706,0.323720583,2.592062391,12.81374019,0.293266874,2.322597177,0.054364478,2.314965944,0.1880,0.1880
594,E594_processed,0.17578125,3561.551439,0.244140625,2274.001225,0.224609375,2132.824753,0.235952689,0.136646471,0.487448298,0.17578125,3561.386211,0.244140625,2273.994181,0.224609375,2132.820495,0.234591958,0.114433627,0.486898636,0.1953125,2346.525631,0.25390625,1544.674848,0.3125,248.4317244,0.238563474,0.117720193,0.47733215,0.1953125,2346.476273,0.25390625,1544.667068,0.3125,248.4324253,0.237925879,0.105914864,0.477049455,0.1953125,138.4106667,0.25390625,26.35652356,0.29296875,18.99477511,0.724544423,1.218516445,0.623038887,22.66063287,0.094154067,-0.001716405,-0.238219114,1.015448604,0.089636954,0.089639436,-0.024117238,-0.150423412,3.958997308,17.71651776,17.33910394,-0.005917778,-0.034936585,3.727139266,17.32142343,17.32190439,-1.76E-05,-0.028415725,3.536687672,24.82744333,13.90052058,-0.003340024,-0.058093562,2.750258055,13.82330187,13.82368319,-0.003888838,-0.069744064,3.718306996,3908.426178,3.871404179,0.000866188,0.053010516,1.003812026,11.43582668,11.43613148,0.016581725,0.025477311,3.874408613,8.579902226,8.580073679,-0.190344143,1.018772267,6.035191432,15.54088727,13.42704639,0.011576193,-0.114145907,3.728515411,37.50838086,10.3874932,-0.026419856,-0.05622162,1.820544366,14.29694959,0.321188579,2.496527778,0.051533221,2.755821674,0.1880,0.1880
595,E595_processed,0.17578125,4750.762377,0.244140625,2619.192608,0.283203125,792.0626509,0.234067287,0.131691892,0.473778401,0.17578125,4750.555972,0.244140625,2619.197352,0.283203125,792.0611675,0.232890774,0.112264122,0.47335719,0.185546875,2699.531511,0.244140625,1713.456239,0.673828125,49.7403344,0.236472668,0.114818012,0.47155471,0.185546875,2699.432394,0.244140625,1713.448745,0.673828125,49.74035111,0.235869659,0.103584044,0.471302568,0.185546875,184.5207174,0.2734375,30.14088436,0.546875,9.608989726,0.695342564,1.185910567,0.60695095,7.577504391,7.324265854,4.642963696,27.62319147,9.477518889,1.930928349,1.930981973,-2.736337818,122.9854358,18.57014643,17.74913836,17.70631428,-0.0017812,-0.116081024,3.478900482,17.74171536,17.74219656,0.001358002,-0.099932808,3.621299403,30.0132279,14.00301576,0.01058534,-0.032163476,2.5589847,13.95540583,13.95579349,-0.016654642,-0.027270316,3.546818323,3913.613664,3.599778866,0.073932842,0.13850834,1.0040882,12.09084379,12.09110673,0.106301989,0.763506539,5.156235839,8.631839852,8.632039489,0.121381162,0.793363389,5.360296813,70.70746968,13.95056738,-0.052824858,0.324117792,1.996059652,34.90171876,10.51749878,-0.008382425,0.001833127,2.078419062,14.85620973,0.298851215,2.357383297,0.053776759,2.579695488,0.1880,0.1880
596,E596_processed,0.185546875,7069.000275,0.234375,3011.018638,0.1171875,151.6605091,0.226170093,0.10241755,0.456596114,0.185546875,7068.774034,0.234375,3011.017824,0.1171875,151.4007671,0.226029208,0.099695774,0.456574417,0.185546875,4648.920015,0.244140625,2438.584445,0.2734375,696.0636203,0.224960966,0.094848507,0.43597848,0.185546875,4648.786849,0.244140625,2438.577516,0.2734375,696.0618262,0.224759961,0.090388091,0.435861211,0.185546875,297.9663057,0.224609375,59.34259783,0.29296875,26.46116383,0.422204258,0.737320278,0.521570007,22.81539471,0.098503857,-0.001785833,-0.0922334,1.01437088,0.096593645,0.096596069,0.003988285,-0.07323513,4.553988154,20.18608074,20.18407045,-0.013070681,0.012810417,3.790777614,20.23473847,20.23524774,-0.00276059,0.028573166,3.754107163,34.2980709,16.57463399,-0.019798056,-0.275996953,2.316871355,16.55235287,16.55280598,-0.015717582,-0.272034329,3.442525726,3916.988826,4.182082892,0.03196326,0.016479985,1.00407205,14.30325947,14.30343875,-0.411981109,3.231765173,7.65802147,10.33861989,10.33890326,-0.043771632,-0.274434403,3.573124681,100.2656422,16.13949159,-0.079759742,0.358500722,1.565222591,23.04236931,12.68853678,0.013273043,-0.359944712,2.481941734,17.64883227,0.351492014,2.714199396,0.047712477,3.634041926,0.1880,0.1880
597,E597_processed,0.185546875,10509.51154,0.244140625,3096.663355,0.126953125,222.0801435,0.223199053,0.102095104,0.439967906,0.185546875,10509.12375,0.244140625,3096.658172,0.126953125,221.8607843,0.223053131,0.099082938,0.439891054,0.185546875,6660.300588,0.244140625,2217.07125,0.673828125,59.64563732,0.223646194,0.09201953,0.432875913,0.185546875,6660.078705,0.244140625,2217.064764,0.673828125,59.64568307,0.223510035,0.088907429,0.43279216,0.185546875,434.1617536,0.263671875,30.52513159,0.29296875,27.72600083,0.402226829,0.715101889,0.504066748,7.639507379,7.384362908,4.639584303,27.4623397,9.360609455,1.914528469,1.914581625,-2.963322814,124.9461859,18.42984776,21.65693936,21.59381161,-0.021059644,0.182692797,4.022565402,21.60466435,21.60522872,-0.017117278,0.185810587,3.985260685,37.50733585,18.17308339,-0.017772369,0.142854639,2.832295805,18.15852239,18.15901883,-0.012975907,0.137685409,4.095674314,3922.011248,4.694620249,0.007446128,0.231993622,1.004648419,14.60880298,14.60915836,-0.041516046,0.113581201,4.2119385,11.47775346,11.47803728,-0.06502506,0.239290588,4.07835129,60.76719004,17.10136644,-0.02246563,-0.028105361,1.952115428,34.91446461,13.98844871,-0.008904415,-0.032043789,2.442838235,18.57882795,0.309366481,2.440325478,0.051949067,3.550919998,0.1880,0.1880
598,E598_processed,0.185546875,8019.304029,0.244140625,4086.148586,0.126953125,195.1402226,0.227606687,0.099425475,0.455610336,0.185546875,8019.074791,0.244140625,4086.142048,0.126953125,194.925913,0.227500244,0.097087015,0.455538284,0.1953125,5878.623457,0.244140625,2970.081247,0.302734375,375.1322192,0.226022554,0.091441039,0.432713072,0.1953125,5878.493091,0.244140625,2970.072771,0.302734375,375.1317663,0.225916938,0.088987849,0.432633507,0.185546875,353.0490819,0.244140625,37.22965955,0.283203125,24.48744417,0.407743049,0.716845214,0.509767071,22.93025262,0.098878927,-0.027001514,-0.077822265,1.016075766,0.097477211,0.097479789,-0.02580929,-0.130249647,4.167173446,21.79740209,21.66785279,-0.049100193,-0.006178613,3.828747511,21.65931964,21.65991932,-0.047339321,-0.004053071,3.918631028,37.82800077,18.29341068,-0.015706728,0.036668239,2.621723564,18.21436682,18.21486447,0.006105107,0.039945801,3.784566457,3925.984292,4.391346161,-0.112954465,0.205717111,1.004517748,13.94562492,13.94601033,0.016209731,-0.12321798,3.786227042,10.96692536,10.96722215,-0.007108966,0.014599896,3.724702207,19.14863544,16.74850504,-0.007702789,-0.207973272,3.530791104,21.50363923,13.76194596,0.01143356,-0.039685663,3.064893254,17.7417915,0.355310862,3.07042735,0.037688672,3.896773151,0.1880,0.1880
599,E599_processed,0.185546875,8704.132652,0.244140625,5581.346324,0.29296875,1122.131441,0.226687666,0.093538261,0.4518924,0.185546875,8703.84011,0.244140625,5581.332555,0.29296875,1122.130821,0.226541883,0.090270709,0.451797108,0.1953125,6392.7379,0.244140625,4032.388721,0.703125,43.54268959,0.225933255,0.083387628,0.432339508,0.1953125,6392.594044,0.244140625,4032.38021,0.703125,43.54268853,0.225805094,0.080224936,0.432261517,0.1953125,379.3919939,0.29296875,36.5999715,0.56640625,14.70939239,0.423352176,0.763758507,0.509327697,7.638377297,7.380968771,4.588636512,26.85200971,9.362949121,1.92889509,1.928948673,-2.709347904,122.8998205,18.37494438,24.16148785,24.15730694,-0.080415417,-0.117401632,3.453146906,24.14679896,24.14746927,-0.070436258,-0.119196945,3.398955943,34.86942637,20.36237953,0.008404097,-0.149009939,2.87821454,20.3490844,20.34964702,0.016685274,-0.147516635,3.539800187,3918.775724,4.679749351,-0.092741262,0.03673226,1.004146672,15.43147436,15.4319028,0.067907005,-0.368733233,3.115466412,11.98539211,11.98572375,-0.015386335,-0.2219951,3.065245432,19.89391223,18.62564011,-0.007087501,-0.39135575,3.090813804,15.27308293,15.22226518,0.007655355,-0.272441499,3.379621296,19.53973382,0.325288542,2.607619904,0.047838791,3.898818609,0.1880,0.2000
600,E600_processed,0.185546875,7524.937297,0.244140625,4278.598353,0.56640625,164.5889439,0.230241609,0.102217526,0.456872389,0.185546875,7524.657036,0.244140625,4278.602126,0.56640625,164.5890829,0.229788465,0.092714754,0.456645501,0.205078125,4936.025081,0.68359375,48.90338517,0.126953125,31.83022622,0.228208931,0.084305608,0.436994116,0.205078125,4935.963374,0.68359375,48.90338137,0.126953125,31.79633821,0.2279267,0.077073629,0.436844412,0.1953125,281.835744,0.2734375,29.26123539,0.56640625,11.72111615,0.493838087,0.92064003,0.529835478,23.02691057,0.101665086,-0.056651133,0.025266931,1.014802395,0.100593828,0.100596617,-0.041508785,0.033141145,3.899475537,22.43995546,22.19605949,-0.039977804,0.269924622,4.258795976,22.18847345,22.18908955,-0.027628938,0.271004705,4.513720925,31.60569464,18.90019825,0.014229791,0.119652,2.932035826,18.82559784,18.82610941,0.030124105,0.125345621,3.668304419,3913.167014,5.35187389,-0.091318572,-0.177928864,1.004617254,14.00729727,14.00766362,0.024202157,0.130511522,3.966007017,10.81917166,10.81947021,-0.000817584,-0.015305028,3.788357919,29.95478249,16.96615242,-0.021689777,0.072627828,3.133565469,37.62031903,13.91300385,-0.007797944,-0.024899927,2.282340215,17.69959253,0.365513025,2.962644628,0.041643166,3.954657284,0.1880,0.2130
601,E601_processed,0.185546875,7732.40732,0.25390625,4771.234159,0.126953125,214.9935663,0.230143716,0.090442654,0.46007095,0.185546875,7732.184465,0.25390625,4771.230523,0.126953125,214.7333682,0.230041712,0.088068545,0.460022693,0.1953125,5281.264067,0.25390625,4184.595555,0.693359375,55.22573536,0.229617738,0.078365095,0.437409928,0.1953125,5281.162308,0.25390625,4184.589626,0.693359375,55.2257495,0.229489018,0.074785789,0.437313709,0.1953125,312.3042084,0.25390625,51.56339168,0.29296875,25.74315537,0.389032897,0.686335304,0.511202664,7.645440002,7.38799242,4.584668222,26.77651844,9.352866935,1.929368511,1.929422097,-2.709699434,122.8236257,18.35563484,24.11568854,23.01319377,-0.040000603,0.07815312,3.724210356,23.00838193,23.00897308,-0.0397512,0.075809428,3.547947105,26.34631124,19.83890892,0.059601089,-0.313891722,3.026267293,19.65774185,19.65828778,0.051948429,-0.312971449,3.217267076,3896.829042,7.07387411,0.056803609,-0.664616504,1.005614503,14.84078067,14.84106114,-0.064473207,0.96038533,5.610868965,11.24668743,11.24699871,-0.018743798,-0.380474659,3.133521743,70.52619789,17.62551731,0.000759408,-0.051096006,1.757033448,21.17907615,14.46744416,-0.010016782,-0.433202816,2.843037296,18.62128019,0.33893481,2.71805487,0.045877499,3.811999366,0.1880,0.2000
602,E602_processed,0.1953125,6496.183355,0.25390625,5356.012648,0.126953125,219.4323957,0.233928308,0.089839685,0.461579419,0.1953125,6496.042821,0.25390625,5356.003658,0.126953125,219.1948777,0.233827927,0.087448999,0.46151378,0.1953125,5588.20761,0.25390625,4136.430758,0.68359375,48.16835267,0.231569157,0.081011087,0.435565252,0.1953125,5588.101936,0.25390625,4136.423499,0.68359375,48.16835083,0.231484676,0.078829974,0.435506705,0.1953125,320.4511476,0.283203125,22.80464435,0.3125,17.94089403,0.40280637,0.699364779,0.517986227,23.05110399,0.108370828,0.025594224,-0.014183785,1.016459082,0.107789285,0.107792113,0.032928882,0.00191726,3.629793064,26.06108524,23.64145044,-0.048374101,0.13137797,3.684013582,23.62649633,23.6271438,-0.044961463,0.13231631,3.650100668,23.2986577,21.0389417,0.044443933,0.063163234,3.877479389,20.98259966,20.98315292,0.051907789,0.064228884,3.834640449,3881.979361,5.551286936,0.038393238,0.038247321,1.005554419,14.09330631,14.09369587,0.032458165,0.074954599,4.120938871,11.87627225,11.87656826,0.063941601,0.150624032,4.144447634,40.15463295,17.50739898,0.00128913,-0.022749567,2.616748204,41.45880924,15.3458317,0.017703053,-0.015705134,2.125662353,18.43054901,0.394333885,3.126132404,0.040350541,4.6833333,0.1880,0.2000
603,E603_processed,0.185546875,7487.790242,0.25390625,6175.18072,0.126953125,167.3730566,0.233442345,0.090751326,0.45705893,0.185546875,7487.528181,0.25390625,6175.168889,0.126953125,167.2017764,0.233345387,0.088427977,0.45699286,0.25390625,4470.474831,0.185546875,4144.391257,0.5078125,42.45130784,0.23401773,0.085430791,0.443159159,0.25390625,4470.466666,0.185546875,4144.262709,0.5078125,42.4513099,0.233922341,0.083099131,0.443095334,0.185546875,282.7485998,0.263671875,54.24831995,0.29296875,19.90919618,0.418639353,0.732459519,0.533782801,7.676431939,7.418997475,4.60899868,27.02464607,9.338115881,1.915584987,1.915638196,-2.961069787,124.7149291,18.52121665,27.29971131,24.11872223,-0.0986475,0.175504699,3.865071641,24.13538077,24.13604821,-0.093954129,0.166030722,3.847200339,20.81828366,20.22096689,0.071019351,-0.036245686,3.841687159,20.17433441,20.17489477,0.074406274,-0.040025464,3.800132829,3871.439543,5.046455475,0.014122015,-0.036916569,1.004460474,14.67108529,14.6714923,0.084570644,-0.040926793,3.680774329,11.35227487,11.3525877,-0.007421682,-0.108831167,3.344379784,27.73086979,18.0932431,0.003417182,-0.09331599,3.041077663,21.19478091,14.69789941,-0.012202776,-0.124085619,3.166360343,18.55084725,0.357567673,2.873986311,0.043290127,4.059318364,0.1880,0.2000
604,E604_processed,0.17578125,7751.397644,0.25390625,5182.589496,0.126953125,210.4568943,0.230076008,0.093569824,0.456863054,0.17578125,7751.002271,0.25390625,5182.612619,0.126953125,210.2485858,0.22977484,0.086951802,0.456734007,0.224609375,5639.413359,0.185546875,4056.183808,0.126953125,41.80452538,0.230509513,0.080430195,0.440304391,0.224609375,5639.379326,0.185546875,4056.070625,0.126953125,41.76501771,0.230322972,0.075545312,0.44019362,0.185546875,278.4034253,0.21484375,204.7655043,0.25390625,62.84861052,0.471347302,0.86060552,0.540909188,23.02680507,0.110005431,-0.084023796,-0.098580125,1.016572161,0.108425371,0.108428348,-0.049624998,-0.080083983,3.978494317,27.85288925,24.0776919,-0.063392779,0.022224634,3.825416424,24.09999781,24.10063392,-0.051353958,0.036108188,3.838273398,20.96621634,20.95981021,0.071575382,0.108286932,3.541463553,20.97716966,20.97771297,0.072614143,0.119685003,3.487479707,3863.685879,4.954728738,-0.035339864,-0.036523619,1.005278799,15.28239453,15.28269236,-0.11640601,0.884760025,6.070922975,12.00075244,12.0010566,0.000842567,-0.07856084,3.731422304,45.71770255,18.31073542,-0.004409763,-0.062918272,2.512980412,25.9547869,15.49124261,0.006482265,0.016240073,2.787539767,19.43157341,0.405457324,3.275364964,0.037794252,4.865916296,0.1880,0.2250
605,E605_processed,0.25390625,8211.747664,0.185546875,8161.119434,0.126953125,198.5513636,0.23542303,0.086540756,0.450095227,0.25390625,8211.712179,0.185546875,8160.886903,0.126953125,198.3325065,0.235140982,0.079330094,0.44997365,0.25390625,5141.918292,0.185546875,4867.700967,0.205078125,4687.144443,0.23331421,0.081942429,0.43725194,0.25390625,5141.901187,0.185546875,4867.509931,0.205078125,4687.115398,0.233101124,0.076210698,0.437132015,0.185546875,318.4432166,0.234375,107.315739,0.556640625,11.49919452,0.488442621,0.900489966,0.536556961,7.625490318,7.369591383,4.604351968,27.055559,9.435267373,1.932651428,1.932705109,-2.714343226,122.4227469,18.66771996,30.46629212,26.69764412,-0.070458108,0.053189237,4.140058445,26.70977316,26.71051333,-0.071357518,0.045792466,4.148370205,22.19751115,21.99203245,0.080757833,-0.071566439,3.405660008,22.02931097,22.02992156,0.111118584,-0.033484588,3.871587568,3857.62294,4.829307739,0.029969379,0.108696404,1.004639608,15.79150009,15.79190397,0.003266092,0.042117567,3.839341462,13.09285317,13.09313733,0.113756137,1.246304572,5.403708658,66.28292237,19.7230426,-0.002125001,-0.093453295,2.114207632,65.54218312,16.38453589,-0.142667745,0.529488397,2.410356683,20.51376309,0.374421422,3.029753748,0.040789279,4.902351095,0.1880,0.2000
606,E606_processed,0.25390625,8300.911974,0.185546875,7653.75819,0.615234375,113.2803206,0.235937184,0.087818452,0.451313588,0.25390625,8300.89049,0.185546875,7653.484442,0.615234375,113.2803724,0.235808738,0.084741349,0.451267805,0.244140625,6594.841471,0.185546875,4091.66845,0.68359375,64.94725357,0.237037251,0.081815472,0.441341704,0.244140625,6594.800963,0.185546875,4091.518209,0.68359375,64.94699517,0.236879249,0.078390814,0.441405406,0.185546875,274.9782636,0.556640625,10.15851124,0.33203125,6.959606789,0.432929449,0.759304195,0.542903807,22.92962181,0.108473836,-0.121712614,-0.032357909,1.01895357,0.10613689,0.106139828,-0.077100197,-0.047808637,4.013844798,29.63214086,25.65866594,-0.074368892,-0.087062997,3.456694557,25.67909444,25.67977404,-0.07378252,-0.091516471,3.409657518,22.94297765,21.92536661,0.050564915,-0.178181196,3.84102462,22.01069346,22.01121323,0.108960896,0.01418711,4.674640055,3852.220598,4.579027561,0.013091628,-0.072426888,1.004388924,15.28259988,15.28295991,-0.015507567,0.017173177,4.547727443,14.10424651,14.10417501,-1.481206821,21.05632387,11.97683256,69.58850859,18.92878856,-0.006309765,-0.325119151,1.790571586,136.392131,16.36952914,-0.228994745,2.445875472,1.620408195,20.79655299,0.388699711,2.92822186,0.045332144,5.482288747,0.1880,0.2250
607,E607_processed,0.185546875,7257.809581,0.244140625,6368.060019,0.6640625,151.5543444,0.238461544,0.096685038,0.459301607,0.185546875,7257.5612,0.244140625,6368.047187,0.6640625,151.554345,0.238257318,0.092233897,0.459189778,0.244140625,5750.418855,0.205078125,5290.849254,0.6640625,78.99973549,0.235613397,0.087288485,0.43834558,0.244140625,5750.396912,0.205078125,5290.778685,0.6640625,78.999728,0.235497876,0.084705986,0.438305709,0.185546875,292.5773689,0.234375,106.7674532,0.263671875,58.27960838,0.458228883,0.801574206,0.541688349,7.594392069,7.340482548,4.631400997,27.45728866,9.340078752,1.933828658,1.933882376,-2.709904234,122.3682785,18.2089998,29.28963101,25.2566599,-0.078548241,0.294873875,3.934995629,25.26050027,25.26119581,-0.080687185,0.313502329,3.979034343,24.1623127,22.14957128,0.082199282,0.16192792,3.642726675,22.19883229,22.19944893,0.083504829,0.185369065,3.893159125,3848.158428,4.591145831,0.052563974,0.348410348,1.0046142,14.77562814,14.7760361,0.095209479,0.483471246,4.63909013,12.41303476,12.4133657,-0.046420616,0.572860975,4.657026081,22.90161605,18.51597593,0.041753981,0.220143423,3.524528679,67.45707846,16.16165504,-0.04216593,0.338567106,2.019035773,19.29826134,0.381862961,3.072558241,0.040448953,4.740204585,0.1880,0.2130
608,E608_processed,0.185546875,6407.029852,0.25390625,4953.390225,0.126953125,191.4687055,0.237024706,0.098672288,0.468845282,0.185546875,6406.783222,0.25390625,4953.389852,0.126953125,191.305137,0.236887263,0.096103868,0.468859673,0.205078125,5622.762362,0.234375,4662.597805,0.68359375,59.81709345,0.233511008,0.089555124,0.439139538,0.205078125,5622.674039,0.234375,4662.563988,0.68359375,59.81708334,0.233415933,0.087252979,0.439057733,0.205078125,247.6586084,0.556640625,10.6006388,0.33203125,7.444186909,0.454785595,0.780604262,0.543795395,22.79245558,0.111634146,-0.093646969,0.074831313,1.018300285,0.109465372,0.109468309,-0.07074048,0.072544039,4.213773559,27.84403145,23.16521518,-0.057247885,0.144667431,3.633637613,23.21860201,23.21916079,-0.071000828,0.167157452,3.693845244,23.99532048,20.67529733,0.053644475,0.113468534,3.689286838,20.67175214,20.67230376,0.051784196,0.103119269,3.884224324,3844.506295,4.374111918,-0.02251032,0.33285991,1.005264474,15.11681977,15.1169604,0.519739729,5.440945548,8.453033354,11.84507564,11.84525828,0.158481656,1.36084499,6.321678329,126.538185,17.54589481,0.176362049,1.094523182,1.499283258,19.43470544,15.13585553,-0.066705116,0.092672807,3.684200627,19.20501589,0.398241155,2.993166667,0.044451287,4.717269339,0.1880,0.2130
609,E609_processed,0.185546875,8442.765253,0.244140625,6920.660784,0.556640625,233.6877105,0.23351261,0.099809796,0.454174808,0.185546875,8442.469499,0.244140625,6920.652215,0.556640625,233.6878067,0.233195554,0.093301303,0.454072987,0.1953125,6739.339532,0.244140625,3843.203753,0.68359375,58.5368127,0.226635523,0.085953464,0.430018358,0.1953125,6739.217778,0.244140625,3843.194692,0.68359375,58.53676901,0.226455032,0.081400633,0.429904896,0.1953125,390.2294765,0.556640625,18.26867449,1.943359375,5.107168938,0.47048521,0.845431379,0.524041135,7.666310683,7.413030035,4.7110584,28.31610037,9.174645916,1.891182337,1.891234872,-3.368041659,128.4795923,18.60479164,29.48373587,24.65364268,-0.047452582,-0.070897957,3.580444163,24.72407451,24.7246951,-0.06243311,-0.018532897,3.769594521,26.75970469,20.91317467,0.041660982,-0.087305159,3.057105598,20.77680933,20.77738408,0.044186519,-0.078014768,3.399002372,3837.063279,6.029089939,-0.059041505,-0.415444945,1.00533372,15.81661214,15.81685655,0.449852695,3.38565066,8.02616604,12.51398947,12.51427587,0.078311248,0.51783175,5.455068361,131.4712547,18.74091991,0.144490398,0.60741024,1.418655318,23.19244733,15.59277388,-0.02795061,-0.075745203,3.435333303,20.16878905,0.39044902,3.057106104,0.041777583,4.886186749,0.1880,0.2000
610,E610_processed,0.244140625,9907.4558,0.185546875,7367.734246,0.126953125,191.2643865,0.234364871,0.085096411,0.443884682,0.244140625,9907.430457,0.185546875,7367.498473,0.126953125,191.0786228,0.234209434,0.081177291,0.443796189,0.1953125,6511.155898,0.244140625,5159.795792,0.693359375,60.91310181,0.227719317,0.077561855,0.422304216,0.1953125,6511.021804,0.244140625,5159.801441,0.693359375,60.91312638,0.227582217,0.073956907,0.422260892,0.1953125,351.8196344,0.25390625,50.44303917,0.283203125,17.47862504,0.432182549,0.761671221,0.512887628,22.64270483,0.10851211,-0.095338916,-0.051050697,1.022107746,0.102743961,0.102746705,-0.021562265,0.00389419,4.347237769,30.61856273,25.03122388,-0.048106374,0.082679153,3.446897914,25.03492086,25.03560706,-0.0372736,0.079642433,3.635241204,30.4213368,21.22090416,-0.026807768,0.034738462,3.241342504,21.23882704,21.2393753,-0.004409135,0.027429881,3.658546694,3826.953767,4.506627266,-0.125375277,0.035179225,1.00496265,14.65396717,14.65435131,0.057748229,-0.037659093,3.682373471,12.59210599,12.59232584,0.195554872,1.112921398,6.174826049,44.38655856,18.40088877,0.007654873,-0.103930923,2.408698662,71.69911351,15.7831709,0.006370705,-0.062781736,1.735753748,19.32140477,0.377492071,3.020336134,0.041380647,4.753503156,0.1880,0.2000
611,E611_processed,0.185546875,8609.33019,0.244140625,6840.304266,0.556640625,245.6212953,0.229521286,0.085482688,0.448325391,0.185546875,8609.027166,0.244140625,6840.297975,0.556640625,245.6213918,0.229434503,0.083166293,0.44823816,0.185546875,6424.076298,0.234375,4825.051538,0.126953125,67.74103216,0.223694272,0.080284715,0.422195187,0.185546875,6423.871498,0.234375,4825.029545,0.126953125,67.67494814,0.22359864,0.077695141,0.42210327,0.185546875,391.1086475,0.556640625,18.34323048,0.302734375,10.74686056,0.406085303,0.716353806,0.502650434,7.630146199,7.378546732,4.741638288,28.7854733,9.163115251,1.892829702,1.892882283,-3.37554675,128.3781864,18.58642674,31.72665787,25.12781367,-0.014734051,-0.1887392,3.527815645,25.17690007,25.17757217,-0.003910321,-0.177683419,3.709117632,31.73005914,21.62621765,-0.03536904,-0.240009683,3.193254054,21.61278103,21.61338082,-0.029508363,-0.231587769,3.812108004,3823.287855,4.855927277,-0.132754553,0.047886768,1.004046634,15.45587083,15.45629532,0.015192862,-0.109367257,4.103992261,12.88995959,12.8903166,0.057490497,-0.178332577,4.548203436,19.37918322,19.09913712,0.015423583,-0.206590618,3.876317603,21.35688104,16.29804654,0.004823349,-0.346112664,3.625432821,20.12603605,0.392844829,3.068644406,0.041718426,5.063894222,0.1880,0.1880
612,E612_processed,0.185546875,10760.21478,0.244140625,8536.260323,0.556640625,193.0029607,0.227401731,0.08274739,0.437114774,0.185546875,10759.71503,0.244140625,8536.253755,0.556640625,193.0030388,0.227228378,0.078637693,0.437041999,0.1953125,9303.03585,0.234375,5663.303696,0.341796875,71.84938441,0.220141669,0.078316327,0.399834648,0.1953125,9302.841735,0.234375,5663.292859,0.341796875,71.84959909,0.219981292,0.074078995,0.399725362,0.1953125,506.0214478,0.556640625,18.09633369,0.3125,8.272067561,0.405227171,0.732431707,0.48246061,22.45325683,0.106536798,0.558487445,6.331615341,1.066155355,0.102634698,0.102637101,0.465702515,5.986372495,14.16192493,34.05329899,26.72040155,0.00710592,0.449042218,3.718117591,26.73093914,26.73165295,0.003805215,0.449155784,4.093107455,35.22507525,23.83847106,-0.024277111,-0.215725859,3.015339193,23.87077207,23.87143161,-0.026143608,-0.197150817,3.356650077,3817.043709,5.101930692,-0.008415893,0.058283529,1.004752969,16.45954272,16.45985665,-0.094045661,1.028677685,5.445019984,14.51888407,14.51927606,-0.003197072,-0.007293059,4.338135146,64.11159959,20.14555029,0.006302448,0.288613721,2.186118251,26.58738569,18.22841463,0.074876348,0.016493479,4.207851889,21.94849103,0.38517237,3.459615385,0.032180996,5.59242397,0.1880,0.2000
613,E613_processed,0.185546875,13196.46495,0.244140625,11174.30488,0.126953125,276.1934434,0.226285395,0.085486857,0.425599671,0.185546875,13196.06268,0.244140625,11174.27168,0.126953125,275.921955,0.226059874,0.079858403,0.425465369,0.185546875,8991.236016,0.234375,5264.9116,0.322265625,103.897571,0.22052941,0.081895401,0.407718645,0.185546875,8991.087056,0.234375,5264.905013,0.322265625,103.8968223,0.220302434,0.076275701,0.407645628,0.185546875,594.7084639,0.556640625,28.55627214,0.33203125,5.986042129,0.411513062,0.761965112,0.476769522,7.594194645,7.344435092,4.773405245,29.26577159,9.165764279,1.891446996,1.891499538,-3.363837961,128.4381139,18.59458466,35.87623761,28.29935466,0.007882081,-0.060071827,3.31768931,28.31129244,28.31207865,0.01129554,-0.063841144,3.469212793,35.24836783,23.33639793,-0.045102835,-0.327948799,2.718876984,23.42227409,23.42277725,-0.063720972,-0.276146044,3.684560781,3815.077901,5.139557381,-0.077565487,0.128176191,1.005257061,17.25485892,17.25533766,0.006906308,-0.231960532,3.284800757,15.39412641,15.39419601,0.562678422,5.312269348,8.710035625,31.6105826,21.39648471,0.025263231,-0.271796334,2.886230983,111.8733063,18.21196516,0.099832137,0.292886282,1.524638963,23.12418536,0.391012526,3.135341002,0.039776,6.019323469,0.1880,0.2000
614,E614_processed,0.1953125,10546.93866,0.234375,7993.158582,0.126953125,358.7747885,0.227359253,0.082945423,0.439371249,0.1953125,10546.68153,0.234375,7993.156491,0.126953125,358.3924918,0.22727356,0.080886491,0.439341832,0.1953125,9355.406562,0.234375,6005.910123,0.126953125,105.7206494,0.221034921,0.078387993,0.411101176,0.1953125,9355.220005,0.234375,6005.888612,0.126953125,105.6277276,0.220881987,0.074367031,0.411018049,0.1953125,581.7000064,0.25390625,42.00867358,0.556640625,33.35531874,0.373856034,0.650130086,0.483723196,22.26352668,0.107942679,-0.11010445,-0.048112975,1.016690856,0.103438798,0.103441546,-0.084473414,-0.039645618,3.447800678,34.974224,26.9212341,0.01258406,0.055583687,3.609388732,26.95695968,26.95770741,0.026429939,0.054525499,3.844016368,35.43234484,23.17649431,-0.035940985,-0.152674891,2.96576618,23.1965272,23.19714012,-0.032399455,-0.160915019,3.386195694,3814.364623,5.18349573,-0.038165786,0.266437987,1.004988689,16.9138107,16.91424476,0.040463834,0.086628794,3.411391586,14.30965013,14.30996408,0.036950708,-0.043995671,3.382426032,54.61603801,20.62858218,-0.009610667,-0.07731013,2.167285633,33.47298998,17.78156547,0.011967181,-0.166884555,2.661215863,22.15551281,0.391222171,3.637728195,0.029563985,5.59837521,0.1880,0.1880
615,E615_processed,0.185546875,11336.78672,0.244140625,7186.726639,0.537109375,353.7244982,0.226115633,0.085350099,0.443994018,0.185546875,11336.41835,0.244140625,7186.71099,0.537109375,353.7244972,0.226044751,0.083572897,0.443936561,0.205078125,8319.660165,0.234375,5049.659959,0.126953125,107.9182387,0.221795079,0.086378913,0.413387921,0.205078125,8319.633145,0.234375,5049.628568,0.126953125,107.8338326,0.221612373,0.08264277,0.413414585,0.1953125,483.9779154,0.537109375,23.4260648,0.556640625,23.15017903,0.385830511,0.675750916,0.486298211,7.551074076,7.304022091,4.814256895,29.85907136,9.235660821,1.89527726,1.895329908,-3.394239003,128.4601788,18.56615638,35.0126645,27.24512449,0.049301482,0.15305434,3.325794014,27.23582623,27.23657215,0.052131372,0.155993622,3.964434019,34.92814158,23.26061216,-0.010367453,-0.288076136,2.756115689,23.33724024,23.33780512,-0.033998227,-0.212146191,4.114537774,3815.504326,5.279408437,-0.035891355,-0.099335078,1.004639301,16.92444,16.92490982,0.010027744,-0.041208211,3.69301523,15.15169888,15.15185015,0.621253345,6.316756041,9.110987759,24.39199351,20.77289211,-0.003459993,-0.016305738,3.556151631,114.6066215,17.98541141,0.062591829,0.448908403,1.650370975,22.7163187,0.388165495,3.207813648,0.037722344,5.88142542,0.1880,0.2000
616,E616_processed,0.1953125,10508.46921,0.244140625,7469.186027,0.537109375,736.3566848,0.232589633,0.092927741,0.442219643,0.1953125,10508.24856,0.244140625,7469.18073,0.537109375,736.3564905,0.232380734,0.088446126,0.442119153,0.205078125,9280.540927,0.244140625,4075.547562,0.126953125,78.01632401,0.223392091,0.08194294,0.399426245,0.205078125,9280.393868,0.244140625,4075.534193,0.126953125,77.94397989,0.223227002,0.077837935,0.399335942,0.1953125,552.39508,0.537109375,52.86171364,0.2734375,21.21564225,0.400044306,0.693707433,0.478069897,22.09152458,0.09877206,0.00416994,-0.078639915,1.018606159,0.095653998,0.095656557,0.058242184,-0.070119892,3.796055319,33.74315009,26.09739364,0.011756999,-0.107998522,3.156050035,26.10538234,26.1060779,0.01513303,-0.106599614,3.687875974,33.5720189,22.02311633,-0.008792262,-0.104026712,2.987557892,22.01711878,22.01772625,0.005747246,-0.08753709,3.40049694,3816.952755,5.054325925,-0.020850381,0.102685172,1.004860774,15.63331291,15.63372615,-0.032718661,-0.069835401,3.743163617,13.14017305,13.14051591,-0.131177593,0.483842788,5.902536583,67.35013061,19.47908606,-0.011856409,-0.259280967,1.859326066,30.67858685,16.58546754,0.046563085,-0.062835146,3.383294737,20.42269697,0.362288472,3.388490566,0.031553094,4.760657425,0.2000,0.2000
617,E617_processed,0.1953125,9003.909972,0.244140625,7368.816356,0.13671875,463.0979261,0.231497216,0.089889908,0.449628779,0.1953125,9003.687552,0.244140625,7368.775742,0.13671875,462.8443307,0.23113223,0.081297564,0.449463445,0.205078125,7917.886818,0.234375,4739.719098,0.13671875,165.1968205,0.226238098,0.081910119,0.417628768,0.205078125,7917.804602,0.234375,4739.677523,0.13671875,165.1147249,0.226002198,0.076210899,0.417591473,0.1953125,438.7276387,0.537109375,29.32453239,0.2734375,21.57203653,0.450489599,0.815837147,0.504986052,7.522847422,7.277213046,4.840463352,30.25820776,9.282061177,1.897347043,1.897399749,-3.423306225,128.7435461,18.55663687,33.39949158,26.14971348,0.007111154,-0.22040064,3.121614883,26.17225315,26.17294359,0.011206095,-0.224821243,3.180012676,33.08049888,21.76937733,-0.005549685,-0.184285653,2.962873817,21.84161039,21.84211147,-0.026922435,-0.118435934,3.822856871,3818.055099,4.938324091,0.005261544,0.078570206,1.005498035,15.76908,15.76943803,0.095804876,0.117789744,4.765111797,13.79428968,13.79438913,0.681722619,7.554418257,9.358707373,64.38668937,19.50949716,0.014128411,-0.350803996,1.834245907,112.1651033,16.53880449,0.069391796,0.722527084,1.585833721,20.95138056,0.382883248,3.299867389,0.035161985,5.281640509,0.2000,0.2000
618,E618_processed,0.185546875,10176.21488,0.234375,4522.591346,0.13671875,400.1770942,0.223515164,0.07919263,0.438468256,0.185546875,10175.89183,0.234375,4522.571344,0.13671875,399.9684807,0.223439098,0.077071009,0.438402653,0.1953125,7883.733118,0.21484375,6896.743511,0.3125,167.6196436,0.220496923,0.073738781,0.410278053,0.1953125,7883.559854,0.21484375,6896.675883,0.3125,167.619683,0.220365827,0.070002617,0.410206449,0.1953125,475.85053,0.2734375,26.9157705,0.56640625,18.61007678,0.36726842,0.627229832,0.477820415,21.96862489,0.120325985,2.876563484,37.93903914,1.108783282,0.117822566,0.117825749,2.582951421,33.72431444,19.73580536,31.99907754,24.79350286,0.021717708,0.063886157,3.489339337,24.79490459,24.79558768,0.025357779,0.06300803,3.680056989,32.76867363,22.07511717,0.021911496,-0.125464023,2.878662867,22.0844617,22.08506733,0.022007222,-0.126144469,3.60877087,3819.693341,5.030769122,0.065076369,0.424077231,1.005295205,15.50874248,15.50916374,0.006522662,0.070851415,4.051012719,13.39601922,13.39636073,-0.015404755,-0.153824414,3.351753805,36.7976406,18.96891878,0.00873934,-0.070145813,2.768132687,48.64263658,16.77041027,0.008526002,-0.294509516,2.077196209,20.49381957,0.454617074,3.66089613,0.033921178,6.090214312,0.1880,0.2000
619,E619_processed,0.185546875,11897.78397,0.244140625,6217.180993,0.126953125,469.9040745,0.225450224,0.083494459,0.434161722,0.185546875,11897.43439,0.244140625,6217.173667,0.126953125,469.4635877,0.225334792,0.080583034,0.434079993,0.1953125,9783.008744,0.244140625,3027.116685,0.126953125,161.7340602,0.219671198,0.077081872,0.401833246,0.1953125,9782.797472,0.244140625,3027.071832,0.126953125,161.6003335,0.219563087,0.07429521,0.401794353,0.1953125,601.1155665,0.556640625,22.80627218,0.126953125,9.763091413,0.374564182,0.650011521,0.462051835,7.43338502,7.189520751,4.824202235,30.25870831,9.405662267,1.926667477,1.926720993,-3.021457927,124.5885747,18.2092844,33.11727445,26.59176226,0.033994749,0.343462671,3.577181757,26.6000971,26.60083349,0.038985512,0.340576694,4.235776462,32.57513437,22.41402658,0.007261563,-0.010019333,3.029385509,22.46995495,22.47047939,0.00931998,-0.012065053,3.422657709,3820.746493,5.191496872,-0.004959181,0.266588151,1.005021298,16.39942991,16.39988437,0.00597108,0.024078937,3.353979975,14.1412716,14.1414965,0.168294299,0.96640882,6.184719388,23.65333241,20.21728557,-0.001280448,0.005802184,3.493025201,79.34273007,17.31444444,0.044181676,-0.110318897,1.697238594,21.65497935,0.394158431,3.433413282,0.033436334,5.573990077,0.1880,0.2000
620,E620_processed,0.1953125,9340.453108,0.234375,4566.182804,0.13671875,523.6844487,0.226219817,0.085804104,0.448012498,0.1953125,9340.257643,0.234375,4566.168332,0.13671875,523.390926,0.226134275,0.083620716,0.447948132,0.205078125,8741.249658,0.13671875,191.4399705,0.322265625,104.9177038,0.220719413,0.080287849,0.406851002,0.205078125,8741.130336,0.13671875,191.3474337,0.322265625,104.9168411,0.2206235,0.077961702,0.406821526,0.1953125,488.1471553,0.283203125,18.83103235,0.556640625,16.62412585,0.376829837,0.65146093,0.474383263,21.87580267,0.127635847,4.270388741,65.28930909,1.130657438,0.125385238,0.125388705,3.743115054,56.20700572,21.71413067,31.5494288,24.8633429,0.009317345,-0.038457934,3.217794549,24.84902185,24.8497068,0.008819191,-0.032854893,3.511021806,31.75872734,21.93832795,0.014308883,-0.079107183,3.172411442,21.96455244,21.96516189,0.014931284,-0.073080417,3.530157186,3822.505294,4.953447014,0.032900631,0.159741282,1.005047215,15.47557115,15.47600105,0.012578413,-0.174167423,3.089713481,13.71223271,13.71253454,0.181889479,0.760564808,5.878933176,19.24639898,18.91651963,0.043656127,-0.223128252,3.116304383,47.27976554,16.84996915,-0.013852785,-0.23355497,2.08076207,20.67704553,0.467199971,3.487937743,0.038403018,6.406495736,0.2000,0.2000
621,E621_processed,0.185546875,10769.1943,0.234375,7658.508763,0.56640625,206.3215679,0.226328253,0.092746618,0.43473433,0.185546875,10768.90671,0.234375,7658.482683,0.56640625,206.3215655,0.226002746,0.085518321,0.434588988,0.1953125,9867.294353,0.234375,4815.081388,0.673828125,53.55872594,0.22103867,0.079496688,0.411859853,0.1953125,9867.081861,0.234375,4815.072978,0.673828125,53.55868123,0.220858909,0.074754379,0.411756354,0.1953125,554.5839205,0.56640625,15.16650066,0.48828125,3.919206895,0.428032298,0.785169462,0.483228382,7.492497767,7.248235341,4.868063441,30.68722915,9.331455433,1.897655658,1.897708335,-3.420821169,128.7338562,18.56151582,31.45719513,25.33685013,0.025842176,-0.054789851,3.243891249,25.35612233,25.35679408,0.029322968,-0.057203269,3.555900515,31.02594473,21.85675178,0.003275182,-0.293302146,2.982091595,21.85717738,21.85777891,0.001508824,-0.292911087,4.136059957,3824.714888,4.855634441,0.05724429,-0.092197334,1.005371489,15.954807,15.95518623,-0.094536429,0.059933063,4.685558987,13.37894168,13.37928086,-0.015082409,-0.425549875,3.495228707,70.42074541,19.34750956,-0.010058831,-0.275264964,1.800532918,18.38717878,16.69236276,-0.015113482,-0.509623733,3.232665243,20.82241878,0.412100011,3.526933604,0.03312898,5.513601794,0.1880,0.2000
622,E622_processed,0.185546875,11588.30881,0.234375,7145.873201,0.13671875,471.803774,0.224218083,0.083744548,0.430905291,0.185546875,11587.987,0.234375,7145.861045,0.13671875,471.5452684,0.223989597,0.07787616,0.430791784,0.1953125,10059.94378,0.13671875,177.7412551,0.68359375,43.7097827,0.218489927,0.074701456,0.403637933,0.1953125,10059.74004,0.13671875,177.658735,0.68359375,43.70977868,0.218313809,0.069618888,0.403543359,0.1953125,583.4847216,0.576171875,16.01214043,0.546875,13.15519819,0.385893044,0.712033246,0.458092545,21.83533917,0.103121237,0.021156174,-0.11796105,1.016391311,0.102361811,0.102364578,0.029762931,-0.076027357,3.761109444,31.39244458,25.61000616,0.007036034,0.067068295,3.451448635,25.64470154,25.6453794,0.007129594,0.059538457,3.765972799,30.63752423,22.05361714,0.014797094,0.251685915,3.800808417,22.08436883,22.08496464,0.019544729,0.246547856,4.473943749,3826.577283,4.928747976,0.050580233,0.216689717,1.005347603,16.05943218,16.05985897,0.01994971,-0.29890457,3.228328957,13.66509926,13.6654726,-0.010751302,-0.112064267,3.759639067,30.04311133,19.6722005,0.014937109,-0.28378662,2.876311721,17.16116712,17.04328974,-0.037573957,-0.067457545,4.086525485,21.08706265,0.372012146,3.222082585,0.035833051,5.083721787,0.1880,0.1880
623,E623_processed,0.185546875,12465.67901,0.234375,8537.468877,0.126953125,581.1960575,0.222547764,0.080620501,0.429811867,0.185546875,12465.25467,0.234375,8537.440555,0.126953125,580.7421683,0.222473677,0.078579291,0.429750156,0.185546875,9453.325198,0.234375,5164.683437,0.13671875,209.7481876,0.218036757,0.071906692,0.410852819,0.185546875,9453.033025,0.234375,5164.673049,0.13671875,209.659555,0.217922996,0.068923168,0.410851725,0.185546875,586.1156189,0.556640625,15.50408149,0.13671875,13.3203091,0.352296709,0.618719837,0.46463391,7.479948735,7.23687474,4.882568632,30.88197696,9.347110719,1.89674477,1.896797448,-3.423089852,128.7805341,18.572717,31.70158879,26.20179314,0.011974023,0.148027823,3.665277181,26.23450903,26.23518715,0.017796178,0.149077046,3.742627217,31.05007154,23.11145179,0.012886877,-0.128857739,3.183793791,23.17236826,23.17300791,0.028926128,-0.075608349,3.831795699,3827.37118,4.929060058,0.016034856,0.009077771,1.004672507,17.10050287,17.10086,0.031286081,0.14282765,3.964031171,15.04369521,15.04397676,-0.319336046,2.370962526,7.545156845,52.76388031,20.37377369,0.04320962,0.048460855,2.246463138,86.49707379,18.0387867,-0.05027138,-0.011788132,1.684245178,22.77631773,0.409467967,3.479427044,0.033822403,6.160026572,0.1880,0.1880
624,E624_processed,0.185546875,10801.29802,0.234375,7189.078545,0.13671875,532.1305267,0.225389126,0.087324699,0.439172944,0.185546875,10800.97292,0.234375,7189.052456,0.13671875,531.8348735,0.22530318,0.085247537,0.439129469,0.185546875,9267.323892,0.234375,4129.202493,0.13671875,180.03487,0.219022883,0.081115759,0.418217787,0.185546875,9267.011531,0.234375,4129.183208,0.13671875,179.9380279,0.218939595,0.078981568,0.418165252,0.185546875,555.9309832,0.556640625,16.49608844,0.13671875,11.63535489,0.378431387,0.676151613,0.473976604,21.8093611,0.100547968,0.043522955,-0.020042202,1.01861503,0.100250261,0.100252976,0.048508256,0.001848297,3.928061796,30.48218697,24.81280061,-0.029938889,-0.026224567,3.576846704,24.80734401,24.80803108,-0.031522747,-0.020984413,3.675534195,30.03878341,21.91395203,0.00400905,-0.168783151,3.171955259,21.91946108,21.92006245,0.007670387,-0.172484617,3.400484517,3827.977003,4.656533515,-0.00231058,0.07844132,1.004047046,15.91750883,15.91791009,0.098735894,0.025677282,4.673079396,13.82458486,13.82496758,0.000986798,-0.239416367,3.483992008,20.03189877,19.10552754,-0.00944303,-0.240256345,3.324958233,58.11068957,16.98781262,-0.026690506,-0.372452767,1.819572651,21.08339608,0.363294124,3.223159785,0.034969925,5.022529491,0.1880,0.1880
625,E625_processed,0.1953125,6466.955648,0.244140625,6281.924062,0.13671875,742.4238754,0.225483242,0.086646439,0.447211638,0.1953125,6466.804746,0.244140625,6281.919049,0.13671875,742.0670727,0.225383322,0.084200285,0.447161824,0.185546875,5988.534959,0.234375,4009.74747,0.13671875,253.2991372,0.221329015,0.082040727,0.427859918,0.185546875,5988.390288,0.234375,4009.725284,0.13671875,253.1582579,0.221229443,0.079677554,0.427835695,0.1953125,343.2349554,0.13671875,16.78488557,0.56640625,11.01188495,0.38496534,0.686608529,0.496241293,7.475694838,7.233180384,4.888008229,30.94870178,9.334697244,1.896489624,1.896542301,-3.430393485,128.9982758,18.56741875,29.69108597,24.02346287,-0.015808888,0.075993447,3.977637603,24.02965313,24.03027039,-0.016238096,0.074894581,4.177233032,29.16740166,20.89372227,0.015004703,0.063712245,3.33207329,20.91019933,20.91076367,0.018750797,0.059333732,3.679307802,3828.358122,4.400075038,0.033410478,0.026500692,1.004413505,15.44409308,15.44443772,-0.010248373,0.047781126,4.346541216,13.08537355,13.08566751,0.052953346,0.0770219,4.576105948,57.46476804,18.44710047,-0.014230991,-0.177309105,2.11177569,57.54139972,16.01991553,-0.021302396,-0.213088,1.840734675,20.24266165,0.403882357,3.396513362,0.035009687,5.28507024,0.2000,0.2000
626,E626_processed,0.185546875,10348.88053,0.234375,6684.522408,0.13671875,527.3680961,0.223269664,0.093704604,0.436103969,0.185546875,10348.53815,0.234375,6684.494207,0.13671875,527.1009259,0.222819077,0.083712994,0.435918124,0.185546875,7748.712979,0.234375,4176.16896,0.68359375,41.47193666,0.219356731,0.079265706,0.420616149,0.185546875,7748.49532,0.234375,4176.158404,0.68359375,41.47195395,0.21909239,0.07220167,0.420476054,0.185546875,465.2560972,0.56640625,13.88383424,0.29296875,9.798590367,0.480954418,0.906917269,0.499369013,21.81509756,0.106895994,1.96541184,33.63151228,1.112535433,0.105781768,0.105784693,1.648827968,28.07641902,22.7176165,30.46150551,25.03180801,3.24E-05,0.002008793,3.45869609,25.0770047,25.0776935,-0.003886919,0.005137243,3.516216021,29.38249706,21.23725639,0.01393229,-0.052473942,2.916935747,21.22199628,21.22258567,0.020617093,-0.05025811,3.58707723,3828.818097,4.555561842,0.017033282,0.188841367,1.004526045,16.18278291,16.1831909,0.088431563,0.191687819,4.591990701,13.24342739,13.24378263,-0.035275068,-0.001799119,3.30516089,81.38783017,19.43360603,-0.01121221,-0.068625019,1.761133443,27.76780509,16.32170269,-0.021604619,-0.173798607,2.62593452,20.91156249,0.378341654,3.233093525,0.03619492,5.010674626,0.1880,0.1880
627,E627_processed,0.185546875,11287.27159,0.234375,8119.274155,0.146484375,555.3920431,0.221641615,0.085457024,0.428858231,0.185546875,11286.89128,0.234375,8119.247226,0.146484375,555.2281405,0.221370096,0.078491404,0.428705037,0.185546875,9597.908446,0.234375,5406.39286,0.68359375,41.27293879,0.217079354,0.069829117,0.406764359,0.185546875,9597.643018,0.234375,5406.372269,0.68359375,41.27288009,0.216893393,0.064494568,0.406750367,0.185546875,572.7423869,0.546875,11.58858268,0.302734375,8.035127637,0.3803507,0.715797547,0.463045387,7.474938847,7.23262434,4.8890529,30.95697386,9.314450382,1.897013838,1.897066531,-3.427575442,128.7997154,18.55537343,30.73152206,25.45211735,-0.003286094,0.135418282,3.755269582,25.44715442,25.44784988,-0.00151799,0.137068539,3.856225606,30.59154424,23.06061484,0.008866935,-0.13657378,3.329584776,23.10716065,23.10774092,-0.004402537,-0.10343586,3.537346849,3829.129595,4.848125472,0.032861953,-0.087505894,1.004211141,16.3224982,16.32291443,0.030623563,0.027226678,4.033127726,14.85840235,14.85871566,0.231741594,1.443079326,6.846854934,19.95297409,19.70400113,-0.008656634,-0.054771018,3.996628479,103.6213924,17.94147645,0.035610979,-0.011807293,1.511992701,22.07303709,0.407092994,3.365433954,0.035942765,6.048879041,0.1880,0.1880
628,E628_processed,0.224609375,6903.648391,0.185546875,6320.100131,0.556640625,148.7198475,0.224988364,0.091714943,0.444414226,0.224609375,6903.613482,0.185546875,6319.895856,0.556640625,148.7196935,0.224668281,0.084235257,0.444256192,0.185546875,6340.436483,0.234375,6030.110471,0.33203125,96.97095965,0.221744085,0.073314076,0.421466148,0.185546875,6340.26836,0.234375,6030.088648,0.33203125,96.9711488,0.221552678,0.067687022,0.421372556,0.185546875,350.7866777,0.21484375,167.2826252,0.556640625,10.78466056,0.427693874,0.794326095,0.515756564,21.83223595,0.100431454,-0.044611186,0.091528072,1.017545892,0.100063335,0.10006586,-0.046510311,0.087558852,3.740752739,28.89723893,23.29353783,-0.002850094,0.100657717,3.308891249,23.31781244,23.31846012,0.003444632,0.095017885,3.521980179,29.5514739,21.7256371,0.008834774,-0.130460407,3.441350518,21.74793403,21.74851641,0.011685187,-0.135318295,3.742406902,3829.619401,4.355882208,0.036546691,-0.072089914,1.004082703,15.01592436,15.01632813,0.030170491,-0.032605775,3.780999569,13.4171216,13.41742808,0.130659964,0.336398765,5.271099908,44.24392975,17.97564638,-0.021192294,-0.167381482,2.317104156,62.99750824,16.52761044,-0.015725204,-0.303712603,1.916520516,20.13746475,0.370885041,3.524557957,0.029855889,4.976323369,0.2250,0.2250
629,E629_processed,0.234375,6710.252815,0.185546875,6273.287829,0.13671875,695.6772946,0.224799094,0.091677783,0.448057416,0.234375,6710.239967,0.185546875,6273.089936,0.13671875,695.3134707,0.224634434,0.087932216,0.447961941,0.1953125,7069.525973,0.234375,5857.075906,0.13671875,244.774118,0.221634724,0.074842091,0.421154327,0.1953125,7069.381382,0.234375,5857.053052,0.13671875,244.6432715,0.221523774,0.071689121,0.421071335,0.1953125,335.0763992,0.13671875,15.59226105,0.56640625,11.10998076,0.418879572,0.7592749,0.511345368,7.492665728,7.248576979,4.868687741,30.68967717,9.278164877,1.896670996,1.896723672,-3.431417332,129.020811,18.55347372,28.54466776,22.94927281,-0.00543482,0.169107384,3.730852322,22.95167979,22.95231699,-0.002259845,0.168480719,3.894002012,29.53011072,22.02850348,0.020703344,0.067458354,3.588759318,22.03381649,22.03442547,0.022293467,0.072138615,3.91750942,3829.97255,4.398232797,0.043575482,0.12201545,1.004456364,14.94588756,14.94628072,0.035380747,-0.007729488,3.51270827,13.38222484,13.38259652,-0.023716223,0.024176983,3.535418509,26.36809034,17.74783587,-0.012955045,-0.106820872,2.823529092,25.30774958,16.74482071,-0.057293493,-0.081385265,3.125023889,20.06203372,0.390346587,3.338166319,0.035029541,5.223850881,0.2250,0.2000
630,E630_processed,0.234375,7417.345821,0.185546875,6515.487671,0.576171875,138.782422,0.224486733,0.098849807,0.446080094,0.234375,7417.311397,0.185546875,6515.289665,0.576171875,138.7824035,0.223862906,0.085093201,0.445779447,0.234375,6535.685285,0.1953125,6155.036775,0.68359375,37.45570901,0.223323267,0.073803622,0.426427699,0.234375,6535.660394,0.1953125,6154.90747,0.68359375,37.45569748,0.223096502,0.067118296,0.426305139,0.185546875,338.2021624,0.556640625,9.859236368,1.9140625,3.167756965,0.48499706,0.910871743,0.526843653,21.87897477,0.110087779,2.481739393,41.90382771,1.102217917,0.108322728,0.10832571,2.157682661,35.80447891,19.75767039,28.57436418,23.03726436,-0.018821979,-0.07663414,3.35564177,23.03408859,23.03472733,-0.015975499,-0.075879029,3.433143768,29.84063821,22.61878099,0.012465908,0.055415637,3.32881416,22.62023237,22.62086036,0.014429008,0.053551168,3.907555316,3830.744323,4.523078756,0.052108412,0.30641091,1.004720069,14.94502569,14.94542409,0.040484701,-0.088749975,3.354362312,13.4545085,13.45488153,-0.006175694,-0.085317524,3.316683656,21.95145254,17.79113924,-0.003894121,-0.216438407,3.134379171,27.61308698,16.9920011,-0.041880852,-0.182578858,2.875806669,20.10968767,0.39822803,3.621052632,0.030371214,5.358110972,0.2250,0.2250
631,E631_processed,0.224609375,8552.979357,0.1953125,6093.564553,0.13671875,772.7796588,0.226113418,0.086398045,0.442455476,0.224609375,8552.928449,0.1953125,6093.42356,0.13671875,772.3916977,0.225985895,0.083218137,0.442373537,0.244140625,6502.48436,0.1953125,6333.640087,0.33203125,149.8713509,0.226404895,0.076240406,0.430906045,0.244140625,6502.467589,0.1953125,6333.510656,0.33203125,149.8714063,0.226258856,0.072081705,0.430809381,0.1953125,345.4596165,0.244140625,91.57890082,0.302734375,9.708147237,0.402374052,0.71623811,0.521781375,7.400873791,7.157554591,4.802401106,30.04405501,9.39245094,1.940205396,1.940259277,-2.762933065,122.8059278,17.99929826,29.42147632,24.17563258,-0.023982658,0.141133002,3.739068998,24.17572661,24.1763947,-0.021425882,0.140858695,3.853893283,29.31806391,21.88442,0.019529872,0.140941988,3.721801015,21.88525717,21.88586301,0.022737613,0.139647585,4.585558674,3831.138582,4.385134077,0.061193649,0.41479062,1.006247965,15.29402731,15.2944343,0.037451143,-0.093409497,3.261886775,12.81166551,12.81202077,-0.026330658,-0.025182776,4.133772736,33.38834538,18.43693633,-0.015392788,-0.139348087,2.602575536,16.5704696,16.25790086,-0.015165036,-0.111641573,4.100616125,19.95163143,0.376552199,3.364789297,0.033259019,4.824394598,0.2250,0.2000
632,E632_processed,0.185546875,7301.263974,0.234375,6570.969204,0.13671875,662.10446,0.228234523,0.098834029,0.455902362,0.185546875,7301.064919,0.234375,6570.94043,0.13671875,661.8120981,0.22806872,0.095278503,0.455826818,0.234375,6207.05008,0.185546875,5893.048681,0.673828125,58.57859005,0.227255568,0.082591761,0.435046517,0.234375,6207.029915,0.185546875,5892.886072,0.673828125,58.5786111,0.227153716,0.080027001,0.434989336,0.185546875,354.7315904,0.224609375,146.6828305,0.56640625,12.40091402,0.410082132,0.726761817,0.521128538,21.95249864,0.10617429,-0.012481048,0.243139084,1.017931051,0.105240801,0.105243437,-0.005942081,0.239845389,4.370776697,28.48234576,22.80577872,-0.007468026,0.147812438,3.428016071,22.82076127,22.8213788,-0.006607781,0.142033851,3.578972355,29.77884638,22.22986189,0.015794044,0.188305178,3.404958631,22.22428443,22.22489139,0.01278658,0.186736078,3.669273742,3830.413759,4.580698708,0.046692356,0.218180989,1.004340665,14.96068974,14.96104753,-0.008605838,-0.055261131,3.615571031,13.12271936,13.12308369,0.004233492,-0.076316152,3.444515929,57.38185363,17.61868217,-0.00511285,-0.126249439,2.050336512,16.67237763,16.59226757,-0.034250731,-0.091522696,3.375282667,19.9009615,0.373310292,3.236396396,0.035640726,4.898982203,0.1880,0.2250
633,E633_processed,0.185546875,8644.373768,0.234375,6589.271387,0.56640625,169.8523149,0.226580521,0.092562745,0.447823973,0.185546875,8644.089436,0.234375,6589.251537,0.56640625,169.8523144,0.22645759,0.089672026,0.447740929,0.234375,7909.564367,0.185546875,6300.072921,0.68359375,64.11274427,0.228696206,0.077144129,0.427114366,0.234375,7909.535315,0.185546875,6299.86676,0.68359375,64.11274426,0.228609346,0.074878417,0.427071316,0.185546875,400.4277818,0.234375,128.6702034,0.556640625,13.54104782,0.396555177,0.703782866,0.514592352,7.41537673,7.170897544,4.78800085,29.83851482,9.51191889,1.940415427,1.940469329,-2.768493667,123.0328869,18.04103285,28.82126039,23.57375015,-0.003918748,0.136477903,3.944795213,23.56888421,23.56953891,-0.003236633,0.13663242,4.143095203,30.34521849,23.29219978,0.027870885,0.068126166,3.207656951,23.31296425,23.31360583,0.036407459,0.065387722,3.592212216,3833.684531,5.370792703,0.173256872,0.019882821,1.005812625,15.08413287,15.08455159,0.018595577,0.02236095,3.925300799,13.62859619,13.62895585,-0.08551212,0.081133802,4.382866417,18.12067212,18.07686752,-0.016084908,-0.0380026,3.879427476,65.28634211,17.26521052,-0.04223771,-0.151060871,1.78932715,20.32958766,0.376811828,3.367652059,0.033225391,5.135551774,0.1880,0.2250
634,E634_processed,0.234375,7942.772312,0.185546875,7276.008619,0.146484375,917.1460885,0.223886059,0.099482952,0.437643614,0.234375,7942.745883,0.185546875,7275.780903,0.146484375,916.8515467,0.223224137,0.085194339,0.437331582,0.234375,7671.38931,0.1953125,5726.519266,0.146484375,332.4997881,0.227457669,0.074542554,0.426258848,0.234375,7671.346168,0.1953125,5726.43366,0.146484375,332.3804309,0.227251768,0.068703472,0.42614437,0.185546875,330.0984582,0.244140625,90.65072195,0.146484375,22.53798933,0.472348469,0.881313585,0.529595875,22.02178852,0.110936442,2.361600208,43.41149982,1.110084632,0.108533137,0.108536125,2.047832216,37.65851593,21.38421902,27.17569159,23.00905289,-0.003199738,0.060930049,3.212934902,22.99194613,22.99258481,-0.000436358,0.062316784,3.72996917,26.88547315,22.48919358,0.003584156,-0.013402256,3.767313651,22.40390867,22.4045068,0.024515551,-0.020242383,3.744425964,3847.854442,6.761077029,-0.001414493,-0.222137019,1.005820973,14.85727977,14.85768612,0.033838033,-0.135694102,3.417809204,13.17185311,13.17215801,0.032749154,-0.075246262,4.013013378,18.60556608,17.73808213,-0.010944002,-0.200934219,3.661906619,46.23939926,16.6164214,-0.020008209,-0.298167425,2.16549832,19.85589544,0.408872414,3.935745614,0.026395736,5.385732049,0.1880,0.2250
635,E635_processed,0.185546875,7684.265432,0.234375,7316.454109,0.13671875,894.198849,0.221356653,0.083499168,0.443300413,0.185546875,7684.014514,0.234375,7316.432827,0.13671875,893.7576834,0.220956956,0.072732084,0.443088583,0.185546875,6450.18339,0.244140625,5820.154471,0.13671875,282.6397645,0.223445651,0.071381598,0.429329822,0.185546875,6449.982172,0.244140625,5820.141127,0.13671875,282.4927206,0.223264013,0.065773913,0.429219473,0.185546875,377.3676523,0.244140625,77.30378501,0.13671875,19.13187022,0.437545147,0.835237871,0.513228732,7.43595573,7.190174186,4.76756213,29.5190503,9.704372595,1.939020197,1.93907406,-2.748249959,122.6554542,18.72220801,26.4082571,23.69410518,0.022203503,0.167098405,3.521797998,23.68445542,23.68511044,0.02014109,0.170697411,3.746469541,22.77831152,21.74988434,0.049702331,-0.009138407,3.738767508,21.61988403,21.6204843,0.031582781,-0.00754022,3.589073034,3865.3901,6.626840289,0.112076581,-0.352297626,1.005646442,15.50136223,15.50177146,0.02284182,0.199923518,3.945353149,12.97834245,12.97870293,-0.029115097,-0.124023411,3.308938757,25.68703112,18.34132355,-0.013949064,0.04335161,3.149642231,24.69670104,16.2658192,-0.019857321,-0.222136477,2.823747256,20.21760738,0.385927486,3.510169225,0.031322008,5.008838199,0.1880,0.1880
636,E636_processed,0.185546875,6142.178062,0.234375,5869.201067,0.146484375,1208.664974,0.220034918,0.078227657,0.454674657,0.185546875,6141.967751,0.234375,5869.179533,0.146484375,1208.328516,0.219953467,0.075922254,0.454606753,0.244140625,6030.076869,0.185546875,5278.459668,0.205078125,4622.270685,0.224999879,0.068482732,0.436116559,0.244140625,6030.062066,0.185546875,5278.310764,0.205078125,4622.221121,0.224886736,0.06512555,0.436055035,0.185546875,312.5168824,0.146484375,29.90231946,0.56640625,12.08117058,0.36133633,0.642105022,0.512477675,22.11650929,0.112030757,2.083693262,34.76558096,1.101350655,0.111049946,0.111052483,1.866371079,29.88917076,19.38404931,23.63596704,21.62086064,0.010708967,0.020104452,3.356556719,21.61607542,21.61666284,0.011509875,0.018315105,3.7410689,21.51622118,21.46639425,0.051580232,0.025501351,3.418563017,21.38682345,21.38736179,0.05034791,0.036657455,3.505604343,3881.936876,6.170175655,0.058551889,-0.308329347,1.005269644,14.74372449,14.74411609,0.019288353,-0.076235334,3.397382977,13.08006934,13.08039463,-0.048690865,0.099589163,3.768410241,47.38206615,17.02174879,0.012259859,-0.195529598,2.114166077,43.66610319,16.19447519,-0.072987359,-0.022404507,2.083567293,19.71004016,0.407143338,3.87775378,0.027076148,5.325595528,0.1880,0.2000
637,E637_processed,0.185546875,11137.10864,0.244140625,6039.771342,0.556640625,117.0890991,0.21870977,0.078738831,0.438513295,0.185546875,11136.77935,0.244140625,6039.753823,0.556640625,117.0890262,0.218620449,0.076420517,0.438472364,0.185546875,8241.95182,0.244140625,5870.749546,0.361328125,52.80250626,0.22123302,0.070501304,0.427559913,0.185546875,8241.779123,0.244140625,5870.719899,0.361328125,52.8024874,0.221143965,0.068021642,0.427531395,0.185546875,522.1682903,0.244140625,90.84613502,0.556640625,15.96988014,0.356606873,0.636735557,0.483796165,7.453032005,7.206562739,4.753394918,29.28658811,9.668409843,1.937997087,1.93805092,-2.753467198,122.9983771,18.60242659,25.25365859,24.20000715,0.001523176,0.06987774,3.509108222,24.21920938,24.21988021,0.002096993,0.061717686,3.754505118,25.20711381,23.66101934,0.064888353,0.062606336,3.405698275,23.63613247,23.63672397,0.075264886,0.070999042,3.391215397,3895.312139,5.813542185,-0.07662281,0.221638096,1.005592379,16.49105655,16.49148023,-0.013013152,0.230987745,3.836969761,15.33666562,15.33686041,-0.33034992,2.68649605,7.154634727,55.69793093,19.15498018,-0.036486888,-0.097859065,2.004467557,77.35112357,18.25305881,-0.041724435,0.032546264,1.779490635,22.52083941,0.391687823,3.639101276,0.029576841,6.007261469,0.1880,0.2000
638,E638_processed,0.185546875,8252.441847,0.234375,5316.498819,0.56640625,113.8923102,0.220101826,0.081670477,0.452855186,0.185546875,8252.185302,0.234375,5316.478611,0.56640625,113.8922962,0.220005912,0.079086219,0.452784489,0.205078125,8981.882011,0.185546875,6725.705653,0.244140625,4754.98774,0.220877712,0.073275167,0.423697916,0.205078125,8981.765876,0.185546875,6725.459221,0.244140625,4754.979081,0.220804858,0.071302954,0.423665006,0.185546875,414.4405915,0.244140625,66.89154079,0.2734375,28.9145554,0.366430816,0.655293585,0.495133906,22.23487804,0.118596172,2.572491754,36.46564022,1.113391266,0.116085194,0.116088321,2.248006622,31.69394232,21.15594197,24.39451646,23.63101963,-0.005386023,0.003366565,4.141316765,23.66249144,23.66311884,0.005181166,0.010777533,3.997585142,27.59438406,23.62442027,0.069039351,0.198559358,3.657719259,23.56687016,23.56748626,0.075541048,0.195212001,3.658206857,3904.244894,5.059590967,0.046502701,0.338901271,1.004726114,15.7158183,15.71625481,0.014241007,-0.216454766,3.166320306,14.36361668,14.36397897,-0.055230397,-0.051904162,3.297593568,22.15346013,18.57447601,-0.040879686,-0.140246066,3.069290051,34.18459141,17.91885389,-0.026273582,-0.097567086,2.538649927,21.29141979,0.443856462,4.105720824,0.02633078,6.375544887,0.1880,0.2130
639,E639_processed,0.234375,8058.152576,0.1953125,6836.761238,0.56640625,116.3252658,0.224413605,0.084436036,0.443093411,0.234375,8058.140555,0.1953125,6836.630938,0.56640625,116.3252728,0.224312285,0.081738817,0.443009684,0.1953125,6375.201065,0.244140625,6189.064937,0.693359375,51.13067604,0.226360599,0.07753342,0.43215151,0.1953125,6375.053806,0.244140625,6189.04531,0.693359375,51.13066657,0.226273228,0.075396386,0.432134462,0.1953125,366.0928078,0.56640625,13.29963567,1.9140625,3.79293683,0.392809576,0.703910341,0.513056347,7.484880848,7.2366522,4.722808347,28.82422681,9.624318872,1.935130003,1.935183742,-2.745865105,122.9737357,18.63664131,24.6540854,24.05874726,0.012045968,-0.286757697,3.121681569,24.05351381,24.0541807,0.012643274,-0.279232931,2.969978415,31.25033307,23.19859951,0.0562551,-0.144713705,3.182109892,23.09609266,23.09664235,0.050432925,-0.143232277,3.294531268,3912.793841,6.077937588,0.074690957,-0.146985761,1.005602891,15.48628358,15.48669832,0.015027566,-0.104086329,3.98208871,13.9557506,13.95604389,0.126091784,0.856087046,6.215475609,18.88495237,18.50235932,0.028384519,-0.300291056,3.825926097,85.02477332,17.32574854,0.001488506,-0.253616677,1.613099522,20.84727766,0.406282107,3.755333849,0.02880916,5.670090921,0.2250,0.2000
640,E640_processed,0.224609375,10114.59515,0.185546875,6780.989664,0.146484375,1242.884077,0.221491311,0.084800282,0.432375858,0.224609375,10114.52544,0.185546875,6780.768216,0.146484375,1242.510752,0.221242615,0.078881604,0.4322717,0.224609375,12443.57357,0.1953125,6536.37593,0.146484375,470.2016284,0.222015492,0.068684588,0.402599349,0.224609375,12443.50153,0.1953125,6536.257779,0.146484375,470.0771052,0.2219076,0.06545831,0.402531416,0.185546875,361.7685267,0.146484375,32.08901143,0.56640625,9.516688128,0.438057024,0.809602406,0.51763554,22.38899931,0.125936173,2.481928227,33.71691428,1.102766482,0.123410667,0.123414025,2.065531494,28.11071616,18.06744184,25.63496506,25.46856229,0.021137766,-0.05178814,3.38740251,25.49256763,25.49325435,0.021607572,-0.058816025,3.340062655,36.92641887,25.89016158,0.068734193,0.130739959,3.585445435,25.87691383,25.87761968,0.077707346,0.138010142,4.109559831,3922.857125,4.986934249,0.107899416,0.232248042,1.005701654,16.91482813,16.91521169,0.089087993,0.310180902,4.825097257,15.31478663,15.31518385,-0.028148488,-0.097696641,3.643011818,73.20069661,19.85074125,0.014766664,-0.17891301,1.78389129,19.52957156,19.46134346,-0.046187618,-0.124593331,3.667139628,22.81839703,0.470494342,4.014765101,0.029190002,7.205707352,0.2250,0.2250
641,E641_processed,0.234375,9045.464794,0.185546875,8149.486783,0.56640625,79.40175684,0.219884493,0.083947796,0.432151195,0.234375,9045.417136,0.185546875,8149.157177,0.56640625,79.40160866,0.219530444,0.074724341,0.431983289,0.224609375,9213.362369,0.185546875,6256.086761,0.478515625,50.96724821,0.223083383,0.071262652,0.418200406,0.224609375,9213.315466,0.185546875,6255.885361,0.478515625,50.96728509,0.222900766,0.065767344,0.418101181,0.185546875,383.1641437,0.21484375,153.5849474,0.556640625,8.658785084,0.46026254,0.880360338,0.522846869,7.522161662,7.271405499,4.685781167,28.290758,9.57107255,1.933978425,1.934032139,-2.754226229,123.0935613,18.66933876,24.72457231,24.61468412,0.032119829,-0.046377696,3.800334251,24.62601965,24.62667392,0.020685514,-0.051555707,3.873463226,38.85764648,23.45850006,0.070570793,-0.073282249,2.819866872,23.42685614,23.42749888,0.054388834,-0.069641334,3.273600455,3928.48187,4.88235719,0.089529401,0.128634445,1.004567446,16.3452313,16.34563455,-0.013023991,-0.134862477,3.586071578,14.1546959,14.15508644,-0.088242148,-0.071257498,3.884112244,45.87281962,19.24240628,-0.00326958,-0.289255854,2.239565486,53.02988121,17.65422205,-0.005391457,-0.197342163,2.244970616,21.6228176,0.42073537,3.834076343,0.028621178,5.955545526,0.2250,0.2250
642,E642_processed,0.234375,13756.07667,0.1953125,5515.932507,0.556640625,94.10143757,0.225741458,0.082757139,0.424445154,0.234375,13756.05442,0.1953125,5515.816149,0.556640625,94.10154413,0.225449186,0.075001861,0.424313375,0.234375,10306.52424,0.1953125,7238.632237,0.478515625,59.69896821,0.224410084,0.072577283,0.411522276,0.234375,10306.52372,0.1953125,7238.470887,0.478515625,59.69909081,0.224244724,0.067265129,0.411362123,0.1953125,371.7621078,0.009765625,10.05944121,0.556640625,9.059125303,0.456215204,0.857327688,0.528867245,22.5538033,0.122317259,1.277504468,21.58906042,1.111367456,0.119010661,0.119013829,1.217524502,19.77527374,20.44289064,25.93975544,25.91476997,0.006510147,0.162860902,3.626450997,25.94938218,25.95002557,0.016632476,0.155287872,3.63382461,35.54116248,24.43165874,0.058432919,0.034106686,3.213168677,23.65125683,23.65189797,0.043059636,0.027919386,3.464936506,3922.604831,10.66006926,-0.595866076,-0.395216199,1.006974031,16.62662586,16.62699176,-0.079641899,0.401373541,4.990400774,14.30644359,14.30673924,0.062462453,0.426233345,5.125923982,69.39746695,19.84679876,-0.020817735,-0.002934654,2.002987584,73.45363058,17.75962852,-0.023558204,-0.106815986,1.858886026,21.93489555,0.448655854,4.150808314,0.02604042,6.418802314,0.2250,0.2250
643,E643_processed,0.244140625,15886.64717,0.185546875,7384.811609,0.556640625,64.40027875,0.226330399,0.082713031,0.410850665,0.244140625,15886.5832,0.185546875,7384.512323,0.556640625,64.39996818,0.225995902,0.074499016,0.410698081,0.244140625,12387.97073,0.185546875,5989.109697,0.498046875,100.0637094,0.230132637,0.078923552,0.406206645,0.244140625,12387.94456,0.185546875,5988.90504,0.498046875,100.0639214,0.229909757,0.072727712,0.40599962,0.185546875,370.1698378,0.244140625,102.9597044,0.009765625,17.117405,0.504032396,0.927229089,0.541133487,7.662310508,7.408627309,4.712105752,28.33946895,9.349830436,1.889384298,1.889436777,-3.378076899,128.9934902,18.61101551,28.28199441,26.78082279,0.004175265,-0.085196015,3.862923471,26.54867886,26.54940935,0.007550139,-0.097382392,3.600199647,24.6795216,24.4960924,0.046292063,-0.228991705,3.463264175,23.69681073,23.69745083,0.031236364,-0.304158287,3.638750171,3869.391078,14.89131555,0.404329828,-0.858491641,1.010889316,17.24434559,17.24471442,-0.20522018,0.704696538,5.707586103,13.76839552,13.76874628,-0.027019108,-0.232589188,3.646146901,78.65177554,20.32054918,-0.027950572,-0.216935223,1.780264765,18.17381664,17.54201183,-0.073390373,-0.255553603,3.595614382,22.06713732,0.435804482,4.016958726,0.027008282,6.000481342,0.1880,0.1880
644,E644_processed,0.244140625,9575.413167,0.185546875,5970.73612,0.56640625,72.56980317,0.22634277,0.086621803,0.432886802,0.244140625,9575.377011,0.185546875,5970.545993,0.56640625,72.56986673,0.225839968,0.074812975,0.432710169,0.244140625,7184.429247,0.1953125,5228.153921,0.517578125,71.07614832,0.228134952,0.079877061,0.424968714,0.244140625,7184.409079,0.1953125,5228.054349,0.517578125,71.07618057,0.227884185,0.073214113,0.424800574,0.185546875,280.3063977,0.234375,91.74620531,0.517578125,10.35337232,0.505090809,0.93207332,0.543188638,22.73416234,0.110335203,0.473344196,5.787554564,1.065617006,0.108298102,0.108301082,0.411576949,4.214625341,12.92503509,28.4089413,24.3235582,-0.032409832,-0.066883435,3.488459986,24.36522463,24.36588336,-0.036853218,-0.06048208,3.696670125,22.19242013,21.83217589,0.054411591,-0.114208957,3.460929251,21.6315942,21.63217707,0.045405938,-0.120998927,3.268134252,3855.463431,5.7123295,0.154856383,-0.026549903,1.00527736,15.82181823,15.82212332,0.210620788,1.504582015,6.371108806,12.65638601,12.6566997,-0.05354697,-0.082727555,3.527637133,86.23508331,18.61845325,0.033431067,0.003924235,1.684894371,22.04291365,16.03980753,-0.057953472,-0.16094118,2.956415917,20.26158023,0.406693748,4.418918919,0.020827418,5.14740064,0.2250,0.2000
645,E645_processed,0.244140625,7516.674035,0.1953125,5647.520206,0.556640625,64.17322687,0.224722818,0.071961863,0.442761452,0.244140625,7516.657489,0.1953125,5647.41209,0.556640625,64.17320217,0.224599824,0.068376456,0.4426877,0.1953125,6193.186056,0.244140625,4953.727523,0.5078125,55.52548146,0.225362922,0.076876393,0.430482488,0.1953125,6193.121114,0.244140625,4953.72129,0.5078125,55.52552684,0.225174406,0.071756846,0.430379061,0.1953125,322.2514896,0.517578125,7.806174926,0.537109375,7.772145401,0.4424308,0.800055416,0.523542828,7.700110722,7.444193298,4.679922644,27.87099992,9.297923313,1.885905241,1.885957608,-3.358130409,129.4461873,18.60742635,26.62491209,24.38002664,-0.046710946,-0.074999694,3.490419826,24.33440293,24.33507613,-0.036639452,-0.076016772,3.465112941,22.02408655,20.95178429,0.018419709,-0.027986741,3.570385352,20.84759033,20.84813229,0.029323167,-0.021222159,3.427475831,3872.288794,6.356183729,-0.192548852,-0.292455941,1.005413183,15.52439209,15.52477346,-0.050852046,0.192296779,4.361948343,12.82757654,12.82782572,-0.077999283,0.541157215,5.305537809,53.16186827,18.55258803,-0.011749128,-0.114097081,2.042250144,40.28079739,15.77652348,-0.064679171,-0.101438478,2.20033997,20.13881087,0.435368749,4.113593387,0.025728504,5.584834434,0.1880,0.2000
646,E646_processed,0.185546875,6704.281719,0.25390625,5361.764633,0.556640625,73.61609309,0.225029173,0.07541614,0.450227041,0.185546875,6704.057534,0.25390625,5361.748059,0.556640625,73.61602021,0.224934131,0.072722652,0.45015533,0.1953125,5066.101268,0.224609375,3750.573434,0.25390625,3172.845975,0.227297624,0.081664215,0.444424523,0.1953125,5066.023098,0.224609375,3750.537333,0.25390625,3172.856221,0.227155403,0.078353952,0.444402836,0.185546875,303.6205502,0.52734375,11.89406779,0.556640625,8.570307836,0.429841438,0.760342142,0.525756002,22.88404178,0.106687128,-0.040027496,0.07693216,1.015190377,0.105193704,0.10519661,-0.085624098,0.055619215,3.811518662,24.53425657,23.53532695,-0.053994481,0.252342641,3.778987668,23.54169539,23.54234713,-0.050930135,0.24601639,3.66161797,25.09154769,20.46222985,0.023201869,0.266166506,3.802418973,20.4483185,20.4488415,0.045833636,0.276177863,4.021755492,3885.788268,4.739266119,-0.116280943,0.150176356,1.00447771,14.91831775,14.91872219,0.015196656,-0.002150675,3.575150716,12.70841833,12.70861821,-0.263216867,1.715131938,6.508043417,42.55322336,17.92438507,-0.016955982,0.060386561,2.288951504,76.034239,15.42622352,-0.102388984,0.333730745,1.652010835,19.59788888,0.391734645,4.249172577,0.021696178,4.978406048,0.1880,0.1880
647,E647_processed,0.185546875,7026.437476,0.234375,6557.597558,0.556640625,91.92070534,0.228266073,0.085621184,0.456627334,0.185546875,7026.248527,0.234375,6557.586758,0.556640625,91.92056648,0.228183513,0.083480647,0.456549053,0.185546875,5884.884055,0.224609375,4068.130878,0.693359375,42.58329887,0.226020451,0.088373388,0.436169066,0.185546875,5884.641665,0.224609375,4068.130517,0.693359375,42.58330139,0.225911064,0.086108285,0.436162751,0.185546875,345.2572266,0.25390625,36.62982356,0.56640625,8.354276169,0.439134339,0.762812229,0.517933625,7.687808215,7.431990608,4.65013367,27.496929,9.37890046,1.903417429,1.903470297,-3.194071708,126.7022721,18.88928698,24.50008777,23.45445396,-0.038841004,0.082104825,4.317518411,23.46127486,23.4619235,-0.032726709,0.080569447,4.197524547,26.33460684,20.77715295,0.009811037,-0.060323942,3.339132934,20.81297912,20.81350536,0.019726674,-0.052259468,3.57670412,3888.977357,4.348250681,0.017192391,0.016891692,1.00423264,14.69358524,14.69398784,-0.009141271,0.027952085,3.921911377,12.87901303,12.87926169,-0.178879399,1.316686668,6.332534291,23.50661067,17.80264996,0.018239512,-0.066212596,3.247643936,87.24839413,15.76596864,-0.092974185,0.098391969,1.556877809,19.539413,0.43228701,4.187877147,0.02464815,5.567537532,0.1880,0.1880
648,E648_processed,0.185546875,8400.166449,0.234375,4468.663801,0.263671875,2812.024324,0.22194087,0.088090874,0.454022031,0.185546875,8399.890944,0.234375,4468.648788,0.263671875,2812.021191,0.221739875,0.083423362,0.453905062,0.1953125,8424.869754,0.224609375,4091.194165,0.546875,48.77304165,0.220454266,0.078845174,0.421749761,0.1953125,8424.670481,0.224609375,4091.165033,0.546875,48.773032,0.220337053,0.075819861,0.42168939,0.1953125,446.813047,0.546875,13.90549239,1.9140625,4.872533173,0.419337667,0.76137269,0.486971106,23.00075676,0.109489207,-0.018896125,0.032158206,1.017723427,0.107899772,0.107902736,0.014028994,0.041982298,3.920017953,25.02927412,23.94991321,-0.029555373,0.081924149,4.091159795,23.94329575,23.9439548,-0.032012703,0.082568942,3.98899001,27.74488217,21.24961353,0.025785496,-0.040412657,3.541407291,21.30723815,21.30782614,0.037547399,-0.023808672,3.795838254,3892.958723,4.565233319,0.009542558,-0.101804322,1.00413826,15.46190452,15.46233315,0.024763456,-0.041265931,3.57398426,13.20664111,13.20699979,-0.008614256,-0.020790951,3.715718815,26.43460624,18.50779846,-0.013201213,-0.078625862,3.108804308,41.58369405,16.40418404,-0.039375306,-0.045751805,2.493828097,20.33491062,0.401131734,3.8825054,0.026611103,5.297746724,0.1880,0.2000
649,E649_processed,0.185546875,7044.509397,0.234375,5133.883676,0.29296875,1265.007423,0.224333212,0.082770993,0.45706717,0.185546875,7044.27643,0.234375,5133.866043,0.29296875,1265.006585,0.224099978,0.076947459,0.456945549,0.1953125,5151.110533,0.224609375,4018.051187,0.244140625,3647.25633,0.226298272,0.074964318,0.436961937,0.1953125,5150.983801,0.224609375,4018.016254,0.244140625,3647.256156,0.226095326,0.069450788,0.436912449,0.185546875,294.9120074,0.283203125,17.55192331,0.546875,11.20559433,0.450186237,0.832561884,0.514680111,7.607220412,7.350939285,4.575158837,26.71730471,9.472448818,1.940495564,1.940549466,-2.431305279,121.1846634,18.70760504,24.17962364,22.72561773,-0.031702461,-0.02391525,3.414206244,22.72198739,22.72261545,-0.03044087,-0.023795997,3.263421813,27.49114726,20.11648915,0.009283833,0.048491534,3.428482126,20.12776522,20.128298,0.019386889,0.066725013,3.741030228,3893.306251,4.087217476,-0.016701992,-0.092842575,1.004050092,14.5298967,14.530299,0.02114311,-0.289516033,3.484667671,12.49380411,12.49396572,-0.222946362,2.519825114,7.093027179,25.85326324,17.43822347,0.013885342,-0.266585894,2.795787886,61.96084738,15.17954873,-0.035307584,0.107276873,1.845932102,19.16321394,0.423742065,4.143234062,0.024684404,5.294218831,0.1880,0.2000
650,E650_processed,0.234375,6628.265997,0.185546875,6224.424956,0.283203125,1338.176286,0.224563181,0.088360992,0.457511766,0.234375,6628.238139,0.185546875,6224.213243,0.283203125,1338.17518,0.224282289,0.081699179,0.457355221,0.234375,4961.397436,0.1953125,4211.489575,0.68359375,28.17627317,0.225019051,0.075203995,0.433582561,0.234375,4961.38591,0.1953125,4211.387031,0.68359375,28.17627155,0.224836196,0.069932978,0.433472795,0.185546875,255.038267,0.556640625,10.15619498,1.9140625,3.175310372,0.467334173,0.859798617,0.52527168,23.06594824,0.107575672,0.008418158,-0.060034053,1.015804933,0.106688875,0.106691781,-0.012035885,-0.045178252,3.394993538,23.45572104,22.34203937,-0.018457368,0.027676674,3.876750745,22.33007454,22.33069471,-0.023403599,0.031748001,3.962608012,23.47485897,19.84474796,0.004716556,-0.156607684,3.542046413,19.6199247,19.62046804,0.015791813,-0.177901883,3.469330995,3887.599621,5.730496176,-0.122956096,-0.37141842,1.005064431,14.64413877,14.6445229,0.040776726,-0.094574019,3.595599391,11.92459288,11.92486555,0.0583028,0.147242828,4.483945123,17.54436294,17.29180949,-0.023417494,-0.127317234,3.678300365,56.74206993,14.82794162,-0.001646587,-0.167597199,1.833680651,18.88556246,0.393753507,4.089041096,0.023549489,4.695457629,0.1880,0.2250
651,E651_processed,0.185546875,7875.688687,0.244140625,4581.186918,0.56640625,87.90628745,0.223920314,0.098485551,0.449457695,0.185546875,7875.485462,0.244140625,4581.190558,0.56640625,87.90641856,0.22347482,0.089671749,0.449322037,0.185546875,5546.322328,0.244140625,4283.31184,0.302734375,409.0147477,0.224220193,0.076022279,0.425790168,0.185546875,5546.150197,0.244140625,4283.291436,0.302734375,409.0145953,0.223995515,0.069944688,0.425676683,0.185546875,335.7937024,0.56640625,7.772172707,1.943359375,3.811571293,0.504286149,0.926977822,0.512230687,7.711479568,7.454383518,4.630137776,27.20195888,9.347246448,1.899570738,1.8996235,-3.163772208,126.6906345,18.92906356,22.91973169,21.04295664,-0.028083989,0.099572535,3.948910668,21.06336372,21.06389657,-0.027786052,0.094887242,3.919877712,19.71071591,19.0861634,-0.00037279,-0.170921607,3.45470435,19.03242688,19.03295276,0.00860431,-0.162614815,3.378115326,3875.221377,4.776132551,0.002717812,-0.136530162,1.00412648,13.83117994,13.83145663,-0.072223054,0.675586003,5.461209718,11.39547715,11.39574488,-0.053881276,0.090391974,4.762984701,79.7559997,16.29104434,-0.034631048,0.041051464,1.645115848,23.48541382,14.27724128,-0.013663374,-0.255087986,2.738483878,17.92127769,0.408393898,4.158089261,0.023620638,4.653952668,0.1880,0.1880
652,E652_processed,0.244140625,7583.987791,0.185546875,7180.322905,0.29296875,662.1686772,0.222839512,0.085439869,0.448705728,0.244140625,7583.979098,0.185546875,7180.052507,0.29296875,662.1679267,0.222637505,0.08047919,0.448588883,0.244140625,5681.430848,0.185546875,5306.841194,0.673828125,27.73359508,0.222661673,0.073684459,0.427418199,0.244140625,5681.415613,0.185546875,5306.659052,0.673828125,27.73356456,0.222470673,0.068101302,0.427315409,0.185546875,321.4510853,0.2734375,16.33875957,0.56640625,9.721728052,0.435244355,0.812155335,0.505226391,23.07019841,0.108541179,-0.016226058,-0.021663107,1.015617793,0.108026612,0.108029141,0.011769659,0.033493955,4.448402225,25.54806103,22.57300695,-0.026816905,-0.076956531,3.61248131,22.58520267,22.58582974,-0.01805109,-0.080703187,3.692693127,19.94802007,19.89704835,-0.002546588,0.063777725,4.232977945,19.88674596,19.8872968,0.005791906,0.065910103,4.27958333,3866.845948,4.620922445,-0.046176067,0.115156873,1.004222731,15.03496841,15.03537731,-0.007971291,-0.119154134,3.46714589,12.13304341,12.13336837,-0.013388086,0.10678543,3.963451266,35.52689275,17.65874093,0.02015408,-0.236073456,2.467905963,27.43281983,15.08026278,-0.007489375,-0.011707451,3.034879454,19.32048651,0.399683723,3.863655914,0.026774389,4.849509838,0.1880,0.1880
653,E653_processed,0.185546875,7944.537075,0.244140625,6691.12222,0.29296875,623.922687,0.225003155,0.084110122,0.44520261,0.185546875,7944.268533,0.244140625,6691.108059,0.29296875,623.9221053,0.22487139,0.080715754,0.445117057,0.1953125,5069.47355,0.234375,4845.440547,0.68359375,27.83150581,0.225883967,0.072430291,0.427050994,0.1953125,5069.353598,0.234375,4845.422872,0.68359375,27.83151852,0.225718305,0.067386229,0.426956989,0.185546875,307.6858043,0.56640625,6.876823917,1.953125,3.256131681,0.426387932,0.777954383,0.504243851,7.64063229,7.383923614,4.592432047,26.87762972,9.433918197,1.930893133,1.930946767,-2.700427124,122.6268543,18.74628867,26.29293488,22.54494962,-0.028215429,0.262587676,4.440109121,22.54185135,22.54247279,-0.018074738,0.262469187,4.567275189,20.05781013,20.03331913,-0.009312063,-0.276646968,3.47002851,20.03129959,20.03185598,0.000621287,-0.28035465,3.452021321,3860.388372,4.309129735,-0.096882427,-0.157419721,1.003676244,14.39552892,14.39591665,-0.014174198,-0.033626126,4.104817745,11.72169109,11.72200887,-0.030371991,-0.292852203,3.14717616,29.46987915,17.2879953,-0.010753044,-0.037588486,2.861139288,34.56567552,14.91843231,-0.00240878,-0.409091731,2.167907621,18.5646952,0.398599471,4.100658781,0.023704427,4.672386539,0.1880,0.2000
654,E654_processed,0.244140625,6855.213266,0.185546875,5443.860002,0.556640625,126.8590348,0.228811438,0.093594622,0.450679634,0.244140625,6855.191537,0.185546875,5443.691915,0.556640625,126.8591379,0.228583613,0.088650545,0.45056523,0.234375,5072.248095,0.1953125,4337.217434,0.693359375,39.33687158,0.226706831,0.079841218,0.427994867,0.234375,5072.240619,0.1953125,4337.116414,0.693359375,39.33685074,0.226563488,0.076047322,0.42789757,0.1953125,245.599826,0.556640625,10.71736331,0.3125,5.448469528,0.461575616,0.831799624,0.525493752,23.00431516,0.108208461,1.149232278,14.02382396,1.067507936,0.105841905,0.105844777,0.967733601,11.53690117,13.94028504,25.78240253,21.77932391,-0.034218403,-0.01403959,3.534260196,21.80364174,21.804214,-0.029464019,-0.018173048,3.853057345,19.67729788,19.27863738,0.005712154,-0.101185864,3.656013922,19.26349449,19.26402479,0.008001385,-0.099840684,3.886669038,3855.561695,4.002616739,0.028056071,0.137596958,1.004444179,13.63198826,13.63235014,0.039201982,0.037065044,3.688667804,11.25672267,11.25700846,0.014773926,-0.146785363,3.474924515,29.11881476,16.58192665,0.012272198,-0.147108939,2.831054631,16.4210603,14.32340829,-0.002730014,-0.269500165,3.694666842,17.67940072,0.398124309,3.9375,0.025678968,4.481688717,0.1880,0.2250
655,E655_processed,0.244140625,6536.006897,0.185546875,5562.540281,0.322265625,273.6699128,0.226775786,0.093540181,0.44976953,0.244140625,6535.993455,0.185546875,5562.321596,0.322265625,273.6691364,0.226493709,0.087387204,0.449617145,0.244140625,5748.994092,0.21484375,5220.417459,0.3125,169.2191106,0.227192152,0.074451629,0.420900212,0.244140625,5748.99267,0.21484375,5220.368361,0.3125,169.2205612,0.227046728,0.070549555,0.420842969,0.185546875,217.8874924,0.205078125,193.8754143,0.56640625,8.050406072,0.47308925,0.857672716,0.524841941,7.686974956,7.430498689,4.643550594,27.44564998,9.302314682,1.903090308,1.903143168,-3.157786949,126.6515117,18.66495043,25.95511371,22.30348044,-0.022042033,0.2203097,3.891012813,22.30623771,22.30685732,-0.016408897,0.21696429,3.920388006,21.31599473,20.364258,0.016792268,-0.040854215,3.625938314,20.36059966,20.36113173,0.017942663,-0.040747054,3.545320779,3852.471388,4.039918806,0.050808887,0.014013087,1.004133038,13.96189979,13.96226929,0.032009975,0.254119871,4.022924449,11.8550173,11.85527261,0.071463573,0.304265814,4.515099049,25.96313086,16.96415254,-0.015766056,0.12474121,3.187548833,58.26505168,15.04998346,0.008253718,-0.09187106,1.841920682,18.31645305,0.396885584,4.004374997,0.024751176,4.705186788,0.1880,0.2250
656,E656_processed,0.244140625,7058.06588,0.185546875,5141.336122,0.126953125,259.2417809,0.227339309,0.084953332,0.444528052,0.244140625,7058.04298,0.185546875,5141.157816,0.126953125,258.9841377,0.227033479,0.07718575,0.444358324,0.244140625,4640.286123,0.1953125,3891.120421,0.21484375,3233.918104,0.228751042,0.074047227,0.430861211,0.244140625,4640.262332,0.1953125,3891.033584,0.21484375,3233.886072,0.228520048,0.067379954,0.430762481,0.1953125,215.3333408,0.56640625,6.892596381,0.546875,6.886759368,0.49977129,0.914758858,0.537110302,22.9085327,0.142000018,6.900814693,107.5064639,1.161663881,0.133692829,0.133696543,5.588975427,89.5784238,25.93672074,25.67098562,21.43296941,-0.039010006,-0.039193665,3.581742258,21.43160443,21.43219252,-0.04099206,-0.040047335,3.808668872,20.71682256,18.73144523,0.020264512,-0.140945341,3.359699336,18.7614771,18.7618954,0.009933598,-0.133631078,3.357276641,3849.107101,3.984416523,0.135810673,-0.038304178,1.003885109,13.33097734,13.33134219,0.044519801,-0.230962575,3.236003203,11.02479514,11.02499473,-0.094485389,0.480804224,5.259175798,33.19060846,16.18369451,-0.002790674,-0.294177976,2.452475297,71.30157752,13.92600722,-0.060176473,0.049020594,1.698977706,17.29957206,0.489664474,4.410098522,0.025176886,5.398548246,0.1880,0.2000
657,E657_processed,0.244140625,7619.259214,0.185546875,4936.370866,0.341796875,120.3648037,0.230196189,0.077764101,0.443299634,0.244140625,7619.23863,0.185546875,4936.206797,0.341796875,120.3648712,0.230092296,0.074951304,0.443238936,0.244140625,5331.379742,0.33203125,113.5100123,0.693359375,25.18078031,0.230467241,0.070198891,0.422428264,0.244140625,5331.368724,0.33203125,113.5103188,0.693359375,25.18076171,0.230345288,0.066495148,0.422353059,0.185546875,183.7788399,0.56640625,5.395654987,0.546875,5.182377622,0.440454876,0.781790103,0.528492674,7.700449557,7.44459987,4.678941085,27.87176773,9.222915944,1.889605233,1.889657704,-3.336956438,128.3808778,18.6317845,26.25703071,21.18423648,-0.037951013,0.139006511,3.770355647,21.18845723,21.18902968,-0.039074093,0.135479858,4.214277261,22.8458915,19.36341436,0.015662272,-0.052215474,3.516101265,19.33940944,19.33993495,0.026075268,-0.047365516,3.710137426,3843.457735,3.883088519,-0.032416838,0.188621454,1.004393639,12.71133197,12.71167286,0.052546783,-0.2142043,3.612636546,10.81417633,10.81442116,-0.065046593,0.152763911,4.074562279,24.9049481,15.75461514,-0.00164636,-0.187054022,3.207484806,17.84905863,14.04615331,-0.030423017,-0.102341923,3.125084461,16.68946769,0.416471549,4.036560186,0.025560096,4.503898735,0.1880,0.2250
658,E658_processed,0.244140625,5746.36511,0.185546875,5219.038248,0.1171875,236.8144798,0.226249249,0.080937638,0.446993557,0.244140625,5746.350767,0.185546875,5218.86547,0.1171875,236.3523729,0.226150838,0.078241444,0.446916725,0.1953125,4260.42255,0.244140625,3823.405916,0.1171875,58.3110824,0.225864938,0.079888658,0.431916927,0.1953125,4260.312413,0.244140625,3823.397054,0.1171875,58.18793434,0.225759027,0.07708971,0.431846087,0.1953125,226.4395661,0.244140625,46.26845082,0.56640625,7.817768007,0.447323125,0.801994089,0.523676581,22.78277331,0.107475248,2.309783287,43.58747716,1.119588193,0.103676478,0.103679224,2.077127448,42.35649148,25.89437191,27.03166015,21.16613871,-0.049877766,0.13142194,3.518414647,21.16230904,21.16289608,-0.043856837,0.134857257,3.750800374,22.72363418,17.50845919,0.006238427,-0.08068086,3.46256736,17.53280593,17.53322435,-0.001810377,-0.088477871,4.043660851,3839.457184,3.633612428,0.075559918,-0.003536363,1.00356918,13.41843415,13.41880685,0.00391863,-0.052996182,3.343398989,10.52402396,10.52426452,0.042536067,-0.099435525,4.150006026,16.33959642,16.13981502,0.001924835,-0.115267449,3.558085251,53.81082467,13.18279713,-0.008605638,-0.248102702,1.778153748,17.05357795,0.391060957,4.250236967,0.021648019,4.115628956,0.1880,0.2000
659,E659_processed,0.185546875,5771.883717,0.244140625,5038.835535,0.1171875,209.4340964,0.225396671,0.08914029,0.447521667,0.185546875,5771.671438,0.244140625,5038.835539,0.1171875,209.0778175,0.22526525,0.086118056,0.447468235,0.234375,4747.399633,0.205078125,4658.895269,0.1171875,55.54856704,0.22394699,0.078672757,0.416318114,0.234375,4747.407751,0.205078125,4658.832323,0.1171875,55.44262262,0.223831313,0.07559192,0.416243877,0.185546875,213.462149,0.556640625,10.92111844,0.1171875,3.348025664,0.455772427,0.811837732,0.523664296,7.661577977,7.408547463,4.715664813,28.38312894,9.255289995,1.891045522,1.891098042,-3.356627836,128.5023066,18.62026783,27.50544823,21.11273833,-0.032969495,0.232161447,3.884327174,21.14813886,21.14864969,-0.032313734,0.229018578,4.211015571,24.48780313,18.73455451,-0.001244868,0.131994718,3.32085837,18.70096435,18.70148295,0.012865298,0.122198894,3.747602402,3836.825107,3.852101494,-0.000397918,0.116603882,1.003763344,14.00424889,14.00451698,0.134963942,0.754385929,5.173040746,11.35223751,11.35252972,0.026774804,1.272401674,6.022841205,73.66011886,16.45411962,0.037634325,0.121826402,1.754042841,14.64916832,14.13023402,-0.048964349,0.207113151,4.593556937,18.02793463,0.414457394,4.1101065,0.024534304,4.705139883,0.1880,0.2250
660,E660_processed,0.185546875,6357.679915,0.234375,4957.133511,0.1171875,172.350921,0.226292894,0.096970585,0.443446002,0.185546875,6357.482864,0.234375,4957.118243,0.1171875,172.0006051,0.225839176,0.087019242,0.443221238,0.185546875,4583.749648,0.244140625,2962.41939,0.302734375,134.3254686,0.22060407,0.077138062,0.421012258,0.185546875,4583.682238,0.244140625,2962.414159,0.302734375,134.3255046,0.22029866,0.069343398,0.421025014,0.185546875,281.5081271,0.546875,11.2006258,0.56640625,9.065550557,0.516507907,0.963977663,0.516069258,22.61998654,0.100275221,0.012951251,-0.040875211,1.019227353,0.096612917,0.096615476,0.000524199,-0.021310864,4.154576249,27.78353338,21.09894509,-0.02524495,-0.003372272,3.604158573,21.09882965,21.09941306,-0.022595047,-0.00352599,3.885034738,24.75163709,18.35439216,-0.012120759,-0.156849357,3.19633783,18.4599012,18.46025882,0.030956399,-0.016049874,4.401899992,3835.542228,3.8463907,0.043178653,-0.05288112,1.003633455,13.46604585,13.46641986,0.013072574,-0.137988586,3.224194926,12.59062148,12.59067939,-0.861048803,10.25916682,10.11968059,21.10744859,16.21691659,0.008513361,-0.225148669,3.124195685,120.5015706,14.47689464,-0.231234464,1.702649399,1.456019412,18.43555454,0.351891589,3.944615385,0.022615154,4.430554182,0.1880,0.2000
661,E661_processed,0.185546875,5860.467688,0.234375,5179.387048,0.556640625,180.542986,0.224791575,0.086934024,0.449512727,0.185546875,5860.255671,0.234375,5179.362608,0.556640625,180.5429035,0.22461417,0.082592421,0.44942644,0.1953125,5838.86499,0.68359375,34.52677291,0.341796875,31.14595562,0.218188009,0.072713972,0.415578752,0.1953125,5838.78597,0.68359375,34.52668691,0.341796875,31.14611913,0.217993221,0.066955283,0.415492906,0.1953125,296.5526206,0.556640625,13.31142291,1.9140625,2.039501449,0.417667411,0.776597536,0.495621165,7.620730791,7.370115661,4.752347694,28.91948962,9.290402973,1.892521685,1.892574203,-3.367955659,128.4997073,18.61221902,27.94005433,21.16387694,-0.012294762,0.043958415,3.135541254,21.19629793,21.19688665,-0.006029857,0.041825522,3.372060709,25.36232975,18.75207282,-0.011378098,0.113149693,3.425715456,18.8051397,18.80559294,-0.003161431,0.123463081,3.903472857,3834.397645,3.915408966,0.02258965,0.316351028,1.004308514,13.8418739,13.84225047,0.020745241,0.182484326,4.198587364,12.31905467,12.31925216,-0.239046142,1.964080589,6.501528658,42.40762437,16.47550644,0.014298423,-0.045331788,2.341587791,57.86398001,14.68716721,-0.050607848,0.314088319,1.970949767,18.53029606,0.40608501,4.081221358,0.024380166,5.002663643,0.1880,0.2000
662,E662_processed,0.185546875,8001.928765,0.234375,5375.076193,0.126953125,340.9634603,0.225431639,0.087332864,0.442637775,0.185546875,8001.598347,0.234375,5375.09129,0.126953125,340.5626317,0.22530417,0.084559138,0.442631681,0.185546875,6248.734558,0.234375,3779.142289,0.126953125,97.98580468,0.218026655,0.07373715,0.41447057,0.185546875,6248.597434,0.234375,3779.136996,0.126953125,97.90191578,0.217902254,0.070427656,0.414448284,0.185546875,378.5073879,0.556640625,13.94183574,0.126953125,6.132827926,0.397410146,0.72496244,0.486282429,22.43284351,0.104677836,-0.049386905,0.103400322,1.015911469,0.099036198,0.099038479,-0.050061061,0.033404939,3.612162085,28.56118295,21.98977148,-0.018136003,-0.006693632,3.332900537,22.0745545,22.0751282,-0.03635721,0.048650711,4.011138508,25.66624775,18.98298281,-0.00596748,-0.073849229,3.148483946,19.01901258,19.01944105,0.006108798,-0.070097535,3.340479019,3834.340416,3.994205747,0.021156743,0.067091762,1.003637049,15.08468838,15.08494359,0.443954292,3.212685173,7.878009287,12.36909693,12.36923134,-0.207894082,1.255402809,6.263492186,106.3617163,17.28608947,0.076327694,0.382480596,1.545090736,78.52951643,14.81840127,-0.0757288,0.070595165,1.585717354,19.50777811,0.357090837,3.73875,0.025546173,4.416939178,0.1880,0.1880
663,E663_processed,0.185546875,7702.445007,0.244140625,4495.402587,0.1171875,323.7637575,0.22442289,0.090371503,0.44526104,0.185546875,7702.213149,0.244140625,4495.38774,0.1171875,323.1283195,0.224311265,0.087598555,0.44517098,0.185546875,6458.05385,0.224609375,3200.684926,0.1171875,103.1893062,0.216866022,0.079167777,0.412199577,0.185546875,6457.838911,0.224609375,3200.670407,0.1171875,103.0290182,0.216758656,0.076404108,0.412147521,0.185546875,379.9080559,0.56640625,16.17393747,0.126953125,5.945145053,0.398851565,0.723228395,0.484603265,7.588262826,7.338950462,4.779461756,29.34634332,9.324330433,1.895238444,1.89529108,-3.375035196,128.2884076,18.59245556,27.99234083,21.36783916,0.007154395,0.066848452,3.222811109,21.36792258,21.36851351,0.006039219,0.068625985,3.593629753,25.67454822,18.98520028,-0.020223288,-0.115687046,3.37966461,19.05007215,19.05060029,-0.018933178,-0.062766771,3.743529091,3834.234489,4.064020418,-0.00994958,-0.111855056,1.003410097,14.06451645,14.06486539,0.034817564,-0.060589244,3.923616377,12.20883252,12.20916965,0.037610144,0.139372823,4.300106498,33.79201145,16.59979856,-0.014670606,-0.236155325,2.397691378,46.23905187,14.91915753,-0.081753104,0.274577084,2.702210294,18.62482918,0.397566433,4.056240175,0.024163642,4.853956033,0.1880,0.1880
664,E664_processed,0.185546875,6490.689469,0.244140625,4010.649872,0.126953125,327.1846084,0.226072263,0.097647876,0.450668579,0.185546875,6490.482898,0.244140625,4010.637916,0.126953125,326.8680287,0.225820396,0.092229617,0.450509569,0.1953125,5774.286504,0.244140625,2046.243856,0.126953125,125.2778961,0.216719972,0.076535418,0.407539806,0.1953125,5774.159057,0.244140625,2046.24425,0.126953125,125.1310919,0.216562221,0.072344021,0.407474458,0.185546875,327.5284703,0.56640625,14.38399051,0.126953125,7.1804741,0.42780365,0.795721662,0.493563568,22.24589091,0.09697458,-0.038507362,0.253865029,1.016503816,0.092251635,0.092254164,-0.009576771,0.376901027,3.920844636,26.80640139,19.94433546,-0.007398464,0.231181371,3.595271167,19.95422821,19.95476707,-0.00392315,0.230005066,4.058971509,25.30613562,18.38299787,-0.005620704,-0.126766446,2.897640916,18.40650149,18.40696243,0.003184613,-0.133116764,3.16671313,3834.384142,4.000849123,-0.004464812,0.210894682,1.003816821,13.11405766,13.11438699,0.06478777,0.173050122,4.187533375,11.94595987,11.94613592,-0.185844789,0.757810689,5.56875429,51.3881513,15.44894273,0.017474303,0.032510342,2.226837122,47.1791047,14.38032741,-0.042728693,-0.211315534,1.920794786,17.73970996,0.330761404,3.499415205,0.027009956,3.951320683,0.1880,0.2000
665,E665_processed,0.1953125,8182.604478,0.244140625,5394.429007,0.126953125,400.0141025,0.22659627,0.102198052,0.441157003,0.1953125,8182.450204,0.244140625,5394.414992,0.126953125,399.6119657,0.225943205,0.088486495,0.440855651,0.1953125,9735.391779,0.244140625,2771.869272,0.126953125,138.0341808,0.216791083,0.07411849,0.397362491,0.1953125,9735.171774,0.244140625,2771.862062,0.126953125,137.9131509,0.216515911,0.066042386,0.397210053,0.1953125,516.0383324,0.263671875,21.08327779,0.56640625,14.21559478,0.473514792,0.903679342,0.479795431,7.550284531,7.303253142,4.815459275,29.87551626,9.356600629,1.895815892,1.895868518,-3.393697104,128.5307591,18.5903042,28.23749507,21.8981483,-0.002089712,0.100437773,3.771769759,21.89936442,21.89997195,0.002226442,0.098216402,4.046181813,26.8938584,20.54491839,0.002165277,-0.142295578,3.065258572,20.54390981,20.54447195,0.003983248,-0.142264553,3.56579606,3834.134516,4.475982288,0.002718406,0.071352843,1.004300654,14.01987287,14.02024896,0.014341346,-0.061040549,3.379004983,12.76713515,12.76746559,-0.012789858,-0.23405695,3.222103409,31.56918194,16.81816287,0.018774994,-0.158721403,2.582674935,24.67178041,15.82378364,-0.021422169,-0.317256251,2.788546951,18.96247765,0.384093852,3.968623216,0.024386957,4.903905043,0.2000,0.2000
666,E666_processed,0.185546875,7980.555682,0.244140625,4967.301096,0.126953125,317.3460172,0.224472266,0.090834375,0.440396474,0.185546875,7980.301007,0.244140625,4967.286496,0.126953125,317.0056968,0.224207636,0.084584511,0.440274607,0.1953125,5500.825253,0.126953125,105.9912499,0.673828125,25.40723552,0.219236769,0.074517146,0.415701284,0.1953125,5500.713466,0.126953125,105.8798594,0.673828125,25.40724249,0.21902178,0.068228624,0.415587154,0.185546875,339.3210362,0.556640625,17.57012204,0.126953125,6.455180327,0.405701881,0.751098638,0.486927309,22.08037817,0.107653339,0.754080432,8.921407919,1.06614904,0.103881269,0.10388411,0.690611017,8.051157658,13.31546484,27.80439694,21.38704926,0.013051513,0.135342823,3.204146854,21.39163811,21.39222851,0.018377214,0.132776308,3.748897393,25.57572051,18.7480265,-0.002995604,-0.003919497,3.247393791,18.76815869,18.76864541,0.000973071,-0.011817627,3.513906674,3834.32152,4.121808781,0.019072682,0.098267343,1.004024983,14.00889345,14.00928059,-0.012286044,0.014515661,3.601966424,11.70177141,11.70207121,0.011937346,0.133247834,3.867877356,47.27874628,16.60738359,-0.009222715,-0.061771889,2.121831398,44.12309644,14.41548729,-0.003218699,-0.13374776,1.996820949,18.25372327,0.374735828,3.317222222,0.034054624,4.385185342,0.1880,0.2000
667,E667_processed,0.185546875,6773.948886,0.244140625,4118.419046,0.126953125,365.8343944,0.226403084,0.088835476,0.444456671,0.185546875,6773.717407,0.244140625,4118.410151,0.126953125,365.4801457,0.226314745,0.086700517,0.444390085,0.1953125,6412.992406,0.244140625,2489.873108,0.126953125,139.8455417,0.216902912,0.073110406,0.408872811,0.1953125,6412.85819,0.244140625,2489.862699,0.126953125,139.7163528,0.216792617,0.070041685,0.408812096,0.1953125,371.8649494,0.576171875,15.29180389,0.126953125,7.663748249,0.37606137,0.673091261,0.467148794,7.556766321,7.310645048,4.859381426,30.42803021,9.331033012,1.881162342,1.881214584,-3.563153527,130.8904105,18.754961,26.84690555,20.29596374,0.030764131,0.140781737,3.410416997,20.30581135,20.30637207,0.034309886,0.138085527,3.640393833,24.9058967,17.88740565,0.004212658,-0.113453051,3.049916247,17.9103741,17.9108716,0.009972417,-0.120286085,3.32322675,3834.260121,4.00711947,0.038479253,0.060133679,1.003799163,13.25116102,13.25151169,-0.026172019,-0.011148916,3.331598268,11.48965083,11.48994138,0.031541969,-0.127105507,3.633604909,37.99297961,15.69704613,0.025284967,-0.144671124,2.221412257,33.07925967,13.96046067,-0.027817443,-0.340038212,2.27031285,17.53913667,0.361108123,3.750047956,0.025678143,4.149111166,0.1880,0.1880
668,E668_processed,0.185546875,8625.163721,0.244140625,3483.549342,0.126953125,362.8091369,0.22473127,0.095125186,0.442813314,0.185546875,8624.870461,0.244140625,3483.538661,0.126953125,362.4226518,0.224615943,0.092478955,0.442736213,0.1953125,8030.930015,0.244140625,2439.835423,0.126953125,118.0046991,0.216656168,0.081150915,0.403879106,0.1953125,8030.805855,0.244140625,2439.838229,0.126953125,117.8742498,0.216550962,0.078446989,0.403814084,0.1953125,455.538705,0.556640625,23.04531317,0.126953125,7.073738248,0.384846302,0.697707792,0.466363403,21.9383612,0.099368093,0.036554764,0.018466749,1.017660927,0.096370761,0.096373237,0.036433893,0.042401177,4.069706249,27.61862101,21.42792986,0.032100328,0.305571884,3.432767732,21.44207692,21.44264962,0.028315277,0.298395934,4.024884299,25.62713918,18.88813356,0.010707906,0.071815429,3.455069854,18.89880655,18.89931399,0.015147374,0.069801695,4.346990572,3834.647005,4.27854615,0.022406513,0.378760453,1.005103285,14.13626636,14.136615,-0.010972662,-0.010428698,3.40862685,12.0865404,12.08681285,-0.085432827,0.245632842,4.113843566,39.52827936,16.70197567,-0.002335841,-0.070995203,2.401661976,29.45831153,14.70990452,-0.003935153,-0.045454649,2.877894336,18.59932602,0.354350209,3.284826325,0.032840357,4.282964657,0.1880,0.1880
669,E669_processed,0.185546875,6718.456874,0.234375,3670.008036,0.126953125,369.0900693,0.227177232,0.10014406,0.448500331,0.185546875,6718.283885,0.234375,3669.999056,0.126953125,368.7335862,0.227054452,0.097430951,0.448417085,0.1953125,7169.769451,0.234375,2755.900883,0.126953125,132.7397786,0.217940152,0.080583472,0.4074372,0.1953125,7169.625051,0.234375,2755.889244,0.126953125,132.6146473,0.217839246,0.077959451,0.407377721,0.1953125,400.4432016,0.56640625,16.04447633,0.126953125,7.535754989,0.387891586,0.707822993,0.471201724,7.464262312,7.220289316,4.849009519,30.50632686,9.431872443,1.911142717,1.911195796,-3.229208841,126.5684924,18.42030727,27.0907506,20.83099237,0.032077927,0.106087332,3.270562647,20.8367676,20.83734542,0.031971712,0.108242135,3.470921736,25.80790813,19.11395448,0.02153833,-0.288004827,2.996335062,19.12862586,19.12915072,0.020998047,-0.292475433,3.207315008,3834.455121,4.290835072,0.04600665,-0.072821367,1.004213501,13.75822839,13.75858437,-0.039302765,0.141898758,4.00279147,12.15707561,12.15736073,-0.072233456,0.040191391,4.534643108,28.41704366,16.22742885,0.021924212,-0.070428633,2.943993352,46.0308067,14.83239032,-0.013849934,-0.395020917,1.970714006,18.36028496,0.353765973,3.556965827,0.027961256,4.300860553,0.1880,0.2000
670,E670_processed,0.185546875,10599.08428,0.234375,3454.789008,0.126953125,417.4892611,0.222715457,0.09628587,0.430699758,0.185546875,10598.74677,0.234375,3454.773144,0.126953125,417.0627835,0.222587755,0.093407318,0.430621859,0.1953125,7483.313968,0.25390625,1584.772629,0.126953125,136.6857392,0.215776456,0.080838928,0.405032506,0.1953125,7483.149199,0.25390625,1584.770076,0.126953125,136.5480338,0.21566331,0.077829335,0.404949569,0.185546875,478.4626866,0.25390625,21.02370079,0.56640625,19.98563816,0.385528195,0.704699201,0.457085719,21.8298659,0.098280092,0.039768923,-0.058816519,1.017658244,0.096009645,0.09601222,-0.000514602,-0.084697989,4.123216725,28.62385823,22.67893963,0.030839273,-0.031264466,3.201218797,22.76481736,22.76540261,0.055158114,0.016173134,3.550569465,25.92445662,19.28573421,0.025165832,-0.150533747,3.198419864,19.28355623,19.28408615,0.028393542,-0.150079127,3.733854162,3834.491347,4.460324704,0.028340108,-0.234719055,1.004204013,15.46484362,15.46526901,-0.023557817,0.057556723,4.612492532,12.30682257,12.30716316,-0.013524277,-0.323276353,2.95798646,20.19415769,18.17097759,-0.086601715,0.282891842,4.492629167,17.26063163,15.05336244,-0.003224007,-0.37208059,3.09111904,19.76463535,0.350844836,3.257713249,0.033058975,4.317904641,0.1880,0.1880
671,E671_processed,0.185546875,7853.328267,0.244140625,2882.352476,0.126953125,533.5072267,0.221799159,0.1075417,0.447770441,0.185546875,7853.153304,0.244140625,2882.357607,0.126953125,533.0444612,0.221204826,0.095752918,0.44757872,0.1953125,7789.172012,0.244140625,2345.726932,0.126953125,193.659184,0.214038716,0.077435148,0.409598111,0.1953125,7789.004358,0.244140625,2345.728943,0.126953125,193.4893937,0.213785682,0.070259368,0.409464692,0.1953125,426.9208399,0.556640625,23.40662233,0.283203125,10.01793029,0.448432288,0.849915055,0.486892248,7.464277539,7.223013134,4.901846373,31.12511948,9.414093813,1.897158569,1.89721125,-3.423988355,128.8005868,18.58117123,27.24524242,21.04646943,0.027742144,0.091367288,3.325139179,21.08253889,21.08298689,0.070462768,0.136139395,3.811360939,26.04554854,19.3418763,-0.011224628,-0.195378155,3.142272695,19.3920325,19.39250406,-0.016772349,-0.192603584,3.305888452,3834.324708,4.423948982,0.011377302,0.050190633,1.004256315,15.70422727,15.70425015,-0.54547892,5.757576371,8.592004764,12.80038441,12.80072262,0.034439101,-0.04836781,3.656933252,98.51705281,17.16198226,-0.034656112,0.70083529,1.734949625,43.48060307,15.40584059,0.029253739,-0.143316317,2.104187002,20.26035469,0.353556623,3.4195854,0.030235146,4.525780258,0.1880,0.2000
672,E672_processed,0.185546875,10239.44576,0.244140625,3691.609938,0.224609375,2403.077406,0.220444186,0.101302461,0.435410006,0.185546875,10239.15813,0.244140625,3691.614588,0.224609375,2403.066134,0.21996122,0.090768432,0.435224423,0.185546875,7993.724616,0.244140625,2453.518074,0.126953125,185.5339393,0.214742783,0.077514155,0.411192097,0.185546875,7993.545511,0.244140625,2453.506554,0.126953125,185.3363642,0.214461035,0.069871298,0.411160612,0.185546875,496.1376512,0.56640625,13.36203964,0.283203125,13.23675344,0.429350137,0.8265742,0.475080905,21.77032113,0.099068331,-0.048951334,-0.025891837,1.016382251,0.098077748,0.098080434,-0.006958263,0.012756562,3.782464701,27.15349973,20.99778664,0.028103127,0.026224849,3.590969929,21.02275237,21.02331845,0.02614458,0.027310166,3.818303253,26.38234683,19.71233833,0.018069114,-0.071117781,2.985878531,19.7527431,19.75327722,-0.000914878,-0.008955248,3.93775218,3834.298019,4.394034507,0.029781221,-0.024251566,1.004022113,14.71301212,14.71336231,0.086308065,0.267210387,5.19014637,13.86380726,13.86399365,0.550375437,5.452206315,8.711893165,81.09113469,16.85143113,0.031165624,-0.115464284,1.636418796,81.35086298,15.83085557,-0.026864568,0.404105923,1.990737097,20.21616557,0.355900103,3.408159393,0.030639969,4.934196766,0.1880,0.1880
673,E673_processed,0.185546875,6289.807846,0.234375,3391.350638,0.126953125,637.9633446,0.22359511,0.103835996,0.462900309,0.185546875,6289.589711,0.234375,3391.34662,0.126953125,637.3936773,0.223301873,0.097673773,0.462770157,0.1953125,6523.803654,0.234375,2359.826847,0.126953125,231.9707602,0.215280115,0.081645645,0.419714473,0.1953125,6523.663023,0.234375,2359.818325,0.126953125,231.7714901,0.215067715,0.075972291,0.419619815,0.185546875,320.6282695,0.556640625,16.51282194,0.126953125,13.62749113,0.423293685,0.789251919,0.492216269,7.464675716,7.222613151,4.898247178,31.11001473,9.383993715,1.898520254,1.898572975,-3.421533787,128.72761,18.56071012,25.93054663,19.4917108,0.035281491,0.061921564,3.420940726,19.54283784,19.54337315,0.03005314,0.075992579,4.009060541,26.00073368,18.94582556,0.019161123,0.183523624,3.343895372,18.98849723,18.98894642,0.017886669,0.178664092,3.633102814,3833.895837,4.126351061,0.036688528,0.364203849,1.004359994,13.82388899,13.82424599,0.152805434,1.019660744,5.993273071,12.52622858,12.52651704,0.078283156,0.447658973,4.825896178,75.66614082,15.59969084,0.022094241,0.132135691,1.718169255,59.45387521,14.96646963,0.001618545,0.053742442,1.869088206,18.65538545,0.353318476,3.353467279,0.031417976,4.425849908,0.1880,0.2000
674,E674_processed,0.185546875,7167.433062,0.244140625,3169.367271,0.126953125,740.9900348,0.226285786,0.107630082,0.465943738,0.185546875,7167.193333,0.244140625,3169.359976,0.126953125,740.3423951,0.226114243,0.104088247,0.465840178,0.185546875,6174.775518,0.224609375,2525.796236,0.13671875,256.0215181,0.218417226,0.092817842,0.438068543,0.185546875,6174.585265,0.224609375,2525.781478,0.13671875,255.8872687,0.218288195,0.089807974,0.437983476,0.185546875,366.0692124,0.546875,15.70346453,0.13671875,15.50304313,0.444584726,0.805797593,0.50956269,21.73873364,0.103853723,-0.005439148,0.061237831,1.016842764,0.102970643,0.102973488,-0.006801543,0.066223976,3.713053338,26.05625655,19.65821239,0.012809791,0.229324364,3.413715198,19.65317991,19.65371901,0.016232742,0.229632536,4.285295848,25.06846388,17.54770602,0.035843625,-0.088202389,3.232639558,17.55298675,17.55345864,0.033750344,-0.086528242,3.650647049,3833.84431,3.892857776,0.03706787,0.017145978,1.003674794,13.66277564,13.66313203,-0.01106463,0.03621277,3.952330422,11.80780873,11.80805784,0.065043584,0.234011468,4.774184267,15.77607506,15.6018019,-0.014275815,-0.022826577,3.990627452,35.53785859,13.86722256,0.013851263,-0.197682317,2.284716427,18.05855494,0.370158387,3.132111693,0.037732286,4.370851649,0.1880,0.1880
675,E675_processed,0.185546875,7054.151587,0.234375,2502.343247,0.126953125,525.298355,0.225349186,0.112322213,0.462581012,0.185546875,7053.896001,0.234375,2502.332282,0.126953125,524.8272476,0.225014745,0.106090386,0.462413797,0.185546875,6177.720144,0.244140625,1465.496381,0.126953125,185.3322886,0.216654642,0.087502861,0.429182468,0.185546875,6177.469646,0.244140625,1465.499067,0.126953125,185.1333733,0.216483495,0.083400319,0.429108235,0.185546875,363.4458287,0.25390625,18.70908506,0.556640625,17.68500166,0.450609751,0.829650423,0.497604982,7.463345445,7.221693144,4.905998375,31.20679799,9.370864114,1.899095349,1.899148101,-3.454450922,129.0091767,18.55240597,26.08140042,19.66340967,0.036358775,0.090022981,3.831362787,19.66245541,19.66297614,0.04124989,0.090196078,4.220507914,25.40591071,18.00084715,0.058122962,-0.224357055,2.988482124,18.02262964,18.02311008,0.054210365,-0.206402698,3.368138123,3833.677685,4.065118685,0.052560162,-0.072471182,1.004184185,13.70722698,13.70759339,0.007510303,-0.010176528,3.604760161,12.2630306,12.26329142,0.145228576,0.986203077,6.139577732,46.72414634,15.68130081,-0.00630706,-0.161493648,2.073397005,50.15272667,14.33279422,-0.009780223,-0.291790528,2.094004663,18.39256461,0.361197873,3.280006576,0.033573433,4.429474772,0.1880,0.1880
676,E676_processed,0.185546875,4672.128656,0.234375,3337.398639,0.13671875,645.6197887,0.233208219,0.123352098,0.48554678,0.185546875,4671.984767,0.234375,3337.395332,0.13671875,645.3357806,0.232483119,0.110160855,0.485234456,0.1953125,4591.878791,0.224609375,2876.052666,0.13671875,278.8290322,0.223012167,0.091178536,0.446653396,0.1953125,4591.787861,0.224609375,2876.036324,0.13671875,278.7033106,0.22262955,0.081601514,0.446458507,0.185546875,240.5778258,0.13671875,16.52615716,0.283203125,10.53599363,0.514012292,0.953642042,0.541951225,21.7356792,0.100054335,-0.007166417,0.262584324,1.018002143,0.099062833,0.099065583,0.002233073,0.28184899,4.476281732,24.80002346,18.01418523,-0.010897517,0.049561841,3.462142128,18.02442373,18.02489919,-0.006705709,0.052727046,3.804588851,25.17463499,17.56085838,0.067899616,-0.012424093,3.297786087,17.55692237,17.55740968,0.06713911,-0.011226584,3.696250566,3833.725206,3.775085821,0.09611338,0.186913673,1.003473148,12.41855787,12.41886283,-0.015391361,0.185388414,4.274099793,11.13102798,11.13133527,-0.004453214,0.051680921,3.650575035,52.08718288,14.15901705,-0.011271307,-0.117222151,1.966459579,16.18247927,13.54087498,-0.015641532,-0.122914186,3.373061788,16.67737326,0.348498929,2.821350078,0.043781183,3.879258423,0.1880,0.2000
677,E677_processed,0.185546875,5987.529534,0.234375,3589.436037,0.126953125,823.6808435,0.229933144,0.127332553,0.48202004,0.185546875,5987.307682,0.234375,3589.427119,0.126953125,822.9175927,0.228946523,0.109797228,0.481595293,0.185546875,6165.537416,0.224609375,2521.967052,0.126953125,306.3798059,0.218025265,0.092944745,0.442985131,0.185546875,6165.334634,0.224609375,2521.954308,0.126953125,306.0940902,0.217622912,0.083124818,0.442787614,0.185546875,343.378888,0.126953125,17.74127309,0.556640625,15.15444071,0.536085934,1.003083547,0.534728446,7.467416399,7.22569794,4.902650994,31.14923094,9.350962403,1.896671711,1.896724356,-3.455881964,129.3059141,18.56897722,25.83879902,19.41125498,0.042980941,0.045146973,3.292759966,19.42053635,19.42107349,0.045653874,0.041595337,4.19932253,25.41598526,17.8827937,0.023896765,-0.009383646,2.935266575,17.88462384,17.88511555,0.028068644,-0.011774089,3.226590595,3833.656635,3.999637959,0.070643827,-0.041010258,1.003723929,13.71898662,13.71935784,0.017957784,0.026874418,3.517633937,11.97744132,11.97776864,0.001282608,-0.155924636,3.424174035,38.74306129,15.471382,-0.003280729,-0.051931039,2.290567404,24.2788599,14.14445992,-0.023298584,-0.212041825,2.715068747,18.21229588,0.355950493,3.180832148,0.035180993,4.263492651,0.1880,0.1880
678,E678_processed,0.185546875,6287.672886,0.234375,3109.897149,0.13671875,753.65519,0.229552061,0.11084865,0.480634238,0.185546875,6287.455211,0.234375,3109.872661,0.13671875,753.2852376,0.229341712,0.106767885,0.480519302,0.185546875,4803.589022,0.224609375,2768.934992,0.2734375,487.2812687,0.223723514,0.089403188,0.460747671,0.185546875,4803.447571,0.224609375,2768.91863,0.2734375,487.2805144,0.223511373,0.08432074,0.460626537,0.185546875,300.1763549,0.556640625,15.75646354,0.2734375,15.44387292,0.431094184,0.772713666,0.532941096,21.7701465,0.103483947,0.360941012,3.284816169,1.054955418,0.102558807,0.102561652,0.29934473,2.520439525,11.25308801,25.46264916,18.84641951,-0.012773411,0.223597984,3.623677663,18.85782268,18.85833984,-0.014407233,0.216706296,3.997265879,24.95198251,17.13753242,0.029977053,-0.071477219,3.054742683,17.14140668,17.14188277,0.031236613,-0.073042679,3.613733139,3833.779311,3.817760972,0.03234342,0.025822123,1.003458986,13.27942295,13.27975785,0.021482377,-0.006449537,3.531156297,11.06973214,11.07003478,0.000473369,-0.121536082,3.382116593,45.56693186,15.02412888,-0.000969464,-0.020695651,2.138818336,26.92478886,13.26872659,-0.000498282,-0.220865837,2.419421546,17.28865636,0.365414686,2.928175896,0.042617864,4.045153286,0.1880,0.1880
679,E679_processed,0.185546875,4771.196689,0.234375,2261.695168,0.13671875,826.3770702,0.232048412,0.120739792,0.498070274,0.185546875,4771.044624,0.234375,2261.686681,0.13671875,825.9002723,0.231798286,0.116150069,0.497924715,0.185546875,3350.254393,0.341796875,342.9169909,0.13671875,334.3997593,0.22537156,0.104420825,0.476357453,0.185546875,3350.149294,0.341796875,342.9167571,0.13671875,334.2167211,0.225167097,0.100144851,0.476231257,0.185546875,211.1062302,0.13671875,20.00012316,0.56640625,15.03898061,0.497667459,0.878577265,0.56322576,7.47409051,7.231994665,4.89110744,30.98001168,9.32783138,1.898442743,1.898495473,-3.419238023,128.553562,18.54547985,24.82824033,18.2348706,0.023101849,0.167126466,3.456759233,18.23584383,18.23634749,0.026435366,0.163638844,3.782136551,24.05451213,15.74568167,0.049976859,0.091955936,3.000839535,15.75513939,15.75555905,0.049697481,0.086531593,3.429144117,3833.771085,3.566506731,0.09827787,0.074706881,1.003461139,13.08415781,13.08450502,0.022924732,0.062713341,4.128128986,10.49210965,10.49239199,-0.026737958,0.001822161,3.59409192,25.3127365,14.58141502,-0.008406363,-0.006246177,3.020397288,24.95720245,12.33730476,-0.033427301,-0.06460814,2.512984972,16.77183834,0.358163388,3.109502062,0.037042432,3.757990667,0.1880,0.1880
680,E680_processed,0.185546875,4539.150966,0.224609375,1832.545784,0.13671875,903.9566172,0.232646993,0.125470216,0.502862112,0.185546875,4538.994873,0.224609375,1832.53859,0.13671875,903.4385369,0.232414653,0.121344896,0.502733948,0.185546875,3288.36734,0.224609375,2001.055598,0.13671875,367.7984023,0.228235665,0.10806129,0.481923861,0.185546875,3288.265514,0.224609375,2001.040515,0.13671875,367.5850722,0.228049176,0.104377472,0.481820735,0.185546875,206.4391476,0.13671875,21.47878718,0.263671875,13.41363841,0.511335476,0.896292653,0.574391287,21.84553241,0.106852651,0.022698718,0.134031091,1.01895127,0.106249488,0.106251799,-0.035442252,0.158275662,4.680383328,23.8020492,16.91396786,0.034559865,-0.044232144,3.244007537,16.90898213,16.90945117,0.035652286,-0.042372181,3.823723702,23.52727147,15.08806467,0.060476268,-0.146151126,3.008835092,15.08695474,15.08737369,0.060819794,-0.1452083,3.483648198,3834.375389,3.382731002,0.078051217,-0.144239894,1.004001463,12.42656053,12.42690166,-0.01174198,-0.014584034,3.822437206,9.980772625,9.981044695,-0.025228543,-0.08829858,3.215044632,14.70307949,13.63177958,-0.025451316,-0.161219341,3.35056348,12.6787616,11.69870525,-0.027625508,-0.22482111,3.458098803,15.93891897,0.376604228,3.03857868,0.040789109,3.758903636,0.1880,0.1880
681,E681_processed,0.185546875,4523.166089,0.234375,2556.44374,0.126953125,938.1659188,0.235115343,0.129042603,0.503781643,0.185546875,4523.01612,0.234375,2556.435017,0.126953125,937.3289576,0.234720354,0.122554184,0.503593731,0.185546875,3223.970944,0.224609375,2665.086353,0.341796875,388.9912132,0.231175053,0.104744401,0.478866079,0.185546875,3223.86808,0.224609375,2665.073474,0.341796875,388.9912014,0.230947457,0.10011354,0.47873214,0.185546875,203.5461527,0.13671875,20.78695439,0.56640625,13.48317113,0.556476624,0.967317149,0.585480197,7.421700323,7.179284866,4.839515401,30.44975338,9.480008211,1.927886863,1.927940414,-3.028969957,124.5764402,18.21282111,24.16393602,17.5619188,-0.003407909,0.142089067,3.61888899,17.59354377,17.59402752,0.004293795,0.146039557,4.025140122,23.5766453,15.85902081,0.068492315,0.096773685,2.928315166,15.86961988,15.87005931,0.0702766,0.087606033,3.735412815,3835.704107,3.60850233,0.129756613,0.032673349,1.003886508,12.92273751,12.9230853,-0.088794559,0.26372067,4.473612793,10.19402066,10.19430378,-0.033782221,-0.070028626,3.485550856,50.0048156,14.10800037,0.006001193,0.061387175,2.060173541,19.48165893,12.15082682,-0.025150191,-0.095292058,2.794158113,16.45995028,0.363315267,3.065675148,0.038657288,3.703746198,0.1880,0.1880
682,E682_processed,0.185546875,5072.127875,0.224609375,1830.305887,0.341796875,349.1438487,0.229637214,0.134753526,0.489454937,0.185546875,5071.965833,0.224609375,1830.277261,0.341796875,349.1422207,0.228532293,0.11673284,0.489018087,0.185546875,3985.664481,0.224609375,2117.265171,0.33203125,461.6226658,0.228360804,0.102801584,0.477851773,0.185546875,3985.533143,0.224609375,2117.256505,0.33203125,461.6218842,0.227938391,0.093669904,0.47762981,0.185546875,243.8955296,0.56640625,12.71293466,0.263671875,12.44877337,0.591746552,1.061283794,0.570899899,21.92128107,0.105769179,-0.056555572,0.037758281,1.018453845,0.10451344,0.104516342,-0.016733635,-0.001515963,3.889394848,24.100269,17.77669836,0.059096259,0.106122698,3.54786123,17.7969931,17.79745433,0.060398403,0.111584813,3.862504794,22.08721142,15.8917116,-0.038133856,0.071781389,3.328996613,15.85596977,15.8564056,-0.012421194,0.059191185,3.585952582,3840.864314,4.266068942,-0.121541836,0.032731047,1.004164892,13.40446239,13.40472663,0.136645341,0.911484227,5.734908818,10.39616968,10.39643284,0.030207185,0.053067756,3.446750561,61.48080231,14.541003,0.029486105,0.00623646,1.746924757,15.87379044,12.27795196,-0.019985457,-0.017651212,3.245504677,16.96385899,0.373592622,2.862738854,0.045586351,3.884030604,0.1880,0.1880
683,E683_processed,0.185546875,5142.653973,0.234375,2146.602158,0.13671875,992.470889,0.226815401,0.114311818,0.491449851,0.185546875,5142.450435,0.234375,2146.59397,0.13671875,991.9311907,0.22662149,0.110602503,0.491344545,0.185546875,3592.4611,0.234375,2123.742732,0.302734375,552.6750187,0.226593922,0.098711416,0.476520003,0.185546875,3592.333722,0.234375,2123.734303,0.302734375,552.6746706,0.226368693,0.09385019,0.476392163,0.185546875,224.3566222,0.13671875,22.86015436,0.56640625,15.2835617,0.457374708,0.807065941,0.549538126,7.479513907,7.235387741,4.838518296,30.303488,9.628266742,1.9094347,1.909487736,-3.239980544,127.0860443,18.80477292,23.44534562,17.90099792,-0.006292784,0.288287163,3.622031356,17.90513088,17.90560046,-0.005992707,0.287885371,3.886166356,19.91219162,16.11362681,0.103942894,0.286680561,3.599469428,16.06994355,16.07037918,0.107873638,0.272155801,4.439147894,3848.554213,4.29887559,0.162082757,0.195678927,1.005174173,13.25551793,13.25585213,-0.008188615,0.123134545,3.590793326,10.58143597,10.58172584,-0.056088355,0.109248753,3.567420491,43.93391521,14.58975515,0.001908322,0.166579577,2.254454143,13.10856004,12.496174,-0.034900957,0.078392974,3.298858866,16.96144267,0.366853771,2.95659104,0.041967246,3.881946025,0.1880,0.1880
684,E684_processed,0.185546875,4227.507176,0.234375,1649.78667,0.13671875,1128.612169,0.228993504,0.121228568,0.50634832,0.185546875,4227.376247,0.234375,1649.7793,0.13671875,1128.008359,0.228766121,0.117117222,0.506240147,0.185546875,3380.953132,0.224609375,1445.387121,0.13671875,407.968848,0.230262326,0.110325568,0.489135045,0.185546875,3380.886229,0.224609375,1445.367242,0.13671875,407.7452673,0.230056943,0.106702156,0.48910862,0.185546875,202.58729,0.13671875,25.25356045,0.556640625,12.82130122,0.495258934,0.867512247,0.573050874,22.03309585,0.109871593,0.038933652,-0.068492573,1.018298479,0.108073307,0.10807604,0.034474576,-0.024467622,4.069226165,21.61622543,16.58794625,-0.024908107,0.203151484,3.811621056,16.58730597,16.58774494,-0.014094302,0.203632368,4.079843393,16.07426307,14.58575994,0.034673675,0.222089727,3.813635731,14.56739728,14.56779962,0.071601869,0.34516132,4.294081713,3858.715768,4.533239812,-0.143243894,-0.194870125,1.003915404,12.49509067,12.49541758,0.005474512,0.031680705,3.568635682,10.03832033,10.03856076,0.311727505,2.279481471,7.360810849,33.58928156,13.52781352,0.01800235,0.064217397,2.299757295,68.19947682,11.46606386,0.026444865,0.610803956,1.626849952,16.02835496,0.389234702,3.184751773,0.038376059,3.907356207,0.1880,0.1880
685,E685_processed,0.185546875,4332.200267,0.234375,1689.759985,0.13671875,1099.589992,0.227644264,0.121788006,0.499664251,0.185546875,4332.09661,0.234375,1689.761093,0.13671875,1098.972904,0.227392533,0.117401707,0.499585235,0.185546875,3639.327491,0.341796875,547.2771478,0.3125,395.220428,0.229228945,0.107515815,0.480244979,0.185546875,3639.196686,0.341796875,547.2776567,0.3125,395.221022,0.229047752,0.103795723,0.480115574,0.185546875,213.8994225,0.13671875,24.30833442,0.56640625,10.25372927,0.487599205,0.861979603,0.560949356,7.441008056,7.195232055,4.765977448,29.4772396,9.692669254,1.936622624,1.936676418,-2.757312754,123.36116,18.63813786,20.73375171,16.62706659,0.036427683,0.082265517,3.546804266,16.65002518,16.65044692,0.031903003,0.08753568,3.97258982,15.51390332,15.39433963,0.00306116,-0.030472372,4.07261794,15.36567204,15.36609341,0.023921484,-0.029946776,3.87078073,3867.183407,3.96137116,-0.107205199,0.121988085,1.004025822,12.96557945,12.96586442,0.146334119,1.080369288,5.806983617,10.23423629,10.23451075,-0.00299541,0.017107805,3.566126827,61.86497951,13.72625105,-0.064198073,0.161408139,1.897991852,15.44554862,12.00458868,-0.008844929,-0.036988314,3.353773545,16.51843971,0.370669034,2.967119056,0.042103322,3.793616209,0.1880,0.1880
686,E686_processed,0.185546875,4151.498802,0.244140625,1765.839349,0.13671875,1096.986293,0.22977656,0.135239381,0.507317959,0.185546875,4151.385829,0.244140625,1765.84204,0.13671875,1096.432509,0.228897245,0.121714312,0.507017383,0.185546875,3125.492514,0.224609375,1901.065042,0.29296875,495.5555508,0.230960814,0.105444564,0.493954342,0.185546875,3125.394194,0.224609375,1901.054644,0.29296875,495.5557814,0.230616521,0.09859059,0.493824837,0.185546875,188.7355309,0.13671875,23.71788426,0.283203125,10.02402101,0.586773894,1.036996871,0.593243341,22.18461051,0.112960322,-0.049714155,0.152274644,1.020304548,0.109363744,0.109366765,-0.070401479,0.196631242,3.896580771,20.29341048,16.59613178,0.012541512,0.00558275,3.576550087,16.63742917,16.63781273,0.021278739,0.007365747,3.662759048,15.13718026,14.92201879,0.122287138,-0.13970489,4.033656729,14.86863558,14.86903325,0.121872877,-0.123053124,3.802352603,3874.254172,3.95370759,0.012838122,-0.139696321,1.004036939,12.95860462,12.95886887,-0.049413853,0.441989378,5.070127136,10.25346604,10.25365824,-0.222544435,1.386664711,6.18088832,55.25585538,13.78315158,-0.065591594,-0.003308241,1.755782954,46.30563301,11.61652171,0.036728422,-0.118942469,1.853296417,16.52482344,0.380633184,2.897903226,0.045325113,3.902882588,0.1880,0.1880
687,E687_processed,0.185546875,4173.297964,0.234375,1304.657736,0.13671875,1301.85449,0.231833887,0.14591798,0.51107395,0.185546875,4173.157997,0.234375,1304.650416,0.13671875,1301.148544,0.230404681,0.124188701,0.510504698,0.185546875,3501.189079,0.234375,1475.385026,0.13671875,501.6695778,0.228269934,0.107764566,0.48748118,0.185546875,3501.079541,0.234375,1475.37889,0.13671875,501.4238322,0.227748289,0.097002534,0.48722738,0.185546875,205.4390514,0.13671875,30.47031758,0.556640625,12.39944355,0.674149059,1.185384925,0.596088773,7.546093478,7.297467043,4.773260587,29.3486476,9.502329544,1.907203715,1.907256658,-3.227263435,127.1400694,18.4923513,19.61644979,16.32997675,-0.008370574,0.126243359,3.680122997,16.31585245,16.31630505,-0.007715664,0.126927738,4.290229438,16.26694619,15.01213168,0.096596017,0.107810346,3.945292696,14.9736902,14.97410021,0.102306184,0.119148057,3.944319468,3879.506912,3.826969219,0.070493505,-0.001052014,1.00373127,12.72929585,12.72963132,0.053286527,0.052023782,3.792348828,10.23267041,10.2329374,-0.017621588,0.002644687,3.439839567,19.0268885,13.49647199,-0.016731685,-0.043107999,3.149161108,26.60645584,11.74179484,-0.010281094,-0.105431166,2.282965032,16.33268262,0.377095885,2.982429686,0.04239468,3.858798582,0.1880,0.1880
688,E688_processed,0.185546875,3709.496076,0.244140625,1403.024591,0.13671875,1039.34777,0.239739626,0.12459288,0.524262927,0.185546875,3709.363705,0.244140625,1403.021171,0.13671875,1038.799787,0.239523332,0.120779693,0.524134419,0.185546875,2699.889715,0.244140625,1086.113834,0.224609375,990.5460189,0.237419921,0.107892436,0.503993767,0.185546875,2699.797747,0.244140625,1086.113533,0.224609375,990.5403471,0.237134715,0.10240833,0.503884617,0.185546875,167.7148636,0.13671875,23.97208337,0.244140625,15.44311674,0.499046927,0.873486242,0.578358483,22.32762558,0.113961286,-0.115612952,0.300791783,1.019708832,0.111840321,0.111843292,-0.055497609,0.293744136,4.996924857,19.19764968,16.33252046,0.077788358,0.109076244,3.741098426,16.33463684,16.33508986,0.081537816,0.116535778,3.781580168,16.84752347,14.0501601,0.033077882,0.081436701,3.519471578,14.05465892,14.05501585,0.033105109,0.076386826,3.535184686,3883.845058,3.162849048,0.036140647,0.192045072,1.003096916,12.20831753,12.20863458,-0.121399592,0.220105273,4.722741788,9.615204807,9.615364533,-0.107466314,1.034167253,5.278138999,17.6404318,13.15260797,0.033980426,-0.057396233,3.377079463,44.28680216,10.87629095,-0.021263343,0.059307678,1.780356635,15.5404631,0.403619011,3.14290718,0.040860954,3.880943919,0.1880,0.1880
689,E689_processed,0.185546875,3521.269374,0.244140625,1158.996691,0.13671875,978.1424275,0.238882158,0.130241091,0.521646978,0.185546875,3521.143164,0.244140625,1158.992911,0.13671875,977.6802623,0.23863069,0.126213697,0.52155687,0.185546875,2829.197242,0.234375,1049.79507,0.33203125,664.1634847,0.236590707,0.111684767,0.500095502,0.185546875,2829.099209,0.234375,1049.787562,0.33203125,664.1639604,0.236376532,0.107624382,0.499978522,0.185546875,170.8595878,0.556640625,11.32648071,0.33203125,11.29706941,0.509899694,0.891516531,0.576926978,7.50436856,7.255228859,4.709040371,28.6070124,9.540444134,1.934624082,1.934677787,-2.740936949,123.2956671,18.31035934,18.71001434,15.74969413,-0.000695828,0.28816367,3.450884635,15.76112249,15.7615516,0.000144742,0.291243494,4.142075699,17.67464516,14.09679462,0.115399952,0.065526888,3.685381483,14.08829951,14.0886859,0.123781796,0.065672817,3.809801324,3883.228275,3.140085603,0.119173734,0.148255988,1.003505337,11.79024665,11.79053992,-0.077292064,0.489241948,4.848961538,9.267200225,9.267445439,-0.104735691,0.17554807,4.28036472,42.94681197,12.72904566,0.021999232,0.251443968,2.141305204,29.08865515,10.80558703,-0.070711831,-0.016727528,2.168505423,14.99674554,0.38473675,3.025375943,0.042034412,3.565526834,0.1880,0.1880
690,E690_processed,0.185546875,3445.126489,0.224609375,1291.537208,0.13671875,713.1164092,0.241983494,0.129587174,0.526520563,0.185546875,3445.009476,0.224609375,1291.531679,0.13671875,712.7391081,0.241762386,0.125805774,0.526390583,0.185546875,2814.547188,0.224609375,1364.928897,0.33203125,676.8619971,0.240692471,0.116977448,0.505395805,0.185546875,2814.457758,0.224609375,1364.918626,0.33203125,676.8613986,0.240500386,0.113616274,0.505315227,0.185546875,169.7021258,0.33203125,14.18569089,0.3125,13.00136103,0.523756354,0.896972199,0.590566723,22.48673415,0.106844404,-0.028457397,-0.145215519,1.01642381,0.104177184,0.104180071,-0.030358477,-0.109195698,3.921990092,18.09469441,15.33442991,0.00874247,0.130883822,3.881549444,15.32623784,15.32666116,0.005611376,0.131580352,3.980407907,19.16459702,13.95146626,0.081911541,0.252336596,3.923450773,13.93815058,13.93853103,0.065089076,0.256438793,4.527183176,3884.860895,3.176021116,0.161177437,0.284938071,1.003568392,11.09087255,11.09117968,0.013553077,-0.042278572,3.521520124,8.972083279,8.972318424,0.000320053,0.137208081,3.556013061,13.9365895,12.14332487,0.078453791,0.004643892,3.254693432,37.47862116,10.53778856,-0.041591975,0.119910059,1.91595282,14.26593021,0.371381397,3.08419244,0.039042463,3.33215215,0.1880,0.1880
691,E691_processed,0.185546875,2403.531306,0.234375,1043.920523,0.13671875,966.8815926,0.245321879,0.141092703,0.537485681,0.185546875,2403.43552,0.234375,1043.909968,0.13671875,966.359524,0.244733713,0.132591109,0.537248981,0.1953125,2289.828583,0.224609375,1149.808813,0.3125,690.2984235,0.240786924,0.119162999,0.510912973,0.1953125,2289.784534,0.224609375,1149.802845,0.3125,690.2982389,0.240478939,0.11372756,0.510745574,0.1953125,126.450303,0.13671875,20.8936046,0.3125,10.49623353,0.627911934,1.057029098,0.61517985,7.541794269,7.29029571,4.674796135,28.10780258,9.493100242,1.93507663,1.935130384,-2.745840435,123.0542769,18.31498913,17.49280922,15.24326595,0.057762446,0.183813454,3.513279841,15.25172705,15.25211656,0.056167454,0.183600383,3.716726301,20.04016827,13.33543209,0.054951584,0.01862083,3.167247258,13.30407277,13.30443763,0.062738223,0.02561588,3.773514576,3885.217378,2.976729293,0.056402663,0.172468321,1.003235269,11.25759075,11.25785133,0.03298154,0.227425883,4.300060013,8.612355898,8.612590305,-0.006525922,-0.101776466,3.430769354,48.20267581,12.08632586,0.041752808,0.060642672,1.769736795,24.25282777,10.07044637,0.010516328,-0.127066377,2.278645208,14.17448159,0.383692183,3.034498695,0.041668613,3.304583577,0.1880,0.1880
692,E692_processed,0.185546875,3189.81939,0.234375,1254.654094,0.13671875,819.7828098,0.243933279,0.14293662,0.533145337,0.185546875,3189.736306,0.234375,1254.649905,0.13671875,819.3548331,0.242787673,0.125424432,0.532696835,0.185546875,2170.398788,0.302734375,605.6641858,0.322265625,503.2573791,0.240074968,0.120841933,0.508817236,0.185546875,2170.338655,0.302734375,605.6616503,0.322265625,503.2591243,0.239373057,0.108261951,0.508531783,0.185546875,138.3055196,0.13671875,17.38998579,0.56640625,9.941554854,0.742183517,1.222274515,0.625632352,22.65634136,0.112376181,0.002506516,-0.017393537,1.01759135,0.110518736,0.110521801,0.047704933,-0.033244297,3.978089336,17.28752588,15.47842228,0.014781431,0.03619649,3.510305953,15.48503676,15.48545292,0.005847055,0.031112552,3.437319133,21.27966481,13.21222699,0.07085567,0.058145972,3.292223097,13.3081034,13.30839312,0.14952797,0.437539251,5.878658631,3886.52422,3.006999159,0.043672751,0.124077536,1.003111773,11.44312708,11.44341879,-0.046100536,0.009695807,3.762209206,8.907549444,8.90773422,-0.085327451,0.638669841,5.462140729,37.3173703,12.28795575,0.035676444,-0.166172649,1.922420265,17.52937078,10.42856353,-0.156326687,1.158713756,4.68739316,14.50170895,0.394139617,3.088984509,0.041306522,3.51089095,0.1880,0.1880
693,E693_processed,0.185546875,3191.426218,0.234375,1279.148733,0.146484375,928.6308947,0.243003174,0.126733486,0.535032326,0.185546875,3191.297017,0.234375,1279.140713,0.146484375,928.3803814,0.242765513,0.122649081,0.534898013,0.185546875,2413.726606,0.234375,974.0083943,0.322265625,611.1100108,0.241025791,0.114280921,0.510767351,0.185546875,2413.630477,0.234375,974.005281,0.322265625,611.1137932,0.240685114,0.107952859,0.510613328,0.185546875,147.1558729,0.56640625,9.610739188,0.322265625,9.555566049,0.568269249,0.968378257,0.599198162,7.580215146,7.326391648,4.640271787,27.60827736,9.520764202,1.932726084,1.93277977,-2.730776473,123.0781519,18.75362644,16.95992067,15.52545271,0.066563283,0.241358978,3.954651281,15.51030124,15.51073158,0.076159214,0.24906164,4.025191566,22.68141075,13.41618162,0.033937913,0.188994971,3.242865527,13.39954779,13.39990919,0.06306931,0.160836729,4.137338077,3887.148585,3.032404549,0.025333637,0.272521229,1.00340291,11.45869225,11.45897952,-0.134688419,0.568626367,5.266227442,9.011309711,9.011425152,-0.357897154,2.279390596,7.267191474,15.77475617,12.31019719,-0.009478703,0.20060834,3.669446979,20.73782229,10.24667157,0.063724357,0.183297879,3.076395817,14.57785975,0.387801582,3.079747826,0.040886437,3.494644931,0.1880,0.1880
694,E694_processed,0.185546875,2637.603529,0.234375,1504.302279,0.33203125,1149.505504,0.26387928,0.146642701,0.560378881,0.185546875,2637.515449,0.234375,1504.291895,0.33203125,1149.506653,0.263596858,0.142296536,0.56015804,0.1953125,2061.709969,0.234375,1119.132672,0.3125,720.1314451,0.254270378,0.134311943,0.525604091,0.1953125,2061.664909,0.234375,1119.127032,0.3125,720.1309542,0.2539823,0.12964437,0.525402716,0.185546875,122.1466609,0.146484375,19.26418911,0.33203125,11.01744383,0.780996343,1.197905801,0.666804194,22.79594274,0.121671856,0.006249215,0.096764071,1.020082489,0.119543315,0.119546633,-0.017560289,0.096897022,4.940352543,17.4508885,16.35116151,-0.020058228,0.016438219,3.521707047,16.36199974,16.36241444,-0.023653549,0.015266433,3.874723879,21.04893543,13.77662889,0.179998569,0.086487304,3.39722188,13.67045231,13.67082391,0.179422464,0.08211313,4.074397956,3885.382644,3.741710063,-0.079689858,-0.090695951,1.003206854,11.28752815,11.28780983,0.038355685,0.063985362,3.830112791,8.526409514,8.526627636,-0.091260277,0.077182162,3.586850625,36.93984104,12.40654179,-0.014154308,-0.043868658,2.103399841,29.13557251,10.07294619,-0.037996506,0.015791606,2.113159175,14.14630799,0.420547822,2.959637562,0.048010732,3.585854679,0.1880,0.1880
695,E695_processed,0.302734375,2412.219226,0.185546875,2362.270177,0.234375,1456.27946,0.274851837,0.130983816,0.558133115,0.302734375,2412.219965,0.185546875,2362.189619,0.234375,1456.27214,0.274694823,0.128271457,0.55801615,0.1953125,1879.150985,0.302734375,1453.086617,0.234375,1123.575713,0.268937285,0.130552616,0.540009426,0.1953125,1879.114982,0.302734375,1453.087298,0.234375,1123.570308,0.268758274,0.127656053,0.539899178,0.185546875,105.3838813,0.146484375,20.30564851,0.302734375,19.0021506,0.68046286,1.02143077,0.674820359,7.60561404,7.350787147,4.621291009,27.30781869,9.486064586,1.931429041,1.93148266,-2.709258855,122.7106076,18.76633883,21.21440324,19.07165398,-0.095667408,0.33454106,3.98306561,19.06455301,19.06507609,-0.07836634,0.330750768,3.904517556,18.27227028,15.24634138,0.187587245,0.314213085,4.91412674,15.19728866,15.19767662,0.197375371,0.33999145,5.324678884,3875.675394,3.900864725,0.170531781,0.082652859,1.004363189,11.42941224,11.42972973,0.021039654,0.026104774,3.600167092,8.564506044,8.564698737,-0.126642184,0.47435069,4.763601504,18.50242456,13.40493437,-0.020279937,0.023451312,3.276146036,45.51174496,10.50934269,-0.072287648,0.254614114,1.82048183,14.28260432,0.394064206,3.034724983,0.042788623,3.375041208,0.1880,0.1880
696,E696_processed,0.283203125,3330.797176,0.3125,2732.140465,0.1953125,2141.171452,0.279057704,0.120641281,0.536244688,0.283203125,3330.795652,0.3125,2732.139827,0.1953125,2141.12402,0.278728512,0.115046601,0.536069175,0.1953125,2279.846224,0.2734375,2277.593934,0.3125,1806.60776,0.273539601,0.116379097,0.521339318,0.1953125,2279.806926,0.2734375,2277.594343,0.3125,1806.610325,0.273283891,0.112004966,0.521234085,0.1953125,121.3639189,0.302734375,26.11351779,0.56640625,24.22140237,0.738747965,1.084723844,0.691071946,22.92733208,0.129835214,0.014690835,0.288651149,1.025800426,0.128232665,0.128236227,0.011090278,0.284293266,4.468895444,23.21293097,19.95421146,-0.020935195,0.247914953,3.803948933,19.94294485,19.94349853,-0.022457234,0.253659761,3.794840068,18.29075573,16.64732485,0.192280881,-0.02112696,4.443125326,16.65629424,16.65674606,0.190615512,-0.019472058,4.48540533,3871.155299,3.388374888,0.051665703,0.165956671,1.00367916,10.71190848,10.71220393,-0.042747749,0.159882454,3.871437244,8.566211576,8.566411608,0.229456838,1.197926879,6.361447267,22.23003996,13.24594724,-0.000950835,0.014606836,3.046000736,52.77585386,11.03235369,-0.011349858,-0.029095602,1.869139001,13.71622108,0.471031165,3.078694158,0.049695441,4.035046839,0.1880,0.2000
697,E697_processed,0.2734375,5868.272891,0.185546875,2047.106404,0.146484375,792.648364,0.272193179,0.106784577,0.512690253,0.2734375,5868.265815,0.185546875,2047.040286,0.146484375,792.4247112,0.271952429,0.102140267,0.512579935,0.2734375,3881.844326,0.1953125,1845.271992,0.556640625,163.4134567,0.272679004,0.10829996,0.509894297,0.2734375,3881.843331,0.1953125,1845.241072,0.556640625,163.413424,0.272445803,0.103811629,0.509769735,0.1953125,100.2064187,0.556640625,40.37319113,0.2734375,34.016695,0.670885799,0.983266736,0.680797446,7.630490114,7.374313274,4.600955351,27.00412564,9.452244603,1.932119305,1.932172973,-2.720967051,122.9299454,18.73445247,25.76140534,21.9693611,-0.073220218,0.093114381,3.724102072,21.98635607,21.98696632,-0.071217367,0.086501341,3.952228984,18.95642432,18.37186819,0.202982593,-0.002496475,4.108539811,18.35634556,18.35685007,0.201210457,-0.006218331,4.041554134,3865.512197,3.648339843,0.108529191,0.348849607,1.004632893,11.74322306,11.74353983,0.113799723,0.039452309,3.828319412,8.908423551,8.908663821,-0.047294716,-0.106297543,3.46956228,44.8957864,14.71288909,-0.007770782,-0.067682297,2.245519171,26.6339687,11.97801342,-0.038849462,-0.223407446,2.400131579,14.74025165,0.412143802,3.07088317,0.0437041,3.671650579,0.1880,0.2250
698,E698_processed,0.283203125,4517.252641,0.234375,2377.930202,0.185546875,2369.064294,0.27021894,0.108883556,0.52525033,0.283203125,4517.251049,0.234375,2377.921868,0.185546875,2368.989596,0.270102915,0.106521682,0.525160243,0.185546875,1709.234449,0.2734375,1653.040882,0.29296875,1530.131827,0.266048589,0.116422696,0.524959421,0.185546875,1709.189369,0.2734375,1653.040114,0.29296875,1530.132445,0.265844225,0.112679373,0.524821637,0.185546875,105.2264158,0.302734375,26.75003317,0.56640625,25.72585107,0.627616676,0.942705384,0.668825896,23.03565299,0.12745852,-0.083373265,0.225346383,1.019058501,0.126085241,0.126088683,-0.052250137,0.251299108,4.587396185,24.59177869,20.59297653,-0.089980557,0.027572902,3.570092392,20.5888916,20.58946345,-0.093813187,0.029288853,3.622301091,15.09152432,15.05774454,0.193103742,0.250120499,4.512110145,14.99303139,14.99344786,0.182143491,0.257315222,4.424519229,3861.132798,3.599719861,0.031121298,0.13243626,1.004436445,11.29483828,11.29514817,0.087827217,0.030922536,3.830193617,7.909699992,7.909917086,-0.049951566,0.050234387,3.995484934,18.75107786,13.95401275,-0.031700216,-0.079302512,3.489583681,17.98984449,10.18183799,-0.052946283,0.006517233,2.700206719,13.78938579,0.457010805,2.985690516,0.05126688,3.614917575,0.2250,0.1880
699,E699_processed,0.302734375,3161.06321,0.1953125,1833.692403,0.234375,1329.62359,0.27798364,0.12181712,0.540985487,0.302734375,3161.064612,0.1953125,1833.662992,0.234375,1329.615587,0.277842685,0.119245126,0.540884418,0.1953125,1776.744814,0.302734375,1753.69683,0.2734375,1041.779538,0.268880699,0.125211494,0.523802873,0.1953125,1776.723883,0.302734375,1753.694502,0.2734375,1041.781597,0.268690474,0.122095066,0.5237091,0.1953125,98.54483131,0.3125,24.89701775,0.576171875,17.421494,0.674283787,0.998759935,0.681564395,7.684334529,7.426590619,4.604881111,26.96452456,9.388886667,1.916355571,1.916408799,-2.939083228,124.6219998,18.83383744,23.21976121,18.17894301,-0.011398263,0.141920389,3.547439453,18.17405509,18.17455606,-0.013213919,0.140585356,3.82396465,14.45938224,14.12474321,0.101673411,0.147850826,4.125710697,14.11481239,14.11520378,0.107601389,0.135195818,3.995247944,3854.524068,3.284414546,0.041332761,0.020395258,1.003350383,10.35012047,10.35040244,-0.003797189,-0.171775775,3.087717639,7.658587831,7.658774799,0.027954944,0.309639045,4.482585816,25.88134176,12.38623658,0.054476934,-0.151338989,2.538177618,31.29797812,9.654987365,-0.044664275,0.025412296,2.063920865,12.87585578,0.422822161,3.039439837,0.045768917,3.238299711,0.2000,0.2000
700,E700_processed,0.234375,1968.814848,0.322265625,1935.476082,0.185546875,1651.950183,0.278696651,0.136099445,0.557142818,0.234375,1968.803686,0.322265625,1935.475854,0.185546875,1651.898582,0.278497752,0.13296738,0.557031402,0.234375,1638.862636,0.1953125,1508.333006,0.3125,1005.750816,0.266666021,0.135112818,0.527400239,0.234375,1638.857049,0.1953125,1508.295196,0.3125,1005.752042,0.266427062,0.131384569,0.52726822,0.1953125,83.46834596,0.3125,30.04444955,0.13671875,10.53453248,0.707914648,1.046124687,0.689912563,23.08211517,0.114478771,-0.050116279,-0.055782436,1.01700723,0.113854955,0.113858022,-0.038371195,-0.062866812,3.620095842,22.49198225,16.46756366,-0.08586979,0.357668712,3.464658968,16.49823663,16.49869153,-0.084588782,0.358139237,4.037632011,14.23504422,13.16541593,0.096815514,0.084515802,3.586407265,13.19828599,13.19862127,0.126330756,0.147570733,4.191327201,3850.299238,2.974880304,0.058536077,0.261470432,1.003563765,9.868118739,9.868391935,0.05756213,0.078434932,3.493834947,7.389951739,7.390109209,-0.01452891,0.462734423,4.0438678,31.20327804,11.60843907,0.049159985,0.26185194,2.390927215,9.741187118,9.334934931,-0.139703395,0.946289432,5.922645348,12.32878232,0.401540307,2.748623853,0.053149419,2.967426723,0.2250,0.2250
701,E701_processed,0.234375,2105.556716,0.3125,1651.525393,0.185546875,1499.492429,0.285689878,0.152749917,0.564514382,0.234375,2105.545023,0.3125,1651.521618,0.185546875,1499.438716,0.285019027,0.14375546,0.564184465,0.234375,1327.772115,0.302734375,1222.062539,0.1953125,1207.227386,0.277417415,0.136505368,0.534466567,0.234375,1327.765757,0.302734375,1222.064344,0.1953125,1207.193599,0.276842131,0.127833145,0.534221605,0.1953125,68.15685749,0.3125,30.09000134,0.556640625,9.12599274,0.938536854,1.303545564,0.733808392,7.75280195,7.494144325,4.63695386,27.24166301,9.308820407,1.886783104,1.886835451,-3.31317866,128.4549637,19.04570594,22.00063846,16.18017281,-0.028504332,0.132234204,3.291636928,16.18448924,16.18491381,-0.020140161,0.132155553,4.394747126,16.00241273,13.29929427,0.039937913,-0.146986606,3.558183817,13.29739565,13.29766317,0.06460982,-0.126312347,3.625619994,3846.139003,3.209885028,-0.069250367,0.18210467,1.003227522,9.47929959,9.479510168,-0.062174229,0.215349135,4.074020609,7.310396973,7.310401761,-0.395868782,2.900374283,7.524385179,27.01014499,11.14402635,-0.032803289,0.056953234,2.635437727,58.98396374,9.067823295,-0.184190115,0.81709645,1.585425147,11.97092674,0.428853943,2.97232612,0.048541869,3.135094621,0.1880,0.2000
702,E702_processed,0.3125,3297.21169,0.234375,1887.255009,0.185546875,1830.878729,0.291787698,0.126789934,0.547714427,0.3125,3297.207556,0.234375,1887.252262,0.185546875,1830.841978,0.291524692,0.122318931,0.547566513,0.283203125,1927.063662,0.3125,1771.945564,0.234375,1645.86629,0.281754782,0.123439736,0.527650657,0.283203125,1927.062368,0.3125,1771.944801,0.234375,1645.858089,0.281410977,0.117369367,0.527449956,0.185546875,77.84706169,0.3125,38.22763993,0.283203125,37.54567301,0.784116744,1.110937101,0.721180619,23.07658672,0.125999813,-0.127367956,0.147049716,1.021080513,0.125078655,0.125082126,-0.107406712,0.166381702,4.198337688,24.57612775,19.13386003,-0.041747659,0.611097661,5.385372803,19.23934807,19.23980861,-0.086666699,0.766378647,6.084540442,20.09037957,16.09287685,0.106103037,0.154330819,3.588936872,16.07123071,16.07167244,0.123168271,0.158224554,3.803306681,3841.961878,3.426039119,-0.018175772,0.352562364,1.004049031,10.2101314,10.21038377,-0.036673989,0.916440838,5.179138124,7.61447752,7.614654804,-0.008352097,0.113921085,3.912144184,16.49898162,12.8586857,0.168050616,1.716520405,5.7709643,17.76871543,10.28142223,-0.049727229,-0.06952239,2.699958318,12.73714664,0.455113485,2.641556535,0.065222867,3.465532082,0.1880,0.2250
703,E703_processed,0.263671875,4794.789959,0.29296875,4735.415988,0.3125,3699.245848,0.287141377,0.114912762,0.523073381,0.263671875,4794.793386,0.29296875,4735.43128,0.3125,3699.251292,0.286953104,0.11138899,0.522961462,0.29296875,4342.568697,0.2734375,3514.117729,0.244140625,3259.165324,0.28636955,0.114507742,0.501764188,0.29296875,4342.575536,0.2734375,3514.111191,0.244140625,3259.158787,0.286192919,0.11119031,0.50164253,0.29296875,72.34691549,0.185546875,63.45978272,0.576171875,41.61505917,0.78232333,1.05231093,0.722356379,7.745827076,7.487668545,4.642143709,27.32170713,9.20596139,1.887222362,1.887274775,-3.332341275,128.8023603,18.67274834,28.21499869,23.46498847,-0.093480071,0.151488257,3.791287788,23.48098736,23.48159381,-0.089048388,0.146771962,4.072753389,24.74592529,19.99936278,0.148731594,0.552887081,3.628342684,20.02306228,20.02357268,0.16651885,0.572002521,5.084684861,3838.588611,3.915706099,-0.029250372,0.773902558,1.006076137,11.78651635,11.78667234,0.173823084,0.557565043,4.725498267,8.94378464,8.943996301,-0.037777147,0.91141887,5.069660572,66.9432963,15.02035789,0.070321322,0.043334396,1.796816635,43.46570971,12.50878922,-0.239867718,0.886030693,1.978222877,14.79596954,0.441048717,2.882840525,0.05306954,3.944738091,0.2250,0.2250
704,E704_processed,0.2734375,15500.07486,0.234375,10329.59661,0.17578125,1347.322975,0.284495389,0.101066007,0.470082731,0.2734375,15500.07714,0.234375,10329.5676,0.17578125,1347.253089,0.284403765,0.098957781,0.469981269,0.234375,7906.392741,0.283203125,6954.694652,0.1953125,1026.579233,0.28423861,0.109666244,0.478418683,0.234375,7906.369902,0.283203125,6954.685183,0.1953125,1026.58909,0.284117658,0.107462386,0.478352825,0.556640625,168.9649108,0.263671875,75.27271566,0.29296875,66.55973274,0.766259087,0.973145473,0.690990847,23.01563075,0.160694273,0.200850949,3.210095803,1.097700874,0.159097826,0.159102146,0.210910505,2.767215711,13.88556639,37.22127135,33.74414213,-0.164289235,0.149914857,3.965405389,33.83851789,33.83936189,-0.173524749,0.244411557,4.297222446,30.60926607,25.48331381,0.122753002,-0.080852718,3.296882708,25.52455024,25.52517875,0.136911689,-0.080360199,3.303737346,3835.872849,4.895076431,-0.010762168,0.496756721,1.005598478,14.71287786,14.71319466,0.002140995,1.966414533,6.8710124,11.28457019,11.28464925,-0.210543207,2.462404062,6.969428158,55.20231753,21.22003631,0.089604916,1.284578601,2.619057248,69.45179688,15.98086154,-0.185207949,-0.204475103,1.67416841,18.54242179,0.6109748,2.916883117,0.071810053,6.894636319,0.2250,0.2250
705,E705_processed,0.25390625,36783.75448,0.341796875,1154.034766,0.185546875,1110.445419,0.278746183,0.095168714,0.428558313,0.25390625,36783.64519,0.341796875,1154.035974,0.185546875,1110.453696,0.278564413,0.091329188,0.428478969,0.25390625,28107.53758,0.537109375,1783.017128,0.1953125,1061.378687,0.286642154,0.103391245,0.435221722,0.25390625,28107.49046,0.537109375,1783.017327,0.1953125,1061.361752,0.286524133,0.10099566,0.435135252,0.537109375,361.5056991,0.56640625,233.5790144,0.25390625,208.0119783,0.74132735,0.91929138,0.64270755,7.697047045,7.440264556,4.641689624,27.40945789,9.224117455,1.903755042,1.903807879,-3.168442466,126.6205641,18.46380452,47.08687194,44.30534812,-0.209432698,-0.300488456,3.377991433,44.35959912,44.36081731,-0.21161444,-0.297232512,3.502191796,41.85299953,37.64914277,0.091424242,0.138364253,3.684080753,37.70694779,37.70798603,0.097134857,0.16910389,3.812104779,3833.430592,6.744899822,0.101093405,0.889713355,1.008947314,18.6380614,18.63842426,0.164045497,1.220468537,6.442816614,14.85632355,14.85672514,-0.012689196,0.08009142,4.055859215,143.5692353,27.36940035,0.049103405,-0.123548675,1.630238578,59.67277763,22.91433023,-0.244110377,-0.048002391,2.194796446,23.8351241,0.479134112,2.874289636,0.057995732,7.118363813,0.2250,0.2250
706,E706_processed,0.25390625,55023.25704,0.546875,1234.177962,0.17578125,974.7963581,0.273588134,0.092226462,0.411820933,0.25390625,55023.22591,0.546875,1234.178257,0.17578125,974.7288228,0.273456499,0.08924605,0.411739291,0.25390625,42595.49709,0.537109375,2925.195278,0.3515625,656.7016344,0.283758473,0.1021845,0.427065702,0.25390625,42595.45668,0.537109375,2925.196048,0.3515625,656.7035087,0.283672682,0.100372717,0.426989967,0.537109375,578.6521007,0.25390625,340.0099455,0.1953125,55.32318925,0.678049811,0.83805139,0.617202439,22.92496708,0.170852662,-0.154382184,0.07623248,1.027833668,0.169490413,0.169494983,-0.127090748,0.083643671,4.421652912,51.38748091,48.79758471,-0.230625585,-0.400751564,3.483578818,48.90371835,48.90505041,-0.219866006,-0.37247925,3.315122268,47.77413778,43.99058168,0.064701303,0.10689809,3.620679473,44.10513882,44.10628507,0.065122865,0.14873916,3.904919637,3833.013612,7.673454243,0.133147523,1.06324905,1.010237581,20.65892388,20.65942996,-0.034649845,0.288498985,5.201371516,18.39209184,18.39243219,-0.029771369,0.986563043,6.043005126,52.88296129,30.86357715,-0.026926174,-0.029619165,3.71259659,31.85336967,27.62609812,-0.159559245,0.326345984,4.657308879,27.66032552,0.633770925,2.804680187,0.080568563,11.65658876,0.2250,0.2250
707,E707_processed,0.244140625,83259.96748,0.556640625,1174.741448,0.52734375,1001.430613,0.264027475,0.088769798,0.400142518,0.244140625,83259.77389,0.556640625,1174.740376,0.52734375,1001.431508,0.263906683,0.085984305,0.400080632,0.234375,52023.00296,0.52734375,3016.626335,0.693359375,308.6189704,0.275978428,0.103630634,0.42608493,0.234375,52022.9197,0.52734375,3016.626567,0.693359375,308.6188403,0.275887216,0.101749057,0.426003845,0.52734375,603.2409235,0.234375,376.4380234,1.923828125,21.06800329,0.717817224,0.896414829,0.643136535,7.702537666,7.44695582,4.679730057,27.86657184,9.214674705,1.89203596,1.892088492,-3.342681269,128.3821332,18.60551678,62.71503268,60.8016325,-0.193275971,-0.490770413,3.388167094,60.89947278,60.90112178,-0.200020102,-0.483955467,3.274136007,54.18592928,50.6689879,-0.054858426,0.068854497,3.534992987,50.72992677,50.7312498,-0.043536662,0.07620032,3.406542653,3833.092618,8.813307986,0.091639698,0.710805321,1.011798771,27.66922332,27.66961285,-0.253820021,3.135319698,7.616264273,22.50735311,22.50756972,0.431795107,4.134758114,8.231864053,195.21325,39.26864326,-0.013003716,-0.345933682,1.716566491,157.4457928,32.06577485,-0.230611904,-0.013856113,1.730776694,35.6678871,0.511682064,2.819486842,0.064366523,11.51671974,0.2250,0.2250
708,E708_processed,0.244140625,115000.8729,0.52734375,1237.693294,0.5078125,1049.620388,0.25635287,0.091422725,0.382010269,0.244140625,115000.5874,0.52734375,1237.693379,0.5078125,1049.620435,0.256200205,0.087835323,0.381900289,0.234375,70877.28238,0.5078125,3008.054084,0.48828125,2639.181335,0.266747667,0.103829291,0.417423924,0.234375,70877.06725,0.5078125,3008.054233,0.48828125,2639.181121,0.266625694,0.101222306,0.417296981,0.52734375,572.8510242,0.5078125,536.2642541,0.234375,505.2955825,0.764953864,0.9948297,0.666037064,22.82111798,0.221736999,-0.111410118,0.574537036,1.059618509,0.22033363,0.220339726,-0.062246944,0.550426073,5.926110598,71.43373904,69.85857885,-0.210588814,-0.356364232,4.047897589,69.86213987,69.86407123,-0.208705514,-0.35829903,3.924705314,59.90234019,56.53597259,-0.04379184,-0.048720093,3.459175707,56.52244493,56.52401177,-0.030465992,-0.048285671,3.602646611,3832.79018,9.709104811,0.073667954,0.766353035,1.014929155,30.99052561,30.99134104,0.060378936,-0.54400386,3.330195524,24.8683988,24.86907971,0.015165941,-0.337454622,3.581508232,76.1240157,45.59792049,0.010747464,-0.542443535,3.023135739,38.47453184,36.47877155,-0.255935856,-0.369482207,3.464558418,39.73580684,0.849771245,3.247920434,0.080554771,21.13302882,0.2250,0.2250
709,E709_processed,0.234375,106792.4754,0.341796875,1566.851429,0.517578125,1247.730389,0.252149542,0.103134813,0.410981617,0.234375,106792.1161,0.341796875,1566.851118,0.517578125,1247.730509,0.251904649,0.098010175,0.410819121,0.234375,65186.91034,0.48828125,2926.389038,0.44921875,1955.134487,0.25759014,0.110690963,0.427290292,0.234375,65186.63264,0.48828125,2926.39046,0.44921875,1955.134193,0.257350219,0.106035167,0.427092938,0.224609375,744.1765944,0.48828125,401.8590926,0.52734375,389.2968135,0.864960284,1.17416356,0.696450552,7.609553737,7.356382855,4.669015306,27.90582968,9.306947352,1.918163101,1.918216346,-2.952071556,124.4462694,18.28680946,76.92612091,75.38758333,-0.215372657,-0.231392105,3.717428444,75.37307642,75.37516897,-0.213769288,-0.231624079,3.576752509,63.37242032,60.06273642,-0.022555916,0.196535026,3.96333971,60.06191224,60.063536,-0.009897948,0.192811929,3.829597087,3831.27384,10.50630699,0.069231728,0.692126662,1.015302028,35.57827676,35.57926276,0.056345082,-0.371115458,3.414895249,29.13669858,29.13742943,0.007484804,-0.199512597,3.760523391,54.51343238,50.72438624,0.030890474,-0.455471444,3.431383663,127.2528892,40.56758436,-0.253551068,-0.228686413,1.848549566,45.98775633,0.590234152,2.871932825,0.071560898,17.19790596,0.2250,0.2250
710,E710_processed,0.224609375,90300.59179,0.205078125,69672.12946,0.3515625,1474.391812,0.247568527,0.104801861,0.427008781,0.224609375,90300.08029,0.205078125,69671.10938,0.3515625,1474.390031,0.247303394,0.099446879,0.426858901,0.224609375,54077.76766,0.205078125,50643.50514,0.498046875,2046.551292,0.24753103,0.10814649,0.451590472,0.224609375,54077.49002,0.205078125,50642.77757,0.498046875,2046.55042,0.247276135,0.103121715,0.451410563,0.205078125,1135.038902,0.537109375,331.6132498,0.498046875,329.0671638,0.761761058,1.117109878,0.671111184,22.6932131,0.297360676,0.026190647,0.668266959,1.106481435,0.294677191,0.294685367,0.016829633,0.585680942,8.155779111,75.96594498,74.36784467,-0.188827941,-0.210368026,4.036780824,74.45197878,74.45404691,-0.189485255,-0.215037626,3.910951268,65.04939253,61.74697054,0.031178749,0.19533425,3.700446855,61.82100193,61.8225772,0.042740085,0.19104797,4.238726413,3831.56778,11.15671037,0.041908213,0.532596736,1.014291623,37.66371028,37.66471034,0.003793118,-0.119604505,4.275390251,33.17436588,33.17504546,0.149046202,0.558981528,5.581266565,135.4740783,51.61221127,0.008632066,-0.455796102,2.028346563,181.9683371,43.70924651,-0.187267917,-0.174064449,1.83806501,50.19177269,1.171262796,3.920305677,0.076210443,38.8566965,0.2250,0.2250
711,E711_processed,0.234375,83690.44306,0.615234375,1116.86628,0.6640625,890.8675402,0.243960822,0.105519867,0.438379454,0.234375,83690.19009,0.615234375,1116.866075,0.6640625,890.8672455,0.243708373,0.100374475,0.438215452,0.234375,46939.95019,0.1953125,45585.18711,0.5078125,1974.78747,0.242160957,0.107065897,0.456422655,0.234375,46939.75702,0.1953125,45584.14403,0.5078125,1974.787669,0.241939864,0.102510512,0.456208044,0.1953125,1406.338165,0.21484375,899.3899575,0.5078125,332.0038178,0.730580682,1.109489039,0.657324916,7.537738825,7.286974869,4.681641859,28.20805384,9.386825631,1.941111815,1.94116572,-2.718628055,122.1172939,18.03252159,73.8118359,72.02193742,-0.175785137,-0.238901298,3.741284668,71.92687058,71.9288554,-0.176754145,-0.242209634,3.601198572,66.20391152,63.10442426,0.035969774,0.156823488,3.769525459,63.04649126,63.04823973,0.050405929,0.159825581,4.284124978,3831.481902,11.51431634,0.000847988,0.508621069,1.017808566,37.79051545,37.7915505,0.013194789,-0.159950343,4.409014594,34.84316365,34.84409745,0.035730253,-0.257507391,3.482189095,62.04793161,50.60924376,0.030362598,-0.497140501,3.380892897,52.43290467,45.400182,-0.185831119,-0.260979736,3.807723376,51.40342806,0.74417865,3.10626919,0.077125684,25.9302334,0.2250,0.2250
712,E712_processed,0.224609375,67336.56646,0.205078125,60957.43651,0.615234375,1315.758605,0.239641699,0.108811743,0.445478238,0.224609375,67336.11335,0.205078125,60956.55829,0.615234375,1315.761622,0.239354104,0.103667543,0.445431027,0.1953125,64875.26307,0.224609375,53989.872,0.29296875,4216.621192,0.234487225,0.104004246,0.435803509,0.1953125,64873.86998,0.224609375,53989.43526,0.29296875,4216.611439,0.234240548,0.09910625,0.435659374,0.1953125,1957.992636,0.517578125,226.7303454,0.537109375,222.8965648,0.68816863,1.075270742,0.625667328,22.51580592,0.297364039,0.306711744,3.928315399,1.179962827,0.296108691,0.296115153,0.255936073,3.245033596,12.9759431,70.73008268,68.73571613,-0.117790888,-0.334842288,3.896793692,69.01163581,69.01308561,-0.151338023,-0.168600806,5.233631336,66.84756033,63.83084116,0.114879313,0.099928503,3.536744331,64.02305917,64.02449616,0.134728605,0.161681536,4.234305208,3831.538711,11.56591307,0.023565308,0.587530118,1.014764275,40.58071202,40.58103985,0.584602637,6.479316262,9.466127718,38.36165236,38.36226807,-0.220307339,1.837063447,7.267354154,404.505419,50.49878109,0.227804296,1.255591821,1.461009665,317.7215876,47.72515636,-0.292501918,0.489447339,1.413479669,55.84339179,1.165221678,4.095899772,0.069456023,44.70054638,0.2250,0.2000
713,E713_processed,0.224609375,60767.58354,0.1953125,40917.21402,0.3125,2626.328341,0.23649975,0.103745171,0.445082459,0.224609375,60767.1334,0.1953125,40916.63664,0.3125,2626.344423,0.236290546,0.09952991,0.444974196,0.1953125,47756.04316,0.234375,39755.73344,0.3125,1715.444067,0.235884254,0.098239919,0.448697647,0.1953125,47755.07255,0.234375,39755.58968,0.3125,1715.463393,0.235701658,0.094264743,0.448552207,0.1953125,1251.615495,0.537109375,194.7551926,0.56640625,108.365619,0.65869218,1.051246167,0.631664582,7.569914426,7.320310735,4.748505539,28.98908184,9.338171084,1.912562552,1.912615658,-3.166514948,125.9671476,18.3854958,66.44580741,64.29516224,-0.090054517,-0.11445874,3.832654608,64.32285903,64.32458869,-0.087907548,-0.119240949,3.682307468,62.26792204,59.06731021,0.104262561,-0.02695515,3.659107973,59.1073297,59.10896066,0.115297633,-0.018699351,3.50256503,3831.709693,10.32835029,0.007068266,0.492608215,1.011923035,36.45395984,36.45479759,0.082378242,-0.301527295,3.690155444,34.50027029,34.50100155,-0.153123062,0.654127896,5.845612393,146.9202409,46.93761107,0.041073674,-0.454260328,1.862011933,137.2189992,43.54663785,-0.122074279,-0.305518664,2.160432663,50.19234379,0.886200289,3.397137837,0.076790156,30.57479753,0.2250,0.2000
714,E714_processed,0.185546875,60226.8557,0.546875,916.6575897,0.615234375,850.6211185,0.229069669,0.106762115,0.450013057,0.185546875,60224.63082,0.546875,916.6567853,0.615234375,850.6210001,0.228804202,0.101581733,0.44989106,0.205078125,38565.58816,0.498046875,879.9703671,0.537109375,716.1119799,0.231969741,0.098648941,0.456763218,0.205078125,38565.08995,0.498046875,879.9697594,0.537109375,716.1119639,0.231764967,0.094062309,0.456584811,0.185546875,1481.622524,0.263671875,209.8328104,0.537109375,142.3811266,0.616730584,1.022915907,0.602280583,22.34683832,0.311395454,-0.140759728,0.137125856,1.075186684,0.309830476,0.30983899,-0.118541396,0.09143208,5.074991481,64.39858815,62.22919094,-0.027997369,-0.276630786,3.493136363,62.38396847,62.38558119,-0.022917918,-0.252083648,3.333137978,57.54993033,54.24910708,0.154545839,0.030351859,3.581807116,54.42325263,54.42471275,0.141855891,0.054587249,4.075827641,3832.393148,10.39353047,0.045141102,0.160219519,1.011276623,38.11906335,38.12010394,0.016379867,-0.188305937,3.928094954,32.74907017,32.7499555,0.070924401,-0.090321078,4.005686067,56.89752282,47.67586227,-0.016292549,-0.237010607,3.837564847,61.24766966,41.23562681,-0.08588587,-0.106537081,3.24156237,50.25636189,1.233915367,4.292840095,0.066956994,40.41067336,0.1880,0.2000
715,E715_processed,0.185546875,38029.68608,0.234375,33357.27324,0.322265625,1399.015019,0.232132748,0.104467478,0.458149252,0.185546875,38028.53547,0.234375,33357.20137,0.322265625,1399.028623,0.231870405,0.099195488,0.45802192,0.1953125,42655.43959,0.234375,23893.84152,0.537109375,736.5592864,0.226532961,0.094900474,0.446901508,0.1953125,42654.91515,0.234375,23893.69192,0.537109375,736.559794,0.226348479,0.090907419,0.446810839,0.1953125,1345.040711,0.537109375,174.4780152,0.439453125,31.22975176,0.590944657,0.977251381,0.594924863,7.565491495,7.317969791,4.803420824,29.67833514,9.331948499,1.897659395,1.897712112,-3.405286581,128.4065591,18.56804588,59.82894565,57.52681905,-0.013713616,-0.144852565,3.391923889,57.53740439,57.53892406,-0.011810413,-0.146243072,3.643435395,58.2581393,55.03664825,0.189478463,0.072231122,3.501456319,55.14649125,55.14782526,0.188401817,0.09369756,3.979802209,3832.372251,10.15514751,0.021004293,0.539854926,1.012679887,34.72464422,34.72526604,-0.076373683,0.278151001,4.761106585,36.00242597,36.00274812,0.409282704,3.898586572,7.790697757,107.469911,43.09554054,-0.018883979,-0.184801954,2.140754471,192.782748,42.68513558,-0.113334661,0.200702928,2.025719185,50.02041557,1.010788402,3.672329233,0.074950931,36.39116024,0.2000,0.2000
716,E716_processed,0.205078125,33846.55444,0.322265625,2000.935494,0.361328125,806.1050345,0.233391846,0.099610521,0.457689145,0.205078125,33846.09986,0.322265625,2000.934074,0.361328125,806.1022486,0.233196501,0.095461828,0.457583763,0.185546875,39031.90271,0.5078125,745.2833943,0.419921875,675.5975484,0.223821183,0.097051455,0.454399704,0.185546875,39030.66533,0.5078125,745.2855491,0.419921875,675.5957861,0.223634497,0.092939815,0.454268047,0.185546875,1360.661882,0.556640625,123.6603089,0.517578125,106.4297418,0.608857687,1.006105999,0.600239994,22.17435942,0.297021808,-0.033795291,-0.077053994,1.046684261,0.296171167,0.296178251,-0.057966113,-0.035534631,4.230732748,58.47050654,56.21169503,-0.016901907,-0.223307827,3.570540129,56.40211958,56.40357576,-0.002497287,-0.198833963,3.439867996,56.63440629,53.24978117,0.149846247,-0.159008007,3.601844592,53.30414357,53.30555366,0.154957222,-0.159796667,3.46164126,3832.440976,9.619932899,0.041801286,0.072074549,1.010099183,33.4233273,33.42424019,-0.018575911,-0.180817371,4.114225704,34.69870452,34.69943192,0.10714976,-0.111102929,4.745393462,42.55342363,42.33466454,-0.010644996,-0.155656797,4.676966612,157.8666124,41.43821774,-0.096113274,-0.460043682,1.85952097,48.1791491,1.154726632,4.393872549,0.059811442,40.06835817,0.2000,0.1880
717,E717_processed,0.1953125,37321.25197,0.224609375,35823.26261,0.33203125,1504.724725,0.236355806,0.099601226,0.465752499,0.1953125,37320.91957,0.224609375,35822.96475,0.33203125,1504.725871,0.236180646,0.095949586,0.465672654,0.185546875,35845.51693,0.224609375,30610.8517,0.341796875,968.9291101,0.224877452,0.095930578,0.460044678,0.185546875,35844.31724,0.224609375,30610.65782,0.341796875,968.9278281,0.224720015,0.092267235,0.459888781,0.1953125,1588.838989,0.517578125,121.7072513,0.546875,117.2883285,0.560759643,0.950174162,0.582602252,7.533722718,7.287843391,4.832659325,30.11988653,9.350772737,1.897292497,1.897345128,-3.402025646,128.3575281,18.57134014,58.05916556,55.73422569,0.007316943,0.04426003,3.659803201,55.74612536,55.74766969,0.02868045,0.135524504,4.707102786,57.68561749,54.44781961,0.215171627,0.173293748,3.894010496,54.43856955,54.44007531,0.223277418,0.180297117,4.076748213,3832.255567,10.1362449,0.054307919,0.380743883,1.010847041,34.55881983,34.55931645,-0.487565106,6.751145922,9.08186179,34.52354204,34.52448996,0.010918676,-0.173610247,3.287404542,142.376651,41.65863231,0.148037718,0.517443779,2.53776619,55.34331714,42.00301301,-0.104076874,-0.155690759,2.841785671,48.84963419,1.114979544,3.990167706,0.070030077,38.49410006,0.2250,0.1880
718,E718_processed,0.205078125,33737.88076,0.185546875,33004.09263,0.234375,21255.34547,0.229728489,0.098534737,0.464636535,0.205078125,33737.4894,0.185546875,33002.90443,0.234375,21255.25792,0.229551179,0.094783977,0.46454808,0.1953125,44751.40576,0.234375,15826.96165,0.361328125,682.736431,0.218553854,0.088760249,0.443725346,0.1953125,44750.49088,0.234375,15826.91435,0.361328125,682.7363274,0.218410241,0.085187402,0.443597802,0.1953125,1605.251646,0.556640625,108.8926116,0.517578125,64.6499843,0.522031064,0.911624505,0.558525113,22.02360654,0.290429705,-0.053768,-0.076919556,1.059868054,0.289759918,0.289767047,-0.017192315,-0.077923062,4.383143394,55.02951266,52.57564859,0.022498731,-0.050115279,3.687752629,52.62152796,52.62285148,0.027580299,-0.048494709,3.860602856,54.57140421,51.13832693,0.191537327,-0.213486173,3.176699455,51.15105353,51.15247011,0.196610656,-0.211104299,3.77409459,3832.113116,9.889688587,0.059693236,0.135657977,1.011350522,32.25727833,32.25806263,-0.049905745,0.146415355,4.253471604,33.07399639,33.07489852,-0.012247302,-0.465932472,3.061699478,169.3272483,39.79277451,-0.021126017,0.001857261,1.781042439,92.23388648,40.03580324,-0.063525323,-0.436347495,2.178280553,46.20099043,1.121748206,4.38997555,0.058206459,37.10170807,0.2000,0.2000
719,E719_processed,0.185546875,41937.23442,0.244140625,25260.9905,0.322265625,1322.864985,0.231726139,0.098628043,0.459044855,0.185546875,41935.96133,0.244140625,25260.94092,0.322265625,1322.86766,0.231508283,0.093902668,0.458909533,0.1953125,39138.78681,0.361328125,760.056077,0.537109375,499.2318158,0.218999475,0.088667879,0.448701087,0.1953125,39137.94539,0.361328125,760.056033,0.537109375,499.2317348,0.218852381,0.084987095,0.448561892,0.185546875,1908.483242,0.537109375,129.6311869,0.56640625,117.8638439,0.514855472,0.903486463,0.551622523,7.507277546,7.262533485,4.856105559,30.4895637,9.368996226,1.899117276,1.899170032,-3.434114806,128.6012941,18.55811145,55.99892814,53.57294558,0.029969486,-0.031548476,3.319289604,53.60418568,53.60565484,0.035385095,-0.027108377,3.761774079,54.43974891,51.01661071,0.18112105,0.037669818,3.299263013,51.02694674,51.02835066,0.189094147,0.039852493,3.893038247,3832.04051,10.13915091,0.061423893,0.39344284,1.013000538,31.72937468,31.73025608,-0.017423977,0.037544066,3.698548757,33.29144705,33.29236794,-0.015043727,-0.21475915,3.119042629,51.0929211,40.06279773,0.00350725,-0.071747228,3.189981756,41.50793371,40.05811822,-0.086159297,-0.196572739,3.472223708,45.99120475,1.169374936,4.218578729,0.065708487,38.93126062,0.1880,0.2000
720,E720_processed,0.185546875,41867.8218,0.224609375,33097.289,0.56640625,597.2284953,0.224507727,0.092695821,0.446349418,0.185546875,41866.27706,0.224609375,33097.09663,0.56640625,597.2285551,0.224351137,0.089025091,0.44624732,0.17578125,33314.13213,0.224609375,22653.33759,0.341796875,737.0838006,0.216454916,0.087535818,0.442358176,0.17578125,33311.7421,0.224609375,22653.23852,0.341796875,737.0858153,0.216300217,0.083671836,0.442243018,0.185546875,1590.319845,0.537109375,86.11080087,0.56640625,72.63450717,0.492532522,0.879778058,0.54471982,21.89919333,0.288244061,-0.045652236,-0.037417922,1.078905814,0.287497666,0.287505643,-0.02063142,-0.05351388,5.949196691,56.56223988,54.16017501,0.010408281,-0.11918802,3.496174487,54.17330194,54.17474908,0.012841653,-0.121760301,3.681191416,52.29260378,48.7165398,0.165928353,-0.056078537,3.603322007,48.82986044,48.8312101,0.162307297,-0.042300571,4.252612334,3832.488878,9.497750068,0.084051854,-0.015327367,1.009853603,33.32666261,33.32758629,-0.019870037,-0.353619231,3.212392423,33.19934732,33.20011785,0.152252852,0.52710025,5.855480814,79.91140277,41.35294895,0.004068479,-0.327692394,2.382961001,134.2605688,38.8746123,-0.115316461,-0.246785104,2.104256126,47.04227708,1.119649471,4.282857143,0.061040053,37.1724944,0.1880,0.2250
721,E721_processed,0.1953125,39666.16477,0.234375,25863.05059,0.556640625,669.2917925,0.225468625,0.092124338,0.447011993,0.1953125,39665.33412,0.234375,25862.90403,0.556640625,669.2914736,0.225324637,0.088814272,0.44692193,0.185546875,40029.38705,0.234375,19639.63894,0.283203125,3050.845587,0.219399439,0.084761217,0.437310811,0.185546875,40028.86316,0.234375,19639.44728,0.283203125,3050.863758,0.219267495,0.08165183,0.437269751,0.185546875,1755.606277,0.556640625,120.9801395,0.5078125,49.11031459,0.474358053,0.844170199,0.535144144,7.487697585,7.24436166,4.876089557,30.7749699,9.375765408,1.899366251,1.899419011,-3.415779104,128.6115376,18.54959418,56.913438,54.72640086,0.057774774,0.012821078,4.246191558,54.73743889,54.7389406,0.061996446,0.01134284,4.701988759,54.07007057,50.65645845,0.224243213,0.03362895,3.684356945,50.72450691,50.72580832,0.24423099,0.070207823,3.932576229,3832.85839,9.86735756,0.099627398,0.360487639,1.014647843,33.54431878,33.54520495,-0.029777346,-0.171214584,4.104968303,34.061554,34.06206683,-0.291506886,1.821455302,7.049749761,45.19910318,41.66611461,-0.000865558,-0.157210859,4.020031381,205.4938508,39.97007308,-0.123941198,0.083335769,1.583254466,47.80695736,1.159052271,4.291089022,0.062945976,39.47971591,0.2000,0.1880
722,E722_processed,0.185546875,54064.6303,0.224609375,26284.39464,0.33203125,998.4400039,0.223462291,0.08932917,0.442354371,0.185546875,54062.95436,0.224609375,26284.30269,0.33203125,998.4424075,0.223335236,0.086340216,0.442289322,0.1953125,33256.57561,0.234375,19659.26454,0.3515625,458.3290218,0.223989468,0.085104462,0.441366181,0.1953125,33255.73756,0.234375,19659.25388,0.3515625,458.3245534,0.223875188,0.082322052,0.441304038,0.1953125,1627.050246,0.546875,82.97736942,0.29296875,52.26740489,0.463074657,0.817880453,0.528836971,21.83521505,0.260923868,-0.060738495,0.051787268,1.043594119,0.260168379,0.260175604,-0.039841294,0.07293203,4.032401759,56.14135038,53.90256033,-0.004710197,-0.304564491,3.344145781,53.88627008,53.88775675,0.001690245,-0.29158231,3.249192318,50.86628826,47.35361782,0.152439572,-0.153726665,3.438692816,47.44064545,47.44183559,0.157558135,-0.150435612,3.871696531,3833.528089,9.274918086,0.076234998,0.072066288,1.009114114,34.17218758,34.17308454,0.039005352,-0.243376346,4.451279423,30.16956134,30.17007127,-0.231123819,1.288126,6.457298656,86.33799217,41.58312469,-0.061482256,-0.242977324,3.152494321,190.7605806,36.4625478,-0.131740772,-0.123142321,1.586606678,45.58544622,1.016127943,4.268171021,0.055778235,30.65665246,0.1880,0.1880
723,E723_processed,0.21484375,38148.80719,0.185546875,35205.86763,0.322265625,1701.855675,0.224119287,0.096339007,0.444501633,0.21484375,38148.40574,0.185546875,35205.00723,0.322265625,1701.852592,0.223866502,0.091258862,0.444480047,0.1953125,33545.04378,0.3515625,818.2406348,0.380859375,612.1181581,0.220243034,0.084670318,0.440133632,0.1953125,33544.35103,0.3515625,818.2417328,0.380859375,612.1174548,0.220096549,0.080869769,0.440014845,0.1953125,1445.941766,0.244140625,239.277904,0.546875,93.17426986,0.514941762,0.919138881,0.55271942,7.438776772,7.196896421,4.876764154,30.89275032,9.422434246,1.91414171,1.914194831,-3.271261772,127.161963,18.37858214,55.63000782,53.47651108,0.01680778,-0.209872542,3.345098218,53.65006414,53.65123762,0.038829851,-0.165970276,3.747705742,53.40292801,50.18982723,0.226879872,-0.136135394,3.664510679,50.18984056,50.19123416,0.230226707,-0.132822455,3.656141381,3834.151894,9.594292471,0.101572639,0.291338337,1.009648446,35.20174289,35.20210335,-0.397487507,3.328249461,7.921014061,31.74021225,31.74109009,-0.022933092,-0.355285164,3.578648907,296.7539391,41.59489129,-0.137956819,0.600044131,1.442997332,39.71361684,38.87952653,-0.056026475,-0.319161449,3.57050088,47.39920759,1.129233524,4.325543272,0.060353497,35.84310301,0.2130,0.2000
724,E724_processed,0.185546875,41559.15146,0.224609375,32139.56277,0.3515625,701.5984155,0.224745488,0.095313845,0.442125271,0.185546875,41557.71893,0.224609375,32139.3767,0.3515625,701.601675,0.22453716,0.090685099,0.442014303,0.185546875,36504.29294,0.234375,28109.04748,0.341796875,735.4855407,0.224884713,0.08751748,0.446055049,0.185546875,36503.06858,0.234375,28109.0126,0.341796875,735.489161,0.224732634,0.083838923,0.445961145,0.185546875,1607.133335,0.546875,66.37808428,0.302734375,55.73506997,0.541198919,0.954616997,0.564960895,21.79307784,0.24314897,-0.044730791,0.081031814,1.03758396,0.242550296,0.242557034,-0.013374284,0.077177516,4.756055791,56.694233,54.56607039,0.054593463,0.13473055,4.112879699,54.59576505,54.59720457,0.050656516,0.138807952,4.568483276,52.46689165,49.20927571,0.281326581,0.024262271,3.299639726,49.2763729,49.27774105,0.292410864,0.027200832,3.897726377,3834.578581,9.386548585,0.139262436,0.327384753,1.011631609,34.10282418,34.10364586,0.076434867,0.508978965,4.599579213,30.72578385,30.72655154,-0.005476325,-0.204410898,3.881844644,148.8994889,41.73603497,0.022553638,0.098519286,2.037955788,103.5696884,37.74495486,-0.056122722,-0.275300554,2.101893581,45.9040263,0.921818243,3.914847162,0.060147236,28.32429577,0.1880,0.1880
725,E725_processed,0.185546875,50650.34316,0.224609375,27341.27109,0.283203125,4246.263057,0.223621401,0.086602014,0.434380865,0.185546875,50649.09839,0.224609375,27341.17741,0.283203125,4246.274577,0.223499356,0.083752179,0.434335187,0.185546875,28935.76566,0.224609375,19775.1137,0.283203125,2488.537053,0.223725612,0.082217286,0.440914533,0.185546875,28934.92746,0.224609375,19775.00402,0.283203125,2488.523006,0.223629422,0.079679002,0.440830978,0.185546875,1566.358193,0.546875,64.35556899,0.283203125,59.2072526,0.466867231,0.827877053,0.53097498,7.478389121,7.235267338,4.883814337,30.907702,9.351977795,1.899797537,1.899850297,-3.455589374,129.3593495,18.53712152,54.79673245,52.61243828,-0.005380728,-0.226855402,3.485253983,52.67960527,52.68095261,-0.001788901,-0.230351219,3.722741916,49.21579323,45.82906147,0.240394049,-0.033630298,3.526294074,45.82585918,45.82713215,0.246149029,-0.025615973,4.188518659,3834.892791,9.034721687,0.104911191,0.187078334,1.010384647,33.11988531,33.12054197,-0.139278523,0.395502601,5.512765148,28.20508388,28.20578292,-0.074480804,0.099626558,4.225734799,162.8642038,40.32160917,-0.024476771,-0.275567481,1.709194657,50.31052579,34.90653104,-0.011780053,-0.142995389,3.073463826,43.50329287,1.066814099,4.249944685,0.05906391,30.0903269,0.1880,0.2000
726,E726_processed,0.185546875,40052.26755,0.244140625,22475.77987,0.224609375,22458.38112,0.226679598,0.091863031,0.446866908,0.185546875,40051.40313,0.244140625,22475.48753,0.224609375,22458.28133,0.226508709,0.088066178,0.446814381,0.185546875,36060.98358,0.2734375,5293.721029,0.37109375,385.2696752,0.223386527,0.081401942,0.433805501,0.185546875,36059.86632,0.2734375,5293.722379,0.37109375,385.2696339,0.223280976,0.07862373,0.433727547,0.185546875,1680.884157,0.546875,81.955973,0.3125,40.63792658,0.454997069,0.814271991,0.523726443,21.80235207,0.242909537,0.091615409,2.024574038,1.128332022,0.242094956,0.242101598,0.066669358,1.527145785,11.0445305,53.42040524,51.23242997,0.035991081,0.004967208,3.29725054,51.33664985,51.33792123,0.060031743,0.084862134,4.293293574,51.13762161,47.97500904,0.210292838,-0.155732537,2.967667546,47.96228957,47.96359583,0.216582816,-0.149495088,3.457894152,3835.347626,9.226095512,0.099181753,0.045132686,1.009100889,32.882723,32.88317412,-0.396990158,4.339100879,8.410736416,29.07166982,29.07246905,-0.043117845,-0.460146393,2.961896274,191.7534744,39.27942004,0.002771103,0.259632569,1.89025364,36.71757475,36.44977199,-0.060415051,-0.418210095,2.881630212,43.8920448,0.933915185,3.943171806,0.060064247,27.15122032,0.1880,0.2000
727,E727_processed,0.1953125,42255.35208,0.224609375,31453.37242,0.302734375,2480.615093,0.22910002,0.091823424,0.440385034,0.1953125,42254.38026,0.224609375,31453.1295,0.302734375,2480.620425,0.228936226,0.088098425,0.440297201,0.1953125,36681.75737,0.224609375,26215.23787,0.390625,647.9552402,0.222460447,0.084204232,0.445197737,0.1953125,36681.05519,0.224609375,26215.10027,0.390625,647.9549913,0.222346289,0.08121732,0.445101933,0.185546875,1649.313077,0.56640625,64.87106584,0.52734375,63.64549857,0.498007357,0.888915476,0.539692502,7.478964459,7.236145682,4.884740042,30.9044093,9.339155759,1.900501133,1.900553922,-3.411933323,128.0657614,18.52998429,56.98186469,54.93953733,0.009946538,-0.13874033,3.552089618,55.06557679,55.06710343,0.01849892,-0.137254523,3.760407038,53.16087139,50.07524774,0.242766852,-0.217711838,3.170588924,50.1317592,50.13305118,0.247307887,-0.213586759,3.470618753,3835.455737,9.363497769,0.090594065,-0.027401096,1.010469124,32.68386229,32.68476989,-0.04180944,-0.225692682,3.608796223,31.56727308,31.56806948,0.023819419,-0.042180429,4.682542869,117.9682868,41.45641264,0.00300057,-0.253676988,2.185645911,152.385865,38.48313505,-0.036169143,-0.368297784,1.758958815,45.44047968,1.02265181,4.159804536,0.059099246,32.28314339,0.1880,0.2000
728,E728_processed,0.185546875,32467.13814,0.224609375,31301.62685,0.56640625,347.2811646,0.227424114,0.094407989,0.446750695,0.185546875,32465.99839,0.224609375,31301.46736,0.56640625,347.2801285,0.227165192,0.088556661,0.446620193,0.1953125,28193.41555,0.224609375,23887.28849,0.341796875,826.0513779,0.223453514,0.08959998,0.460183895,0.1953125,28192.77623,0.224609375,23887.15732,0.341796875,826.0530434,0.223279409,0.085446976,0.460070067,0.185546875,1213.899449,0.537109375,64.38505096,0.56640625,55.73596961,0.567052704,0.987078067,0.57714261,21.83539579,0.268716492,-0.049372117,0.122000298,1.045728881,0.268437398,0.268444346,-0.025549533,0.130646048,4.49277212,53.67863848,51.45252878,-0.017209946,-0.130744032,3.694173988,51.54742024,51.54885214,-0.010823338,-0.128530829,3.545999597,49.99428374,46.74975642,0.262361138,-0.07536348,3.373653294,46.78674294,46.78804262,0.27084315,-0.077175885,3.999045264,3835.79674,8.907908628,0.140413043,0.141954949,1.010379294,32.32990856,32.33055765,-0.242950138,1.155694591,6.43065818,29.94633591,29.94712934,-0.026965638,-0.350642332,3.350087401,126.0342834,39.39055067,0.001478715,-0.278816399,1.95984441,84.23570922,36.13364707,-0.058817598,-0.387447086,2.223949654,44.06921276,1.039039187,4.293556086,0.05636346,31.11624092,0.2250,0.2250
729,E729_processed,0.1953125,46862.52737,0.234375,31340.83615,0.341796875,988.5029545,0.228828079,0.098320026,0.447452034,0.1953125,46861.43125,0.234375,31340.77754,0.341796875,988.5001691,0.228622784,0.093786763,0.447326639,0.1953125,36719.03579,0.234375,22458.8501,0.263671875,6647.465881,0.223105401,0.094599141,0.456571578,0.1953125,36718.19914,0.234375,22458.75693,0.263671875,6647.45823,0.222903157,0.089927272,0.456416917,0.1953125,1774.625174,0.556640625,92.55152526,0.302734375,44.8176591,0.595863809,1.009018764,0.578635893,7.496626314,7.252490616,4.866199385,30.63982421,9.361342964,1.898921342,1.898974082,-3.412012711,128.6467876,18.55624449,55.83573822,53.78265255,-0.020490419,-0.238514781,3.596496732,53.78843545,53.78990458,-0.019173918,-0.238749004,3.865914964,53.54711827,50.61582469,0.335109375,0.26586866,4.41522789,50.59846014,50.59986486,0.340818145,0.275475803,5.042443013,3836.389367,9.692487949,0.138134654,0.489866058,1.016739316,32.42890499,32.42964669,0.049853883,0.048530334,4.548500872,32.56850683,32.5694084,-0.033438638,-0.197980487,3.536864879,53.16632845,40.37641786,0.002103465,-0.292160916,3.326925824,51.30759774,39.19259347,-0.065029222,-0.159374767,3.29000419,45.96137887,1.006110006,4.140520644,0.058686142,32.76840768,0.2000,0.2000
730,E730_processed,0.21484375,31421.02316,0.283203125,5795.445053,0.546875,435.0089093,0.23387107,0.097591902,0.458782252,0.21484375,31420.74152,0.283203125,5795.435386,0.546875,435.0091004,0.233691743,0.093651971,0.458666163,0.1953125,35132.60621,0.380859375,579.2768899,0.52734375,333.3148304,0.22276892,0.087024147,0.45849706,0.1953125,35131.68982,0.380859375,579.2821107,0.52734375,333.3152932,0.222619476,0.083511074,0.458429323,0.1953125,1324.327425,0.556640625,72.958655,0.322265625,32.54819369,0.553925797,0.955059031,0.577095112,21.91514685,0.292199352,-0.08264733,-0.09916203,1.047916318,0.291996403,0.29200444,-0.067653707,-0.078763142,3.667775167,51.62031047,49.49247026,-0.067065152,0.038507987,4.085474847,49.51754095,49.51889832,-0.068280336,0.037160745,3.952008987,52.22824038,49.50874264,0.2808665,0.191273965,3.711912341,49.52991072,49.53124545,0.282140021,0.17723383,4.269322697,3838.099003,9.038595464,0.12728188,0.382879897,1.010936273,28.83653515,28.83732259,0.057651942,-0.027584289,3.737523169,32.59548843,32.59632194,-0.056389905,0.264382496,4.542316414,38.18137647,36.54129485,0.013518413,-0.118275215,3.648287355,157.3401091,38.50939142,-0.104743816,-0.088103327,1.746437239,43.5213899,1.116512932,4.509547739,0.054903215,36.39421498,0.2250,0.2000
731,E731_processed,0.205078125,46778.66213,0.234375,25152.7494,0.341796875,908.3804096,0.228122199,0.094571628,0.44936581,0.205078125,46778.03827,0.234375,25152.64392,0.341796875,908.3784121,0.227960381,0.090883436,0.449260652,0.205078125,28637.33545,0.33203125,962.575486,0.390625,514.7836853,0.228536253,0.093578944,0.471723378,0.205078125,28636.98037,0.33203125,962.5797611,0.390625,514.7890284,0.228365874,0.089927469,0.471670069,0.205078125,1066.350758,0.25390625,209.3602349,0.556640625,61.7113699,0.597036487,1.00724658,0.600243694,7.480743294,7.235684664,4.828631488,30.20432242,9.54028299,1.911567347,1.911620448,-3.221144426,126.3998122,18.47359475,54.94145632,53.0232016,-0.065234355,-0.012289104,3.490087501,53.04162079,53.04303053,-0.066119173,-0.0092975,3.577552899,50.63555146,48.30103934,0.253501675,0.041394405,3.765580397,48.45357401,48.4548894,0.244981694,0.09652338,4.265929628,3840.118786,8.931376895,0.099028989,0.222602243,1.010404552,32.10951088,32.11037885,0.088020841,-0.149392764,4.21251123,32.30825474,32.30885071,-0.342933653,2.524104143,7.030297304,59.5552018,40.09113103,-0.002481762,-0.195442515,2.982755934,185.8880661,37.62009131,0.02327051,0.513022805,2.151345532,45.55149025,1.005482698,4.185858763,0.057385935,32.48599038,0.2000,0.2130
732,E732_processed,0.21484375,30849.87355,0.3125,1845.069005,0.556640625,467.9666524,0.230370979,0.101566668,0.459564458,0.21484375,30849.53281,0.3125,1845.061052,0.556640625,467.9666412,0.230139118,0.096688051,0.459421352,0.205078125,42758.80226,0.380859375,556.3804585,0.41015625,504.2339392,0.224552087,0.090041947,0.447851,0.205078125,42757.89858,0.380859375,556.3846246,0.41015625,504.2334395,0.224344923,0.08578938,0.447858766,0.205078125,1288.026508,0.2734375,92.87037083,0.556640625,68.14974807,0.610142341,1.0282033,0.588355185,22.00000881,0.29479115,-0.015648668,0.061655476,1.044920582,0.293995125,0.294003221,-0.008972075,0.053791072,3.749692746,53.5255644,51.6505928,-0.079602861,0.207186205,4.049084628,51.64948182,51.65091635,-0.076893844,0.205520914,3.957140723,51.26606188,49.49411714,0.255067295,-0.085619566,3.635406801,49.77248419,49.77350055,0.210934069,0.050921429,4.046518412,3843.585552,9.045711669,0.094618057,0.257423688,1.009725489,31.16297507,31.16382764,0.03021603,0.042851927,3.619805727,34.17495761,34.17509943,0.729943829,10.04131816,9.950864327,47.94622709,38.79147357,0.00317283,-0.000507685,3.290258468,328.9417715,38.88898123,0.147145189,1.712520279,1.428163464,46.25063863,1.127094833,4.531565657,0.054886294,38.518578,0.2130,0.2130
733,E733_processed,0.205078125,33491.16612,0.234375,30501.69261,0.615234375,467.4115244,0.230779309,0.106696115,0.460742549,0.205078125,33490.87558,0.234375,30501.56087,0.615234375,467.4118702,0.230442921,0.100036036,0.460584092,0.234375,31369.60762,0.1953125,22781.93308,0.3125,1714.773039,0.232159446,0.098874507,0.465748693,0.234375,31369.49621,0.1953125,22781.53641,0.3125,1714.777523,0.231908572,0.093313192,0.465538232,0.1953125,823.6034373,0.21484375,706.7886984,0.537109375,69.54693934,0.720048821,1.154484326,0.641392531,7.535656972,7.289304467,4.829685231,30.07923368,9.589980047,1.892739817,1.892792393,-3.352276529,128.3476673,19.01452156,52.7817233,51.04737639,-0.115268516,0.069395369,3.885008241,51.15569007,51.15694156,-0.119942505,0.067277489,3.782389918,49.19492684,48.16406948,0.322721368,0.279834625,5.443344613,48.21554541,48.21687866,0.332223155,0.28550884,5.761296049,3849.74533,9.014244632,0.173757393,0.585327531,1.014603374,32.12883379,32.12941582,0.222542465,0.804709858,5.703839146,29.44536619,29.44614571,-0.009581374,0.125407451,4.249362277,147.0154792,38.87102128,0.052172429,-0.080205826,1.8855068,67.75405656,36.34290025,-0.138135324,-0.165290723,3.046300528,43.58181798,1.027676076,4.23853769,0.057203704,30.26109948,0.2130,0.2250
734,E734_processed,0.234375,32156.63702,0.537109375,451.8980651,0.556640625,425.2734692,0.22861476,0.095732492,0.463999853,0.234375,32156.40822,0.537109375,451.8980316,0.556640625,425.2735203,0.228438116,0.091777852,0.463894015,0.21484375,30133.78355,0.234375,28435.19761,0.1953125,25308.8469,0.228729019,0.090978547,0.45401421,0.21484375,30133.23419,0.234375,28434.90855,0.1953125,25308.50963,0.228549345,0.086877277,0.453910723,0.1953125,931.0234555,0.2734375,110.2110561,0.546875,72.36681701,0.633405483,1.043754597,0.613232357,22.13784128,0.292621143,-0.087572182,-0.099542067,1.076182438,0.29121334,0.291221283,-0.078272974,-0.096090121,5.720197748,53.77326405,52.34303351,-0.083597347,-0.193385002,3.631311832,52.33847899,52.33992477,-0.083655181,-0.189047218,3.496011004,48.67714635,48.34067262,0.250930294,0.037745969,4.333814035,48.42044229,48.42164892,0.276128099,0.078094015,4.515701221,3857.919236,8.742319109,0.08695269,0.267245892,1.012453699,32.16182084,32.16262959,0.078424144,-0.254281927,4.011722502,30.47844165,30.47893568,-0.251029843,1.59623257,6.945106106,43.53080075,39.50454513,0.019473606,-0.362186456,3.387714309,113.6486459,36.84294063,-0.085003746,-0.054429942,2.276739635,44.31027265,1.142757697,4.517884131,0.055986585,34.83003834,0.2250,0.2250
735,E735_processed,0.21484375,29384.45887,0.185546875,27221.99903,0.244140625,20566.59421,0.227748237,0.097146021,0.467537029,0.21484375,29384.16563,0.185546875,27221.04326,0.244140625,20566.52173,0.227573543,0.093331957,0.467435709,0.224609375,27676.09756,0.380859375,456.9971261,0.537109375,371.280812,0.228433694,0.091926739,0.463316738,0.224609375,27675.90486,0.380859375,456.9974004,0.537109375,371.2805231,0.228274285,0.088108482,0.463171463,0.1953125,746.2631897,0.263671875,114.1904763,0.537109375,77.49269223,0.619807191,1.025040452,0.613230993,7.465462538,7.21830989,4.744475262,29.14817223,9.58989408,1.938241797,1.938295513,-2.761566575,123.0475823,18.26097527,52.04712894,50.85782809,-0.065885669,-0.238146333,3.565774016,50.86778795,50.86918078,-0.061038124,-0.239664923,3.640101064,46.27996041,46.24311,0.233572904,-0.037611591,4.108387698,46.22463183,46.22589919,0.240489413,-0.031957809,4.171909768,3864.287192,8.628964246,0.106232244,0.185458416,1.009168032,31.48406646,31.4849045,0.032177677,-0.364942349,3.043726875,28.4263162,28.42709023,-0.020011601,-0.180848954,3.397453968,89.02816188,38.62794801,0.003000114,-0.413455375,2.138416825,39.17146757,34.95826702,-0.058214795,-0.231649968,3.225518615,42.41931954,1.071863967,4.359145084,0.056407522,30.4699737,0.2130,0.2250
736,E736_processed,0.244140625,26837.80265,0.1953125,25392.72532,0.322265625,1894.174545,0.23318544,0.096446991,0.470638024,0.244140625,26837.74934,0.1953125,25392.21993,0.322265625,1894.175948,0.233045013,0.09332011,0.47053954,0.21484375,28756.30718,0.322265625,1207.837782,0.3515625,650.8885565,0.233180946,0.092825086,0.461670247,0.21484375,28756.07617,0.322265625,1207.83304,0.3515625,650.8881219,0.233022971,0.089485919,0.461619843,0.1953125,899.6044303,0.537109375,79.76676483,0.56640625,71.11376796,0.595115614,0.984197652,0.607189209,22.29544426,0.28271691,0.582999062,8.888228109,1.199513842,0.280957708,0.280964924,0.412775184,6.436054017,14.78085912,53.56211582,52.5576211,-0.085595134,-0.032177197,4.066131755,52.60405416,52.60546787,-0.086065623,-0.038029532,3.930692471,47.08981572,47.05814793,0.197229475,-0.116994435,3.800241459,47.20425256,47.20533133,0.192557993,-0.077669627,3.784193729,3869.683898,8.647595308,0.094789516,0.002667224,1.008914191,31.57040214,31.57124891,0.021920655,-0.22629483,3.692310836,29.53639441,29.53672751,0.339761044,4.158483099,7.996204216,55.27026093,39.34330379,0.023151618,-0.27129364,3.101015948,228.215097,35.47574826,0.032381857,0.355153606,1.545030219,43.23380656,1.06733351,4.107322654,0.063267767,31.52553906,0.2250,0.2130
737,E737_processed,0.224609375,27649.28703,0.185546875,22223.33541,0.341796875,878.570925,0.231778722,0.096001049,0.471894265,0.224609375,27648.82611,0.185546875,22222.29974,0.341796875,878.5754426,0.23160128,0.092232169,0.471823933,0.224609375,26811.56222,0.185546875,20339.21899,0.29296875,2354.400077,0.229322977,0.089200374,0.456416402,0.224609375,26811.59329,0.185546875,20338.45038,0.29296875,2354.40633,0.229181279,0.085900015,0.456324595,0.185546875,1005.364731,0.29296875,75.45941637,0.556640625,69.61227909,0.577409219,0.971292357,0.598713192,7.499226783,7.250096431,4.713717533,28.68961503,9.552876994,1.936258979,1.936312748,-2.729238943,123.0442138,18.32028983,52.15507057,51.16785236,-0.072322741,-0.332134694,3.906255859,51.27897596,51.28022625,-0.075911261,-0.328838519,3.797430167,45.85320901,45.61988845,0.208027625,0.075797273,4.007785147,45.62890924,45.63012971,0.220640653,0.078468034,3.914101946,3872.406349,8.393588613,0.095855593,0.353450445,1.009357606,32.6350837,32.63550147,0.350058947,2.171662857,7.217608643,27.25465849,27.25529575,0.00043768,0.144810393,3.986951084,176.9690064,38.85213832,0.050858748,-0.22313374,1.65980005,101.5298763,34.05222825,-0.07179209,-0.133216372,2.102089858,42.51972604,1.098547632,4.391975253,0.056950707,29.9412406,0.2250,0.2250
738,E738_processed,0.224609375,27474.55259,0.1953125,25443.83523,0.166015625,11325.49526,0.234805671,0.09450762,0.473166284,0.224609375,27474.2641,0.1953125,25443.32617,0.166015625,11324.5271,0.234638255,0.090747801,0.473085971,0.224609375,26851.44613,0.205078125,23061.35765,0.3515625,647.1936266,0.232994119,0.090869297,0.459941096,0.224609375,26851.27153,0.205078125,23061.01624,0.3515625,647.1922804,0.232841616,0.087299247,0.45983322,0.185546875,877.9189464,0.2734375,100.8101075,0.546875,86.13485771,0.579172883,0.970270278,0.602029049,22.4257791,0.270414938,1.40179556,25.728145,1.235929859,0.26700546,0.267012731,1.015089455,18.20384414,18.30163547,51.78315205,51.01095322,-0.067435584,-0.284760145,3.719779742,51.08038094,51.08168384,-0.070308476,-0.282219342,3.626128758,46.2054286,45.87237473,0.258022633,0.122668786,4.862033896,45.89290705,45.89412175,0.26527946,0.126577272,4.787803549,3874.14118,8.264258445,0.112811805,0.356446898,1.010626592,30.77940891,30.77995183,0.159870248,0.632468028,5.843682156,26.56837429,26.56907419,-0.050009368,-0.098024151,3.811785481,160.7448751,37.92449059,0.038637148,-0.327335966,1.714480785,101.0597354,33.87689218,-0.090784504,-0.150824069,2.166675124,40.66105186,1.01631549,3.898695652,0.066863619,27.00256166,0.2250,0.2250
739,E739_processed,0.224609375,41609.4917,0.1953125,20065.77265,0.546875,506.8315932,0.237059573,0.093272102,0.464395667,0.224609375,41609.35811,0.1953125,20065.38362,0.546875,506.8310309,0.236900312,0.089758188,0.464325769,0.224609375,35619.63794,0.185546875,15889.30793,0.52734375,575.5743573,0.238311448,0.091376923,0.453689665,0.224609375,35619.47452,0.185546875,15888.81856,0.52734375,575.5743737,0.238165184,0.08798572,0.453583364,0.185546875,668.7115807,0.224609375,549.0740576,0.546875,100.3532201,0.624298195,1.006222408,0.628745432,7.528660558,7.278083557,4.688346501,28.30038262,9.512594631,1.934898317,1.93495197,-2.734039952,123.1854556,18.31573695,54.73335055,54.14273042,-0.109705394,-0.216540203,3.432085157,54.2485433,54.25004863,-0.103089808,-0.212797678,3.419079162,47.35956738,47.00808895,0.242226533,-0.106609845,3.739088843,47.02124158,47.02254748,0.254771658,-0.095764267,3.658300997,3874.181788,8.375648858,0.205179815,0.173988715,1.009294895,31.49932567,31.50015173,0.044563869,-0.09873636,3.818090899,25.98194855,25.98266987,-0.053736115,-0.276891825,3.774748725,105.2485233,39.81156525,-0.00335049,-0.233417861,2.548966502,59.24701152,33.91316763,-0.082847062,-0.350232292,2.781636513,40.83330372,1.094002893,4.313003167,0.058811048,28.42511599,0.2250,0.2250
740,E740_processed,0.224609375,40029.50675,0.1953125,26679.26577,0.166015625,17056.78971,0.233684316,0.097584947,0.465052574,0.224609375,40029.06873,0.1953125,26678.69421,0.166015625,17055.03792,0.233510691,0.093824134,0.464948122,0.224609375,35662.1457,0.458984375,791.2444282,0.361328125,551.5421328,0.236467757,0.096847371,0.45384696,0.224609375,35661.90123,0.458984375,791.2460488,0.361328125,551.5419004,0.236284497,0.092839146,0.453713474,0.1953125,881.2360518,0.537109375,83.0486145,0.302734375,66.90816978,0.652730718,1.051572342,0.62874726,22.5636703,0.269507797,-0.049658462,0.075200193,1.046250131,0.268274895,0.268282313,-0.050573663,0.06968765,3.65483547,56.84811221,56.19618618,-0.072365934,0.009919494,4.055768627,56.2120813,56.21361435,-0.078863396,0.020359874,3.981636374,47.95691186,47.89920099,0.257922339,0.242037425,4.690346006,47.88082069,47.88213601,0.271694197,0.25051089,4.658438905,3869.735762,8.964895473,0.139652771,0.468668383,1.013455606,33.02045099,33.0212885,-0.046690981,0.070426205,4.746155557,26.97759816,26.97830641,-0.02880594,-0.053038658,4.113795467,55.28087549,41.54269451,0.036957688,-0.181226804,3.191500695,53.05754995,34.78012782,-0.116680342,-0.070687976,3.57448464,42.64076115,1.043132379,4.111670481,0.061702509,28.14194496,0.2250,0.2250
741,E741_processed,0.234375,35372.10893,0.185546875,25142.48758,0.33203125,1584.792422,0.235139268,0.096637264,0.467653772,0.234375,35371.9849,0.185546875,25141.62413,0.33203125,1584.792728,0.234923137,0.092006765,0.467536874,0.234375,27589.99919,0.205078125,22939.40721,0.185546875,18696.42022,0.234924252,0.089878082,0.453477264,0.234375,27589.95894,0.205078125,22939.1885,0.185546875,18695.9478,0.234765538,0.086273382,0.453392338,0.185546875,898.9320532,0.234375,379.4034983,0.52734375,115.2692027,0.615427763,1.009209222,0.614172385,7.559488713,7.307001966,4.660200499,27.89608767,9.552713648,1.93673188,1.936785636,-2.731814107,122.6628716,18.73075666,55.2306185,54.43556897,-0.061761006,-0.184860864,3.727788781,54.40624994,54.40773252,-0.060681347,-0.182427496,3.950829301,46.7427024,46.72100498,0.228344421,-0.146919215,3.362932221,46.77773001,46.77892422,0.236026387,-0.136983512,3.341364886,3866.983328,8.585783809,0.128904151,0.203087956,1.009789613,31.32358087,31.32445038,0.015969228,-0.375312371,3.283115773,27.1504429,27.15099267,-0.170811564,0.778490704,6.054357653,73.58143485,39.8291932,0.00156637,-0.36688346,2.412286295,147.6509021,34.29580836,-0.105111552,-0.271461008,1.621935952,41.45355949,1.079326782,4.233427715,0.060223869,29.30479355,0.2250,0.2250
742,E742_processed,0.224609375,36333.85957,0.244140625,27299.73039,0.185546875,23197.98674,0.233818756,0.095665952,0.46376605,0.224609375,36333.75007,0.244140625,27299.68999,0.185546875,23197.27753,0.233636098,0.091664515,0.463668322,0.224609375,29795.69444,0.1953125,22467.88847,0.537109375,521.8974869,0.234302182,0.089309015,0.449816024,0.224609375,29795.52686,0.1953125,22467.40689,0.537109375,521.8976103,0.234157266,0.085823335,0.449696296,0.1953125,910.7630465,0.537109375,101.6528416,0.556640625,77.27379994,0.569748587,0.953490914,0.600538331,22.72293994,0.251237548,0.446047416,5.091947987,1.140037296,0.248826621,0.248833179,0.336894273,3.827886203,12.1335829,54.99519546,54.14849991,-0.033185808,-0.217922528,3.415874758,54.21404603,54.21545247,-0.036934574,-0.217393499,3.297838717,47.585886,47.56266408,0.24633313,-0.16341734,3.772613375,47.55189139,47.55321231,0.252655633,-0.151849762,3.75511074,3866.923309,8.78808859,0.139953014,0.178804964,1.010498008,32.16657365,32.16726566,0.174557774,0.637915166,6.007561027,26.73593842,26.73668108,-0.03347002,-0.234620546,3.492577396,167.2730648,40.02223054,0.033232533,-0.313242021,1.630328343,38.44915583,34.62860255,-0.071496326,-0.340602823,3.183357283,41.82801807,0.96541593,3.782105263,0.067491214,25.81201784,0.2250,0.2250
743,E743_processed,0.224609375,40360.63649,0.244140625,34223.41768,0.1953125,28915.74467,0.234695616,0.090802411,0.455636433,0.224609375,40360.43863,0.244140625,34223.34792,0.1953125,28915.18487,0.234564148,0.087748226,0.455553132,0.234375,25527.54685,0.498046875,480.28186,0.52734375,434.6474172,0.23930535,0.095188296,0.457770939,0.234375,25527.46406,0.498046875,480.2818233,0.52734375,434.6472882,0.239153989,0.091916449,0.457681973,0.1953125,683.0538871,0.52734375,84.53354502,0.3125,58.44571316,0.619908241,0.986554678,0.633661786,7.589838055,7.336223663,4.637068284,27.52484753,9.514515392,1.933673606,1.933727312,-2.70021772,122.473752,18.76116592,57.19877261,56.41535261,-0.074650717,-0.252891177,3.289468837,56.42110861,56.42266398,-0.076344015,-0.251801374,3.470124357,43.55801968,43.54671018,0.224118047,-0.209673537,3.643440431,43.59507599,43.59620533,0.226153922,-0.209305107,3.63437063,3866.655437,8.134255165,0.130083419,0.180777356,1.009875243,31.92421082,31.92509609,0.034184129,-0.312120882,3.239452357,24.61096325,24.61147329,0.085753494,0.163834558,5.33679747,46.09169587,41.15732178,0.018661577,-0.403322396,3.345166364,121.9614303,31.48043599,-0.090373514,-0.448008294,1.766003217,40.3104996,1.046991001,4.083535636,0.062787075,25.76799107,0.2250,0.2250
744,E744_processed,0.224609375,34264.84223,0.185546875,22739.8533,0.341796875,1237.258764,0.23623685,0.100912003,0.463656202,0.224609375,34264.63531,0.185546875,22739.00496,0.341796875,1237.259429,0.236042149,0.097090205,0.463598281,0.224609375,27973.02535,0.1953125,25557.53585,0.52734375,591.7800162,0.235986854,0.097752552,0.454237558,0.224609375,27972.81881,0.1953125,25556.97514,0.52734375,591.7804088,0.235812212,0.094019002,0.454124774,0.185546875,959.8764923,0.52734375,130.3061117,0.546875,114.3456794,0.643006259,1.019756982,0.626674142,22.8756859,0.249090002,-0.068654488,0.356878617,1.084133963,0.24781378,0.247820658,-0.081558359,0.292641583,7.634464723,55.6067988,54.69767985,-0.052549989,-0.023061353,3.778912193,54.94692432,54.94841961,-0.089031851,0.060200827,4.548318767,46.8291345,46.82448078,0.227594081,0.163024739,4.385375305,46.93927835,46.94054341,0.260298513,0.225557783,4.45506304,3863.785619,8.788971212,0.096130298,0.763675488,1.014554089,31.86541812,31.86628887,-0.013606408,-0.073227526,3.766125471,26.59654739,26.59728615,-0.052892995,-0.246542144,3.85026845,122.120347,40.69802437,0.034469603,0.031890586,2.248461028,50.48336708,34.55359405,-0.120302145,-0.09769571,3.633639685,41.50754145,0.960554816,4.051467269,0.058519079,25.54815131,0.2250,0.2250
745,E745_processed,0.234375,34600.61683,0.1953125,22395.42841,0.361328125,804.9530171,0.237327842,0.096602696,0.463056903,0.234375,34600.44648,0.1953125,22395.02228,0.361328125,804.9577141,0.237145566,0.092955286,0.463035467,0.234375,23836.17106,0.205078125,20993.45488,0.537109375,374.9121605,0.231903995,0.090732434,0.455370779,0.234375,23836.08667,0.205078125,20993.12953,0.537109375,374.9119799,0.231766593,0.08748075,0.45526052,0.185546875,913.7682941,0.537109375,87.25406796,0.48828125,39.67173521,0.53466799,0.895646492,0.588891483,7.651613323,7.396165783,4.634713609,27.38090485,9.434812366,1.916947746,1.917000989,-2.960906013,124.6577438,18.83584952,53.02763898,51.95602207,-0.058897118,-0.080925836,3.738745941,52.02248346,52.02385127,-0.063081537,-0.047037209,3.834364007,45.22632696,45.17715171,0.183223321,-0.138625761,3.656935708,45.14693384,45.14818757,0.186748111,-0.134228904,3.704263492,3860.950446,8.685548054,0.130946082,0.075093668,1.00951723,30.81394771,30.81441471,0.20658394,3.029761327,7.338154603,26.16951725,26.17021499,-0.0036351,-0.416910496,2.976011202,168.5442384,38.1308971,-0.052109291,0.072412985,2.008276462,33.64593614,33.28738652,-0.070432406,-0.430487785,3.076933427,40.42781601,1.010550425,3.990252264,0.063468361,26.44632189,0.2250,0.2250
746,E746_processed,0.234375,40106.8065,0.185546875,24290.35231,0.556640625,675.1099179,0.238315766,0.103168644,0.459735477,0.234375,40106.712,0.185546875,24289.61356,0.556640625,675.1106331,0.238120279,0.099231358,0.459633246,0.234375,30230.79442,0.185546875,20971.52129,0.52734375,588.0190189,0.235356985,0.098834146,0.455052968,0.234375,30230.7627,0.185546875,20970.76983,0.52734375,588.0183691,0.235158748,0.094791219,0.454960611,0.185546875,991.1909875,0.537109375,139.560522,0.3515625,27.2446693,0.636268042,1.021188865,0.624013864,22.980551,0.240967678,0.152972459,1.26153927,1.087839582,0.240020246,0.240026874,0.127191877,0.968809636,8.001726899,56.68741616,55.68645225,-0.069211621,-0.200221794,3.566463489,55.7782935,55.77983855,-0.062760234,-0.204028256,3.80504573,47.8529315,47.70191585,0.243542103,0.02936959,3.56916629,47.78371683,47.78502898,0.257608685,0.036621547,3.648263145,3858.721937,8.934269027,0.135856506,0.466792939,1.012877104,31.25499408,31.25584865,0.037163763,-0.278670992,3.183259772,27.87184911,27.87252815,-0.164244202,0.408387937,5.514553891,100.2206217,40.54206355,-0.002513064,-0.349358269,2.181626893,155.40037,35.27218362,-0.093553959,-0.111498095,1.728239579,41.87846583,0.927653065,3.893073593,0.061206896,25.85603617,0.2250,0.2250
747,E747_processed,0.224609375,36900.62059,0.2734375,7012.347627,0.615234375,555.0978214,0.237356331,0.103365214,0.457889515,0.224609375,36900.22312,0.2734375,7012.320125,0.615234375,555.0972048,0.237112945,0.098498916,0.457770658,0.224609375,28851.90066,0.1953125,22346.34175,0.458984375,372.9279444,0.23364112,0.094729771,0.445033451,0.224609375,28851.56976,0.1953125,22345.86291,0.458984375,372.9254412,0.233447214,0.09047725,0.444923559,0.1953125,916.7189201,0.224609375,508.9353231,0.546875,114.1185603,0.619139553,1.008810504,0.614520062,7.639350758,7.382918569,4.596095801,26.92217644,9.449956978,1.928761493,1.92881506,-2.701505932,123.0424683,18.80796633,53.49146511,52.20832982,-0.044212305,-0.226641386,3.418024345,52.38383055,52.38520257,-0.070650421,-0.154890012,4.177311616,46.15835808,45.82131875,0.18785311,-0.192668052,3.365288248,45.91362111,45.91489188,0.189336354,-0.182630724,3.46919572,3855.120514,8.752263165,0.14758065,0.118176646,1.010580651,30.2083229,30.20912942,0.028324355,-0.076840838,4.467425404,27.34711816,27.34768711,0.220710748,1.629203892,6.794924817,45.15733465,38.78940103,0.048926174,-0.079829967,4.527027857,116.7617149,34.14440993,-0.138641717,-0.192077895,2.209692277,40.74907963,0.982614336,3.947402452,0.063060917,26.87222942,0.2250,0.2250
748,E748_processed,0.234375,36142.273,0.1953125,25338.24207,0.673828125,602.4775982,0.23807695,0.098141074,0.462352314,0.234375,36141.99492,0.1953125,25338.01865,0.673828125,602.4776404,0.237911294,0.094573347,0.462260385,0.224609375,23976.43746,0.1953125,22368.50919,0.498046875,498.3517903,0.235767565,0.097369923,0.457445058,0.224609375,23976.40883,0.1953125,22368.16676,0.498046875,498.3519077,0.235609736,0.094108464,0.457380568,0.185546875,1006.0139,0.224609375,456.8155561,0.2734375,125.1943536,0.57665359,0.937270568,0.6082667,23.054513,0.240818656,-0.186481113,0.031666094,1.031641527,0.240318492,0.24032505,-0.165915495,0.010635069,4.201730567,56.13720667,54.8413272,-0.06176763,-0.107111556,4.036091631,54.83931232,54.84082913,-0.082884579,-0.088029642,3.917653846,45.31401179,44.88399975,0.166535053,-0.147966877,3.280963749,45.04399892,45.04496709,0.194873166,-0.074673032,3.734630191,3853.97789,8.701799952,0.110775371,0.153641472,1.011075754,32.26360497,32.26417011,0.322226286,1.467124661,6.716091128,26.95707795,26.95727812,-0.367201725,2.880346718,7.745215704,87.62536343,40.22197048,-0.026856652,-0.216576984,2.513085702,139.5274688,33.50754267,-0.135142821,-0.054498862,2.040029412,42.0436858,0.913488767,3.757740586,0.064691857,24.62517076,0.2250,0.2250
749,E749_processed,0.234375,31281.24587,0.1953125,23365.12326,0.556640625,657.2801319,0.240759924,0.105356486,0.471153626,0.234375,31281.16655,0.1953125,23365.00972,0.556640625,657.2787873,0.240576738,0.101887762,0.471101625,0.234375,31050.0825,0.21484375,27024.39732,0.517578125,566.825876,0.233129406,0.093054451,0.444245398,0.234375,31049.95015,0.21484375,27024.15306,0.517578125,566.8258465,0.232983771,0.089672446,0.444121184,0.185546875,950.7013491,0.234375,459.0746404,0.283203125,113.5705021,0.573857513,0.928740542,0.602894734,7.723142569,7.464804333,4.620619897,27.0906596,9.35029107,1.899839191,1.899891901,-3.157907786,126.5089312,18.97669066,53.86539297,52.48589621,-0.070819773,-0.085015833,3.856264265,52.56767349,52.56894249,-0.065034796,-0.075344149,3.691575711,47.99956006,47.37529672,0.173924131,-0.119069691,3.2222862,47.40504901,47.40631692,0.178378456,-0.114411537,3.405514705,3851.481174,9.034643345,0.115526083,0.147838065,1.010467642,31.02942825,31.02974965,-0.273848202,2.309472614,7.207675709,27.07499021,27.07573365,-0.031300867,-0.374993241,3.692756143,183.880031,38.47138974,-0.056033677,-0.048338905,1.670926134,43.05097119,34.95064284,-0.058960133,-0.415384101,2.898035035,41.18180079,0.962048992,3.919211438,0.062632508,26.04818226,0.2250,0.2250
750,E750_processed,0.1953125,36008.16243,0.234375,28604.20524,0.546875,725.407913,0.237542545,0.106857349,0.459041616,0.1953125,36007.42699,0.234375,28604.11462,0.546875,725.4079082,0.237290004,0.101890012,0.458903457,0.224609375,31399.37227,0.205078125,28552.70267,0.517578125,477.6707422,0.232237982,0.095160706,0.438716281,0.224609375,31399.18208,0.205078125,28552.48404,0.517578125,477.6709768,0.232044212,0.090846641,0.438582005,0.1953125,1244.263562,0.56640625,91.80821944,0.517578125,91.49650125,0.582913278,0.947086066,0.594248728,23.0964849,0.22984039,0.021390826,-0.102257548,1.036462826,0.229250051,0.229256415,0.026041156,-0.085197768,3.686846924,55.71956527,54.31886556,-0.043461264,-0.085723527,4.242338555,54.3321356,54.33364277,-0.042692893,-0.088958213,4.112784658,49.38671141,48.4656723,0.175985583,-0.09183378,3.372767598,48.44634005,48.44767704,0.18249396,-0.081956657,3.627916624,3849.016599,9.379983743,0.125313647,0.403630319,1.014146341,30.56716841,30.56801464,0.025417905,-0.294339602,3.492252006,27.96370543,27.964359,0.018428248,-0.072082935,4.330180663,83.41151316,39.58509391,-0.021508886,-0.293005166,2.468146509,62.63025411,35.7054376,-0.052736583,-0.337301008,2.614041872,41.42956545,0.884409655,3.546047431,0.070333851,24.73194909,0.2000,0.2250
751,E751_processed,0.234375,35415.49734,0.185546875,23191.19597,0.546875,719.1608394,0.241707411,0.103453356,0.462107995,0.234375,35415.37487,0.185546875,23190.51616,0.546875,719.1611468,0.24147993,0.098835413,0.461976982,0.234375,33106.80274,0.1953125,30104.88916,0.33203125,676.53123,0.234975251,0.091210112,0.434056909,0.234375,33106.78132,0.1953125,30104.08733,0.33203125,676.5246639,0.234805245,0.087526601,0.433996583,0.1953125,1213.771321,0.224609375,575.0242445,0.52734375,111.1686385,0.572410572,0.938862074,0.600090568,7.75107024,7.492810965,4.638997442,27.26649342,9.208285668,1.89025528,1.890307786,-3.313668661,127.901605,18.67417599,53.91678775,52.30577041,-0.086797421,-0.079997304,4.000120538,52.30139974,52.30284774,-0.081622427,-0.079535408,3.85332537,50.10010712,48.65878243,0.148281368,-0.099254721,3.565903154,48.72954942,48.73080354,0.149633536,-0.102268153,3.916272569,3845.236342,9.253051379,0.101271128,0.275196075,1.010491308,28.73534861,28.73613575,0.026110761,-0.26295273,3.188909303,27.96641422,27.966946,0.215744574,1.533364081,6.529957904,37.67683687,37.55246433,-0.023791643,-0.334311997,3.285331995,160.9297095,35.63070455,-0.035922603,-0.211371861,1.693612647,40.09882251,0.930304447,3.806086828,0.064219617,26.01777423,0.2250,0.2250
752,E752_processed,0.224609375,28926.68388,0.185546875,26810.71676,0.263671875,17319.18625,0.23965431,0.100700509,0.463560004,0.224609375,28926.51245,0.185546875,26809.87531,0.263671875,17319.16997,0.239451597,0.096449595,0.463444346,0.1953125,27960.25097,0.21484375,24068.47331,0.3125,1370.21589,0.232555062,0.088169293,0.441277158,0.1953125,27959.58658,0.21484375,24068.25914,0.3125,1370.212854,0.232415633,0.084709737,0.441149868,0.1953125,1245.062065,0.546875,81.75695855,0.52734375,73.46971402,0.54376898,0.914707993,0.581699916,23.07955028,0.215511187,-0.064909273,0.003329306,1.035308865,0.215126564,0.215131866,-0.051479832,0.001070281,3.69168412,53.43961341,51.72481235,-0.115703741,-0.009818796,3.646026001,51.79806277,51.79946341,-0.110079834,-0.015204835,3.489417559,48.11732989,45.98683636,0.152985522,-0.005252736,3.121473912,45.98850564,45.98976773,0.164441123,0.000263876,3.477296909,3842.121281,8.94042948,0.059235849,0.45718689,1.014776477,29.05071625,29.05151368,0.006291208,0.018178598,3.401797274,25.80274142,25.80342603,-0.019660667,-0.152565963,3.15662708,37.9631942,37.67284168,-0.030982955,-0.069208365,3.399774514,37.63037659,33.61533924,-0.028140304,-0.198761693,3.193038556,38.85623814,0.827860173,3.554545455,0.065522256,21.36162873,0.2250,0.2250
753,E753_processed,0.244140625,37387.32208,0.185546875,24295.81611,0.341796875,1183.389579,0.24321762,0.099871879,0.462421459,0.244140625,37387.39684,0.185546875,24295.13401,0.341796875,1183.375818,0.243068759,0.096833848,0.462361261,0.224609375,31614.70131,0.244140625,24435.69313,0.1953125,19192.74105,0.238651634,0.091308203,0.445684603,0.224609375,31614.48687,0.244140625,24435.61823,0.1953125,19192.32774,0.238516944,0.088226615,0.445587024,0.185546875,850.4255718,0.537109375,149.8688476,0.2734375,130.8929591,0.582572517,0.916119438,0.615182684,7.716121232,7.458316011,4.626515629,27.18345066,9.227086623,1.90203906,1.902091868,-3.130785309,126.1992314,18.5094521,54.29247981,52.55693758,-0.092967545,-0.112124907,3.684089043,52.64263497,52.64392929,-0.081513956,-0.085999104,3.830834111,49.09802428,46.53676382,0.151807918,0.179469173,3.801961744,46.65062408,46.65186776,0.1566177,0.210611144,4.355930281,3839.878301,8.557337706,0.058148378,0.735668242,1.014903259,30.36576861,30.36599961,-0.46421381,4.398156048,8.444226057,25.58613713,25.58682598,-0.004295134,0.385789624,4.39289448,159.1228904,38.02300497,0.006703428,0.046872766,2.020403725,33.99704699,33.75194612,-0.012980443,0.26880066,4.918765539,39.70868414,0.902793295,3.760574867,0.063838084,23.09961494,0.2250,0.2250
754,E754_processed,0.244140625,29049.05139,0.1953125,28128.65495,0.21484375,24583.88268,0.243801631,0.104765313,0.46743529,0.244140625,29049.01527,0.1953125,28128.09822,0.21484375,24583.72251,0.243610142,0.100881472,0.467315061,0.21484375,33809.81468,0.234375,28808.3363,0.5078125,619.0101367,0.23777875,0.091957082,0.441262315,0.21484375,33809.72947,0.234375,28808.28344,0.5078125,619.008588,0.237619948,0.088251409,0.441137733,0.1953125,1191.737502,0.546875,160.2053338,0.5078125,104.8454277,0.587829509,0.938769592,0.607346184,23.01932142,0.224659232,-0.048019147,-0.125001667,1.034178487,0.223806659,0.223812853,-0.047509673,-0.108329548,3.55160268,53.94501844,52.17470652,-0.081108658,-0.027096558,3.870076719,52.21743704,52.21883963,-0.072073538,-0.021255978,3.812150521,53.14045322,50.52859285,0.18816787,0.06893457,3.788225312,50.79062224,50.7917103,0.148410758,0.225612434,4.836449336,3839.151605,9.265754971,0.15304995,0.961121928,1.015078643,28.03486979,28.03560745,0.015663065,-0.203326395,3.519178648,29.02387489,29.02412757,0.247218216,1.540824584,6.283122113,41.96867421,37.27058588,-0.017122384,-0.108103221,4.337861579,103.63253,37.36552331,-0.018173097,0.507137049,3.120074799,40.35337986,0.870417609,3.544378698,0.06928631,25.26311174,0.2250,0.2130
755,E755_processed,0.234375,30680.33141,0.205078125,23451.98688,0.185546875,22094.8332,0.250624359,0.105382911,0.471892018,0.234375,30680.21589,0.205078125,23451.67904,0.185546875,22094.14112,0.250454946,0.102067584,0.471800224,0.234375,33929.13998,0.33203125,1653.133765,0.52734375,995.9778533,0.245737172,0.09613501,0.457102512,0.234375,33928.97423,0.33203125,1653.132268,0.52734375,995.9783879,0.245611928,0.093407663,0.457022513,0.205078125,793.0162539,0.234375,496.3029473,0.537109375,240.2534023,0.602958227,0.923938078,0.629303601,7.725483741,7.468820842,4.661297477,27.58614937,9.210184422,1.890687152,1.890739631,-3.332408094,128.1422736,18.62344857,54.02400904,52.26800678,-0.123625179,-0.092845253,3.444453925,52.29294124,52.29431579,-0.124930105,-0.086289719,3.524599302,51.06698791,48.32480921,0.208613136,0.149756691,4.010271378,48.44909983,48.45041706,0.195724446,0.165324268,4.322580799,3838.836335,8.906702015,0.180780607,0.863390786,1.014230683,27.25967045,27.26040621,0.103885806,-0.085127409,4.487619274,27.64423156,27.64460904,0.569969473,6.769851755,9.294408632,153.5577734,36.411704,0.003113106,-0.262574314,1.727538602,74.66907293,35.06776409,-0.202689514,0.771506656,3.460491731,38.82465912,0.884765854,3.659157152,0.066079421,24.45900612,0.2250,0.2250
756,E756_processed,0.234375,31671.25767,0.1953125,26146.4858,0.546875,1103.921854,0.250917272,0.105941916,0.470665183,0.234375,31671.15521,0.1953125,26145.85008,0.546875,1103.921216,0.250710684,0.101840609,0.470534521,0.21484375,28930.17806,0.244140625,27174.23037,0.537109375,1006.684021,0.248999393,0.098585801,0.461623479,0.21484375,28929.91613,0.244140625,27174.1308,0.537109375,1006.684062,0.248838207,0.095183682,0.461522484,0.205078125,732.4592932,0.244140625,352.9082881,0.537109375,224.4851067,0.665615598,0.992724966,0.652573325,22.9342107,0.234234932,-0.114103464,0.021290704,1.032236222,0.232179482,0.232185916,-0.095922227,0.044293119,4.266114653,56.23087826,54.5990748,-0.159499584,-0.131359624,3.854279831,54.61229762,54.61379209,-0.162611158,-0.133939726,3.725376659,52.74105173,49.9897818,0.165235571,-0.145660704,3.476942609,50.0660601,50.06725916,0.178963486,-0.130772527,4.017112508,3839.032151,9.011168623,0.115977655,0.326767997,1.010690546,27.90356855,27.90430657,0.045762111,-0.343385634,3.10082096,26.98717503,26.98731651,-0.333439969,3.11183521,7.589290155,61.34267169,37.72045609,-0.023808111,-0.373702972,2.727501239,127.0819521,35.17259546,-0.096268109,-0.265760901,1.947806321,38.81965453,0.89023482,3.583832335,0.069312124,24.02504887,0.2250,0.2130
757,E757_processed,0.25390625,46136.58693,0.205078125,25674.82853,0.537109375,1177.229189,0.251801399,0.104109128,0.46249971,0.25390625,46136.48219,0.205078125,25674.45166,0.537109375,1177.22931,0.251563893,0.099396025,0.46239848,0.244140625,40024.95594,0.1953125,24744.51798,0.52734375,1270.51043,0.24810525,0.094828762,0.452716406,0.244140625,40024.81906,0.1953125,24743.97731,0.52734375,1270.50982,0.247949535,0.091203897,0.452572343,0.1953125,1009.308013,0.52734375,285.3657617,0.498046875,176.8180965,0.643409309,0.984654514,0.641066707,7.664456911,7.409966363,4.67176052,27.83007578,9.274870461,1.904639821,1.904692711,-3.177570603,126.5113552,18.46470546,61.08004569,59.60019791,-0.160689011,-0.35553823,3.426680803,59.60450307,59.60614307,-0.159330808,-0.362967131,3.284379323,58.6532152,56.2270147,0.195495111,-0.025982255,3.365518485,56.20356414,56.20512474,0.203662187,-0.021321562,3.818855192,3839.203883,10.17111691,0.168709007,0.661273355,1.015296275,30.38528184,30.38596941,-0.05583834,0.09286501,5.037130521,28.40455137,28.40526974,-0.031288191,-0.073700474,4.205486438,149.7927411,40.88841925,-0.034997622,-0.462667166,1.772943718,54.80800053,38.83101034,-0.083775429,-0.267533373,3.060472678,41.59526999,0.877282205,3.597308901,0.067792844,24.91943767,0.2250,0.2250
758,E758_processed,0.244140625,47552.41803,0.185546875,22199.55919,0.546875,1346.967438,0.25064124,0.101619101,0.455745095,0.244140625,47552.3396,0.185546875,22198.76417,0.546875,1346.967077,0.250440121,0.097648616,0.455659818,0.234375,41522.58153,0.1953125,17349.28679,0.537109375,1740.781416,0.252947483,0.098950063,0.460213656,0.234375,41522.37125,0.1953125,17348.92751,0.537109375,1740.781416,0.25280315,0.09579103,0.460084002,0.1953125,749.4440332,0.537109375,406.4696388,0.33203125,49.84295784,0.642338658,0.946585853,0.646898443,22.81222145,0.247281316,-0.074575049,-0.080290551,1.032913566,0.24665618,0.246662533,-0.04655268,-0.078848377,3.436988443,61.87475535,60.50118709,-0.176977845,-0.039913737,3.91429281,60.59811132,60.59954683,-0.173013698,-0.032705852,3.7885226,57.14690003,54.58708231,0.157448226,-0.022641829,3.161756279,54.66809802,54.66956537,0.168487268,-0.012059802,3.623190738,3839.543083,9.978531846,0.15908893,0.60763125,1.014509048,30.43138205,30.43210239,0.032168261,0.027052372,4.205967061,27.5879325,27.58869795,0.020609351,0.05563002,4.136173764,176.1006487,41.756345,-0.060702509,-0.114127347,1.787207766,42.51456443,37.61244977,-0.083612867,0.007435519,3.807513709,41.07613797,0.950421632,3.488910506,0.078079433,26.22089532,0.2250,0.2250
759,E759_processed,0.244140625,49861.02195,0.1953125,32562.98542,0.546875,1192.67539,0.251596706,0.107050177,0.462907605,0.244140625,49860.79977,0.1953125,32562.30762,0.546875,1192.675659,0.251382804,0.102881555,0.462789821,0.21484375,48244.18582,0.234375,43528.82825,0.25390625,35450.68798,0.249233565,0.100571978,0.455611861,0.21484375,48243.63233,0.234375,43528.85739,0.25390625,35450.77058,0.249050582,0.097010801,0.455552112,0.205078125,1122.171167,0.517578125,403.9906506,0.537109375,398.6312627,0.656707616,0.979503037,0.639399867,7.670631739,7.416978288,4.708334994,28.28015511,9.258764,1.89606354,1.896116067,-3.373085785,128.2784276,18.57653171,64.60268381,63.36035595,-0.139143722,-0.242232898,3.498525397,63.46466915,63.46639442,-0.127472664,-0.230885401,3.356119965,62.45389278,60.157458,0.158082197,-0.08841416,3.144842719,60.26110882,60.26261508,0.157888785,-0.072838385,3.473282734,3839.688881,11.0605441,0.133482824,0.62398039,1.014005489,32.18614787,32.18694443,0.018370261,-0.165063271,3.918707287,33.17003211,33.1702127,0.56508726,5.844647154,8.72324644,63.96883196,44.04649375,-0.036452297,-0.246774581,3.333393826,214.7339817,42.39104104,-0.107535715,0.077861511,1.835647038,46.21971876,0.884668778,3.543542885,0.070453945,29.34465153,0.2250,0.2130
760,E760_processed,0.21484375,72476.79577,0.302734375,8466.645099,0.52734375,1254.138347,0.246694629,0.111270869,0.444702193,0.21484375,72476.37067,0.302734375,8466.587065,0.52734375,1254.139658,0.246442808,0.106440747,0.444534092,0.21484375,59224.4885,0.498046875,2112.934186,0.52734375,1921.894135,0.247962128,0.109331389,0.453460374,0.21484375,59223.95739,0.498046875,2112.933684,0.52734375,1921.895061,0.247707342,0.104287465,0.453252594,0.1953125,1185.60852,0.52734375,481.3097316,0.263671875,254.0917491,0.829825406,1.178050851,0.685183962,22.65417973,0.28535939,0.014018913,1.524343467,1.126837886,0.282961749,0.282969555,0.022556619,1.288399581,9.712014321,75.37168134,74.40624736,-0.143656248,-0.403170655,3.572348861,74.556476,74.55851049,-0.145691023,-0.398515356,3.458230341,68.5903405,66.29958418,0.171258762,-0.010036427,3.661822469,66.37657271,66.37838677,0.185123955,0.000108748,3.502400574,3839.573435,11.89934453,0.110827223,0.547602439,1.013803373,38.87599101,38.87701717,0.010913487,-0.209346636,4.208970486,34.4705839,34.47153006,-0.004233067,-0.381763147,3.871899912,100.7953235,52.55634626,-0.014219647,-0.398364239,2.931452646,59.3505656,46.78227744,-0.17539433,-0.269084275,3.933853143,51.95872255,1.109314889,3.684394251,0.081718926,38.23978154,0.2250,0.2250
761,E761_processed,0.21484375,73122.83894,0.546875,1211.681479,0.654296875,739.4651979,0.242846513,0.113331486,0.449208189,0.21484375,73121.65161,0.546875,1211.68119,0.654296875,739.4661808,0.242540099,0.107642471,0.449016445,0.205078125,48256.07961,0.302734375,4364.316209,0.537109375,1764.867516,0.249293779,0.112783499,0.467935406,0.205078125,48255.44241,0.302734375,4364.31933,0.537109375,1764.865977,0.249021523,0.107492065,0.467692449,0.205078125,1341.67027,0.546875,475.1441703,0.2734375,270.2099532,0.870971639,1.236638484,0.693988427,7.536658745,7.286108617,4.683173316,28.22492995,9.396956582,1.937825726,1.937879508,-2.724853757,122.5040051,18.09359789,71.78609338,70.87699697,-0.132211174,-0.229728337,3.432981214,70.89625641,70.89814936,-0.132071756,-0.225505009,3.293678614,63.27488563,60.38444013,0.152174578,-0.04388808,3.198425378,60.39403325,60.39568959,0.164328899,-0.036376882,3.614896501,3837.283749,11.45745494,0.078754174,0.347723131,1.014408304,38.54151935,38.5421923,0.179009114,0.497759988,5.74136511,31.6451515,31.64601159,-0.012968823,-0.342826524,3.184308036,153.9204645,50.4088789,0.013820143,-0.408816919,1.953914734,43.42013542,42.37232575,-0.12860746,-0.39721739,3.568505604,49.86953616,0.929649825,3.571212249,0.072893376,29.41970912,0.2130,0.2130
762,E762_processed,0.205078125,86446.6391,0.224609375,77087.13972,0.556640625,1730.895659,0.242328952,0.127632791,0.456575686,0.205078125,86445.55814,0.224609375,77086.71973,0.556640625,1730.895527,0.241909491,0.120618939,0.456310971,0.205078125,54346.74653,0.234375,52206.25247,0.439453125,2224.515876,0.248015755,0.126193188,0.469949985,0.205078125,54346.10118,0.234375,52206.0981,0.439453125,2224.518847,0.247551118,0.118204861,0.469599814,0.1953125,1468.443297,0.234375,610.3283313,0.537109375,484.7181031,1.021964515,1.347085066,0.731075986,22.52546104,0.362664306,-0.048114219,0.254290174,1.11962503,0.361547395,0.361555882,-0.027190725,0.183798179,7.060145846,84.69840407,83.8021176,-0.050834786,-0.167325928,3.633112257,83.79192381,83.79424568,-0.046066729,-0.170646756,3.536237521,70.46487125,67.56240121,0.258030052,0.098223343,3.766025046,67.54723013,67.54910222,0.274948886,0.113479495,4.105751081,3832.602124,13.95795346,0.108822039,1.20483231,1.023800586,45.73220553,45.7334761,0.025182169,-0.332637348,3.045433611,36.36450876,36.3654864,-0.011836652,-0.457755995,3.306512614,60.27301715,60.24827144,-0.016028111,-0.383257325,3.088394392,50.13830595,48.00020444,-0.172801465,-0.394932559,3.354093756,58.42943981,1.460654268,4.215962441,0.082177697,53.1174029,0.2130,0.2250
763,E763_processed,0.224609375,62338.0533,0.185546875,58176.77797,0.556640625,1189.464111,0.239099481,0.120465574,0.466965041,0.224609375,62337.65201,0.185546875,58174.85851,0.556640625,1189.464676,0.238759637,0.114465255,0.466755978,0.1953125,49208.75643,0.234375,37903.50263,0.517578125,1850.118572,0.242943428,0.125332175,0.480509107,0.1953125,49208.05666,0.234375,37903.35908,0.517578125,1850.119067,0.242540286,0.118392873,0.480224354,0.1953125,1532.321993,0.537109375,401.4388605,0.283203125,147.5655188,0.869611144,1.237544591,0.694458352,7.600374279,7.350965714,4.772144869,29.21130838,9.245512578,1.895433848,1.89548647,-3.383049121,128.3508255,18.57283054,80.10408823,78.87754495,-0.026923109,-0.385059052,3.394417014,78.86786158,78.87004437,-0.025132683,-0.382247486,3.617610519,66.46902971,62.56713262,0.270380361,0.120976135,3.318953518,62.64435129,62.64590746,0.274211639,0.140316961,3.923627502,3828.180868,13.09508087,0.044016701,0.431349743,1.019385822,44.99329208,44.99444892,0.025474358,-0.481495313,3.557364469,36.59001048,36.59075977,0.009053848,-0.126538231,4.429246655,58.44942625,57.63148288,-0.015444141,-0.563723818,3.071572893,167.6278516,46.13822281,-0.092698914,-0.298806478,1.84099112,57.99469057,1.056208644,3.703495646,0.077006262,38.64747674,0.2250,0.2000
764,E764_processed,0.205078125,90157.61576,0.224609375,89058.42024,0.546875,1346.964911,0.236210769,0.121502401,0.460173227,0.205078125,90156.43476,0.224609375,89057.95658,0.546875,1346.965451,0.2358434,0.115051206,0.459937789,0.205078125,46317.73745,0.224609375,43984.65425,0.17578125,30687.47928,0.243630124,0.133468966,0.48711921,0.205078125,46317.16108,0.224609375,43984.4093,0.17578125,30685.88998,0.243120705,0.125190836,0.486741669,0.205078125,1486.76327,0.546875,375.5058526,0.5078125,318.4242939,1.009812625,1.367206459,0.728179071,22.34806518,0.401997103,-0.134456558,-0.16035183,1.072161854,0.400183775,0.400194693,-0.145071063,-0.185439818,3.743286363,88.45980105,87.48823025,-0.03001777,-0.33308753,3.586585955,87.52586403,87.52822956,-0.025471293,-0.336419799,3.750953914,67.31993957,63.55264638,0.304096363,0.309730565,4.256519715,63.53622198,63.53797658,0.316389833,0.328938593,4.903452985,3828.113961,13.99689221,-0.023235619,0.912285141,1.025000912,51.49006635,51.49122997,0.103008974,-0.164593884,4.931260161,37.29514036,37.2961757,-0.00530501,-0.219453168,3.457057234,148.4314834,64.81966824,-0.051706409,-0.529314993,2.397851862,61.78623505,46.76522417,-0.11922737,-0.251148329,3.127903133,63.57948951,1.560113307,4.37323601,0.081573728,58.18625999,0.2250,0.2130
765,E765_processed,0.185546875,72908.66692,0.234375,52673.70851,0.341796875,3034.624009,0.236302707,0.137722127,0.486435313,0.185546875,72906.26654,0.234375,52673.54846,0.341796875,3034.625899,0.235816079,0.129927569,0.48609645,0.1953125,55202.83548,0.341796875,2483.28036,0.37109375,1953.380581,0.23492259,0.13510586,0.483912018,0.1953125,55201.59562,0.341796875,2483.27664,0.37109375,1953.383476,0.23439314,0.12648707,0.483517092,0.185546875,2443.416971,0.546875,323.7109252,0.52734375,281.0779959,0.998132689,1.363615526,0.716063114,7.569117591,7.321156338,4.800047234,29.63525349,9.283441981,1.897099215,1.897151894,-3.318674879,126.6432722,18.56669191,84.19318798,83.27120566,0.033307796,0.017486722,4.02040436,83.25954094,83.26184071,0.040536071,0.020336282,4.182135325,69.24048212,65.76602913,0.242274687,0.176826611,4.35137828,65.77499833,65.77681992,0.250826962,0.187083967,4.298995959,3829.610829,15.01153424,-0.03821218,0.680281403,1.023667802,51.03818479,51.03958731,0.003698234,-0.194068634,3.636738131,41.89046009,41.89157102,0.046959982,-0.207653702,3.930664336,89.52015506,62.78722818,-0.048439949,-0.238759952,3.271605415,85.08191251,50.37979977,-0.090779029,-0.27154915,3.178314526,66.02986593,1.194147783,3.869267109,0.079762848,50.02472666,0.1880,0.2000
766,E766_processed,0.17578125,74355.09589,0.1953125,68371.7556,0.224609375,58205.34877,0.235568646,0.150454726,0.493167421,0.17578125,74350.9065,0.1953125,68370.63003,0.224609375,58205.0559,0.234905599,0.140866532,0.492762324,0.1953125,49301.02831,0.2734375,14739.62332,0.322265625,5991.505181,0.24791103,0.153097263,0.51306035,0.1953125,49300.33715,0.2734375,14739.64751,0.322265625,5991.505163,0.247138005,0.142119887,0.512557798,0.1953125,1786.211363,0.537109375,383.2577961,0.48828125,202.5457768,1.161241333,1.452836171,0.764763755,22.1430388,0.491098747,-0.09442367,-0.054283307,1.096056066,0.489440373,0.489453911,-0.107645629,-0.042796519,4.340653424,87.25418672,86.33307325,0.050595436,-0.099904139,4.374924394,86.59380725,86.59618833,0.068722297,-0.086438693,4.517790832,71.70100828,68.55475119,0.3741601,0.217380527,3.742221294,68.77997226,68.78182212,0.362731644,0.252676924,4.232431615,3829.75751,15.82039047,0.011291967,1.256623245,1.023628595,56.97226051,56.97380004,0.005824739,-0.119720505,3.692751959,42.66610657,42.66729069,-0.053608791,-0.050761596,3.632580092,153.2466014,67.58369511,-0.002649355,-0.199943269,2.690591979,88.38117009,52.00007307,-0.066863178,-0.100227016,2.742043258,71.17943232,1.947192242,4.979166667,0.078540833,83.0814174,0.2250,0.2000
767,E767_processed,0.21484375,72460.36263,0.234375,72100.33132,0.1953125,71111.72358,0.235629605,0.145739862,0.494642537,0.21484375,72460.07794,0.234375,72099.94377,0.1953125,71110.41275,0.234976281,0.136002118,0.49429573,0.21484375,63506.00269,0.1953125,56399.23937,0.244140625,33697.74368,0.241387992,0.144744018,0.501127198,0.21484375,63505.85417,0.1953125,56397.64537,0.244140625,33697.50277,0.240759446,0.135580488,0.500802501,0.1953125,2363.89342,0.537109375,430.4823342,0.2734375,393.0790439,0.966938466,1.331530359,0.723022549,7.529418177,7.283659495,4.836788319,30.1874895,9.312102788,1.906675695,1.906728659,-3.455327807,128.0743856,18.47101609,91.4464676,90.47246267,0.058423287,-0.159614487,3.570977519,90.59947924,90.60172974,0.07541996,-0.146846307,3.762945165,74.55583723,71.76623967,0.351705242,0.13780683,4.001604718,71.88489795,71.88665264,0.323600248,0.138911348,4.442677072,3829.755281,17.30563851,-0.052870041,1.051042461,1.028058482,62.30231905,62.30305461,-0.316577806,2.281679911,7.153407446,48.99878996,48.99931227,0.407758715,3.720328695,7.785345102,321.142126,70.8972427,-0.078151915,-0.093121823,1.758135784,352.1352996,55.52930064,0.114065174,0.411238035,1.624501849,79.26287413,1.405539267,4.148333975,0.081676206,68.87045746,0.2250,0.2130
768,E768_processed,0.185546875,90561.04454,0.224609375,83443.31429,0.52734375,2251.382444,0.234202213,0.159332512,0.500626758,0.185546875,90556.63224,0.224609375,83443.60481,0.52734375,2251.387489,0.233360178,0.148199036,0.50029028,0.224609375,46096.94502,0.185546875,43785.10896,0.302734375,5950.017446,0.24856186,0.165362594,0.518646426,0.224609375,46096.98831,0.185546875,43784.26163,0.302734375,5950.025928,0.247649175,0.153451333,0.518133299,0.185546875,2544.909362,0.25390625,614.2217164,0.52734375,465.114584,1.140590641,1.422799988,0.761688511,21.98396546,0.574176542,-0.022938496,0.778545318,1.144123295,0.571958729,0.571974378,-0.102875765,0.586094607,5.479646564,90.00743696,88.89035287,0.014813389,0.00381012,4.058369312,89.07162534,89.07384295,0.021411018,0.004128935,4.241278487,70.11182569,67.16617555,0.352303958,0.4645103,4.771379389,67.35603487,67.35758001,0.341027139,0.522790289,5.279569732,3830.302567,16.77011928,-0.013716008,1.55604663,1.028610803,62.70984118,62.71109299,-0.115951762,0.845550865,5.938608504,43.78317147,43.78404619,0.248838031,1.760057794,6.838327564,371.1119649,70.52670212,-0.078651648,-0.170088042,1.599929368,358.2666599,50.91384638,0.047919376,0.466033773,1.618231679,76.48348766,2.25983962,5.522222222,0.074105401,98.94492232,0.2250,0.2250
769,E769_processed,0.185546875,68744.29361,0.224609375,54347.00256,0.244140625,51199.27377,0.2340453,0.150311904,0.499265226,0.185546875,68741.80206,0.224609375,54346.80142,0.244140625,51198.90454,0.233369034,0.140810023,0.498962603,0.21484375,44766.05183,0.1953125,38294.59568,0.15625,19461.63459,0.246131378,0.148971034,0.517637427,0.21484375,44765.70856,0.1953125,38293.47394,0.15625,19458.6017,0.245380172,0.137992891,0.517178499,0.1953125,1979.539245,0.21484375,1647.795429,0.15625,695.8432578,0.995829031,1.349876845,0.735832483,7.410946072,7.168274813,4.829484506,30.35221189,9.45475818,1.939150916,1.939204673,-2.914427781,123.1086046,18.07664924,86.54663391,85.478423,0.005157289,-0.285929308,3.512614255,85.55833471,85.56071142,0.00497356,-0.290111091,3.449640507,70.53513332,67.74178,0.335119111,0.152629506,4.423521376,67.75036718,67.75221812,0.339303275,0.160702725,4.914754104,3831.150093,16.54668412,0.046560655,1.08208846,1.027684195,58.40267536,58.40414568,-0.020221485,-0.209500653,3.87737229,42.72576335,42.72685293,-0.07014911,-0.343630739,3.403168541,184.7206236,67.1345821,0.020729636,-0.417177997,2.201718612,115.0730183,50.73185078,0.011690769,-0.283739063,2.582449645,72.36455067,1.667422865,4.554996318,0.080365508,71.24373153,0.1880,0.2130
770,E770_processed,0.234375,62463.52289,0.1953125,51664.74957,0.15625,41273.11726,0.236747283,0.147395767,0.508083443,0.234375,62463.40205,0.1953125,51663.86211,0.15625,41266.60365,0.236184787,0.139075184,0.507755266,0.21484375,50122.70461,0.361328125,2448.672043,0.537109375,2118.965835,0.243832038,0.141771201,0.512798968,0.21484375,50122.36668,0.361328125,2448.675537,0.537109375,2118.964263,0.243316961,0.133715303,0.51238928,0.1953125,1766.318815,0.244140625,820.0850075,0.537109375,418.1064392,0.955313837,1.312200194,0.729916747,21.83134148,0.502735057,-0.149933743,0.111730225,1.109566264,0.501784865,0.501798344,-0.157244317,0.102572028,4.624974227,82.93329653,81.78786822,-0.013135102,0.028709852,4.596464098,81.76918598,81.77145422,-0.012276709,0.034410442,4.504239706,71.53295262,68.77745684,0.375494553,0.317832874,4.687829563,69.01207268,69.01380215,0.395133791,0.378444241,5.22746636,3832.230291,15.91223549,-0.001443276,0.902297998,1.023434032,54.66416547,54.66567675,0.045373693,-0.129803294,3.465006008,44.25253923,44.25371862,-0.053587491,0.205988998,4.231105953,63.4175924,63.41712684,0.00089171,-0.310669236,3.49067913,86.51975743,52.77514662,-0.104348209,0.137440367,3.328714512,70.33297822,2.002561205,5.309467456,0.071036879,88.6207801,0.2250,0.2130
771,E771_processed,0.205078125,64253.01331,0.244140625,47095.33258,0.15625,42540.06922,0.23708713,0.156296534,0.508266841,0.205078125,64252.22464,0.244140625,47095.2553,0.15625,42532.78332,0.236412478,0.147005636,0.507908088,0.205078125,49402.13065,0.3125,8972.140592,0.537109375,1882.126383,0.249568095,0.159512853,0.52132947,0.205078125,49401.74157,0.3125,8972.176333,0.537109375,1882.123548,0.248826867,0.14940384,0.520882367,0.205078125,2103.82857,0.263671875,422.5217912,0.546875,420.4629981,1.114650336,1.404128076,0.757095086,7.477038597,7.234210494,4.88667793,30.9324235,9.337493995,1.902893546,1.902946368,-3.404039054,127.5704705,18.50041901,85.87226677,84.77884887,-0.027074886,0.12854698,4.377367154,84.7750486,84.77739222,-0.029226843,0.122917937,4.268671699,71.1783416,68.23172412,0.37122185,0.292919482,4.54924915,68.36633657,68.36799646,0.411672776,0.392308856,5.139606692,3831.817274,16.64798089,0.013774112,1.777875625,1.034728072,57.10815297,57.10973943,0.086002615,0.008732059,3.650289225,45.44651721,45.44676243,-0.588476318,5.626175826,8.903143133,98.48022902,66.1345855,-0.024934519,-0.202942778,3.035854743,281.2802194,51.7473126,-0.112501918,0.441814984,1.658514921,72.98582433,1.846072128,4.880010959,0.077518805,83.89800144,0.2130,0.2130
772,E772_processed,0.21484375,76942.3991,0.234375,58874.97265,0.17578125,35053.97017,0.234125235,0.130181058,0.487815966,0.21484375,76941.65574,0.234375,58874.715,0.17578125,35051.91348,0.233716673,0.123439325,0.487585975,0.205078125,50585.29624,0.322265625,3118.84425,0.380859375,1535.633043,0.238088988,0.126301667,0.49760236,0.205078125,50584.54491,0.322265625,3118.846551,0.380859375,1535.634613,0.23768003,0.119269528,0.49731275,0.205078125,2070.362034,0.546875,312.6406694,0.52734375,235.9069028,0.873669532,1.262769976,0.70040779,21.79802926,0.479472663,-0.09161072,0.091812941,1.128358059,0.478721365,0.478734559,-0.096821925,0.08966468,5.689229308,80.08603682,78.92341372,-0.00776136,-0.152564715,3.613798878,78.98600384,78.98808929,-0.006356238,-0.157286155,3.50645021,71.77439809,68.60200289,0.316133895,0.007954334,3.80188392,68.55541352,68.55731789,0.320403755,0.01472259,4.292489005,3830.638127,15.08465665,0.036541402,0.480127389,1.020130294,51.26778135,51.26909634,-0.01136868,-0.218056388,3.741069556,43.1606667,43.16183456,-0.005143951,-0.281209481,3.403360145,173.8552829,60.52350902,-0.047082819,-0.361470581,1.894031885,73.92423152,51.7296669,-0.075080601,-0.359002443,2.874426696,67.01838704,1.872114017,4.917307692,0.077424343,80.80387546,0.2130,0.2130
773,E773_processed,0.185546875,56631.35441,0.224609375,51026.1198,0.263671875,35541.15694,0.238383183,0.139297021,0.506858585,0.185546875,56629.24415,0.224609375,51025.84865,0.263671875,35541.06347,0.237898504,0.131824869,0.506582067,0.224609375,53013.12516,0.1953125,46772.0206,0.3125,4459.270151,0.239064349,0.130351854,0.505210002,0.224609375,53012.55516,0.1953125,46771.09323,0.3125,4459.243986,0.238583226,0.122354513,0.504883934,0.185546875,1698.733518,0.537109375,428.1293272,0.3125,196.3018621,0.946134268,1.32017975,0.724544033,7.479504198,7.236418587,4.884048971,30.90019735,9.299573361,1.90384441,1.903897175,-3.368750315,126.5892531,18.48754492,80.37518693,79.17761177,-0.02354136,-0.112100737,3.986951847,79.17170147,79.17389535,-0.020830003,-0.109070747,3.893918012,74.82021769,71.46891062,0.310321196,0.346991837,4.367223193,71.53417125,71.5360445,0.319201764,0.351902007,4.896590365,3829.706747,15.72975057,0.026886446,1.114390803,1.02690586,51.51096324,51.5122555,0.00928394,-0.086717975,3.631879659,45.76164813,45.76279272,-0.046518483,-0.14264887,3.89485808,87.26806581,60.50019163,-0.040209224,-0.280207878,3.009517014,218.5665677,54.19942284,-0.129747388,-0.149109594,1.848004602,68.90388715,1.928364078,5.020280009,0.076512634,88.24732559,0.2250,0.2250
774,E774_processed,0.1953125,62454.85969,0.234375,60292.11612,0.21484375,59031.25894,0.237037705,0.137394156,0.499273862,0.1953125,62453.65782,0.234375,60291.96277,0.21484375,59030.77358,0.236567632,0.130005031,0.498999359,0.21484375,47052.83958,0.341796875,3713.858263,0.537109375,1761.551811,0.24234166,0.132003111,0.513153695,0.21484375,47052.4436,0.341796875,3713.865255,0.537109375,1761.553408,0.241890155,0.124487883,0.512811937,0.1953125,2047.120378,0.537109375,443.8084832,0.283203125,330.4230317,0.895776587,1.266068448,0.717377812,21.79377939,0.495403788,-0.086845494,-0.006498754,1.135754362,0.496746706,0.496757671,-0.143788402,0.165505593,5.692143436,83.62319966,82.45096369,-0.00186842,0.037485299,3.990707141,82.41602422,82.41830182,-1.56E-05,0.038283908,4.272114202,73.12154902,69.66256753,0.307905263,0.603169447,4.395360114,69.66217969,69.66408148,0.317709065,0.618726836,4.976940827,3829.81196,15.93867729,0.01507272,1.301431374,1.023380897,52.33974922,52.34119635,0.049279488,-0.140690938,3.62395758,43.60505211,43.60616276,-0.052975363,0.18554731,3.584552992,84.16238159,62.63591069,-0.058312062,-0.230007925,2.977139602,104.6872969,52.13733469,-0.095704823,0.092250752,2.488652458,68.12560654,1.892389066,4.933333333,0.077755212,82.51982562,0.2250,0.2250
775,E775_processed,0.224609375,73783.84397,0.185546875,64152.77554,0.37109375,1864.571848,0.23674954,0.14451248,0.495729367,0.224609375,73783.64523,0.185546875,64150.99278,0.37109375,1864.572809,0.236206643,0.136509847,0.495428749,0.224609375,55274.1964,0.205078125,47201.13195,0.3125,4497.234546,0.243755083,0.14053856,0.513358106,0.224609375,55274.00559,0.205078125,47200.51723,0.3125,4497.225324,0.243247301,0.13277128,0.513032558,0.185546875,2214.492424,0.546875,462.8958758,0.52734375,408.8236577,0.994856198,1.326081204,0.738321098,7.476057842,7.233262046,4.887067843,30.94277823,9.297302598,1.901667613,1.90172045,-3.396270856,127.6879851,18.50241681,86.06978858,84.9115119,-0.002087305,0.013038918,3.886515182,85.15512408,85.15745656,0.009159916,0.012068211,4.065832368,76.33749972,73.09757269,0.395403089,0.244460517,4.094315391,73.35775427,73.3596444,0.391692257,0.304098967,4.570086797,3829.768977,16.6371114,0.012041085,2.013476536,1.041109405,55.35274058,55.35427722,0.032992771,0.137782718,4.047655629,47.035081,47.03636923,-0.126647164,0.292822445,4.945423651,144.8936299,65.95639941,-0.032340418,0.028738056,2.67718288,56.41681654,56.21451536,0.00804771,0.241063016,4.671003167,72.63963131,1.99481923,5.132299474,0.075732024,93.82905385,0.2250,0.2250
776,E776_processed,0.224609375,68299.41833,0.185546875,60754.75394,0.341796875,3296.724688,0.24045225,0.149242114,0.505314873,0.224609375,68299.62509,0.185546875,60753.23253,0.341796875,3296.706193,0.239760896,0.139445537,0.505017546,0.21484375,57254.79801,0.185546875,38470.85863,0.2734375,15435.95842,0.245349739,0.145522518,0.517018655,0.21484375,57254.42319,0.185546875,38468.43607,0.2734375,15436.02921,0.24473355,0.136687832,0.516712138,0.185546875,1887.105897,0.205078125,1730.981162,0.52734375,420.1827491,0.999155615,1.335025972,0.737443437,21.8344224,0.510935856,-0.072102283,0.036951268,1.117534256,0.510148149,0.510162111,-0.082639389,0.012199425,4.857822306,83.29760111,82.12678107,-0.012652909,-0.115750519,3.745164277,82.25840188,82.26044721,0.006453287,-0.07439158,3.84944141,75.62603304,72.55692123,0.382760681,0.437512436,5.135913711,72.85826578,72.8597772,0.369013189,0.485392576,5.672299615,3830.643372,16.45527677,0.044347059,1.372087962,1.031782188,57.13478881,57.13535086,-0.502958335,4.74446386,8.374985493,49.35590426,49.35628922,0.393902206,4.29478733,8.060624958,346.800534,63.93838516,-0.011642505,0.314006897,1.820345302,424.4276375,55.74515433,0.141852344,1.036433201,1.528139937,75.50160001,1.983214093,5.054519774,0.077626463,97.88408837,0.2250,0.2130
777,E777_processed,0.17578125,56734.55546,0.1953125,52161.06751,0.224609375,51837.47575,0.240711772,0.163419282,0.515621228,0.17578125,56731.30486,0.1953125,52159.92186,0.224609375,51837.4996,0.239873107,0.152561827,0.515253266,0.205078125,57330.13048,0.224609375,54406.026,0.283203125,12517.94276,0.248319271,0.154015504,0.516087048,0.205078125,57329.34155,0.224609375,54405.75425,0.283203125,12517.94035,0.247656152,0.144629915,0.515625624,0.1953125,2135.497261,0.2734375,408.5870797,0.537109375,374.023758,1.135698518,1.411612333,0.767082228,7.388733841,7.146280731,4.816168297,30.2344463,9.488143911,1.947151188,1.947205098,-2.7894203,122.5744134,17.96345163,84.95962038,83.70963631,-0.08176379,0.073098616,4.399410194,83.83660952,83.83882735,-0.085598057,0.077443998,4.405220647,76.62947022,73.89296534,0.338821227,0.357982131,4.323577849,73.94251964,73.94452712,0.348917893,0.371866479,4.804175045,3831.418128,17.0292481,0.008315868,1.916788412,1.027845322,57.0387147,57.04005089,0.193445196,0.46003642,5.188883684,45.41009491,45.41135538,-0.0485292,-0.089880794,3.837012878,316.0490519,65.18316229,0.033928468,-0.031093462,1.763083986,62.02374649,54.95778457,-0.110138476,-0.095618179,3.418368803,72.90924909,2.0020236,5.147370095,0.075561123,90.91460519,0.2250,0.2000
778,E778_processed,0.185546875,50127.20907,0.205078125,46746.76371,0.546875,1866.970959,0.234986941,0.144360409,0.507243827,0.185546875,50125.70606,0.205078125,46746.19317,0.546875,1866.970214,0.234491256,0.137008479,0.506976381,0.21484375,44756.06998,0.234375,41849.37083,0.33203125,2740.98066,0.242315749,0.139508751,0.508189638,0.21484375,44755.9105,0.234375,41849.04769,0.33203125,2740.98634,0.241802673,0.131597118,0.507854768,0.1953125,1466.713237,0.283203125,328.8059384,0.556640625,214.0427955,0.959371618,1.303802379,0.731998599,21.91017655,0.472265841,-0.084785462,0.021607269,1.086130454,0.471739151,0.471752009,-0.089723951,0.028391907,4.0539474,78.51954594,77.14993043,-0.076768776,0.027223735,4.013605481,77.11897191,77.12110293,-0.074848256,0.029713019,4.157325657,67.97877148,65.31304056,0.352038189,0.518041204,4.2073798,65.43697714,65.43857376,0.36665233,0.528397496,4.693938786,3833.863597,14.8956113,0.00860716,0.949247691,1.021135077,52.10208159,52.10348686,0.073101752,-0.233687098,3.64000988,43.15883104,43.15946526,-0.286511649,1.399600909,6.119025488,88.02357406,60.29368544,-0.038448187,-0.296930332,3.035558066,194.6709792,50.01550286,-0.064644283,0.164679004,1.75634231,67.65731878,1.849175369,4.903825137,0.076896779,79.80942009,0.2000,0.2250
779,E779_processed,0.244140625,68356.06071,0.185546875,58854.15855,0.205078125,49648.84713,0.237248351,0.138231282,0.493852001,0.244140625,68355.84495,0.185546875,58852.29016,0.205078125,49648.27898,0.236702866,0.129835019,0.493586429,0.224609375,57291.76648,0.1953125,39075.01789,0.322265625,3995.478806,0.244958535,0.134601199,0.503058846,0.224609375,57291.36797,0.1953125,39074.31689,0.322265625,3995.497551,0.244496568,0.127105717,0.502718602,0.1953125,1798.874765,0.224609375,1438.712795,0.263671875,444.4595458,0.927680296,1.294571967,0.721231372,7.441665852,7.19757619,4.817623457,30.13323506,9.629402801,1.931640389,1.931693959,-3.024585654,124.2907006,18.48900354,80.72035612,79.51907639,-0.115575966,-0.029113723,4.32154139,79.64563644,79.6476514,-0.115244458,-0.018933176,4.202742456,70.39532701,68.49858025,0.341231401,0.13612029,4.622697753,68.50489521,68.50674055,0.347991345,0.152043345,5.056759963,3838.409633,15.10506264,0.027413906,1.010795971,1.025973144,52.66229293,52.66334235,-0.080497703,0.884002846,5.982332609,41.83859087,41.83955949,-0.062182666,-0.174498678,3.366727499,280.9614743,61.24532042,-0.086991095,-0.091335278,1.607164726,135.038653,50.83390858,-0.045256149,-0.267214482,2.274568862,67.26051119,1.91989075,5.023690678,0.076073033,80.32738325,0.2250,0.2250
780,E780_processed,0.1953125,47618.11373,0.244140625,42606.96974,0.224609375,41896.48359,0.234734292,0.135419425,0.50052057,0.1953125,47617.27322,0.244140625,42607.09624,0.224609375,41896.15416,0.234261652,0.128179911,0.500324399,0.224609375,45383.3334,0.33203125,2496.452149,0.3515625,1631.358844,0.24013032,0.132799861,0.49867908,0.224609375,45383.09005,0.33203125,2496.448617,0.3515625,1631.358765,0.239621289,0.124541381,0.498332547,0.1953125,1519.381684,0.234375,923.3415741,0.546875,220.3352928,0.897107493,1.264115679,0.711816068,22.00081482,0.461548308,-0.115421473,-0.091136792,1.068714281,0.460900875,0.460913601,-0.114627657,-0.092479376,3.724775214,75.99804975,74.81749618,-0.090630409,-0.12990542,3.947809464,74.95825409,74.96004094,-0.086712559,-0.137318077,3.847745647,63.66854577,62.60867303,0.27266732,0.35213837,4.332226167,62.59937155,62.60110052,0.291019179,0.363703064,4.624301991,3848.219102,14.59213568,-0.042258225,0.532779829,1.02312584,50.40773129,50.40860145,-0.033462025,0.393237165,5.245301693,38.29890864,38.29996887,-0.03115266,-0.283920051,3.584583212,237.9202866,58.40895691,-0.063063711,-0.302119226,1.659443132,55.34949018,46.75199017,-0.051870384,-0.18236224,3.427978122,63.30809361,1.799349737,5.071468927,0.069959717,68.91503892,0.2250,0.2250
781,E781_processed,0.185546875,52678.38211,0.234375,44397.22971,0.21484375,42681.01347,0.23290967,0.135660428,0.49439896,0.185546875,52676.4919,0.234375,44397.0748,0.21484375,42680.60522,0.232399303,0.127606257,0.494109482,0.205078125,42024.01516,0.234375,35809.4026,0.146484375,9356.062933,0.239442909,0.134343432,0.499963835,0.205078125,42023.43003,0.234375,35809.28891,0.146484375,9353.460597,0.238888317,0.12549626,0.499617719,0.1953125,1677.026331,0.2734375,266.2321732,0.537109375,209.6513304,0.874343178,1.253768194,0.698203639,7.429417927,7.184489199,4.777357388,29.63631428,9.726648401,1.938496178,1.938549967,-2.702808675,122.2105984,18.72828856,72.51483547,71.62542436,-0.107033101,0.138831848,4.243529038,71.67809873,71.68005365,-0.099083834,0.132407233,4.123194171,62.64950245,62.43554763,0.345837929,0.180119168,4.394135615,62.4275853,62.42931793,0.354369835,0.195929575,4.526771826,3860.221605,13.99879733,0.047696455,0.995274561,1.021794836,47.00447226,47.00577793,0.089474377,0.044429143,3.885333842,39.10146016,39.10251682,-0.082603029,-0.213491605,3.401593666,57.27204113,55.57614293,-0.020117461,-0.15199256,3.420153671,52.15678333,47.09874871,-0.022482312,-0.22743559,3.524430643,61.14368308,1.879248456,4.976090973,0.075894024,73.48334438,0.2250,0.2000
782,E782_processed,0.224609375,48395.16529,0.1953125,46245.85351,0.2734375,13941.03691,0.232383312,0.132848498,0.494686438,0.224609375,48395.05446,0.1953125,46245.30696,0.2734375,13940.93819,0.231866224,0.124486496,0.494432139,0.224609375,50127.0436,0.1953125,35010.21026,0.3515625,1784.612321,0.237944712,0.126996392,0.485956921,0.224609375,50126.89755,0.1953125,35009.20768,0.3515625,1784.605648,0.237460015,0.118806254,0.485644539,0.1953125,1564.96538,0.21484375,1031.657241,0.546875,165.875894,0.877258725,1.251277724,0.69524978,22.12694389,0.450706129,-0.123338829,-0.246223747,1.059563585,0.4498636,0.449876087,-0.121626496,-0.253479363,3.656920221,69.73523563,69.00869357,-0.103613953,-0.058122986,4.047486288,69.09665424,69.09855355,-0.087227919,-0.046862934,3.928433039,62.15100335,62.03593994,0.331032702,0.070337564,4.045529219,62.19362498,62.19533682,0.320369414,0.106713133,4.186165185,3862.073662,13.16376685,0.078220292,0.806723339,1.023385348,45.93828637,45.93948692,0.052336192,-0.108501869,3.741756235,38.36902929,38.37008261,0.008483932,-0.141128177,3.800301403,105.0604508,53.81066169,-0.04791792,-0.257125748,2.595769788,111.1052284,46.86498188,-0.014216897,-0.110460988,2.903342174,59.85565719,1.739317983,5.083806818,0.067297806,66.73777469,0.2250,0.2250
783,E783_processed,0.205078125,52065.21754,0.17578125,30411.56843,0.3515625,1218.470105,0.231209663,0.122404279,0.485603565,0.205078125,52064.66042,0.17578125,30410.0224,0.3515625,1218.472123,0.230888139,0.116736578,0.485403622,0.205078125,35959.32189,0.244140625,30812.27406,0.29296875,5160.787445,0.23700393,0.117725152,0.486092867,0.205078125,35958.77788,0.244140625,30812.16961,0.29296875,5160.83374,0.23663475,0.111071439,0.485873389,0.205078125,1639.800354,0.29296875,160.3222714,0.5078125,128.0009899,0.760649334,1.157796679,0.665040659,7.595441654,7.347171256,4.823589497,29.87354819,9.511839244,1.882323497,1.882375227,-3.57140241,130.4714432,19.06253573,67.24483816,66.43215453,-0.068021061,-0.304473021,3.321613913,66.44501217,66.44680302,-0.069864464,-0.303425885,3.535003754,58.91648152,58.69276434,0.297643387,0.065895024,4.081090788,58.72238903,58.7240111,0.295348837,0.079723551,4.193430573,3858.261517,12.50629818,0.063799456,0.562461394,1.016991794,43.31873751,43.31993945,0.054504976,-0.425928937,3.11724075,36.66974712,36.67044326,0.009227686,0.86596984,5.390179309,83.13016505,51.29727252,0.022434663,-0.401804746,2.714934199,140.5613369,44.11686661,-0.024816225,-0.084318141,2.160316005,56.75683715,1.85268925,5.009390798,0.073829981,67.93893601,0.2130,0.2130
784,E784_processed,0.185546875,39359.71852,0.234375,35598.88604,0.341796875,1456.730396,0.230822175,0.110573441,0.482693302,0.185546875,39358.87439,0.234375,35598.56754,0.341796875,1456.724946,0.230546059,0.105844742,0.482690474,0.21484375,35470.76483,0.185546875,33360.56682,0.361328125,900.038865,0.230531246,0.101238387,0.471003829,0.21484375,35470.44017,0.185546875,33359.61653,0.361328125,900.0380083,0.230277485,0.09587785,0.470824836,0.185546875,1654.621389,0.537109375,127.7868789,0.5078125,61.19450327,0.607294557,1.018784956,0.612646252,22.2520161,0.3611157,-0.143579647,0.021586428,1.078727783,0.360769278,0.360779042,-0.135477884,0.019169189,4.807112095,63.66623888,62.7306484,-0.072394323,-0.257564348,3.441651397,62.98645519,62.98779927,-0.105657804,-0.127230912,4.523483756,57.67899914,57.52576974,0.248557712,-0.043769655,3.722506167,57.55150357,57.55302388,0.252758808,-0.040468026,3.819141821,3859.016798,11.98543353,0.063973563,0.29646599,1.017718192,43.29820997,43.29851592,0.667048689,6.339960821,9.173509515,35.11714377,35.11794327,-0.043028025,-0.170956491,3.258936296,369.325399,49.1022094,0.183159553,1.003258414,1.43523693,93.17785944,43.35147246,-0.021514196,-0.305374171,2.405510588,55.74972126,1.388885906,4.705759162,0.062720163,48.77481644,0.2250,0.2250
785,E785_processed,0.224609375,42679.50864,0.17578125,32687.05772,0.3515625,1078.538333,0.234879928,0.130594182,0.494825822,0.224609375,42679.33871,0.17578125,32685.24765,0.3515625,1078.537742,0.234369739,0.122241373,0.494569766,0.224609375,41530.33939,0.1953125,35695.21141,0.361328125,1078.764122,0.234865492,0.124196024,0.476937206,0.224609375,41530.0524,0.1953125,35694.53384,0.361328125,1078.764906,0.234421627,0.116563328,0.476621052,0.1953125,1343.369778,0.21484375,1144.930447,0.52734375,147.1104261,0.876160584,1.265392269,0.687584041,7.482471514,7.234487395,4.729049916,28.91362628,9.647326269,1.938881981,1.938935756,-2.705844883,122.1032649,18.67228266,62.04633038,61.24137706,-0.089302067,-0.152978095,3.954773933,61.33091373,61.3324801,-0.086251998,-0.154843244,4.096408417,57.47661882,57.45736179,0.337369456,0.443987505,5.083419415,57.43566317,57.4372092,0.344628756,0.458943176,5.11373189,3863.283367,12.12219554,0.152957802,1.272612501,1.020522888,39.98626812,39.98732144,0.009422356,-0.071618307,3.950490953,35.1093902,35.11030526,-0.036831837,-0.022936209,3.875827494,138.9610807,47.1942123,-0.003432303,-0.267876476,1.997820498,50.57655993,43.18530996,-0.067327141,-0.047658618,3.385576647,53.21390243,1.751988618,4.963875964,0.071103248,61.51285517,0.2250,0.2250
786,E786_processed,0.21484375,40581.13696,0.244140625,30219.11783,0.33203125,1655.769608,0.232726938,0.121078734,0.486856108,0.21484375,40581.18829,0.244140625,30219.16907,0.33203125,1655.773559,0.232347619,0.114652805,0.486684459,0.21484375,57615.1367,0.380859375,1143.250441,0.52734375,727.0426024,0.233833471,0.111996292,0.462136975,0.21484375,57614.74261,0.380859375,1143.249486,0.52734375,727.0423725,0.233500342,0.105710794,0.461901758,0.21484375,1715.448159,0.52734375,136.2612883,0.302734375,97.55442559,0.700218077,1.107070402,0.632134703,22.3730912,0.367933686,-0.072767311,0.088898855,1.065031416,0.366737961,0.366747946,-0.100774942,0.099834861,4.136963557,62.39412096,61.72046987,-0.087469177,0.141563889,3.907220203,61.74008263,61.74176452,-0.081690478,0.142170546,4.086069433,56.88096109,56.87952507,0.308126299,0.064955142,4.627700112,56.94029237,56.94172891,0.312283687,0.077491771,4.667643282,3865.604983,11.76273816,0.119031891,0.299523445,1.015983686,40.61490878,40.6157861,-0.112480833,0.540698762,5.172189468,34.61932534,34.6201857,-0.014871146,-0.002857171,4.461320332,152.9340738,47.5812366,0.015878794,-0.050669632,2.170595707,170.3711853,42.71339714,-0.009477606,-0.263593103,1.829504796,53.36852385,1.417607049,4.861684783,0.059976659,49.07781929,0.2130,0.2130
787,E787_processed,0.224609375,40140.82699,0.1953125,32070.31042,0.546875,834.1930857,0.233380707,0.112974097,0.476349267,0.224609375,40140.29483,0.1953125,32070.17186,0.546875,834.1921449,0.233097143,0.107883953,0.476264214,0.234375,39390.43105,0.205078125,28436.32867,0.3515625,871.091086,0.23496926,0.103121383,0.470508329,0.234375,39390.29293,0.205078125,28435.94436,0.3515625,871.0916301,0.234695223,0.097431289,0.470311052,0.205078125,1271.223419,0.234375,710.4537936,0.546875,119.57475,0.658811075,1.067674437,0.634146586,7.512059795,7.262480358,4.703382483,28.52792885,9.61302665,1.933350893,1.933404595,-2.733819773,122.9244032,18.74926465,60.46050614,59.77223202,-0.087392531,0.01651689,4.155030383,59.99884747,60.00047175,-0.082322966,0.016826757,4.354583521,54.08098275,54.0808199,0.233275297,0.186359947,4.089121513,54.06672876,54.0682177,0.23812953,0.19313286,4.09870158,3865.333849,10.86597137,0.076844076,0.594595038,1.012590284,38.9260188,38.92678162,0.282574695,1.617981495,6.529171018,31.49321772,31.49409186,-0.034117341,-0.04716211,4.036502321,260.8344482,46.04203627,0.034713849,0.284242455,1.619495919,57.9042684,39.78284458,-0.061495263,-0.098188751,3.035232187,50.07167013,1.638867209,4.925308965,0.067558004,51.61463442,0.2250,0.2250
788,E788_processed,0.224609375,35853.66247,0.185546875,31386.67565,0.615234375,844.9525127,0.23133886,0.114960123,0.489039038,0.224609375,35853.82368,0.185546875,31385.35153,0.615234375,844.9524204,0.231087337,0.110483049,0.48895261,0.224609375,43643.43295,0.361328125,840.0200969,0.517578125,516.4085253,0.235942229,0.104609314,0.461480694,0.224609375,43643.24558,0.361328125,840.0212496,0.517578125,516.4084811,0.235669424,0.098996175,0.461280251,0.205078125,1074.440156,0.224609375,928.5109987,0.537109375,95.82162282,0.641411911,1.042152965,0.628344019,22.49904288,0.360639746,-0.088213072,-0.196311775,1.045327444,0.360160628,0.360170366,-0.084213982,-0.159161943,3.417238693,58.2293355,57.5345515,-0.105705488,0.038330934,3.945227917,57.63821862,57.6396823,-0.099843392,0.067930552,3.8170575,51.16895294,51.1697841,0.228356949,0.174210822,3.786803694,51.16414976,51.16556723,0.230523768,0.179783481,3.807433846,3866.012312,10.40856365,0.074333833,0.408449552,1.012181645,38.97554144,38.97617129,-0.137727085,2.106245526,6.772409657,29.83817959,29.839001,-0.019952454,-0.102539361,3.570365322,223.2331943,44.85771929,-0.03992402,0.143405972,1.764230342,57.73822141,37.60972387,-0.032095686,-0.110507258,2.883757978,49.08673863,1.396294063,4.711315789,0.062906057,41.66401996,0.2250,0.2250
789,E789_processed,0.224609375,29675.59807,0.1953125,28225.65219,0.15625,12231.05966,0.231264952,0.108770039,0.479512591,0.224609375,29675.36094,0.1953125,28225.24839,0.15625,12229.17143,0.231037179,0.104352944,0.479388946,0.21484375,27383.10964,0.1953125,24117.93417,0.537109375,490.2485047,0.234386975,0.101665879,0.468601186,0.21484375,27383.03235,0.1953125,24117.31114,0.537109375,490.2480703,0.234149882,0.09682795,0.468458225,0.1953125,1125.473625,0.25390625,369.8567836,0.537109375,86.27748104,0.635076118,1.038803788,0.627894018,7.53921481,7.288077781,4.679595896,28.16817261,9.499277817,1.935244545,1.935298218,-2.736815306,122.9139137,18.3139593,55.87704944,55.18224075,-0.0841901,-0.023842776,3.736282286,55.26092192,55.26244877,-0.085917197,-0.031588018,3.583668817,49.47031367,49.45510995,0.231945218,-0.018095973,3.596480329,49.5181966,49.51944557,0.228769372,-0.025629927,3.559851142,3868.11363,10.08061933,0.098503537,0.42891919,1.013022309,35.26087658,35.26182968,0.035673051,-0.192375263,3.569482996,30.10060394,30.10116717,-0.141636689,0.488741689,5.289846163,78.28878082,42.32986097,-0.013713709,-0.263103074,2.682940779,142.1857481,37.00178979,-0.071595301,-0.148070403,1.784549057,46.36245137,1.548290948,4.886807096,0.064833905,46.60536464,0.2250,0.2250
790,E790_processed,0.234375,38160.12836,0.185546875,31357.33084,0.2734375,10509.63525,0.229131702,0.110391628,0.473326792,0.234375,38160.07513,0.185546875,31356.34991,0.2734375,10509.63564,0.228856029,0.10511841,0.473183658,0.224609375,34925.0259,0.341796875,1010.342903,0.5078125,446.0474709,0.233169983,0.103822265,0.46266664,0.224609375,34924.81884,0.341796875,1010.340284,0.5078125,446.0487729,0.232870351,0.097761133,0.462493936,0.185546875,1068.218395,0.21484375,797.6356483,0.29296875,116.7075234,0.699384646,1.114212166,0.644321207,22.62099223,0.337723533,-0.033037523,-0.115582641,1.082666611,0.337098972,0.337107974,-0.020009426,-0.129295291,5.448312944,56.65758682,56.05143681,-0.08921663,-0.297249331,3.741076383,56.08603218,56.08757526,-0.083842564,-0.294176617,3.616193125,51.593022,51.41765724,0.237492636,0.074923143,4.016302244,51.48415781,51.48558065,0.249892706,0.084686975,3.937193079,3872.792329,10.31313653,0.114600645,0.384681913,1.013677178,35.99804667,35.99897816,0.083728742,-0.230538928,3.981383378,31.00009169,31.00088815,-0.099552178,0.674035541,5.505385135,64.69373138,43.16519234,0.000136707,-0.389494832,2.750140526,132.3556946,38.44246674,-0.023020878,-0.113677378,2.053809776,47.50769932,1.298436408,4.588746803,0.061664114,40.25268184,0.2250,0.2250
791,E791_processed,0.224609375,36497.43114,0.185546875,25035.59963,0.146484375,7496.971464,0.232663668,0.103949667,0.477687746,0.224609375,36497.27925,0.185546875,25034.72659,0.146484375,7494.715117,0.232458212,0.09966169,0.477553536,0.224609375,26974.38758,0.1953125,21242.59921,0.2734375,6493.608052,0.230782692,0.102599648,0.472339033,0.224609375,26974.29462,0.1953125,21242.04542,0.2734375,6493.640233,0.230526144,0.097450413,0.472209132,0.205078125,987.1248656,0.29296875,110.5200715,0.52734375,93.39955666,0.634797109,1.034565596,0.62359799,7.566450783,7.313674118,4.655605894,27.81483022,9.450485049,1.929635264,1.929688799,-2.699285148,122.8841359,18.30192009,54.42227111,53.95676773,-0.10736209,-0.261015488,3.583061971,53.94966286,53.95116016,-0.102997503,-0.267541732,3.488299952,47.50872315,46.87287454,0.222598587,-0.082410068,4.345165399,46.90550398,46.90675728,0.222186425,-0.079386352,4.219134021,3878.851573,9.672879044,0.165915275,0.267326016,1.01290344,33.16059319,33.16148334,0.021213212,-0.365356619,3.367132667,29.37561702,29.37627511,0.077653942,0.163044536,5.048112463,93.45727088,40.65652896,0.026113117,-0.426158741,2.154513027,132.2035177,35.51534766,-0.035541806,-0.311288603,1.854568482,44.30180037,1.448108282,4.790262671,0.063107704,42.54002727,0.2250,0.2250
792,E792_processed,0.224609375,29665.00081,0.546875,582.5029987,0.615234375,468.546501,0.232954165,0.107081372,0.477968024,0.224609375,29664.95746,0.546875,582.5036464,0.615234375,468.5461566,0.23276032,0.103249787,0.477863679,0.224609375,26548.62856,0.1953125,18508.33349,0.380859375,457.2091835,0.232271836,0.104571333,0.47302137,0.224609375,26548.52772,0.1953125,18507.87321,0.380859375,457.2081701,0.232005953,0.099213416,0.472841807,0.185546875,761.7505036,0.234375,512.9465443,0.556640625,95.8201633,0.678603331,1.078345283,0.6499386,22.75352384,0.30873669,-0.027240152,0.266789565,1.077331501,0.307216252,0.307224649,-0.016724045,0.221666249,5.516410467,51.40755407,51.04527667,-0.132282837,-0.1206636,4.438530175,51.06602847,51.06741427,-0.128713387,-0.116591085,4.364823905,46.90195019,46.0507842,0.209149273,0.039250497,4.102078042,46.06961864,46.0708717,0.21511264,0.042906857,4.018339747,3882.183082,9.044704166,0.13422595,0.455414962,1.011815238,32.48255234,32.48323093,-0.077564437,0.304528697,5.231324209,28.2501799,28.2509177,-0.001473802,-0.075257286,3.831544063,107.6018319,38.74846306,0.011655929,-0.286489646,2.301391342,109.7441735,34.55116236,-0.050947146,-0.279751068,2.094632543,43.04967645,1.189861328,4.536708861,0.057811539,33.61467446,0.2250,0.2250
793,E793_processed,0.234375,29549.22891,0.185546875,19295.0304,0.556640625,532.5287844,0.234262352,0.112651275,0.48403365,0.234375,29549.11598,0.185546875,19294.47871,0.556640625,532.5286529,0.234034169,0.108479977,0.483943989,0.224609375,25597.16296,0.15625,6488.548666,0.3515625,560.9046326,0.233826912,0.110624503,0.478746396,0.224609375,25597.05583,0.15625,6487.507889,0.3515625,560.9050651,0.233550785,0.105295981,0.478551488,0.185546875,643.4541562,0.263671875,191.1902623,0.283203125,135.2288554,0.732645577,1.128119976,0.669089651,7.666233105,7.411039476,4.66802913,27.77947933,9.33900757,1.900883367,1.900936172,-3.159067018,126.601854,18.49634306,51.27652925,50.85407519,-0.133843172,-0.068119217,4.175653328,50.88428176,50.88562137,-0.130300912,-0.072088278,4.07028192,44.72420197,44.43164205,0.216833567,0.104322898,4.009782893,44.50400996,44.50522001,0.237565454,0.141638728,3.892207194,3876.420814,9.201798923,0.122432015,0.403529013,1.010555687,32.17723703,32.17794856,0.096228949,-0.113167427,3.787076384,27.58267896,27.5834398,0.023809993,-0.073723881,3.569124089,136.9741743,38.61617086,0.043886134,-0.279921387,1.945704365,58.45346231,33.74618207,-0.11635031,0.054212079,3.640524729,42.3823846,1.338216951,4.68084308,0.061077094,36.9126267,0.2250,0.2250
794,E794_processed,0.224609375,29942.77154,0.1953125,21340.06838,0.17578125,15207.68831,0.235332256,0.116396159,0.489346578,0.224609375,29942.63,0.1953125,21339.66383,0.17578125,15206.84474,0.23506325,0.111527447,0.489192372,0.234375,27334.33012,0.17578125,13153.99416,0.322265625,1622.411475,0.236926331,0.111686717,0.477895653,0.234375,27334.24716,0.17578125,13153.32016,0.322265625,1622.411081,0.236644491,0.106297952,0.477694228,0.1953125,708.8971994,0.17578125,558.2588062,0.537109375,97.03953733,0.737951642,1.126177179,0.665543553,22.8700436,0.32583486,-0.035941062,-0.16697074,1.060249968,0.324788414,0.324797434,-0.017126058,-0.169832767,4.020630815,52.9850006,52.16462822,-0.145600738,-0.060925788,3.880773194,52.14886562,52.15031327,-0.150933507,-0.058727097,3.773698383,46.00825247,46.00398667,0.264704842,0.244577013,4.001441917,45.99813879,45.99939466,0.265070416,0.238894493,4.028243911,3865.549268,9.645709035,0.207557932,0.327485032,1.012705266,32.83433533,32.83524331,0.080384158,-0.258672168,3.247867794,27.69209824,27.69284883,-0.038336412,-0.041990034,3.594709724,47.14966512,39.50595978,0.018491516,-0.257687134,3.123367336,35.14818789,34.21862925,-0.067698188,-0.140507628,3.446898203,42.95401121,1.26894541,4.91010929,0.052633303,35.14071341,0.2250,0.2250
795,E795_processed,0.224609375,30120.38464,0.185546875,16904.18237,0.15625,14110.3932,0.236213036,0.123794454,0.490149727,0.224609375,30120.19261,0.185546875,16903.58555,0.15625,14108.40518,0.235839636,0.117444067,0.4899606,0.234375,28290.87522,0.21484375,28190.47992,0.361328125,572.4072466,0.233964081,0.111189402,0.469269231,0.234375,28290.86244,0.21484375,28190.32327,0.361328125,572.4056078,0.233625668,0.104757409,0.469053782,0.185546875,713.5233506,0.205078125,696.5714813,0.234375,459.4130005,0.815751385,1.216716847,0.682811075,7.682105454,7.426242551,4.655730658,27.58999307,9.342719835,1.903981031,1.904033919,-3.184791407,126.8303511,18.59060696,52.20678781,50.91792023,-0.085273246,-0.118070549,3.704226368,50.94830806,50.94971451,-0.090802735,-0.118012194,3.572315734,49.07825151,48.94868192,0.187041146,-0.064017745,4.239049143,48.92470285,48.92605544,0.194372126,-0.057377442,4.318355861,3858.070744,9.434303826,0.098193274,0.362649565,1.011894794,32.29895337,32.29978819,0.032425438,-0.073908245,4.077128961,29.68727475,29.68805193,-0.04774585,-0.251989173,3.530592345,109.8357739,38.61697966,0.023657998,-0.303027276,2.06462032,45.70958643,36.5978551,-0.036085571,-0.381263099,3.04612132,43.87091,1.314228852,4.721713105,0.058948371,39.0168944,0.2250,0.2250
796,E796_processed,0.205078125,26455.31241,0.234375,21980.98726,0.2734375,9987.591002,0.233740931,0.110460781,0.484737884,0.205078125,26455.03024,0.234375,21980.87039,0.2734375,9987.568857,0.233505535,0.105953199,0.484614229,0.234375,21828.94962,0.1953125,16545.71336,0.33203125,1070.688,0.235092288,0.104027735,0.479888484,0.234375,21828.87047,0.1953125,16545.1517,0.33203125,1070.691941,0.234843274,0.099212206,0.479791913,0.1953125,809.2806877,0.234375,397.4122512,0.546875,102.7502079,0.649383153,1.034975651,0.64344371,22.95997493,0.311070735,-0.118375453,-0.151916547,1.04262518,0.310119096,0.310127699,-0.083622513,-0.171765009,3.950987443,51.8894298,50.44965181,-0.116041127,0.088402097,3.834882187,50.41474843,50.41614358,-0.109032903,0.090425076,3.730243351,45.48798126,45.08507125,0.152836147,0.068390789,3.721575135,45.17717138,45.17830625,0.146703682,0.109708848,3.910717946,3854.206691,9.085771051,0.082762071,0.378095419,1.011515628,31.61746503,31.61831301,0.049223283,-0.163956249,3.755975483,28.65227517,28.65272027,0.339837766,2.476472692,7.554418937,50.36610079,38.1915731,-0.05308963,-0.205984279,3.350040381,197.6608787,34.05151416,0.05819095,0.116113486,1.528778293,42.66961561,1.196974431,4.611282051,0.056291329,34.29657354,0.2000,0.2250
797,E797_processed,0.234375,26330.66601,0.17578125,17976.93059,0.263671875,12305.95269,0.234518161,0.111668369,0.48616759,0.234375,26330.39323,0.17578125,17975.95421,0.263671875,12305.9834,0.234273677,0.107332942,0.486115474,0.234375,24813.06093,0.185546875,16390.49397,0.3125,1435.4724,0.23236046,0.099114309,0.467705261,0.234375,24813.01114,0.185546875,16389.99212,0.3125,1435.4745,0.232131444,0.094312508,0.46757655,0.185546875,700.995637,0.546875,90.70080088,0.29296875,89.43792489,0.639460703,1.027851149,0.639819014,7.629538147,7.37397455,4.606091687,27.05185035,9.459214911,1.931919093,1.931972666,-2.714027223,122.4575475,18.7462203,48.9720803,47.3161114,-0.14127366,-0.167200784,3.27752403,47.48183936,47.48305699,-0.120781306,-0.134811342,3.555448868,44.68291905,43.91582606,0.142325741,-0.055675772,3.542550338,43.99921768,44.00043893,0.136477727,-0.057885792,3.793136521,3850.555376,8.50457087,0.05483317,0.247461206,1.010353448,31.66462686,31.66516354,-0.365555764,2.738546627,7.698009148,26.99218002,26.99286418,-0.048637134,0.15601879,4.444280699,231.8270193,36.52963638,-0.08534473,0.156290837,1.454136294,83.59991599,33.11329345,-0.005392058,-0.305932086,2.260175027,41.60886082,1.270102328,4.671632559,0.058197102,34.28369963,0.2250,0.2250
798,E798_processed,0.224609375,26348.95645,0.17578125,20038.68695,0.322265625,1698.369799,0.236582693,0.102457109,0.478745651,0.224609375,26348.93964,0.17578125,20037.49447,0.322265625,1698.375011,0.236424283,0.099068626,0.478635192,0.224609375,21597.70878,0.244140625,20318.00339,0.1953125,14601.2539,0.237125067,0.101337422,0.474300957,0.224609375,21597.43884,0.244140625,20317.86587,0.1953125,14600.88899,0.236889447,0.09662646,0.474200832,0.17578125,624.1066809,0.1953125,600.9424404,0.224609375,345.1741267,0.624119309,0.996320893,0.640945147,23.02986576,0.292506522,-0.089903082,-0.285295018,1.036583029,0.292784898,0.292792042,-0.10473011,-0.2404743,3.573836942,52.28287324,50.61667555,-0.146651794,-0.137344978,3.922651287,50.63602719,50.63739042,-0.14014747,-0.141555688,3.787846599,44.32016892,43.18018046,0.088582448,-0.10766876,3.420527126,43.27731381,43.27835453,0.079286137,-0.074920569,3.702510623,3848.211647,8.332028371,0.033582028,0.063043216,1.007950434,30.76973204,30.77044684,0.077501633,-0.352728252,3.204369533,27.06092331,27.06121414,0.44410763,4.065100612,8.143393913,86.06586756,37.76631788,-0.005439486,-0.416586757,2.189891098,156.8270329,32.3080885,-0.056458803,-0.00996127,1.899114641,40.97718523,1.120155923,4.599487179,0.052949231,30.3127793,0.2250,0.2250
799,E799_processed,0.224609375,25119.30727,0.25390625,20750.9676,0.185546875,18108.00929,0.242039535,0.111981519,0.487662965,0.224609375,25119.25175,0.25390625,20750.91913,0.185546875,18107.46212,0.241817799,0.107760595,0.487533307,0.224609375,25671.44593,0.29296875,2508.523369,0.3125,2070.348657,0.236505256,0.102940102,0.465039264,0.224609375,25671.23824,0.29296875,2508.526007,0.3125,2070.34735,0.236243568,0.097528799,0.464853432,0.1953125,663.5626417,0.546875,107.7891886,0.3125,73.81512621,0.686419569,1.073947419,0.653602738,7.714548691,7.457320347,4.63011085,27.2098396,9.277653025,1.90202307,1.902075879,-3.109288139,125.6901589,18.69929752,48.92120617,46.99937486,-0.157714356,0.00638909,3.670873514,47.03350916,47.03479217,-0.150680985,0.006859355,3.681487379,46.1055367,44.54108888,0.121690672,0.164157474,3.73163447,44.57221098,44.57343028,0.132569022,0.168554608,4.162943188,3844.754505,8.44121057,0.003462129,0.657403665,1.013620088,27.59333839,27.59409622,0.044350368,-0.224688794,3.34166876,26.22025857,26.22098446,-0.005687978,-0.086689003,3.177881758,39.69858107,34.55488521,0.026027246,-0.248564927,3.282516745,33.20476072,32.82229291,-0.081277216,-0.108792295,3.308733542,38.06539336,1.2148747,4.649266837,0.056203394,31.85521063,0.2250,0.2250
800,E800_processed,0.234375,36963.18898,0.185546875,17234.65919,0.546875,606.7639714,0.242923268,0.106578311,0.46773349,0.234375,36963.06627,0.185546875,17234.07099,0.546875,606.7642404,0.242724002,0.102539001,0.467612321,0.234375,35933.79608,0.1953125,17636.61302,0.302734375,1993.667477,0.237343157,0.102406759,0.452362023,0.234375,35933.68453,0.1953125,17636.20607,0.302734375,1993.6768,0.237088101,0.09723237,0.452215293,0.1953125,744.927876,0.234375,432.0425878,0.546875,101.1341585,0.680888076,1.046699497,0.653844291,23.08301503,0.271886752,-0.005121349,0.015327738,1.042810611,0.270702425,0.270709859,0.001555336,0.010665608,3.897001605,51.64905762,49.69240042,-0.161204969,-0.161416996,4.232328141,49.69947428,49.7008251,-0.154509475,-0.160914624,4.115890604,48.21643909,46.1821508,0.129334282,0.096400742,3.768999193,46.18825792,46.18954068,0.132838131,0.099628925,4.25205027,3841.802763,8.516058521,0.030156741,0.587216219,1.014443541,27.90720389,27.90794561,0.053212555,-0.315583993,3.435231184,27.11595938,27.11660253,-0.061741326,0.106956281,4.558905702,38.18966019,35.88864629,0.001852031,-0.39180565,3.202394428,79.07435083,33.87603995,-0.056329966,-0.235703292,2.224204186,38.91225464,1.02533912,4.189719626,0.058411399,27.80371337,0.2250,0.2250
801,E801_processed,0.244140625,30146.32459,0.185546875,10901.43171,0.556640625,935.4805312,0.247873599,0.112293453,0.481845292,0.244140625,30146.254,0.185546875,10901.09722,0.556640625,935.4806141,0.247598366,0.107117128,0.481699179,0.244140625,25970.73941,0.185546875,10302.68459,0.52734375,738.591046,0.240658217,0.10482095,0.469374787,0.244140625,25970.7088,0.185546875,10302.32345,0.52734375,738.5909786,0.240377574,0.099074802,0.469169813,0.185546875,462.9540631,0.21484375,406.8225697,0.244140625,296.0470201,0.751482645,1.114345559,0.686528408,7.723679353,7.465798739,4.62198175,27.09881142,9.249522505,1.900646632,1.900699428,-3.123217002,126.3769044,18.6458878,49.22079388,46.9983083,-0.170655919,0.152283542,4.511004039,47.04222951,47.04351861,-0.173158774,0.154914617,4.437628698,46.62111432,44.06838665,0.132889129,0.299200622,4.530765793,44.05943015,44.06065237,0.140970438,0.310837244,5.157724418,3839.365695,7.978350766,0.032817631,0.860222686,1.011085062,26.33856238,26.33928855,0.131142266,0.285078517,4.644316376,25.2238488,25.22452148,0.022484013,-0.015531396,3.655769463,147.6503287,33.6104039,0.024343354,0.126715297,1.809824484,34.39498315,31.85555266,-0.078468393,0.004534872,3.444274625,36.46963951,1.160255242,4.569461401,0.05556784,29.26688328,0.2250,0.2250
802,E802_processed,0.234375,25194.35374,0.1953125,17153.4104,0.17578125,14409.31086,0.245528742,0.107134033,0.482875052,0.234375,25194.15795,0.1953125,17153.05894,0.17578125,14408.749,0.245260213,0.101979322,0.482782652,0.234375,23945.25853,0.1953125,13409.687,0.52734375,481.6979985,0.240830474,0.102666208,0.463205431,0.234375,23945.23556,0.1953125,13409.34429,0.52734375,481.6980885,0.240554007,0.09700446,0.463035805,0.1953125,702.0278985,0.224609375,404.0993848,0.283203125,97.65378755,0.695944989,1.075051906,0.654789706,23.12292484,0.276244641,0.026348516,-0.041976489,1.04292161,0.275231236,0.275238869,0.032822305,-0.040761206,3.619085441,50.428821,48.10058995,-0.194865515,0.077085742,3.796084187,48.23641338,48.23769899,-0.179250799,0.072057553,3.666257111,46.43276531,43.52687289,0.123163032,0.121038776,3.610920411,43.58158442,43.58272682,0.132482383,0.119246471,4.24795162,3837.832968,8.283936562,0.050277624,0.370927908,1.009843219,28.38196373,28.38249775,-0.222998524,2.431543457,7.082196683,24.82285714,24.82348596,0.015111249,0.011434969,3.695944811,205.9641268,34.99515376,-0.068327495,0.217880573,1.550104933,58.40583813,31.59595417,-0.041096383,-0.102247351,2.650165301,37.70638717,1.055257439,4.288516746,0.057377841,26.19516822,0.2250,0.2250
803,E803_processed,0.244140625,31523.52176,0.185546875,16333.34221,0.556640625,597.5047225,0.246090377,0.106927646,0.473851925,0.244140625,31523.476,0.185546875,16332.84516,0.556640625,597.5048332,0.245850706,0.102171291,0.473730644,0.234375,25216.36143,0.517578125,542.2783016,0.546875,415.2546441,0.238673795,0.103331996,0.471327947,0.234375,25216.30701,0.517578125,542.27825,0.546875,415.2541537,0.238396594,0.097617628,0.471142864,0.185546875,658.3255826,0.224609375,338.3069115,0.546875,91.69780999,0.717598942,1.095456917,0.668479314,7.755285834,7.496814442,4.636050009,27.22375918,9.183337342,1.888559394,1.888611857,-3.329075162,128.4816764,18.63691297,49.5675271,47.06752601,-0.184070515,0.049672249,3.831908532,47.10337241,47.10453809,-0.188527677,0.049106627,3.692395145,47.59589508,44.47895574,0.13868463,0.083120731,3.621807925,44.47320537,44.47442726,0.14389751,0.086806808,4.278610163,3836.531535,8.086947056,0.016761125,0.702649435,1.011116647,26.33030509,26.33083167,0.17817028,0.136834889,4.840632288,25.8499176,25.85056683,0.013443264,-0.169288558,3.36181116,111.6419071,33.67806335,0.026617892,-0.186069468,1.918104741,39.03377097,32.45452073,-0.042267627,-0.240085399,3.070121884,36.89938349,1.133334464,4.519822979,0.055477291,29.29733831,0.2250,0.2250
804,E804_processed,0.244140625,27147.61355,0.1953125,15625.35536,0.341796875,926.759242,0.24553127,0.10903828,0.482443004,0.244140625,27147.55106,0.1953125,15624.98905,0.341796875,926.760324,0.245279817,0.104202692,0.482323919,0.244140625,25915.062,0.185546875,16742.647,0.52734375,717.4303061,0.238440085,0.103118379,0.470036765,0.244140625,25914.99139,0.185546875,16742.0939,0.52734375,717.4304787,0.238166229,0.097565197,0.469865806,0.185546875,739.0329594,0.21484375,452.0627399,0.537109375,119.2144347,0.687013702,1.064989613,0.653300656,23.0823118,0.269482353,-0.042717228,-0.069064607,1.038056465,0.267901428,0.267908716,-0.041439666,-0.049673842,3.539288872,48.93750916,46.32481877,-0.17548293,-0.038132767,3.5790332,46.4224235,46.42354461,-0.166677594,-0.033010936,3.4324714,48.27091498,45.01969688,0.128448549,0.141950518,4.381391985,45.08921565,45.09038654,0.132114644,0.159985705,4.42062962,3835.896827,8.443363252,-0.016201699,0.659743659,1.01361136,26.07764037,26.07829541,0.02674875,-0.12324623,3.518800862,26.19351961,26.19423203,-0.022327972,-0.076892686,3.69512807,107.9591544,33.44971933,0.000697397,-0.184039276,2.071838097,48.16691021,33.16069231,0.005016879,-0.034759259,3.319438953,36.96234953,1.024064284,4.437220844,0.052012189,26.82457746,0.2250,0.2250
805,E805_processed,0.244140625,26287.75197,0.1953125,12885.83591,0.546875,619.7894276,0.246262095,0.109051627,0.479581433,0.244140625,26287.76544,0.1953125,12885.51912,0.546875,619.788274,0.246026379,0.104473052,0.479460204,0.244140625,31685.94688,0.537109375,706.8775625,0.517578125,604.5897315,0.242977869,0.10110828,0.463388973,0.244140625,31685.94781,0.537109375,706.8773255,0.517578125,604.5894987,0.242730756,0.095943103,0.463223574,0.1953125,472.8097757,0.244140625,405.7645341,0.537109375,104.6715101,0.692767656,1.058803813,0.66174529,7.733877802,7.477245619,4.660545123,27.54937737,9.197331122,1.892204649,1.892257197,-3.368193122,128.3790148,18.6088368,47.42263483,44.659594,-0.190540547,0.046128804,4.36879226,44.61725932,44.61849793,-0.185648474,0.04413252,4.270212091,46.57929456,43.1483588,0.086874864,0.039937557,3.453201074,43.15531772,43.15650485,0.094090033,0.041881132,3.85272615,3835.330365,7.669842261,0.022535516,0.531694272,1.009105431,24.94764169,24.94820889,0.059271803,0.45398927,4.908529519,24.42466723,24.42529518,0.035518797,0.051509345,3.798653978,40.55213336,31.85140237,0.025202494,-0.154950378,3.351965648,31.04638307,31.03130319,-0.043458439,-0.1426449,3.629228352,34.91429753,1.084358239,4.425245289,0.055373004,26.48577007,0.2250,0.2250
806,E806_processed,0.244140625,38310.61722,0.1953125,13413.2716,0.556640625,791.2428147,0.249660302,0.098698641,0.458585348,0.244140625,38310.49795,0.1953125,13412.93671,0.556640625,791.2422786,0.24946443,0.094671313,0.458512968,0.244140625,29500.16137,0.517578125,744.2046812,0.380859375,226.5218997,0.246176777,0.099734806,0.460540681,0.244140625,29500.13061,0.517578125,744.2038963,0.380859375,226.5209969,0.24596365,0.095406056,0.460444004,0.1953125,461.3585393,0.244140625,240.9170603,0.517578125,120.162897,0.677904636,1.019177426,0.662407638,22.97027204,0.24100351,0.048557805,0.183670254,1.044020766,0.23977576,0.239781316,0.017981644,0.185448761,4.179050513,48.19132259,45.4791528,-0.208605835,0.305526692,4.166996032,45.55413096,45.55529045,-0.198847464,0.315555618,4.062450073,44.76169801,41.10958727,0.090459514,-0.236057737,3.227978973,41.14346985,41.14455248,0.097610771,-0.228572033,3.494399143,3835.33928,7.332067616,0.053706612,0.406258782,1.011430963,24.67481179,24.67528304,-0.12675236,2.254200718,7.067529582,23.13760589,23.1380401,-0.159463439,0.753314029,5.967446936,174.73671,31.84147368,-0.027417886,0.345824665,1.628480437,76.36148937,29.32390039,-0.038722137,-0.321762949,2.479543812,33.82659446,0.898259932,4.071363636,0.054190386,20.78397432,0.2250,0.2250
807,E807_processed,0.244140625,28742.09823,0.185546875,11782.97369,0.556640625,693.0985165,0.249797969,0.106842024,0.477636694,0.244140625,28742.01222,0.185546875,11782.58681,0.556640625,693.0984068,0.249524232,0.101317641,0.477468634,0.244140625,23055.03428,0.15625,3580.973973,0.52734375,677.1621325,0.241347621,0.101393526,0.467848972,0.244140625,23055.01851,0.15625,3580.402952,0.52734375,677.1617822,0.241082534,0.095887308,0.467676552,0.1953125,444.3517835,0.52734375,99.11574413,0.556640625,78.90905605,0.733542811,1.107029115,0.675260253,7.709204271,7.453425309,4.674499369,27.78165662,9.211634755,1.892300972,1.892353479,-3.335988007,128.214307,18.60452164,46.87043567,44.11150448,-0.177712211,-0.055460379,4.168562489,44.11763841,44.11885146,-0.178101595,-0.056229415,4.059475747,45.47458546,41.84813855,0.098989898,0.094497604,3.551819513,41.8470148,41.8481767,0.107249369,0.097862845,4.243248043,3835.212844,7.276628426,0.021917378,0.444422047,1.009834801,23.52640668,23.52704673,0.09391632,-0.193039925,3.246589562,23.42397312,23.42460783,0.027413644,-0.152229844,3.325505071,45.41921815,30.8900856,0.009863269,-0.280748956,3.002391874,32.89471155,30.01647073,-0.082681934,-0.220930599,3.21821149,33.19991234,1.024615339,4.317261606,0.054972327,24.0012125,0.2250,0.2250
808,E808_processed,0.244140625,26749.23269,0.1953125,12893.60852,0.556640625,674.0600366,0.246913535,0.096544534,0.468842858,0.244140625,26749.1878,0.1953125,12893.35591,0.556640625,674.0602508,0.246763705,0.093175415,0.468745099,0.244140625,25001.95107,0.224609375,19507.65491,0.1953125,12322.04327,0.239067768,0.09274895,0.463722165,0.244140625,25001.91713,0.224609375,19507.57391,0.1953125,12321.81252,0.23889765,0.088918928,0.463620369,0.1953125,561.0503286,0.224609375,313.2324191,0.244140625,290.2082404,0.637445748,0.990846954,0.643038163,22.84460378,0.242893089,-0.033181659,-0.191698656,1.038208946,0.241580725,0.241587013,-0.019061345,-0.166287685,3.715353043,47.35587372,44.63726759,-0.151574935,-0.230113325,3.527674539,44.69403345,44.69522646,-0.149256914,-0.238338403,3.390654749,45.88075196,42.26224757,0.105456009,-0.143870714,3.158343397,42.43983916,42.44092981,0.145892613,-0.035271317,4.434723842,3835.415039,7.238995019,0.079772916,0.402797004,1.009548787,23.71173601,23.71239174,0.056364756,-0.326587595,3.031514685,24.10850335,24.10916178,-0.021082383,0.110648035,4.670729001,38.69640921,31.4484211,0.003851304,-0.420596638,3.030355692,33.14202124,31.11626498,-0.104728991,0.188431608,4.830346027,33.81610865,0.922193422,4.431280788,0.046963827,22.23331041,0.2250,0.2250
809,E809_processed,0.244140625,29180.64706,0.1953125,12560.6253,0.56640625,426.4346501,0.246031729,0.095083481,0.462927125,0.244140625,29180.51959,0.1953125,12560.32251,0.56640625,426.4356139,0.245878082,0.091690364,0.462856801,0.234375,23712.05425,0.205078125,13679.16456,0.52734375,510.464106,0.240171319,0.093727403,0.467446847,0.234375,23711.95811,0.205078125,13679.005,0.52734375,510.464932,0.240040434,0.090679835,0.467329778,0.205078125,417.3018201,0.234375,283.0545855,0.263671875,141.4404747,0.609173828,0.942638331,0.64387968,7.680034009,7.425695966,4.699195589,28.15468062,9.235889569,1.892650748,1.892703307,-3.360678058,128.4085496,18.60827964,46.30351814,43.57841618,-0.162811825,-0.089734997,3.781716531,43.69300539,43.69421205,-0.167171169,-0.075066537,3.64672687,44.24348199,40.44220853,0.122801574,0.17010314,4.359447117,40.44967006,40.45079357,0.134857021,0.175531479,5.220809661,3835.251946,6.992413465,0.076550865,0.517549066,1.010988419,24.1831342,24.18362015,0.336026514,2.14560445,7.215053332,23.30120561,23.30171113,-0.082291355,0.232253606,4.574909537,150.4849016,31.01145542,0.077212237,-0.041581977,1.636819478,71.90016454,29.3192381,-0.048269929,-0.07773924,2.44274405,33.58299011,0.985022839,4.283620328,0.053681465,22.95271765,0.2250,0.2250
810,E810_processed,0.244140625,28799.21873,0.1953125,11318.07305,0.546875,347.4602232,0.246195405,0.093892202,0.457845179,0.244140625,28799.19591,0.1953125,11317.87405,0.546875,347.4603485,0.246049073,0.090473089,0.457748832,0.244140625,22044.42038,0.15625,5053.071099,0.517578125,365.182511,0.238495033,0.094052223,0.464907926,0.244140625,22044.39247,0.15625,5052.269005,0.517578125,365.1820438,0.238342827,0.090632243,0.464798515,0.1953125,374.6444721,0.537109375,61.44544476,0.556640625,52.45032171,0.63268765,0.977430698,0.652583884,22.69367371,0.232900251,-0.011416843,-0.249676029,1.031494429,0.23022752,0.230233653,-0.021024165,-0.237071544,3.540625641,44.10394329,41.18138844,-0.175367299,0.198105455,4.265650778,41.17749557,41.17863576,-0.174987378,0.197943641,4.191806856,42.17561703,38.16576793,0.082753125,0.021423522,3.710415425,38.1621582,38.16321119,0.093227291,0.023248712,3.776093653,3835.182638,6.471394694,0.047945046,0.465226404,1.00658364,21.74108655,21.74167065,0.064608578,-0.109739579,3.692494242,21.93578686,21.93639482,0.034597355,-0.042266113,3.908640689,28.96081576,28.78806998,0.015394767,-0.097858268,3.709715476,30.34502839,27.70846054,-0.058541384,-0.204559099,3.843938495,30.88536321,0.87127129,4.562436548,0.041856193,19.11255101,0.2250,0.2250
811,E811_processed,0.244140625,24538.21157,0.21484375,12160.30666,0.615234375,319.5367239,0.243470273,0.093356038,0.455756361,0.244140625,24538.18068,0.21484375,12160.19664,0.615234375,319.5363595,0.243321423,0.08994133,0.455664682,0.234375,21563.34692,0.205078125,13739.86436,0.537109375,422.6026984,0.23799704,0.091340491,0.459889842,0.234375,21563.28633,0.205078125,13739.67525,0.537109375,422.6026949,0.237856821,0.088162064,0.459801639,0.205078125,389.219233,0.234375,302.0221898,0.537109375,72.1526371,0.625145758,0.979084358,0.642460498,7.680385322,7.427382028,4.746023433,28.74613148,9.218112117,1.877563992,1.877616145,-3.525153179,130.9858889,18.77387573,44.36886297,41.44631143,-0.123076733,-0.077864872,3.34298267,41.48571687,41.48683142,-0.12281498,-0.081382037,3.321224943,42.10140941,37.98861933,0.117791101,-0.037552303,3.353105323,38.04523659,38.04629141,0.126376679,-0.038783657,3.713706303,3834.652064,6.376950597,0.131460222,0.304495051,1.007421413,22.34106752,22.34160872,0.090912838,-0.048146134,3.430368402,22.09058342,22.09115964,0.10723407,0.138864918,4.674449243,36.34835668,29.41904132,-0.011135299,-0.216577888,3.289876722,89.0643881,27.73657808,-0.066863498,-0.262156067,1.96361752,31.41921091,0.954209273,4.358163713,0.050238487,21.07958939,0.2250,0.2250
812,E812_processed,0.244140625,29910.74189,0.185546875,10553.06047,0.341796875,443.209764,0.241583408,0.089578086,0.447618141,0.244140625,29910.69892,0.185546875,10552.73891,0.341796875,443.2089801,0.241364444,0.084198736,0.447482216,0.244140625,20432.73442,0.166015625,5350.723845,0.52734375,384.6142401,0.238166443,0.089683954,0.456595567,0.244140625,20432.68852,0.166015625,5350.281259,0.52734375,384.6142348,0.238009941,0.085881598,0.456465809,0.1953125,357.6347581,0.537109375,60.65418566,0.322265625,26.807031,0.630683518,1.00500533,0.639036022,22.49781671,0.220819676,-0.110390689,-0.259671985,1.028679862,0.216637803,0.216643562,-0.059684294,-0.334090031,3.48663875,45.17355732,42.30055561,-0.138518024,-0.167789263,3.328787435,42.31195205,42.3131261,-0.139479026,-0.167004804,3.174835505,41.91682236,37.68633849,0.073545217,0.165189057,3.605699132,37.73713546,37.73815375,0.072263271,0.170906878,3.820132172,3834.505659,6.233062979,0.108606873,0.419048819,1.007692658,22.94815867,22.9487479,0.146771107,-0.024058077,4.197159318,21.54338264,21.54398048,0.041333922,0.116101057,3.551244989,55.24013601,30.02772832,-0.009664192,-0.333219273,2.658906907,33.51265138,27.5008226,-0.039220938,0.05181232,3.684786425,31.47678708,0.817282826,4.512060302,0.040144179,17.60752524,0.2250,0.2250
813,E813_processed,0.234375,22517.33919,0.1953125,9276.89974,0.615234375,398.3866892,0.238002492,0.088770026,0.453349807,0.234375,22517.26554,0.1953125,9276.682786,0.615234375,398.3865394,0.237889956,0.085981119,0.453272553,0.224609375,20604.72032,0.517578125,226.4107071,0.546875,222.947327,0.231004393,0.083809533,0.449537393,0.224609375,20604.6569,0.517578125,226.4113088,0.546875,222.9472288,0.230899595,0.081117975,0.449452983,0.21484375,323.7125166,0.1953125,312.2341116,0.17578125,280.1769523,0.51186682,0.838653111,0.603797897,7.560525708,7.311422431,4.75679065,29.11545668,9.349626961,1.908428998,1.908482009,-3.18327199,126.4773232,18.43046069,41.41927634,38.24775502,-0.101271093,0.006787721,3.537268947,38.27622686,38.27724004,-0.089585747,0.005150118,3.417414542,40.65964979,36.29826053,0.03141103,-0.054145396,3.452125897,36.29357996,36.2945787,0.043495456,-0.046200816,3.410920042,3834.291123,5.939152032,0.046992432,0.123233764,1.005653503,21.29386487,21.2944476,0.007294851,-0.185945046,3.289852765,21.58882873,21.58939925,0.039329822,-0.125491478,3.987830405,50.28808217,27.67962231,0.033673211,-0.202046144,2.4777333,29.86879794,26.98270857,-0.081959527,-0.329956871,3.669687032,30.32417614,0.906614351,4.402872424,0.046768171,19.57325918,0.2250,0.2250
814,E814_processed,0.234375,28203.98028,0.1953125,11321.20293,0.615234375,345.2390613,0.237566701,0.087386156,0.431439037,0.234375,28203.87609,0.1953125,11320.96539,0.615234375,345.2389277,0.2374426,0.084240281,0.431345801,0.234375,20332.70448,0.15625,3743.681652,0.33203125,386.3353407,0.229809609,0.085968832,0.447623565,0.234375,20332.61409,0.15625,3743.135957,0.33203125,386.33347,0.229715747,0.083654781,0.447546365,0.1953125,428.7924051,0.546875,56.98773225,0.29296875,35.44011204,0.518734405,0.851768246,0.600803058,22.27727602,0.195363148,0.019607401,-0.014655253,1.032909184,0.191416729,0.191421578,-0.016386154,-0.030737651,3.877957789,42.06381761,38.97681485,-0.072412752,0.148835381,3.961217965,39.04022424,39.04130807,-0.074690748,0.194763643,3.845855677,40.58580811,36.12384113,0.043055544,0.03029477,3.547884512,36.14885957,36.14986101,0.051416789,0.027343892,3.453269285,3834.284944,5.920295496,0.082678112,0.096425998,1.006120817,21.96559157,21.96613267,0.125003665,0.456773054,4.665357867,21.76543903,21.76601131,0.027530822,-0.218318186,3.467191603,61.29711038,28.3439422,-0.084647279,0.235820395,3.365794095,79.52164726,27.02973013,-0.088048006,-0.352724887,1.967249168,30.92361934,0.723009761,4.331400966,0.038537841,15.73703863,0.2250,0.2250
815,E815_processed,0.224609375,19546.81589,0.546875,186.1622781,0.615234375,180.0296063,0.233251201,0.083310495,0.441300625,0.224609375,19546.66924,0.546875,186.162521,0.615234375,180.0296553,0.233136229,0.080483238,0.441262724,0.234375,14986.0738,0.185546875,9883.004538,0.537109375,216.233446,0.226354493,0.087270444,0.459379652,0.234375,14986.00229,0.185546875,9882.740331,0.537109375,216.2335917,0.226256344,0.084809846,0.45928668,0.185546875,404.9305951,0.234375,170.281844,0.263671875,54.02259076,0.537866879,0.898919807,0.597736905,7.554403124,7.307023079,4.811651771,29.82515146,9.333762157,1.893813141,1.893865741,-3.397573371,128.960237,18.60444355,41.27257986,38.19406418,-0.078187908,-0.341438986,3.546163833,38.28566265,38.28665351,-0.072209412,-0.32344944,3.417859706,38.66017454,33.87650075,0.062581811,-0.021289386,3.905991678,33.9004525,33.90139044,0.069327809,-0.014179823,4.141024746,3834.094264,5.710691625,0.086405205,0.057598701,1.006170854,22.84627777,22.84658446,-0.362340338,3.37546602,7.839084333,21.400286,21.40085799,0.026939828,-0.223889915,3.503396953,171.7784524,28.24164174,-0.062570997,0.057022822,1.471943654,34.25674381,25.98604215,-0.109118865,-0.274392128,3.662143136,31.30436302,0.846403446,4.381708448,0.044084962,18.11375995,0.2250,0.2250
816,E816_processed,0.224609375,19954.90698,0.615234375,259.5147207,0.556640625,184.0140798,0.234887768,0.09304461,0.447353421,0.224609375,19954.81154,0.615234375,259.5146078,0.556640625,184.0139816,0.23463274,0.087254039,0.447222686,0.224609375,14162.15419,0.185546875,9083.314419,0.15625,4585.399417,0.224358384,0.088899943,0.458920902,0.224609375,14162.16128,0.185546875,9083.042021,0.15625,4584.497103,0.224199725,0.085336634,0.458858411,0.185546875,288.3748785,0.263671875,46.22941063,0.546875,36.21269003,0.620263637,1.030578774,0.625416413,22.07989355,0.198720689,0.362055197,4.022394414,1.112995447,0.196132524,0.196137891,0.33967337,3.689189764,12.41584094,38.37437167,35.06037116,-0.053410299,-0.038408248,3.466620148,35.13916677,35.1400673,-0.052732113,-0.0206435,3.793916503,37.48098556,32.58415921,0.074523359,-0.03096133,3.420751298,32.62665055,32.62746277,0.077972056,-0.03614197,3.363607306,3834.181728,5.306812958,0.054784499,0.107981696,1.004983612,20.02604403,20.02656022,0.041532853,0.062454176,4.058937845,21.52933835,21.52968835,-0.112749448,0.712975095,5.527479764,49.43071818,25.7603382,-0.019984554,-0.038871469,2.637939524,100.2283223,25.33225924,-0.105660298,-0.228646408,1.738911494,29.40392142,0.770421157,4.460696517,0.038718885,16.5869274,0.2250,0.2250
817,E817_processed,0.234375,19341.27127,0.615234375,301.9652594,0.56640625,227.8178592,0.235973939,0.087722669,0.446259617,0.234375,19341.29128,0.615234375,301.9653402,0.56640625,227.8178643,0.235856063,0.084870083,0.446199909,0.224609375,14796.61882,0.1953125,10370.95211,0.537109375,200.8496541,0.225486359,0.086852324,0.458321638,0.224609375,14796.54501,0.1953125,10370.75702,0.537109375,200.8496563,0.225379447,0.084122626,0.458219286,0.1953125,369.3142541,0.537109375,41.78879737,0.576171875,28.78736841,0.519794014,0.862664737,0.599997509,7.516508468,7.271234488,4.847041189,30.35475746,9.365817561,1.894151246,1.894203817,-3.380562564,128.4741658,18.60675636,39.39163929,36.23424386,-0.062805184,-0.182037777,4.036016598,36.29564999,36.29665768,-0.062674973,-0.177405643,3.947242386,38.28650857,33.50554298,0.062712119,0.263299136,4.093495748,33.50086527,33.50179566,0.071005135,0.265515639,4.13941731,3834.069492,5.627470304,0.085053393,0.325182443,1.006643022,21.21392703,21.21437797,-0.103366945,0.958157581,5.977738281,21.2025284,21.20311245,0.005127069,-0.004837435,3.690535653,70.94683892,26.69606125,0.022477885,-0.305340943,2.218162459,38.3425438,25.7150521,-0.088737911,-0.102025574,3.114537506,29.99369618,0.820835691,4.459575024,0.041273308,17.40427146,0.2250,0.2250
818,E818_processed,0.224609375,18689.70172,0.556640625,285.8121595,0.576171875,223.5458467,0.232252673,0.090150337,0.444957669,0.224609375,18689.56606,0.556640625,285.8119643,0.576171875,223.5458293,0.232116864,0.086804172,0.444860533,0.1953125,12691.85751,0.224609375,12558.13968,0.3515625,174.1168356,0.220776017,0.086435937,0.453878574,0.1953125,12691.62927,0.224609375,12558.08529,0.3515625,174.1172615,0.220683069,0.084076076,0.453789051,0.1953125,460.2366097,0.546875,39.328883,0.2734375,27.82626852,0.50864935,0.863750457,0.579437104,21.92371564,0.190053389,0.057951973,0.374132813,1.080789561,0.187379375,0.187384375,0.040585821,0.249526711,9.136095408,39.2371587,36.08877319,-0.055348081,0.061471124,3.734084344,36.09828482,36.09926201,-0.050710165,0.05831815,3.629548312,38.30374712,33.49749049,0.066324901,-0.061600758,3.767641572,33.50742758,33.50833983,0.076646707,-0.060591625,3.740678025,3834.169363,5.781155117,0.073499526,0.065328349,1.005685439,21.26841441,21.26888204,0.078435465,0.026505308,4.194781185,21.81990182,21.82048393,0.003626876,-0.287626898,3.351114657,65.71507938,26.72828065,0.026719001,-0.262042657,2.266665776,42.76826837,26.16677244,-0.074763807,-0.37395823,2.836278765,30.4712793,0.726862532,4.30911271,0.039145025,15.86049221,0.2250,0.2250
819,E819_processed,0.224609375,21504.50921,0.615234375,274.1967964,0.556640625,257.8773691,0.235761306,0.087722321,0.437050071,0.224609375,21504.41293,0.615234375,274.196836,0.556640625,257.8774432,0.23564627,0.084840509,0.436951846,0.234375,13881.35372,0.21484375,13077.18218,0.185546875,10720.38382,0.22643426,0.086161041,0.45505293,0.234375,13881.33257,0.21484375,13077.08472,0.185546875,10720.05014,0.226333689,0.083854641,0.455010394,0.185546875,431.9875188,0.205078125,333.4644772,0.234375,140.2334014,0.51913095,0.878836662,0.59182537,7.490708656,7.247033378,4.871982162,30.72133012,9.379801461,1.894379225,1.894431849,-3.407018754,129.1016433,18.60017985,41.32764271,38.34822547,-0.046640814,-0.172674488,3.478205399,38.34811197,38.34917461,-0.044731915,-0.172900199,4.036644566,39.19256646,34.54311687,0.085150948,0.010981077,3.566965183,34.58881366,34.58972274,0.082708603,0.026820803,3.516560255,3834.056493,5.758666986,0.117990583,0.054407742,1.006180766,21.31205096,21.31264067,0.036638379,-0.325444877,3.10141743,22.32381145,22.32424733,0.212682056,1.235826663,6.500473673,28.58195311,27.76082777,0.011834018,-0.456881478,3.249751635,108.7657756,26.55043803,-0.082466867,-0.209738754,1.830519078,30.86422963,0.781769513,4.435141409,0.039743287,17.45241597,0.2250,0.2250
820,E820_processed,0.234375,20966.82538,0.205078125,14048.60591,0.556640625,293.3687477,0.232465224,0.092943274,0.447641393,0.234375,20966.76176,0.205078125,14048.38203,0.556640625,293.3689498,0.232198009,0.086727064,0.447496062,0.234375,14628.89668,0.185546875,8638.506605,0.517578125,154.722461,0.225265233,0.085508858,0.455663226,0.234375,14628.86361,0.185546875,8638.256253,0.517578125,154.7227448,0.225118856,0.081779903,0.455549541,0.185546875,383.1910938,0.56640625,27.33746778,0.52734375,26.37426502,0.573841411,0.982246233,0.599541499,21.81670869,0.191311172,-0.030445013,0.008643194,1.028341732,0.189551877,0.189557033,-0.020037992,-0.007347952,3.832358757,39.29316425,36.12614619,-0.06262042,0.112181221,3.692948704,36.20342578,36.2044249,-0.054863996,0.110776862,4.162788823,37.64399961,32.79335942,0.1044446,0.162486449,3.442463377,32.86341568,32.86424345,0.108232439,0.159297189,4.001852948,3834.191926,5.505824391,0.110738884,0.263359856,1.006145226,21.34299799,21.34355958,0.052489313,0.097622865,4.155157052,20.89570308,20.89619952,0.015205031,0.067336819,3.53696798,55.14071122,26.87922114,0.000485327,-0.050474288,2.909821369,61.64919948,25.3081482,-0.075139795,-0.053682314,2.36942029,29.86969517,0.722372831,4.209624413,0.040763804,15.0948468,0.2250,0.2250
821,E821_processed,0.224609375,13644.79035,0.205078125,12342.6735,0.556640625,416.6302157,0.235145012,0.09495811,0.459905799,0.224609375,13644.70289,0.205078125,12342.66888,0.556640625,416.6313034,0.234976956,0.091234464,0.459840717,0.1953125,12126.00943,0.224609375,10670.02267,0.341796875,208.5984113,0.222258844,0.084642868,0.458470761,0.1953125,12125.76596,0.224609375,10670.00638,0.341796875,208.6028106,0.222129253,0.081658123,0.458450371,0.185546875,452.3579517,0.234375,124.4918019,0.546875,43.96485975,0.502787211,0.850527297,0.579861283,7.471163909,7.228599319,4.891638607,31.01721922,9.384426289,1.896002269,1.896054937,-3.449816327,129.6178492,18.58276087,36.99633884,33.71014918,-0.070870062,0.018860591,3.867486473,33.81054888,33.81132975,-0.053821131,0.039431547,3.901009289,37.48389655,32.71747514,0.077937101,0.146822945,3.581867212,32.77440475,32.77523195,0.075563839,0.154898428,3.600168153,3834.202853,5.618877414,0.067602946,0.178134357,1.005909507,20.79724551,20.79744995,-0.201331779,1.64548133,6.746063871,22.05004553,22.05038742,0.272792518,1.781104632,6.82071641,95.33294354,25.36505102,-0.05808778,0.017181706,1.934656364,114.1125516,25.66225815,-0.065898414,-0.044386523,1.728733209,30.31094703,0.751989821,4.364578982,0.039475464,16.5816669,0.2250,0.2250
822,E822_processed,0.234375,19626.08596,0.615234375,221.7699064,0.556640625,221.7001133,0.233973985,0.091824706,0.443601936,0.234375,19626.03921,0.615234375,221.7697362,0.556640625,221.7001193,0.233870384,0.089279765,0.443501151,0.234375,18575.28647,0.17578125,7848.305092,0.458984375,179.839013,0.224031332,0.082311967,0.44143238,0.234375,18575.21969,0.17578125,7847.888222,0.458984375,179.8389712,0.223956252,0.080287773,0.441351333,0.17578125,299.895036,0.21484375,240.2114874,0.234375,200.6237358,0.53038911,0.87500385,0.603997741,21.7542282,0.186290971,0.005852233,-0.164232317,1.027225779,0.184703791,0.184708539,-0.000368501,-0.162135364,3.40890393,38.17014537,34.9841043,-0.076416819,0.085043458,3.659372754,35.02004595,35.02098501,-0.071208013,0.086055534,3.691968661,39.28314359,34.7795734,0.084361286,0.105336548,3.442380819,34.78243163,34.78339326,0.091673967,0.106184782,4.029469217,3834.43873,5.502892884,0.124618717,0.316275568,1.006080465,20.36658923,20.36704481,-0.003629512,-0.058773558,3.867827131,21.80926291,21.80985802,0.015356884,-0.149554224,3.860831653,29.3473702,25.84482418,0.029078087,-0.219292563,3.378835317,26.87853802,26.60500188,-0.09315791,-0.197974341,4.10842841,29.84101911,0.687282892,4.044369369,0.042017858,14.98954229,0.2250,0.2250
823,E823_processed,0.234375,18607.41221,0.3125,657.0464692,0.556640625,407.8811689,0.235181656,0.096064893,0.44764859,0.234375,18607.3382,0.3125,657.0445762,0.556640625,407.8810531,0.235053226,0.093219315,0.44757531,0.21484375,13912.74088,0.234375,12992.07416,0.1953125,10348.64618,0.222109665,0.086687547,0.453879969,0.21484375,13912.63321,0.234375,12992.02641,0.1953125,10348.4484,0.222018757,0.084398919,0.453799742,0.17578125,384.7498132,0.556640625,38.39794311,1.9140625,9.139822453,0.512797969,0.872310079,0.587290266,7.464049278,7.221872635,4.897827119,31.11077483,9.374751879,1.899860405,1.899913155,-3.423347218,128.5187139,18.54191706,39.81684823,36.85768187,-0.061640037,0.007527911,3.902054454,36.87075452,36.87175265,-0.065124739,0.004858141,3.800014284,38.9212738,34.46500263,0.046913641,-0.048814769,3.858260158,34.46360301,34.46455936,0.053277847,-0.048410478,3.831447524,3834.479031,5.825822866,0.045709563,0.065174836,1.005837056,21.62655869,21.627051,0.00107011,-0.12702595,3.750302056,22.22844251,22.22905792,0.023582975,-0.214677376,3.811253228,79.9370174,27.2514108,0.000700912,-0.354800968,2.024884741,32.64061146,26.76012742,-0.061573693,-0.320147886,3.442749019,31.01387353,0.725989835,4.271040795,0.03979817,16.13807008,0.2250,0.2250
824,E824_processed,0.205078125,16679.78348,0.224609375,15843.46895,0.341796875,435.880956,0.234083689,0.100038685,0.452169426,0.205078125,16679.55355,0.224609375,15843.39001,0.341796875,435.8812347,0.233948604,0.097058303,0.452061338,0.224609375,14299.95476,0.166015625,12618.49913,0.3515625,206.6362801,0.218291011,0.087108129,0.454134622,0.224609375,14299.87117,0.166015625,12617.39989,0.3515625,206.6361249,0.218206973,0.084949006,0.454042326,0.17578125,467.7098373,0.546875,39.90752001,1.904296875,11.28573515,0.488949855,0.836569056,0.572361284,21.74035857,0.189607768,-0.092736583,-0.062925133,1.026859052,0.187773318,0.187778475,-0.076222258,-0.056125626,3.444166453,38.17905092,35.09073066,-0.087813288,0.078455786,3.805558192,35.10449838,35.10547306,-0.087261914,0.076770176,3.705254527,39.93180354,35.56030748,0.05136182,0.091074535,3.647684729,35.5613856,35.56237141,0.059526088,0.092051873,3.675957601,3834.865047,6.197819833,0.027382265,-0.014486808,1.006434191,20.66279425,20.66336653,0.028478358,-0.26793242,3.313812539,23.68488919,23.68554713,-0.004327524,-0.188218554,3.361859747,34.59387053,26.09510859,0.023297023,-0.310937301,2.914939123,28.0826312,28.08086751,-0.08056662,-0.23752076,3.326386097,31.43214691,0.712145743,4.029820628,0.043852812,16.86756157,0.2250,0.2250
825,E825_processed,0.224609375,26804.84908,0.576171875,301.5299211,0.556640625,297.3139002,0.2330876,0.092344438,0.433472527,0.224609375,26804.69764,0.576171875,301.5299513,0.556640625,297.313893,0.23297007,0.089462576,0.43336522,0.234375,18442.47444,0.205078125,11032.00207,0.166015625,9044.907153,0.225675783,0.088220474,0.451512642,0.234375,18442.41458,0.205078125,11031.84436,0.166015625,9044.215932,0.225577314,0.085769303,0.451421718,0.185546875,396.463611,0.546875,40.56054885,0.56640625,36.40499505,0.525982806,0.877783882,0.594874973,7.46823981,7.225956775,4.893922194,31.04349851,9.424983771,1.897221315,1.897273992,-3.404672031,128.6597554,18.57881878,41.51687327,38.72679799,-0.07078851,-0.204757931,3.667977812,38.78913006,38.79014567,-0.072376478,-0.197647659,3.543563119,39.8831849,35.66589763,0.060668612,-0.00904037,3.577939433,35.66235017,35.66333841,0.064906786,-0.005328993,3.500095869,3835.38106,6.060678349,0.086673982,0.190688273,1.006531565,22.58022252,22.58075555,0.073160739,-0.176589001,3.437510466,22.40602281,22.40661249,0.040513051,-0.07455876,3.932251135,48.53643374,28.72913758,0.02568347,-0.269975173,2.837337702,27.41431801,27.28514292,-0.082663493,-0.257649559,3.59630562,31.81111134,0.723817031,4.210724728,0.040823957,16.21828773,0.2250,0.2250
826,E826_processed,0.234375,14692.53694,0.1953125,13054.48066,0.322265625,629.9104104,0.236071696,0.101521731,0.458918046,0.234375,14692.53402,0.1953125,13054.22537,0.322265625,629.9119353,0.235905246,0.097939444,0.458803846,0.224609375,15620.66813,0.185546875,14348.09955,0.341796875,236.0418652,0.219500924,0.086125913,0.452194302,0.224609375,15620.57165,0.185546875,14347.6111,0.341796875,236.0417901,0.219409294,0.083730821,0.452096842,0.185546875,579.3299733,0.224609375,230.3870797,0.56640625,36.48441942,0.488417456,0.833840377,0.57252384,21.78772415,0.190398773,-0.059332057,-0.064689295,1.027589107,0.188214951,0.188219678,-0.072425324,-0.059806386,3.574968294,37.87593569,34.89969187,-0.142459626,0.033281992,4.009456327,34.88610792,34.88707171,-0.144725103,0.038901875,3.927131267,40.78120315,37.21532967,0.04492132,-0.081075442,3.466232948,37.19524734,37.19628003,0.041479989,-0.077953767,3.337611832,3837.639364,6.545468101,0.034283528,0.036150652,1.006171928,20.55641788,20.55685683,0.144911716,0.154002703,5.053056502,24.42788763,24.42856151,0.072156153,-0.098760465,4.029899962,39.62612913,25.74364859,-0.013581541,-0.298778664,2.692775665,31.08284781,29.09927949,-0.093437824,-0.27718117,2.997159741,31.9270885,0.719080735,4.053498871,0.043764054,17.56610796,0.2250,0.2250
827,E827_processed,0.21484375,20351.87303,0.33203125,616.6175904,0.556640625,372.0741958,0.233038871,0.09483874,0.449151954,0.21484375,20351.67139,0.33203125,616.6186004,0.556640625,372.0743244,0.232807566,0.089498596,0.448996869,0.17578125,17705.00514,0.234375,14995.40409,0.3515625,238.1039209,0.22013272,0.084019784,0.449387006,0.17578125,17704.01813,0.234375,14995.48079,0.3515625,238.1050379,0.219989899,0.080582231,0.44933895,0.17578125,711.3049546,0.244140625,191.4575775,0.546875,43.51323151,0.490443143,0.87201466,0.562210568,7.455420252,7.212143085,4.858446058,30.62609439,9.660123316,1.907240033,1.907292986,-3.248026979,127.4114271,18.82606278,42.36227943,39.97649833,-0.116266481,-0.151226711,3.993513387,39.97590773,39.97701646,-0.112111229,-0.152890171,3.870887398,41.44883153,38.98165989,0.037733871,-0.103765784,3.698865911,39.02868238,39.02968985,0.050923541,-0.094264871,4.288113798,3842.588978,7.25977406,0.029455902,-0.047383837,1.009522726,23.26548896,23.26612596,0.048445075,-0.381184421,3.361314585,26.31984696,26.32032034,-0.227585754,1.408165012,6.604707741,29.58016904,29.56506749,-0.014680288,-0.422531745,2.980426235,129.7866752,30.68078569,-0.052766485,-0.152585093,1.815599058,35.12935924,0.713548947,4.129285198,0.041847933,18.78083685,0.2130,0.2250
828,E828_processed,0.234375,16719.62679,0.1953125,12956.4361,0.361328125,286.6699078,0.232533,0.096829421,0.455107389,0.234375,16719.54568,0.1953125,12956.15434,0.361328125,286.6703881,0.232305775,0.091587266,0.454967459,0.185546875,18506.0345,0.234375,17150.79107,0.361328125,201.1010024,0.217676543,0.07988107,0.446977582,0.185546875,18505.52949,0.234375,17150.74917,0.361328125,201.1018811,0.217562154,0.076735926,0.446896236,0.185546875,805.566253,0.234375,231.0718152,0.56640625,45.08947371,0.44900004,0.805871154,0.543657092,21.88001521,0.19637246,-0.058826926,-0.030898845,1.032128396,0.194246113,0.194251505,-0.079447275,-0.025020095,3.676267181,38.82138872,36.67950404,-0.103433515,0.014562759,4.181753548,36.69724653,36.69821843,-0.096941225,0.010501006,4.072060333,41.88187448,40.90137471,0.067478661,0.037168445,3.607551521,40.84281236,40.8439421,0.076197218,0.036925386,3.862623959,3853.406692,8.525963301,0.095693331,0.097743576,1.010859095,21.70538236,21.70593006,0.039549852,-0.239997708,3.413871998,26.97501509,26.97572189,-0.02809214,-0.09764574,3.500398175,53.41858334,27.3502838,-0.013187339,-0.272883598,2.543294062,47.60808034,32.12351636,-0.064772141,-0.166439221,3.017723971,34.62422521,0.728082852,4.012080537,0.045231555,19.64056054,0.2250,0.2250
829,E829_processed,0.234375,15883.1168,0.21484375,15486.64812,0.185546875,12477.98652,0.23306394,0.094349693,0.458424407,0.234375,15883.06892,0.21484375,15486.516,0.185546875,12477.56829,0.232905707,0.090652441,0.45830283,0.224609375,18362.11912,0.185546875,18260.61697,0.37109375,188.8606136,0.218155965,0.080719785,0.444282489,0.224609375,18362.01663,0.185546875,18259.9612,0.37109375,188.8594236,0.218049124,0.077842026,0.444193026,0.185546875,823.6815965,0.224609375,265.4597009,0.576171875,34.52247415,0.446339132,0.788679826,0.541225344,7.402710557,7.15898819,4.799799566,29.98911828,9.734606864,1.936257821,1.936311584,-2.7600045,123.4243428,18.59081859,38.70783297,37.38246132,-0.150853866,-0.152475341,4.275870213,37.37500006,37.37602918,-0.139891898,-0.154905814,4.160942236,40.45335856,40.45069849,0.053269665,0.019111432,3.8996594,40.3880552,40.38910253,0.088037062,0.020994341,4.033218909,3871.093431,8.978793487,-0.196828201,-0.081782253,1.009699939,22.0214851,22.02208801,0.040048701,-0.186890356,3.481196666,26.14575439,26.14641544,0.017023053,0.034828618,3.705729,28.45450596,27.79620281,-0.00576801,-0.300376779,3.592017109,94.2629858,31.53623836,-0.047463917,-0.07334584,2.106667543,34.18490019,0.713793011,4.069878764,0.04309326,18.66312859,0.2250,0.2250
830,E830_processed,0.224609375,17037.1526,0.302734375,1106.981897,0.37109375,305.1898326,0.231345789,0.095384623,0.450940487,0.224609375,17037.03127,0.302734375,1106.980683,0.37109375,305.1895414,0.23116009,0.091192954,0.450808996,0.224609375,16506.04509,0.185546875,13644.44773,0.68359375,198.386203,0.22005084,0.08011644,0.440682006,0.224609375,16505.90324,0.185546875,13643.98438,0.68359375,198.3863071,0.219947536,0.077265793,0.440584534,0.185546875,622.8408582,0.56640625,26.90464247,0.546875,25.13316428,0.427847839,0.762736395,0.537541572,21.98892522,0.184873037,-0.041847292,-0.267629948,1.028227063,0.181565756,0.181570794,-0.031388347,-0.258511672,3.413062098,36.48157721,35.80029734,-0.133324664,0.052941597,3.887128541,35.79487346,35.79586591,-0.130877263,0.047920189,3.784829102,38.2455748,37.27344687,0.111440358,0.03539557,3.854877611,37.19347259,37.19449823,0.092845961,0.02856681,3.745964389,3888.539214,8.1430472,0.211924391,0.044385578,1.009302693,21.24227447,21.24286265,0.047419598,-0.219971947,3.347152111,23.39096956,23.39160837,-0.009365573,-0.106917788,3.480111449,27.9149748,26.7541023,-0.021185796,-0.267553258,3.401188377,28.68792499,28.68160112,-0.050369152,-0.182216729,3.285448192,31.59788847,0.681230218,4.062443439,0.041278057,15.93507046,0.2130,0.2130
831,E831_processed,0.224609375,15702.98027,0.205078125,13851.22276,0.322265625,680.9039777,0.231526406,0.090478685,0.454898312,0.224609375,15702.89306,0.205078125,13851.07551,0.322265625,680.9067981,0.23131883,0.085626593,0.454814017,0.234375,16945.41697,0.17578125,16273.73516,0.205078125,13849.06027,0.220083749,0.077922753,0.44494795,0.234375,16945.34513,0.17578125,16272.84889,0.205078125,13848.92139,0.219973498,0.074911751,0.444876254,0.17578125,655.0298935,0.205078125,366.3810507,0.234375,234.5075188,0.440749526,0.784893097,0.550186213,7.428098248,7.183242179,4.778137568,29.64299424,9.61163014,1.935479,1.935532764,-2.766529354,124.0062733,18.15855724,36.65653482,36.439951,-0.175370817,0.196738103,4.599119116,36.48508419,36.4860176,-0.169553027,0.187838004,4.481511018,41.81748704,39.22163185,0.07744568,-0.046570277,3.787134312,39.23715626,39.23821074,0.067769043,-0.039275427,3.715956295,3898.933441,7.113050321,0.057362607,0.11602323,1.007527894,21.96557407,21.96605948,0.00289348,0.33829892,4.590015833,25.15026635,25.15094015,-0.007109399,-0.152177647,3.567194389,98.71772978,27.2574596,-0.023426684,-0.02251631,1.94329161,33.323661,30.57228699,-0.023941826,-0.180047265,3.587777787,33.39277706,0.705564488,4.040442569,0.04321941,17.74561021,0.2250,0.2250
832,E832_processed,0.224609375,14026.29191,0.1953125,10099.92171,0.3125,887.4723053,0.23609491,0.092288692,0.462016575,0.224609375,14026.20709,0.1953125,10099.74466,0.3125,887.4752082,0.235993029,0.089907023,0.461946867,0.234375,14957.46837,0.17578125,11015.22587,0.400390625,138.4505916,0.224181921,0.077916243,0.449917892,0.234375,14957.41222,0.17578125,11014.64616,0.400390625,138.4503981,0.224108137,0.075856578,0.449848492,0.185546875,436.3952135,0.234375,199.0006618,0.56640625,26.47809267,0.43303348,0.742723343,0.561257951,22.12985215,0.188693781,0.114331278,0.956488814,1.07674366,0.18560153,0.185606599,0.083949865,0.761896603,8.771077062,34.49858419,34.38767212,-0.15642722,0.170577629,4.458833126,34.44951149,34.45036916,-0.141894917,0.178595647,4.388009374,42.24514537,37.24596843,0.086710255,0.177686356,3.872717885,37.23404397,37.23497567,0.082052123,0.17631977,3.882804325,3907.195731,6.756480577,0.088841082,0.197915869,1.00839005,21.24799424,21.24826527,-0.263585929,2.913559783,7.385933899,22.89552754,22.89615726,-0.027774021,0.027099443,3.944456958,110.5239489,25.73044079,-0.089478474,0.060506168,1.787236819,78.13969032,28.30019781,-0.035641963,-0.044141796,2.234797778,31.23656182,0.697383231,4.07845805,0.041925621,15.96739613,0.2250,0.2250
833,E833_processed,0.224609375,14476.71827,0.205078125,13487.88156,0.283203125,1710.688764,0.230546028,0.092698165,0.450393055,0.224609375,14476.63567,0.205078125,13487.76749,0.283203125,1710.689787,0.230415167,0.089820673,0.450349596,0.224609375,19168.05276,0.185546875,14150.27328,0.33203125,329.9551421,0.222374026,0.078411063,0.436711449,0.224609375,19167.92501,0.185546875,14149.78821,0.33203125,329.9560874,0.222296067,0.076190328,0.436626794,0.185546875,609.550201,0.224609375,226.109359,0.556640625,26.92346745,0.458041282,0.800614119,0.5530641,7.456302991,7.209544489,4.748915973,29.21648147,9.563423735,1.938932702,1.938986562,-2.754087157,123.1195606,18.09064166,35.96997312,35.90877401,-0.135686084,-0.11539025,3.62486287,35.95385131,35.95483122,-0.129135847,-0.11830318,3.560600065,46.16644571,37.54776685,0.057429392,0.032831894,3.448973546,37.45297927,37.45401952,0.080619479,0.038068173,3.460137935,3916.511466,7.040410827,-0.091681021,0.012645008,1.00697494,22.24402963,22.24445214,-0.213656466,1.451627499,6.524121229,23.20772689,23.20833236,-0.070519627,0.16428751,4.020340355,137.7934368,27.07835227,-0.084836961,-0.19620745,1.543833703,43.98563088,28.57114568,-0.039891676,-0.059589779,2.890161968,32.14719805,0.707584556,4.047260305,0.043197247,16.42185755,0.2250,0.2250
834,E834_processed,0.224609375,13124.81025,0.17578125,9767.298254,0.322265625,694.9581734,0.231771979,0.093537449,0.459857937,0.224609375,13124.7078,0.17578125,9766.734894,0.322265625,694.9553472,0.231659517,0.090956847,0.459787556,0.224609375,15297.35387,0.17578125,13584.88573,0.361328125,195.597007,0.223365726,0.080055186,0.444176098,0.224609375,15297.26855,0.17578125,13584.08666,0.361328125,195.5971099,0.223288276,0.078160395,0.444149816,0.17578125,562.5792253,0.224609375,223.1520021,0.556640625,24.09765192,0.446151129,0.771250907,0.553306687,22.22984392,0.179182445,-0.005082516,0.080980718,1.029163636,0.176153141,0.176157901,0.00944779,0.103053862,3.562456537,33.48189679,33.48282373,-0.142667855,-0.014457484,3.534260342,33.50801559,33.50889796,-0.133620947,-0.008859988,3.523542085,47.96345325,34.70038192,0.043402405,0.075415011,3.559079225,34.70558328,34.70644254,0.053866277,0.068133212,4.058653575,3925.641563,6.338731631,-0.018319716,0.238554701,1.006858965,20.32897393,20.32947616,-0.075891759,0.302431075,5.38376656,21.84073818,21.841199,0.069806446,0.222112917,4.851154554,106.4054072,25.10110247,-0.044447424,-0.185185588,1.696974664,110.3226772,26.57689595,-0.043135169,-0.109769665,1.900600601,29.83832393,0.663881131,4.114252874,0.03922007,14.4999599,0.2130,0.2250
835,E835_processed,0.21484375,12927.89594,0.244140625,10401.3492,0.185546875,9802.218106,0.231914936,0.094327752,0.450677805,0.21484375,12927.79241,0.244140625,10401.32638,0.185546875,9801.890461,0.231775567,0.091118278,0.450566868,0.17578125,16100.17365,0.244140625,11995.87547,0.21484375,11573.8818,0.219949905,0.078032548,0.440040224,0.17578125,16099.34706,0.244140625,11995.84921,0.21484375,11573.79816,0.219874063,0.075922651,0.439969793,0.17578125,637.1687066,0.234375,164.1740745,0.556640625,26.27942666,0.443770126,0.777754198,0.540253718,7.481012975,7.232395351,4.72271098,28.84500417,9.532096554,1.933935075,1.933988728,-2.724980844,122.9150036,18.15105086,33.13191276,33.01832601,-0.130431762,-0.11593996,3.896908426,33.01301677,33.01392711,-0.125823506,-0.11651041,4.004265242,52.65381899,35.87087125,0.074704942,-0.058132031,3.033981069,35.86167625,35.86263387,0.083575733,-0.058744559,3.452974556,3933.623231,6.934880817,-0.038691607,-0.002901679,1.007098588,19.35876348,19.35929841,0.027850156,-0.299868283,3.893914244,22.76146069,22.76205643,-0.044285769,-0.162944553,3.241345901,26.08638714,24.5049755,-0.0266787,-0.318245127,3.734616537,61.8884326,27.72884554,-0.024758625,-0.257635163,2.245570249,29.88132607,0.697931633,4.064146754,0.042254612,15.88635922,0.2130,0.2250
836,E836_processed,0.244140625,12542.89263,0.205078125,10290.00423,0.3125,802.7184433,0.234995666,0.092133578,0.453007297,0.244140625,12542.8606,0.205078125,10289.86401,0.3125,802.72156,0.23479261,0.08743161,0.452876202,0.244140625,13841.64411,0.17578125,13644.68369,0.517578125,107.7359231,0.222898413,0.077116003,0.436909156,0.244140625,13841.60365,0.17578125,13643.98984,0.517578125,107.7361818,0.222799059,0.074278647,0.436820873,0.185546875,595.9081907,0.244140625,149.6437919,0.224609375,142.9302562,0.465179928,0.823303966,0.542392056,22.34436554,0.157917117,-0.009356723,-0.029774521,1.024896632,0.153485066,0.153489293,0.008138108,0.020237922,3.514110063,32.47016683,32.10006081,-0.117639477,-0.17144426,3.548985769,32.09237973,32.0932706,-0.114844212,-0.169890456,3.433852135,51.2327016,33.96450319,0.086112224,0.095211198,3.687308576,33.96832222,33.96925095,0.08975393,0.093445475,4.387208624,3939.881031,5.913999519,0.108794861,0.126797524,1.007312802,18.37859668,18.37907767,0.026240838,-0.272101526,3.429054944,21.18058601,21.18111227,-0.038833892,0.044991272,4.115148435,24.25841078,23.47554637,-0.028832363,-0.393075809,3.731672022,29.8874069,25.99533589,-0.046788422,-0.108622937,3.606909484,28.04335951,0.57646269,3.862795699,0.038633827,12.21012096,0.2250,0.2250
837,E837_processed,0.224609375,14489.30362,0.185546875,9909.912876,0.576171875,198.1189566,0.232286601,0.08801675,0.44318447,0.224609375,14489.21322,0.185546875,9909.610437,0.576171875,198.1191597,0.232168935,0.085106145,0.443097698,0.234375,16126.96546,0.185546875,11401.43137,0.341796875,202.3193336,0.224692418,0.074861868,0.433580889,0.234375,16126.93398,0.185546875,11401.03631,0.341796875,202.3213487,0.224615763,0.072844785,0.433551422,0.185546875,541.5379753,0.234375,196.2338189,0.56640625,25.10722651,0.446793317,0.773378236,0.54704707,7.511668048,7.261735139,4.700246158,28.50011801,9.589146717,1.936524251,1.936578024,-2.754077388,122.9256292,18.63357046,32.32137936,32.06214093,-0.131917392,0.087895881,4.254591627,32.08524407,32.08609595,-0.129384638,0.084009508,4.39866982,50.603431,34.44989892,0.084074512,-0.063446189,3.27637211,34.52883294,34.52968544,0.096153225,-0.035644135,3.730703411,3936.678183,5.838784187,0.107652804,0.067610745,1.006481637,18.68395731,18.68443604,0.046762327,0.091395046,4.072168207,21.03655639,21.03695882,-0.075261117,0.389691965,4.959350688,58.10012148,23.76083883,-0.001790469,-0.060864292,2.45129471,61.00833193,26.21327355,-0.113047637,-0.09398059,2.500243625,28.13648497,0.669408025,4.02600612,0.041299239,14.08230905,0.2250,0.2250
838,E838_processed,0.224609375,12406.22798,0.185546875,9158.827952,0.556640625,181.1048984,0.232969055,0.09011625,0.447219307,0.224609375,12406.24328,0.185546875,9158.471736,0.556640625,181.105886,0.232845059,0.087300668,0.447181018,0.234375,14719.0729,0.185546875,12831.86948,0.3125,530.585027,0.222220637,0.079438536,0.433079222,0.234375,14718.99777,0.185546875,12831.4627,0.3125,530.5858564,0.222154445,0.077500463,0.432989986,0.185546875,569.5782572,0.234375,171.9650676,0.2734375,37.51886694,0.449907187,0.779958148,0.539786747,22.47132966,0.162825108,0.014854346,-0.096496456,1.029125572,0.159704379,0.159708617,0.011783033,-0.091797526,4.129374501,30.90310945,30.70915111,-0.115326072,-0.017645139,3.649908763,30.81445276,30.81529649,-0.128893652,0.040510976,3.905238166,48.20619844,32.19535594,0.070482698,-0.095059487,3.198317125,32.20122661,32.20210779,0.071129448,-0.094562122,3.692207568,3934.436999,5.590242194,0.113080679,0.12025322,1.006166829,19.21641786,19.21671251,0.602405826,6.190986216,8.933697278,20.06959685,20.07013516,-0.008871817,-0.25972549,3.395322877,119.5368848,23.16298785,-0.023785092,0.389557372,1.880523677,24.73773009,24.70632586,-0.066395506,-0.322943073,3.325126145,27.78655007,0.581233717,4.122477064,0.034200646,11.66543926,0.2250,0.2250
839,E839_processed,0.234375,12756.25481,0.185546875,10094.19337,0.615234375,144.4336403,0.231341415,0.089461134,0.44436728,0.234375,12756.22105,0.185546875,10093.89289,0.615234375,144.4337191,0.231200069,0.086052394,0.444263443,0.234375,13810.36881,0.17578125,8340.719286,0.1953125,8142.278793,0.225080843,0.079518971,0.433666191,0.234375,13810.32573,0.17578125,8340.232099,0.1953125,8142.130333,0.22498952,0.077063571,0.433589326,0.185546875,370.3604637,0.234375,144.0566968,0.556640625,18.04615594,0.495105614,0.84664952,0.560934432,7.532432985,7.281218932,4.681497234,28.22600023,9.565661473,1.937038031,1.937091838,-2.750576218,122.7558051,18.64914008,30.48535426,30.39618174,-0.110043823,-0.18472272,3.484238664,30.39937426,30.40021167,-0.114459608,-0.183443453,3.404412414,45.32067692,29.81642096,0.064427541,-0.031278103,3.358040531,29.82628057,29.82709479,0.059048148,-0.019772658,3.949575884,3930.460378,5.234616781,0.113991669,-0.016679675,1.005256184,17.70355496,17.70403006,0.017003204,-0.241865004,3.29154614,18.34679558,18.34725905,-0.014196539,-0.014527228,4.287512336,28.72765677,22.48529127,-0.007323656,-0.386688408,3.031672231,27.92911668,22.65414949,0.018280247,-0.098457328,3.21369444,25.49616824,0.640038198,4.048085425,0.03905769,11.74294661,0.2250,0.2250
840,E840_processed,0.234375,11549.78671,0.205078125,7072.076215,0.185546875,5960.113594,0.235100234,0.095682327,0.446216575,0.234375,11549.74608,0.205078125,7071.981614,0.185546875,5959.906162,0.234758365,0.088061881,0.446013084,0.234375,13889.41366,0.1953125,7278.634953,0.400390625,69.60625481,0.225535872,0.0764031,0.426620248,0.234375,13889.35954,0.1953125,7278.474041,0.400390625,69.60695975,0.225369956,0.072382692,0.426627955,0.185546875,290.8481149,0.302734375,15.75397836,0.546875,13.70346937,0.538006276,0.940106556,0.570359409,22.56340964,0.145827283,0.515921164,7.265373495,1.109194018,0.142990112,0.142994066,0.479110297,6.736347051,16.89381633,28.25170529,28.25049252,-0.102434181,-0.033638578,4.322129894,28.24016708,28.24094711,-0.108046885,-0.030704119,4.33840524,44.5546459,29.66213464,0.084378265,0.261887918,3.528641668,29.74559376,29.74627026,0.081398283,0.259695083,4.166638858,3927.016407,5.011158976,0.112897577,0.252258055,1.005375224,16.07133433,16.07177225,0.029118519,-0.223141996,3.607921313,18.784752,18.78489876,0.440902856,4.042991953,7.853165831,26.61583383,20.61791209,-0.013292508,-0.28772256,3.206138667,132.9522623,22.60018743,0.031460556,0.477096312,1.608093286,24.72193934,0.529587238,3.956828194,0.033825414,9.948242658,0.2250,0.2250
841,E841_processed,0.234375,13786.47876,0.185546875,8967.99949,0.322265625,359.412419,0.23261924,0.086965554,0.439931601,0.234375,13786.45089,0.185546875,8967.713367,0.322265625,359.4116625,0.232512574,0.084259589,0.439846422,0.234375,12399.90551,0.185546875,7074.248484,0.68359375,83.24975309,0.225603064,0.078007199,0.43216126,0.234375,12399.89836,0.185546875,7073.975707,0.68359375,83.24983557,0.225504586,0.075356629,0.432094076,0.185546875,354.2530764,0.29296875,18.4627474,0.56640625,15.68096771,0.47233507,0.799429994,0.553516038,7.547047349,7.295703047,4.672187057,28.05335811,9.54127895,1.93333265,1.933386353,-2.734183973,123.0148905,18.64799047,28.36652906,28.32383028,-0.106519153,0.025236072,3.802604463,28.31668843,28.31745882,-0.109393198,0.026835119,3.830869482,41.23251076,27.97460478,0.097937337,0.311222763,3.413084176,27.96282023,27.9635686,0.091412697,0.308271262,3.923864814,3919.841649,5.420801474,0.105576764,0.140817485,1.005811243,16.3355882,16.33599345,0.003218689,-0.08031455,3.565671439,16.70707328,16.70746937,-0.000866129,0.284426816,4.393999163,26.65532162,20.83813943,-0.007409243,-0.186401705,3.233058459,33.35448008,20.99126358,-0.091658302,0.07548738,3.023155171,23.36673307,0.609709602,4.026962376,0.037598272,10.18670449,0.2250,0.2250
842,E842_processed,0.185546875,8843.058034,0.244140625,7418.86628,0.615234375,131.5271514,0.231071094,0.089696601,0.45158926,0.185546875,8842.75263,0.244140625,7418.848307,0.615234375,131.5271408,0.230971725,0.087268734,0.451499801,0.17578125,8078.829119,0.234375,7625.553124,0.3515625,99.53424469,0.22427226,0.081791515,0.438975904,0.17578125,8078.444236,0.234375,7625.538658,0.3515625,99.53439146,0.224200806,0.079844512,0.438891925,0.185546875,387.5211412,0.224609375,88.42671695,0.556640625,15.20293309,0.458802215,0.77776925,0.538001246,22.66328867,0.143820969,-0.026907705,-0.168549046,1.02138526,0.139973278,0.139977149,-0.020793778,-0.15344438,3.707910064,27.13692914,26.83697559,-0.084379911,0.225425351,4.060051873,26.83824081,26.83898226,-0.086845843,0.221948047,3.935408528,35.85073934,26.20586138,0.073669849,0.035321052,3.611743925,26.13733167,26.1380554,0.094458691,0.048882896,4.071964656,3909.037675,5.690756908,-0.017298903,-0.159149581,1.005606911,15.79458495,15.7950154,0.023455234,-0.048160281,3.500601314,15.99395596,15.99438559,-0.021064672,-0.07956496,3.719691089,50.30572446,19.91208881,0.007579109,-0.08323994,2.189305454,22.56412233,19.82248294,-0.061231097,-0.190004386,3.730985464,22.47894307,0.52197861,4.086590909,0.031255783,8.348727151,0.1880,0.2250
843,E843_processed,0.21484375,9204.690705,0.341796875,337.0131252,0.673828125,137.8193693,0.235003702,0.091069636,0.452018232,0.21484375,9204.6241,0.341796875,337.0130041,0.673828125,137.8193058,0.234896671,0.088498663,0.451932932,0.234375,8078.912538,0.185546875,4633.34493,0.673828125,79.99405476,0.23018978,0.085313893,0.442873619,0.234375,8078.870894,0.185546875,4633.20117,0.673828125,79.99410978,0.230113465,0.083294652,0.442782628,0.185546875,228.8331644,0.224609375,103.9174693,0.556640625,14.29014117,0.530097138,0.868334367,0.590293203,7.603655087,7.350505767,4.6692008,27.90461603,9.465865189,1.91927375,1.919327048,-2.988107541,124.7905,18.69832705,27.59112646,26.80703029,-0.098666891,-0.167340178,3.653750062,26.81641666,26.81714886,-0.095679062,-0.168960072,3.493046983,31.62867262,25.42241518,0.087334054,0.116288873,3.984992083,25.38651297,25.38716643,0.06527524,0.111100183,4.159488575,3897.276351,5.274029663,0.131461124,0.11413926,1.006084929,15.32981235,15.33023795,0.000130579,-0.370951932,3.273555491,14.81795491,14.81832929,0.047265962,0.140080392,4.558005776,22.2390957,19.68425674,-0.021061966,-0.42120965,3.301269264,48.56194224,18.7947801,-0.017596112,-0.033327801,2.277227176,21.32132919,0.574628677,4.028588948,0.035406368,8.51503696,0.2250,0.2250
844,E844_processed,0.234375,10823.12818,0.205078125,6411.464799,0.3515625,221.8257768,0.237993121,0.090518961,0.451179471,0.234375,10823.09805,0.205078125,6411.379474,0.3515625,221.8259497,0.237869487,0.087458948,0.451072088,0.234375,10483.29367,0.17578125,6089.632266,0.6640625,66.97779948,0.229839951,0.085772023,0.43406132,0.234375,10483.2511,0.17578125,6089.295358,0.6640625,66.97776349,0.229748586,0.083583769,0.434002753,0.17578125,236.6400766,0.234375,99.82047114,0.556640625,15.52880943,0.545013611,0.890194331,0.594320746,22.75921502,0.13957128,4.73E-05,0.120794943,1.020781647,0.136846694,0.13685044,0.007743562,0.102375462,3.817021123,28.60103843,27.33489137,-0.112734268,-0.137703717,3.728481406,27.34943248,27.35019218,-0.112650181,-0.140013989,3.588749659,29.59883912,25.96077168,0.050619062,0.233508643,4.068309893,25.94647232,25.94719232,0.051547196,0.233844881,4.18094653,3888.25249,4.641983061,0.137152419,0.170163421,1.005312466,15.27040275,15.27082336,0.015995339,-0.326322001,3.194250033,15.35114087,15.35154895,-0.03023048,0.061797512,3.922654825,52.06752399,19.78667965,0.003751428,-0.422364974,2.140754878,72.05746546,19.32860662,-0.072045302,-0.028975093,1.859978458,21.65336235,0.507718486,4.01793722,0.031449713,7.794265198,0.2250,0.2250
845,E845_processed,0.224609375,8998.201216,0.1953125,6779.994363,0.361328125,175.7162081,0.236603722,0.096831494,0.449818888,0.224609375,8998.176722,0.1953125,6779.846656,0.361328125,175.7166346,0.236413917,0.092643056,0.449670627,0.234375,7246.81071,0.185546875,4519.536352,0.673828125,79.40663491,0.229724879,0.086884698,0.441331875,0.234375,7246.788944,0.185546875,4519.377791,0.673828125,79.40662277,0.229604795,0.083973665,0.441236841,0.185546875,225.4896517,0.244140625,80.71874417,0.556640625,11.5124589,0.55485086,0.924957356,0.588979721,7.623826697,7.369462646,4.652660277,27.66644371,9.454713867,1.917455488,1.917508752,-2.97136671,124.6395264,18.79195448,27.45548117,25.92289675,-0.106071372,-0.054454343,3.90482794,25.91755661,25.91827634,-0.101225757,-0.052843703,3.795248261,26.17422986,24.198471,0.046855727,0.08522856,3.962970852,24.20107504,24.20167188,0.055015176,0.082694161,3.868896322,3881.982906,4.354169529,0.001793996,0.228578727,1.004637757,14.69523883,14.6956342,-0.004746112,-0.181688383,4.238346523,14.30042652,14.30079496,-0.09199938,0.073971235,4.493722695,19.30205583,18.85822488,-0.012853565,-0.372049958,3.283818959,71.82918058,18.01191738,-0.08301167,-0.127042542,1.718114594,20.50547247,0.543396148,4.009325817,0.033804448,7.7709969,0.2250,0.2250
846,E846_processed,0.234375,10456.6697,0.3515625,200.6337477,0.615234375,112.0553389,0.237154312,0.095119836,0.446274244,0.234375,10456.64351,0.3515625,200.6340494,0.615234375,112.0552272,0.236797404,0.086902272,0.446057503,0.234375,12129.22564,0.17578125,4402.429339,0.29296875,606.7109024,0.229071317,0.080414252,0.426471622,0.234375,12129.17217,0.17578125,4402.178088,0.29296875,606.7109307,0.228893002,0.075574592,0.426345028,0.17578125,185.9415089,0.234375,125.8751826,0.556640625,14.75040828,0.600897198,1.013598167,0.603902237,22.84337447,0.134735941,-0.081022925,-0.066589362,1.01893199,0.131075535,0.131079171,-0.055451566,-0.04625049,4.396035469,27.49835593,25.64695853,-0.132467291,0.006810031,3.71905325,25.66604824,25.66676121,-0.132670858,-0.000358931,3.580776985,26.3694121,25.67279491,0.022121867,-0.04653223,3.400063818,25.68681747,25.68750037,0.037259464,-0.040996843,3.419062311,3876.330978,4.522631355,-0.044426895,0.262690635,1.005393018,14.64559526,14.64597135,0.018973289,-0.147641485,3.739435681,14.94627682,14.94664649,-0.055543329,0.075232377,3.663460742,49.6524619,18.69337403,0.017422875,-0.334592317,2.137869023,22.06759912,19.08444639,-0.031355781,-0.155275592,3.259754775,20.92622083,0.466179607,3.965707965,0.029642294,6.967821782,0.2250,0.2250
847,E847_processed,0.234375,8997.803171,0.205078125,8132.175294,0.341796875,316.7583602,0.235562502,0.093715534,0.44803241,0.234375,8997.766666,0.205078125,8132.067399,0.341796875,316.7582849,0.235264172,0.086657667,0.447841187,0.234375,8951.24642,0.185546875,4602.89564,0.693359375,58.81630092,0.229551916,0.08407043,0.439213978,0.234375,8951.222432,0.185546875,4602.734911,0.693359375,58.81623223,0.229353197,0.07890676,0.439083234,0.1953125,202.3843052,0.234375,84.96603529,0.556640625,15.34637419,0.58890256,0.989434768,0.601307917,7.611202742,7.355999676,4.61475579,27.22337222,9.397825471,1.929852178,1.929905787,-2.70730542,122.8744209,18.54921006,28.12557282,25.88949205,-0.095510242,0.276722128,3.962562139,25.87906016,25.87977476,-0.095409288,0.282018359,3.859610031,24.66133566,24.57746583,0.001702956,0.136798945,3.72490429,24.55598264,24.55666127,0.02079528,0.140488494,3.654328221,3869.249251,4.53420443,-0.102020653,0.091139941,1.004775306,14.80620089,14.80660868,0.050837072,0.211238748,4.658100033,14.52668881,14.52700241,-0.027266072,0.354862689,4.626342646,20.68477021,18.92041358,-0.039433796,0.01946535,3.300511737,47.20916892,18.22809242,-0.049202204,-0.165615374,2.199450071,20.74293759,0.521339532,4.02990827,0.03210187,7.573500633,0.2250,0.2250
848,E848_processed,0.224609375,10524.04076,0.1953125,6064.361833,0.322265625,408.2512172,0.235448775,0.089636554,0.44384236,0.224609375,10524.07709,0.1953125,6064.294501,0.322265625,408.2549913,0.235280672,0.085983998,0.443810658,0.224609375,12333.32206,0.185546875,7333.554619,0.673828125,86.23509412,0.228011034,0.077347255,0.421281151,0.224609375,12333.2506,0.185546875,7333.313362,0.673828125,86.23504832,0.227888672,0.074085368,0.421214041,0.185546875,326.6820425,0.224609375,135.2171915,0.556640625,13.19558374,0.493794239,0.839596266,0.561464778,22.92123261,0.132563706,-0.003950869,-0.0368484,1.019326508,0.129282903,0.129286392,-0.010896618,-0.045037687,3.612691639,29.17078547,26.40149372,-0.122579017,0.069034878,3.884369522,26.48066338,26.48126089,-0.109513753,0.082639515,3.906971296,26.39061306,26.34065416,-0.011317219,0.127075481,3.39621504,26.43188507,26.43260344,-0.023343005,0.187500436,3.735874528,3862.77014,4.761474952,0.136106692,0.118077305,1.004358934,16.20695603,16.20708127,-0.452111894,4.267424851,8.211916039,15.54046294,15.54089334,0.014960213,0.554854299,5.01824419,113.342961,19.68657029,-0.070233382,0.303844732,1.549046577,43.11676239,19.83482695,0.077256385,0.595092723,3.46030653,22.45414993,0.476745524,4.051918736,0.029037898,7.409051336,0.2250,0.2250
849,E849_processed,0.234375,12114.22838,0.185546875,6005.981197,0.56640625,147.5699033,0.236721682,0.090066239,0.439488217,0.234375,12114.26183,0.185546875,6005.767747,0.56640625,147.5697606,0.236596807,0.08740558,0.439460403,0.234375,12587.53475,0.68359375,93.57973456,0.52734375,51.71151525,0.229719302,0.077752455,0.419940261,0.234375,12587.5797,0.68359375,93.579751,0.52734375,51.71168015,0.229610678,0.075446409,0.419987744,0.185546875,222.4250686,0.224609375,124.3423896,0.56640625,13.52657705,0.51355141,0.860156665,0.583483478,7.628974802,7.372696936,4.600638226,27.02173812,9.338284744,1.930104148,1.930157685,-2.697596529,122.9579243,18.40514514,30.85331755,27.47122743,-0.171039476,0.266586278,4.158944327,27.52645694,27.52711652,-0.155263408,0.262929581,4.146934725,27.94788011,27.51644853,-0.012786697,0.120257856,3.576370466,27.61034859,27.61085515,-0.027526186,0.2175977,4.242052203,3855.824641,4.614403327,-0.100105871,0.298625207,1.005416003,16.29043168,16.29061971,-0.367824527,3.011342084,7.463301567,17.01061781,17.01058307,0.459703121,5.786378097,8.619530714,99.36269994,20.18612588,-0.047560387,0.07369598,1.6793807,113.4297729,20.79298048,0.036611652,0.642970982,1.88604891,23.55300887,0.500441893,4.015796605,0.031032034,8.512808392,0.2250,0.2250
850,E850_processed,0.224609375,9863.67599,0.185546875,5238.283604,0.302734375,565.049987,0.235242757,0.090292172,0.442132209,0.224609375,9863.610607,0.185546875,5238.070007,0.302734375,565.0490397,0.235148987,0.087888725,0.442020459,0.234375,10748.96994,0.17578125,3970.119656,0.68359375,77.59857208,0.230275569,0.081369092,0.422594896,0.234375,10748.92885,0.17578125,3969.890157,0.68359375,77.59855643,0.230192226,0.079170698,0.422512853,0.185546875,191.5843969,0.234375,102.3806462,0.29296875,11.59377464,0.527249327,0.878589996,0.587804835,22.98207694,0.131757736,-0.103649062,-0.187381753,1.017589231,0.128116228,0.128119425,-0.092260402,-0.195473801,3.809110612,29.7681605,25.36388642,-0.126090815,-0.092381877,3.604441733,25.36000773,25.36070882,-0.123819556,-0.092431224,3.605716504,25.26482745,24.11190807,0.023752285,-0.107478299,3.317756005,24.08143322,24.08207469,0.022125646,-0.115708335,3.468671569,3849.897221,4.196457355,0.10242252,0.272580018,1.004574688,14.64296351,14.64331894,0.021856915,-0.071181278,4.255070903,13.92874187,13.92912703,-0.012713738,-0.114194536,3.404543915,18.8811618,18.57613754,0.007933635,-0.408530256,3.242076519,63.0612222,17.74916277,-0.047991253,-0.322230618,1.849860408,20.21008088,0.468518493,4.385574572,0.024359801,6.5260536,0.2250,0.2250
851,E851_processed,0.224609375,13699.6026,0.1953125,3976.166863,0.693359375,164.8195214,0.24060038,0.088816941,0.424081866,0.224609375,13699.53808,0.1953125,3976.101663,0.693359375,164.8194798,0.240503606,0.086374314,0.42398434,0.234375,14716.04118,0.185546875,3480.499681,0.693359375,136.0489581,0.23327547,0.079200132,0.403970438,0.234375,14715.99952,0.185546875,3480.334473,0.693359375,136.0490392,0.233193512,0.07715563,0.403933995,0.185546875,150.5632266,0.234375,133.3781391,0.56640625,12.92807196,0.535878737,0.872909676,0.598097727,7.701724831,7.444824419,4.637600332,27.34152233,9.229994262,1.902835029,1.902887848,-3.143419097,126.2034592,18.46945736,31.59593625,26.78698929,-0.163992333,0.054725472,3.591375774,26.78046704,26.78121083,-0.155565741,0.060487091,3.589445317,28.09859034,26.35932454,-0.001374325,-0.142212685,3.266448028,26.38639228,26.38711998,-0.001840629,-0.148000321,3.237891131,3845.088213,4.025636342,0.052782524,0.311521421,1.004394798,14.64887259,14.64925387,-0.026095657,0.345925014,5.219108538,14.81272204,14.81305623,-0.148781743,0.622822577,5.841955155,19.65684878,19.11483838,0.01915042,-0.189724293,4.001078433,70.35393904,19.11254972,-0.04615503,-0.428690648,1.736865187,20.83332124,0.488228144,4.10154588,0.029022022,7.232150948,0.2250,0.2250
852,E852_processed,0.244140625,11932.24708,0.322265625,267.9289597,0.3515625,172.7168265,0.24296029,0.091739527,0.428287899,0.244140625,11932.19163,0.322265625,267.926817,0.3515625,172.7171847,0.24273303,0.086694081,0.428163643,0.244140625,13446.59531,0.17578125,4630.944933,0.693359375,106.4380937,0.231933577,0.075891332,0.412395266,0.244140625,13446.57095,0.17578125,4630.740849,0.693359375,106.4381185,0.231825386,0.072919334,0.41231649,0.17578125,187.3916486,0.244140625,127.140801,0.56640625,15.58637578,0.566717147,0.945399811,0.593941659,23.01677224,0.124937773,0.027129621,-0.067504478,1.021814821,0.122011841,0.122015206,0.03935291,-0.072419626,3.966347769,31.47806355,26.01682271,-0.153655402,0.040890591,3.914925701,26.05273844,26.05342258,-0.155274573,0.040708674,4.045945445,29.67660295,27.33482099,0.014518243,-0.176854649,3.395300674,27.33696582,27.33771869,0.014203802,-0.175791851,3.268245266,3841.51376,4.230599754,0.018167272,0.147916774,1.004471086,14.46423885,14.46446711,0.402716522,2.436926589,7.183087722,15.20913729,15.20954734,0.004255285,-0.287060676,3.216547154,87.7420006,18.49693088,0.04777224,-0.114950207,1.692223876,22.7745638,19.89059306,-0.046417204,-0.442358907,2.927970767,20.98931011,0.44072839,3.876025918,0.029335783,6.703279306,0.2250,0.2250
853,E853_processed,0.234375,14371.84157,0.185546875,3750.331098,0.68359375,132.2516685,0.243434809,0.087339364,0.426003259,0.234375,14371.79666,0.185546875,3750.192321,0.68359375,132.2516675,0.243249705,0.08273714,0.42586872,0.234375,18195.57254,0.185546875,2962.266083,0.68359375,97.79215513,0.238142971,0.073502489,0.387914044,0.234375,18195.5034,0.185546875,2962.186137,0.68359375,97.79217053,0.238020905,0.069872248,0.3878207,0.234375,178.2381133,0.185546875,144.0892225,0.517578125,10.59129353,0.59058407,0.968621325,0.601688216,7.697766862,7.441433554,4.642614467,27.4000566,9.220389662,1.905110319,1.905163189,-3.145912564,125.9167547,18.44602751,32.12688038,26.21093678,-0.183997607,0.039694567,3.815242518,26.23510987,26.23583845,-0.180843623,0.038576772,3.947982893,29.53241829,26.58534045,-0.027127807,-0.275014515,3.122409485,26.60416999,26.60488292,-0.02019579,-0.273726496,3.007861141,3838.484808,3.903833518,-0.097841336,0.238660958,1.003866081,13.97084276,13.97120176,0.012306078,0.112242044,4.034442532,13.85049918,13.85087899,-0.042027351,-0.26023826,3.394900219,41.78368956,18.44624412,0.023872687,-0.225593659,2.432714706,35.91676536,18.71214086,-0.059765508,-0.436412231,2.328777769,19.67336594,0.4719781,4.059432882,0.028641194,6.537311547,0.2250,0.2250
854,E854_processed,0.244140625,12834.24197,0.185546875,3577.818004,0.56640625,108.0063042,0.244717677,0.084949562,0.424859153,0.244140625,12834.24029,0.185546875,3577.739479,0.56640625,108.0061533,0.244572631,0.081324598,0.424757308,0.244140625,16156.3513,0.185546875,3365.536949,0.68359375,74.39745162,0.238463846,0.072205884,0.395915617,0.244140625,16156.36331,0.185546875,3365.392657,0.68359375,74.39750914,0.238357244,0.069189037,0.395871735,0.244140625,162.0066761,0.185546875,155.5810661,0.546875,11.75363095,0.549326619,0.890904238,0.594958306,22.97689786,0.131001455,-0.006449486,0.065699841,1.021664854,0.127134789,0.127138278,-0.003138113,0.010678518,3.883152232,31.81834603,25.42641803,-0.148134335,-0.100315134,3.371410315,25.45808195,25.4587295,-0.140662112,-0.10298215,3.458003531,30.20414014,26.82927544,-0.020602194,-0.198680761,3.734745948,26.88734277,26.88799258,-0.017179571,-0.204449849,3.670360244,3836.552278,3.946759603,-0.050023634,0.289837321,1.003945267,13.50229412,13.50256799,0.01847264,-0.075650208,3.895726584,14.47155854,14.47176374,-0.137688328,0.587568893,5.518944638,67.88433803,17.85140715,0.020396419,-0.308584724,1.752368436,84.03304541,19.04800285,-0.083408584,-0.250775905,1.752934405,19.79270795,0.449788149,4.029596413,0.027700328,6.50922782,0.2250,0.2250
855,E855_processed,0.244140625,16093.74872,0.185546875,3391.741379,0.322265625,301.4074102,0.244860475,0.087170918,0.41347219,0.244140625,16093.69682,0.185546875,3391.678599,0.322265625,301.40774,0.244763736,0.084769789,0.413397405,0.244140625,17219.99067,0.185546875,3448.173343,0.322265625,189.1042604,0.239925321,0.076789547,0.382001557,0.244140625,17219.93523,0.185546875,3448.051261,0.322265625,189.1041847,0.239838483,0.074712262,0.381991361,0.185546875,156.9847306,0.234375,148.6987084,0.537109375,11.17950686,0.589654133,0.92875818,0.607784147,7.716156802,7.459809443,4.667449281,27.68737949,9.186961957,1.888806808,1.888859262,-3.321019725,128.4309927,18.63327672,32.62652613,26.29733353,-0.163463193,-0.061223416,4.246035556,26.30383088,26.30453303,-0.160481662,-0.065585492,4.512980863,29.8260668,26.08817153,-0.024324912,0.088320418,3.696465268,26.10171566,26.10240862,-0.021830837,0.082529407,3.660302339,3834.915496,3.739492302,-0.022378679,0.664255875,1.004336707,13.70939229,13.70968678,0.110264668,-0.09630277,4.034915474,13.59449286,13.59474467,-0.075265842,0.558531524,4.873749733,42.2847977,18.29159303,0.010718874,-0.384476876,2.446865359,57.72082071,18.24149416,-0.063840237,-0.080924408,1.995252955,19.30731971,0.460392032,4.061764721,0.027906044,6.258912127,0.2250,0.2250
856,E856_processed,0.234375,11165.3602,0.185546875,3448.457073,0.673828125,106.6144307,0.244424035,0.098094707,0.433713529,0.234375,11165.33843,0.185546875,3448.352045,0.673828125,106.614427,0.244025153,0.08956578,0.433482505,0.234375,12620.31492,0.185546875,2326.044253,0.703125,70.26109034,0.239190764,0.078517259,0.400213776,0.234375,12620.26867,0.185546875,2325.968842,0.703125,70.26108751,0.23904418,0.074488841,0.400105106,0.185546875,117.0929667,0.234375,116.7134195,0.556640625,11.75685408,0.695280971,1.099377632,0.635522992,22.87624494,0.12002339,-0.01883895,-0.040754336,1.01650223,0.11477507,0.11477815,-0.038096224,-0.038892098,4.02031605,31.42795458,24.58917618,-0.144693284,-0.151581504,3.453900562,24.60508211,24.60576556,-0.146069493,-0.154162506,3.603108768,28.74890194,24.4884831,-0.022378436,0.151018078,4.178203406,24.4886774,24.48935736,-0.021210213,0.150768735,4.407116128,3833.8456,3.586519092,-0.025470778,0.621288794,1.0045873,12.98282087,12.98317918,0.094987435,-0.20575415,3.213048899,12.62082576,12.62116792,0.018657772,0.086364519,4.193774575,41.28414521,17.27606399,-0.002117839,-0.393255606,2.201246562,20.33838323,17.12689292,-0.031398771,-0.095672262,3.621111457,18.10681699,0.406258697,3.624395161,0.030926558,5.127459233,0.2250,0.2250
857,E857_processed,0.234375,14281.76499,0.185546875,3398.726678,0.341796875,174.4174391,0.243617354,0.089613577,0.420209124,0.234375,14281.73346,0.185546875,3398.614186,0.341796875,174.4176009,0.243411324,0.084758735,0.42006625,0.234375,14734.15036,0.185546875,2553.501093,0.693359375,125.4109684,0.239094276,0.078976233,0.394669104,0.234375,14734.11624,0.185546875,2553.393352,0.693359375,125.4109419,0.238955583,0.075312451,0.394588072,0.185546875,123.8895642,0.234375,119.7954109,0.556640625,10.54047774,0.652495686,1.029536206,0.63123668,7.687399805,7.432465846,4.691152476,28.04469976,9.209831907,1.888252586,1.888305039,-3.356778708,128.8861616,18.64425376,32.41768576,25.80634983,-0.162706156,-0.02713894,3.492075617,25.82018129,25.82089389,-0.159168893,-0.029934818,3.626488368,29.76623885,25.39817647,-0.021724906,-0.023707359,3.308290729,25.41502774,25.41573263,-0.019537965,-0.024083694,3.466404423,3833.034618,3.618611023,-0.056451359,0.568625765,1.004327428,13.43581149,13.43618116,0.044552108,-0.167842109,3.424810361,13.31098647,13.31134821,0.056075769,-0.023378955,4.446359245,19.32361134,18.07796062,-0.00662132,-0.377043057,3.047737626,26.79667693,17.92089696,-0.070530601,-0.280604216,2.649895671,18.91356538,0.44840785,3.99350216,0.028116766,5.968913036,0.2250,0.2250
858,E858_processed,0.234375,11862.24617,0.185546875,2360.76041,0.341796875,182.6330454,0.243922132,0.091930119,0.428016367,0.234375,11862.21296,0.185546875,2360.71238,0.341796875,182.6337932,0.243801168,0.089138539,0.427940768,0.234375,12815.40277,0.693359375,100.5119204,0.546875,40.06199794,0.237410816,0.083067265,0.404583737,0.234375,12815.35019,0.693359375,100.5118658,0.546875,40.06196054,0.237296002,0.080271008,0.404537097,0.234375,108.514254,0.1953125,102.9352484,0.546875,11.58717224,0.600263932,0.945593769,0.627155284,22.72808904,0.124297732,0.010784806,-0.047468096,1.020211992,0.119711597,0.119714871,0.017820879,0.001123,3.987719366,30.78231182,23.67649187,-0.137367069,-0.047389534,3.264433828,23.67717544,23.67783211,-0.134728471,-0.050333735,3.43680086,28.37182826,23.50780945,-0.028331181,0.07692006,3.64812056,23.55548008,23.55613357,-0.024577044,0.076487943,3.819295786,3832.464146,3.460531391,-0.060695857,0.409478772,1.003743324,13.02882967,13.02912347,-0.088671307,0.527128846,5.62089304,13.08350297,13.0837921,0.218414671,1.406674334,6.423965276,51.19725906,16.77035302,-0.003932493,-0.358880008,1.890299876,66.68549239,16.91260992,-0.017011096,-0.181502001,1.855940518,18.46466014,0.434172763,3.942982456,0.027926267,5.680626169,0.2250,0.2250
859,E859_processed,0.234375,11851.3056,0.185546875,2857.724533,0.68359375,148.0311116,0.244117732,0.093078607,0.421608214,0.234375,11851.23493,0.185546875,2857.625363,0.68359375,148.031172,0.244007911,0.090517937,0.421525952,0.234375,13367.01723,0.185546875,2208.579567,0.693359375,119.1024606,0.238666259,0.083741588,0.398625985,0.234375,13366.98327,0.185546875,2208.517804,0.693359375,119.1024768,0.23858413,0.081584013,0.398541537,0.234375,117.4209869,0.185546875,89.97777946,0.556640625,8.567891913,0.622138734,0.967823577,0.634937837,7.656245182,7.403199849,4.719085387,28.45027627,9.235765877,1.894466577,1.894519189,-3.360398848,128.3811537,18.5807752,30.907909,23.92806857,-0.123630165,-0.063621758,3.211483702,23.95869316,23.95931992,-0.120323019,-0.064131179,3.325631075,29.15808752,24.25085498,-0.046286041,-0.089352551,3.411270816,24.24133315,24.2420057,-0.038382316,-0.087214724,3.509469009,3831.829994,3.404313758,-0.128583171,0.531590584,1.003441777,12.94174785,12.94205815,-0.146271843,0.744520059,5.989270305,12.73830005,12.73864781,-0.012516924,-0.131680364,3.612595386,77.69279817,16.84726653,-0.03095588,-0.302159832,1.64377882,29.24162848,17.07586823,-0.039302533,-0.34913539,2.541633391,18.15957095,0.439893298,3.971714904,0.02788632,5.6036458,0.2250,0.2250
860,E860_processed,0.234375,11055.02619,0.185546875,2213.443629,0.673828125,146.0725737,0.244686357,0.100644786,0.431049396,0.234375,11054.98236,0.185546875,2213.382377,0.673828125,146.0725601,0.244483239,0.096442772,0.430914169,0.234375,10821.78108,0.185546875,3040.865054,0.673828125,97.34935403,0.236235018,0.086925883,0.420365164,0.234375,10821.73723,0.185546875,3040.774997,0.673828125,97.34934667,0.236122732,0.084181402,0.420273269,0.185546875,94.5924778,0.234375,83.7300703,0.56640625,10.07277097,0.668520857,1.041002269,0.649322618,22.57732868,0.123532139,0.025427956,0.152497089,1.021153093,0.116885559,0.116888801,-0.087600904,0.12230119,4.235609166,30.00574574,22.73550165,-0.107717013,-0.203914277,3.347884464,22.74655883,22.74717245,-0.112732516,-0.198051841,3.546958775,27.88074352,22.5440852,-0.050901194,0.10306414,3.567655466,22.55835561,22.55895996,-0.043362833,0.095396503,3.665278534,3831.526085,3.284888272,-0.078971241,0.580785406,1.003744126,12.59106761,12.59138143,0.097349996,0.313731902,5.22674531,12.52279835,12.52311653,0.048811835,0.034885122,3.892150594,37.38143156,16.1968556,-0.045553295,-0.346853921,2.432301226,35.9983141,16.26080754,-0.043988917,-0.211601619,2.402532108,17.75869741,0.392703976,3.64004065,0.029638269,4.917877648,0.2250,0.2250
861,E861_processed,0.234375,9907.823453,0.185546875,3254.22328,0.615234375,178.050168,0.242387408,0.10448961,0.434755075,0.234375,9907.841171,0.185546875,3254.053075,0.615234375,178.0501807,0.241954245,0.095777087,0.434591168,0.234375,10673.49617,0.673828125,102.296599,0.615234375,43.69830792,0.235646856,0.087107475,0.415771856,0.234375,10673.48663,0.673828125,102.2966086,0.615234375,43.69833627,0.235403484,0.081122582,0.415655524,0.185546875,102.2724591,0.234375,91.08185177,0.576171875,8.211688614,0.701224202,1.109152604,0.643189131,7.588873606,7.337844317,4.73329156,28.77936586,9.297377801,1.90712407,1.907177026,-3.199528659,126.6806475,18.43659176,29.82971475,22.5555764,-0.097262713,-0.107408569,3.292881505,22.61517225,22.61579392,-0.096614337,-0.083153906,3.489308488,28.04705742,22.65268747,-0.04159624,0.170735024,3.275150353,22.67310358,22.67373312,-0.016110284,0.169579451,3.593309289,3831.111485,3.3673068,-0.038676938,0.507340391,1.003854551,13.48075832,13.48096938,-0.462059722,5.535773861,8.543525498,12.79848565,12.79881838,-0.03739705,0.484708744,4.741174013,85.95965398,16.51540126,0.047220195,0.141150502,1.891701033,53.63374661,16.49443705,-0.080983289,-0.050533026,2.258681082,18.58887536,0.424730395,3.82260812,0.02906657,5.436047184,0.2250,0.2250
862,E862_processed,0.234375,6866.660041,0.185546875,2467.239632,0.673828125,120.1642937,0.244263931,0.105479445,0.45068819,0.234375,6866.636793,0.185546875,2467.152356,0.673828125,120.164307,0.24414271,0.102814842,0.450552382,0.234375,7343.073076,0.185546875,2868.993185,0.68359375,77.5093163,0.2337857,0.090196143,0.427907444,0.234375,7343.038337,0.185546875,2868.907215,0.68359375,77.50932833,0.233626602,0.08643981,0.427794133,0.17578125,116.7771124,0.234375,71.11785486,0.21484375,69.78587961,0.578241784,0.921529822,0.613200139,22.37269369,0.119822128,-0.091816372,0.039328038,1.017655241,0.112598344,0.11260114,-0.039835928,0.00972667,3.592515926,27.66158872,19.64501122,-0.058289589,-0.013319297,3.365201325,19.64817966,19.64872281,-0.054716345,-0.015393772,3.742714525,26.16593486,20.13582302,-0.047625264,0.128218519,3.392442367,20.1455717,20.14610887,-0.040880941,0.126114863,3.595307067,3831.124108,3.199022455,-0.040775064,0.571086293,1.003145289,11.23297877,11.23329069,-0.007175238,-0.21819412,3.071566507,11.56259837,11.56288183,0.028517803,0.045843077,3.943831859,35.55294743,14.17976369,0.01806133,-0.303325129,2.151560525,50.17873087,14.72568136,-0.040927048,-0.20495513,1.888732684,16.12101287,0.393359385,4.040765766,0.024091407,4.548368087,0.2250,0.2250
863,E863_processed,0.224609375,6687.756179,0.185546875,3295.594119,0.615234375,162.8926548,0.243009735,0.111806775,0.453607477,0.224609375,6687.71228,0.185546875,3295.466985,0.615234375,162.8925549,0.242846186,0.10861125,0.453476215,0.224609375,5406.050987,0.185546875,2986.203498,0.68359375,100.8893056,0.23456599,0.100396044,0.440807683,0.224609375,5406.026225,0.185546875,2986.106174,0.68359375,100.8892975,0.234430464,0.097434507,0.440676675,0.185546875,114.543781,0.224609375,45.48854277,0.56640625,12.22866359,0.65622746,1.015252391,0.64110953,7.569580094,7.321332892,4.796806916,29.60542576,9.303562961,1.896890355,1.896943037,-3.369165011,128.2571858,18.5683532,28.14326509,20.49106342,-0.056520954,0.256212832,3.358722085,20.51049614,20.51103996,-0.050518211,0.252018959,3.756089933,25.02559519,18.66479959,-0.02411866,0.285966922,3.592205153,18.66570105,18.66620517,-0.018322608,0.284181076,3.897897903,3830.949439,2.981729647,0.012569503,0.340845971,1.00309669,12.26237082,12.26266661,0.096088442,0.241339522,4.094137316,10.78228658,10.78256901,0.035320264,-0.087117528,3.258328555,37.11791017,15.09138203,0.057543503,-0.053787015,2.268838995,31.34252585,13.71349981,-0.064267107,-0.147813872,2.378669987,16.32901671,0.415256594,3.855556089,0.027934602,4.477532881,0.2250,0.2250
864,E864_processed,0.234375,5660.528618,0.17578125,2893.419338,0.576171875,224.0287742,0.247558107,0.116298063,0.462953342,0.234375,5660.501561,0.17578125,2893.318776,0.576171875,224.0290143,0.247392293,0.113313475,0.462873218,0.234375,6329.076953,0.17578125,3430.091139,0.693359375,81.93872597,0.233893194,0.097461473,0.435496903,0.234375,6329.050922,0.17578125,3429.908748,0.693359375,81.93876638,0.233780645,0.094960451,0.435396631,0.17578125,148.0807274,0.234375,60.49960134,0.576171875,13.46230492,0.613043996,0.960918431,0.620678299,22.15532054,0.110361027,0.038358066,0.075860514,1.01766747,0.104494621,0.104497524,-0.026338317,0.073021581,4.03626309,27.44794139,19.74620941,-0.063546716,0.027598552,3.583354526,19.78990969,19.79043674,-0.068301489,0.018423498,4.004707784,25.89115554,19.83087062,-0.014135971,0.175396181,3.287251813,19.84582015,19.84637104,-0.009952653,0.169701609,3.925882599,3831.154383,3.219232052,0.031210932,0.515798782,1.003791499,11.99146686,11.99167602,0.322367138,1.693603295,6.591796863,11.57953014,11.5798516,0.006115669,-0.028906637,3.753989062,78.89047629,14.51930214,0.082754462,0.013868729,1.573527209,37.46314609,14.67820775,-0.063597953,-0.152881982,2.205087637,16.67013068,0.371461432,3.853648069,0.025013221,4.301468261,0.2250,0.2250
865,E865_processed,0.234375,6694.101723,0.17578125,3607.877426,0.302734375,186.6995977,0.245350364,0.120152117,0.456474826,0.234375,6694.079414,0.17578125,3607.679043,0.302734375,186.6998709,0.245171546,0.116748145,0.45631353,0.234375,7226.785256,0.17578125,3679.338861,0.68359375,95.57821756,0.233682701,0.100706022,0.429349772,0.234375,7226.771079,0.17578125,3679.153406,0.68359375,95.57820943,0.233552184,0.097959644,0.429257121,0.17578125,169.9820706,0.234375,64.11070642,0.56640625,12.27646536,0.603184964,0.955572192,0.613329002,7.529299216,7.283619929,4.840445378,30.23819872,9.33866446,1.895344683,1.895397329,-3.412090055,128.8119625,18.5885538,27.43349417,19.77226426,-0.033191453,0.086852067,3.329195816,19.77493744,19.77548673,-0.03408204,0.084490097,3.91522142,25.85141349,19.72911936,0.011907708,0.111905403,3.352556023,19.72822494,19.72874256,0.018869133,0.110741384,3.537864242,3830.930707,3.339690133,0.03403919,0.308163554,1.003633815,11.70564797,11.7059713,0.039351516,-0.073151855,3.78067998,11.93642364,11.93668152,0.057903808,0.282201729,4.643609226,19.29327547,14.48924012,0.002310174,-0.207677613,3.343762793,54.15624187,14.68959754,-0.043104731,-0.13890664,1.837926704,16.71867608,0.399591251,3.82036642,0.027378266,4.769793497,0.2250,0.2250
866,E866_processed,0.234375,5816.909502,0.185546875,2468.389681,0.56640625,216.573417,0.250750022,0.127953051,0.467052186,0.234375,5816.893806,0.185546875,2468.302088,0.56640625,216.5734873,0.25049883,0.123607081,0.466846939,0.234375,6369.953882,0.17578125,2801.345954,0.6640625,54.27784679,0.236251525,0.104101739,0.439223064,0.234375,6369.963635,0.17578125,2801.199289,0.6640625,54.27796913,0.236065461,0.100614786,0.439169694,0.17578125,115.6720784,0.234375,58.60850522,0.56640625,15.80026301,0.711559571,1.07397945,0.652131892,21.95493055,0.11290839,-0.035621017,0.006611197,1.018905478,0.10704322,0.107046179,-0.091991235,-0.006481183,3.82537386,26.50602803,18.63935763,-0.040571696,0.044691367,3.301057288,18.63665695,18.63717432,-0.0413016,0.045523257,3.672020509,25.08261182,18.70092986,0.025762838,0.38410944,3.568870524,18.76449077,18.76493811,0.061564877,0.475548157,4.364514008,3830.970264,3.127858431,0.06078508,0.551178299,1.003800535,10.94486261,10.94516239,0.05542302,-0.094058008,3.663405853,11.58119551,11.58136485,-0.56211328,5.657013661,9.020460015,15.09076477,13.49700432,0.034548035,-0.215190929,3.276616376,99.24035465,13.91231272,-0.197449232,1.022510198,1.490570421,15.9350115,0.368742519,3.770105263,0.025942765,4.270541648,0.2250,0.2250
867,E867_processed,0.234375,4221.954357,0.17578125,3757.137845,0.56640625,313.6796308,0.248173908,0.137813049,0.473783805,0.234375,4221.943941,0.17578125,3756.944196,0.56640625,313.6796965,0.247550673,0.127945463,0.473405576,0.234375,3979.681363,0.17578125,3268.854899,0.68359375,71.28308056,0.233970282,0.110705217,0.447610793,0.234375,3979.670546,0.17578125,3268.688767,0.68359375,71.28306575,0.233608983,0.103392835,0.447356406,0.17578125,157.6985655,0.244140625,37.68139792,0.556640625,22.17168958,0.723910852,1.103727451,0.634665611,7.488167425,7.244476484,4.873941197,30.7602638,9.360455639,1.89856987,1.898622609,-3.417765295,128.7738025,18.55418414,26.13318405,18.27867619,-0.013346302,0.407620612,3.539333892,18.30966756,18.31015339,-0.008539292,0.401994501,4.018207446,23.91922213,17.12773994,0.049241526,0.320415071,3.462518119,17.1455094,17.14595589,0.049571276,0.312810554,3.855300103,3830.785781,3.238746762,0.051962192,0.347134797,1.003364772,11.53862608,11.5389246,0.033836085,0.062780335,3.457279043,10.65476285,10.65501756,-0.038091062,0.289514169,4.470241029,15.70278407,13.76621643,-0.011887962,0.199797314,3.608517345,40.12685559,12.88640557,-0.036285252,0.037741034,2.048906236,15.70592819,0.392088015,3.849508441,0.026458975,4.177704685,0.2250,0.2250
868,E868_processed,0.185546875,3982.791315,0.224609375,3805.971761,0.56640625,246.9685752,0.246327796,0.134636317,0.474003695,0.185546875,3982.633781,0.224609375,3805.92787,0.56640625,246.9685059,0.245985863,0.128895925,0.473783752,0.234375,3704.525998,0.185546875,2803.19587,0.68359375,54.59047962,0.234766722,0.118360447,0.453993181,0.234375,3704.506677,0.185546875,2803.092624,0.68359375,54.59046729,0.234396376,0.111409777,0.453785637,0.185546875,150.6856524,0.234375,38.08434546,0.56640625,17.0218919,0.707114751,1.049398558,0.63738663,21.79201562,0.118247806,-0.057266406,-0.072617429,1.018411944,0.113327723,0.113330765,0.051785617,0.010760887,3.759794038,25.91245368,18.03125503,-0.026858694,0.297954266,3.651741405,18.04709568,18.04756091,-0.023826738,0.296985337,4.207750685,23.51586037,16.59829679,0.007034138,-0.006849116,3.369921225,16.63278067,16.63322047,-0.014360711,0.056208173,4.087502107,3830.975134,3.233995912,0.024170058,0.141748068,1.003326272,11.98508031,11.98525701,-0.105869636,1.050900787,5.906693979,10.89117232,10.8913709,0.338641738,3.671700201,8.004422585,56.31391802,13.75069443,-0.035147075,0.049280031,1.810302477,74.51607008,12.68984197,-0.012938545,0.335456074,1.66447097,16.19470116,0.38909684,3.673305955,0.028836563,4.237797995,0.2250,0.2250
869,E869_processed,0.17578125,5210.988069,0.234375,3355.059509,0.615234375,180.5889414,0.241801399,0.141069831,0.468233262,0.17578125,5210.739143,0.234375,3355.050211,0.615234375,180.5889228,0.24136454,0.134356759,0.467928524,0.17578125,5594.824864,0.244140625,3066.320754,0.56640625,57.73079448,0.227505263,0.117107408,0.445165993,0.17578125,5594.535597,0.244140625,3066.312681,0.56640625,57.73075028,0.227265995,0.112778798,0.445012981,0.17578125,275.9332697,0.244140625,28.39741071,0.224609375,23.18743261,0.67778895,1.041601426,0.594064666,7.463814445,7.22165739,4.898517847,31.12180545,9.373236502,1.895005305,1.895057946,-3.441749727,129.4841925,18.58501776,26.16299695,18.60513324,-0.030955592,0.052321068,3.467104291,18.60905202,18.60956894,-0.031298228,0.049105674,3.889954625,24.58154538,18.19235554,0.031114257,0.081876585,3.187528237,18.22535305,18.225791,0.017997458,0.107403226,3.820438914,3831.185141,3.672202523,0.029909582,0.281713948,1.004240348,11.98235542,11.98268815,0.0731317,-0.160617297,3.731007388,12.03469187,12.03498305,0.151644716,0.757573196,6.120863193,21.81573896,14.1697318,0.015509034,-0.253404877,3.020467147,75.62983217,14.17837024,0.009469608,0.011000291,1.626342488,16.98309843,0.38307283,3.795573141,0.026590507,4.61027502,0.1880,0.1750
870,E870_processed,0.234375,3762.238692,0.185546875,2957.973648,0.283203125,316.5235332,0.256008895,0.161416717,0.48875248,0.234375,3762.232168,0.185546875,2957.867836,0.283203125,316.5234955,0.254834193,0.145962695,0.488160498,0.234375,4326.5708,0.185546875,3310.573545,0.68359375,82.94455692,0.23651249,0.124643038,0.455713355,0.234375,4326.561637,0.185546875,3310.455045,0.68359375,82.94457344,0.236094486,0.117276958,0.455432764,0.185546875,141.0613406,0.234375,40.4685166,0.556640625,13.89537104,0.911404306,1.248866624,0.688381112,21.71923139,0.10989473,-0.07427248,-0.132813306,1.015721395,0.107659127,0.107662108,-0.067889812,-0.105144366,3.714109526,24.9289841,16.93479999,-0.033739823,0.110052972,3.365537427,16.92722678,16.9276957,-0.033017692,0.110688105,4.077380495,23.86580845,17.23821351,0.055803914,0.292902933,3.461178412,17.23605396,17.2365295,0.058577519,0.292637576,3.965533446,3831.425992,3.317161878,0.004054747,0.283946959,1.003711101,10.6158294,10.61612333,-0.030848954,0.051642036,4.205302709,10.47902223,10.47930344,-0.040748864,0.036414204,3.421945007,23.1749851,12.54973171,0.044902628,-0.075862568,3.077998083,17.75779639,12.87213448,-0.033057374,-0.040342771,3.166098511,14.91703306,0.359339472,3.096206897,0.037483918,3.76562736,0.2250,0.2250
871,E871_processed,0.234375,3507.044933,0.185546875,2904.173403,0.56640625,173.7191348,0.252132397,0.150083034,0.486843193,0.234375,3507.071859,0.185546875,2904.073965,0.56640625,173.7191414,0.251332341,0.138753193,0.486470916,0.185546875,3174.139053,0.234375,2944.673646,0.693359375,58.48739873,0.237820003,0.132522557,0.464676361,0.185546875,3174.035439,0.234375,2944.668033,0.693359375,58.48741655,0.237348324,0.124659317,0.464395388,0.185546875,144.4649341,0.234375,24.61431702,0.556640625,15.18870868,0.875195739,1.194184621,0.682750121,7.458483769,7.216471052,4.903057832,31.19776868,9.368086218,1.895128265,1.895180874,-3.407092591,128.8821841,18.58648854,24.8895082,16.94975944,-0.027534305,0.149338216,3.193372097,16.99106059,16.99148951,-0.041345344,0.193353197,3.793245516,23.25032951,16.28721201,0.035896772,0.272598974,3.394317743,16.28641799,16.28686342,0.036572588,0.271526353,3.84083575,3831.368906,3.252462761,0.032496692,0.437836569,1.003641177,11.12343922,11.12360585,0.35979112,2.78282094,7.495618119,10.07797557,10.07825021,-0.014611438,0.168225955,3.560862297,79.81107163,12.75822114,0.130323198,0.54148257,1.534594606,24.0792448,12.25382578,-0.020881339,0.042512749,2.563627402,15.01018769,0.376399929,3.68680639,0.027691652,3.793452668,0.2250,0.1880
872,E872_processed,0.185546875,3808.886062,0.234375,3416.579755,0.576171875,144.2399504,0.253245423,0.154245784,0.488731267,0.185546875,3808.75764,0.234375,3416.569692,0.576171875,144.2399357,0.252430836,0.142673628,0.488256882,0.234375,3515.504492,0.185546875,2773.240889,0.419921875,81.22229254,0.242624494,0.130297768,0.470205504,0.234375,3515.493713,0.185546875,2773.144797,0.419921875,81.22235497,0.2422228,0.123416816,0.469936603,0.185546875,138.3451034,0.244140625,34.19674432,0.576171875,13.13254142,0.85569863,1.174198797,0.694827038,21.71111866,0.119743712,-0.022469816,-0.042464622,1.01915375,0.116731323,0.116734294,-0.009857162,-0.036622204,3.776024128,24.99605064,17.14060242,-0.014320093,0.103237402,3.3321832,17.14432723,17.14479377,-0.012515165,0.099516128,3.797533715,23.56248391,16.63792666,0.054354916,0.233961336,3.484089848,16.63377252,16.63422619,0.060678574,0.235247469,3.929861066,3831.72106,3.266846005,0.06827177,0.488878554,1.004490447,10.77563217,10.77592631,0.071429633,-0.061121074,3.544819278,9.82419875,9.824462837,-0.01050323,0.03769321,3.760755785,18.35403334,12.72947106,0.017787856,-0.160697401,3.141270328,19.21641467,12.19640873,-0.086850994,-0.091340614,3.115073168,14.58220347,0.384605453,3.332653061,0.034628623,3.778541975,0.1880,0.2250
873,E873_processed,0.234375,3872.50958,0.1953125,3223.962695,0.56640625,219.0711674,0.257218608,0.158962452,0.487381469,0.234375,3872.4941,0.1953125,3223.890135,0.56640625,219.071231,0.255991477,0.14259243,0.486767362,0.244140625,3720.109789,0.185546875,3259.161265,0.400390625,104.214254,0.240219034,0.124122707,0.466815649,0.244140625,3720.105371,0.185546875,3259.044347,0.400390625,104.2140692,0.239800009,0.11685927,0.466564577,0.185546875,133.7342584,0.244140625,30.72521051,0.56640625,19.40590997,0.882355551,1.241136339,0.683183637,7.466124315,7.223820054,4.896032326,31.08415789,9.402887233,1.894580329,1.894632958,-3.420979488,129.3079921,18.59751466,25.11670384,17.40322765,-0.028455621,0.197078181,3.897295704,17.41280135,17.41327068,-0.028720267,0.194527053,4.549963296,23.79231283,17.16219254,0.011055795,-0.058587046,3.352846509,17.18692762,17.18735927,0.017616717,-0.065098484,3.928301743,3832.176909,3.419760857,0.03513002,0.306978779,1.003648081,10.57752222,10.57779251,-0.008342214,0.133963994,4.796108283,10.20180882,10.20207742,-0.020877474,-0.201843309,3.808742119,13.41061744,12.73810362,-0.023527314,-0.089586856,4.565085236,35.43218708,12.71206661,-0.033380198,-0.322287562,2.235412828,14.69598851,0.374649143,3.545183849,0.029808987,3.822199562,0.2250,0.1880
874,E874_processed,0.185546875,3204.95382,0.234375,3057.719343,0.56640625,204.3913917,0.25942791,0.157538869,0.497364889,0.185546875,3204.849156,0.234375,3057.708233,0.56640625,204.3913047,0.258723682,0.147785441,0.496928251,0.234375,3521.788845,0.185546875,2908.538333,0.400390625,130.8410003,0.242309644,0.127093038,0.467880973,0.234375,3521.779184,0.185546875,2908.439831,0.400390625,130.840966,0.241934152,0.12052467,0.467630355,0.185546875,130.5704492,0.234375,34.60342271,0.56640625,16.30812036,0.78676647,1.103674724,0.682047836,21.7645556,0.122198599,-0.079728991,-0.059859799,1.017666678,0.118858417,0.118861718,-0.070939492,-0.047404714,3.909921105,24.45618298,16.80915282,-0.016439685,0.266084419,3.385940278,16.83543169,16.83588695,-0.034178792,0.320027793,4.281363055,23.38902151,17.37442192,0.028570567,0.3776899,3.735040047,17.37113685,17.37160946,0.024999428,0.377067687,4.117261624,3833.928853,3.379714436,0.058425044,0.377350908,1.003441547,10.60584688,10.60613,0.102004429,0.313630975,4.689246901,10.24445473,10.24469385,-0.020439126,0.204624129,3.791628314,12.73149519,12.52080439,0.045375355,0.342150915,5.036701579,17.64953954,12.76411061,-0.075918885,0.090431002,2.984523031,14.74597388,0.399054034,3.358878505,0.035370656,4.088186405,0.2250,0.2250
875,E875_processed,0.244140625,3057.279959,0.224609375,3055.619007,0.185546875,2885.023933,0.254270997,0.14616722,0.491830603,0.244140625,3057.265796,0.224609375,3055.611912,0.185546875,2884.943889,0.253605813,0.136110218,0.491472823,0.244140625,3601.412392,0.185546875,3204.731761,0.390625,171.0084883,0.244313729,0.123992115,0.469898641,0.244140625,3601.407649,0.185546875,3204.621996,0.390625,171.0085112,0.24399407,0.118287749,0.469679335,0.185546875,147.9470786,0.244140625,34.3189558,0.390625,12.90419607,0.77541971,1.100863638,0.678772293,7.379305159,7.136779951,4.821905752,30.3529829,9.64225743,1.940634723,1.940688623,-2.783621492,123.3844282,18.21230379,24.39190802,17.15412801,0.003193421,0.202217803,3.395653548,17.18515901,17.18557029,-0.001289941,0.204458414,4.009515623,22.30632435,17.18028468,-0.016918621,0.220290542,3.459301398,17.1806213,17.18108348,-0.017889528,0.218208775,3.716201439,3836.458916,3.491943742,0.04744537,0.239623703,1.004154426,10.98004279,10.98018361,0.192054937,1.861941626,6.601076025,9.978378456,9.978624182,0.06574595,0.086040057,3.768598458,59.35371513,12.76269929,0.049049051,0.108994536,1.759309599,23.80383214,12.50948814,-0.032778411,-0.085388409,2.689104318,14.83702709,0.380167663,3.446229936,0.032010074,3.793550238,0.2250,0.2250
876,E876_processed,0.234375,3320.444538,0.185546875,3082.777086,0.615234375,198.9068695,0.255875946,0.151155674,0.486868431,0.234375,3320.426463,0.185546875,3082.686074,0.615234375,198.9069094,0.255232163,0.142182159,0.486478184,0.234375,3310.66394,0.1953125,3154.387726,0.37109375,174.4517767,0.245022678,0.126269101,0.468448609,0.234375,3310.658791,0.1953125,3154.313249,0.37109375,174.4519143,0.244765394,0.121967407,0.468274867,0.185546875,118.0741466,0.244140625,26.47322651,0.37109375,12.58668611,0.828205863,1.145140824,0.695450471,21.85461543,0.12364228,-0.105341058,-0.019476528,1.020549599,0.120085447,0.120088783,-0.10609821,-0.022744619,3.877776079,23.82037708,17.11294836,-0.050389057,0.229918392,3.373237281,17.10514227,17.10561558,-0.046265692,0.233659377,3.701611354,20.36605781,16.35025423,0.015377112,0.140261751,3.527708733,16.34313276,16.34358367,0.01220398,0.126271885,3.907238349,3840.472579,3.423548954,0.08930699,0.271789996,1.004034847,10.50375838,10.50400638,0.015198646,0.146053664,4.260907583,9.408364361,9.408609437,-0.004038047,-0.103713798,4.092055337,19.2317646,12.52702391,-0.011870587,-0.094677706,3.005816112,17.51204404,11.86700614,-0.021086498,-0.247387253,3.412790425,14.10163401,0.405177785,3.369360902,0.03569033,3.812159535,0.2250,0.2250
877,E877_processed,0.234375,4755.579498,0.185546875,2431.475718,0.615234375,151.6948087,0.250644068,0.132870693,0.472740392,0.234375,4755.559879,0.185546875,2431.400214,0.615234375,151.6948117,0.250360274,0.128026636,0.472478985,0.234375,4937.959022,0.1953125,2726.876846,0.3515625,153.45198,0.242078158,0.112460495,0.450600062,0.234375,4937.942454,0.1953125,2726.818443,0.3515625,153.4519598,0.241836953,0.107726711,0.450398334,0.185546875,112.6878473,0.25390625,24.91818161,0.390625,11.35740337,0.694028981,1.008956912,0.665518055,7.506383778,7.261404893,4.856251855,30.49716427,9.587922644,1.894341702,1.894394313,-3.404838347,128.9235559,18.89145944,22.67770023,16.59667077,-0.021957421,0.418247349,3.415330929,16.58823242,16.58868667,-0.024027777,0.41975152,4.318696481,19.59289851,17.19720889,-0.012031598,0.418575037,3.894357844,17.17279387,17.17327065,-0.017120287,0.411133304,4.11319003,3845.447013,3.400332283,-0.055150026,0.514400102,1.004129035,10.08962123,10.08988858,0.07578383,0.178910067,3.683234656,9.706455285,9.706713398,0.026147072,0.165906922,3.711941005,15.21012144,12.1100574,0.011505244,0.094843197,3.553332025,12.71187652,12.39549215,-0.056919652,0.107228863,3.795997113,14.00093342,0.387454717,3.366081064,0.034195725,3.760911888,0.2250,0.2250
878,E878_processed,0.234375,4813.600953,0.1953125,2200.601571,0.615234375,150.2692912,0.258941176,0.133330897,0.476120432,0.234375,4813.5884,0.1953125,2200.563412,0.615234375,150.2693081,0.258849883,0.131513159,0.475964727,0.234375,4867.781401,0.185546875,1857.501474,0.380859375,174.8027372,0.248550644,0.115470275,0.452682669,0.234375,4867.768668,0.185546875,1857.434351,0.380859375,174.8022729,0.248452442,0.113503161,0.452558602,0.185546875,73.92293008,0.234375,38.92853696,0.380859375,13.7391722,0.714087231,0.971018468,0.686961057,21.96992622,0.122593682,-0.064239674,0.084351844,1.021227053,0.11861387,0.118617143,-0.069061456,0.105913036,4.337741103,21.89586322,16.48681968,-0.052341876,0.297656014,4.403386795,16.49648401,16.496914,-0.044870625,0.294188816,4.952714265,17.90517975,16.46353947,-0.022464809,0.287124358,3.56036046,16.45371841,16.45417545,-0.007714911,0.282500442,3.725367634,3849.866245,3.121443479,0.015269552,0.251585443,1.002976403,9.674428903,9.674676827,0.03845547,0.244654172,4.331014744,8.967552612,8.967790476,0.021595205,0.034941362,3.480824653,36.45696561,11.79733171,0.057536155,0.052281528,2.21883499,27.32479351,11.63974284,-0.048090244,-0.056188838,2.185764206,13.19168821,0.387068796,3.298348624,0.035579107,3.471151859,0.2250,0.2250
879,E879_processed,0.224609375,3647.679264,0.185546875,2421.882472,0.673828125,121.0664455,0.253607249,0.134532633,0.484007954,0.224609375,3647.659507,0.185546875,2421.802137,0.673828125,121.0664465,0.25340215,0.1309365,0.483792758,0.224609375,4274.029967,0.185546875,2534.280412,0.390625,171.4588489,0.243873478,0.114302272,0.458729121,0.224609375,4274.00295,0.185546875,2534.207356,0.390625,171.4590158,0.243731431,0.111611368,0.458601466,0.185546875,120.8050034,0.21484375,45.0486312,0.390625,13.6223548,0.718855556,1.028854001,0.675089165,7.418720813,7.174233459,4.786347865,29.78909203,9.739933989,1.937508968,1.937562789,-2.753863723,123.0986176,18.76773741,20.82002011,16.03542537,-0.061183206,0.044202237,3.818529164,16.03206474,16.03250619,-0.06070063,0.041614388,4.109800313,17.45664507,16.85781753,-0.028459691,0.103397744,3.707315623,16.84727116,16.84772507,-0.016964056,0.099066177,3.51779563,3854.41286,3.383521966,0.001199957,0.101035454,1.003427095,9.745497492,9.745768212,0.063926556,-0.13828362,3.455167097,9.533459918,9.533706868,-0.0102339,-0.031206148,3.889653947,19.58226387,11.66825959,0.024480971,-0.306190714,2.91833159,38.72488607,12.1202483,-0.023767897,-0.221926686,1.894475413,13.63347222,0.387049108,3.291089598,0.035734414,3.690012737,0.2250,0.2250
880,E880_processed,0.234375,3906.672904,0.185546875,2508.04678,0.615234375,124.2513301,0.252776828,0.132135125,0.478853686,0.234375,3906.654641,0.185546875,2507.968632,0.615234375,124.2513972,0.252548179,0.128273814,0.4786833,0.234375,4512.364632,0.185546875,2793.343448,0.37109375,250.4940681,0.244874198,0.115867612,0.459239147,0.234375,4512.348431,0.185546875,2793.256515,0.37109375,250.4940487,0.244739495,0.113362385,0.459121294,0.185546875,129.5247559,0.234375,39.63771211,0.37109375,14.69148577,0.702372573,1.026356381,0.663684403,22.05701795,0.110386603,0.022865601,-0.048292737,1.018196297,0.106043202,0.106046059,0.05891212,-0.075217156,4.019109956,20.65549598,16.54416986,-0.037299358,0.09321273,3.619852269,16.55433165,16.55478112,-0.041877772,0.090986839,3.790429048,17.33915007,17.27565486,0.057061653,0.339595139,3.977581354,17.25394322,17.25441808,0.053909263,0.339636359,4.017037837,3860.334084,3.590952815,0.088815755,0.22357398,1.004464203,9.871092549,9.871334083,-0.083238118,0.362638222,4.810248546,9.659896929,9.660164963,0.003778595,0.216890887,3.737000076,42.05046489,11.99868858,-0.024829267,-0.089757923,1.902639112,18.69022504,12.44251925,0.004348595,0.049470111,3.047256508,13.8116626,0.34777756,3.073493976,0.036816019,3.359588596,0.2250,0.2250
881,E881_processed,0.224609375,3627.501558,0.1953125,3021.303362,0.615234375,148.3844819,0.24946947,0.131088219,0.472562254,0.224609375,3627.481676,0.1953125,3021.251594,0.615234375,148.3844464,0.249238537,0.127025397,0.472362209,0.224609375,4510.807299,0.185546875,2095.986064,0.37109375,167.0114414,0.243911788,0.111166944,0.452985566,0.224609375,4510.781145,0.185546875,2095.922075,0.37109375,167.0115683,0.243780356,0.108495417,0.452842943,0.185546875,103.4850579,0.224609375,45.4504586,0.37109375,10.19237134,0.680859181,1.018151025,0.661036697,7.549540338,7.302203725,4.820434755,29.94588416,9.571159006,1.893665886,1.893718474,-3.436403978,129.4969391,18.9694963,19.79672404,16.43652976,-0.059555298,0.118865772,3.75679445,16.44745098,16.44789338,-0.060089948,0.116557505,3.853441511,16.85377034,16.69314018,0.044095279,-0.006181391,3.911743584,16.65040986,16.65086946,0.037188673,-0.009755844,3.828770376,3867.132393,3.531007528,0.045983383,-0.016137302,1.003457422,9.851479714,9.851739306,0.046352128,0.109961775,4.102486053,9.170660322,9.170911647,0.007693728,-0.022288081,3.63634559,12.37953101,12.036685,-0.008814188,-0.084423374,4.122107352,18.60628082,11.88406251,-0.028356041,-0.183535335,2.999184594,13.45965779,0.384736725,3.286547014,0.035619182,3.528386515,0.2250,0.2250
882,E882_processed,0.234375,3223.26169,0.185546875,2808.832853,0.3125,157.424256,0.254723694,0.140567123,0.481942914,0.234375,3223.260093,0.185546875,2808.736231,0.3125,157.425242,0.254427282,0.135750724,0.481688838,0.234375,4565.287911,0.1953125,2011.327698,0.380859375,135.4664901,0.247036585,0.11951093,0.452856342,0.234375,4565.271774,0.1953125,2011.28601,0.380859375,135.4665474,0.246856311,0.116235963,0.452710412,0.185546875,91.16169017,0.234375,45.13211777,0.390625,8.258716457,0.769403289,1.091919552,0.681570792,22.16148904,0.118806395,0.124238948,1.554427303,1.053274397,0.114462348,0.114465527,0.068484637,1.246135013,9.926475609,18.09128385,15.41420614,-0.048315517,0.188807157,3.84053374,15.40823887,15.40865819,-0.04392682,0.18830504,3.89107514,16.84180038,15.85759635,-0.042748367,-0.016268904,3.383464103,15.83555579,15.83598456,-0.039614707,-0.021686304,3.600475639,3873.831789,3.324006625,-0.194255408,0.159910963,1.00359843,9.330656014,9.330881329,0.001523359,0.324992446,3.754981717,8.72870283,8.728940738,0.054025749,0.021578049,3.917714322,11.91202538,11.24378347,-0.030941854,0.05767014,3.855162411,42.53362258,11.28810081,-0.002407125,-0.212800132,1.755933653,12.77731399,0.379838814,3.380602637,0.033236179,3.315590494,0.2250,0.2250
883,E883_processed,0.224609375,3269.241842,0.1953125,2116.477604,0.615234375,137.6550875,0.257358185,0.154705656,0.48213836,0.224609375,3269.227093,0.1953125,2116.436474,0.615234375,137.6550633,0.256233024,0.139215798,0.481562199,0.224609375,3234.709953,0.185546875,1931.93569,0.380859375,165.4714868,0.246515324,0.118271059,0.468041927,0.224609375,3234.706579,0.185546875,1931.859694,0.380859375,165.471987,0.246092851,0.110591008,0.467797172,0.185546875,87.72982762,0.380859375,11.16843456,0.56640625,8.728698102,0.911604953,1.281046581,0.705651578,7.461200725,7.214305604,4.746593741,29.18404444,9.672636036,1.935454504,1.93550826,-2.761982036,123.476037,18.68408442,17.11104849,15.112109,0.00308526,0.092320333,3.585024789,15.11510422,15.11551943,-0.001353598,0.089413716,3.561984622,17.31807045,15.24062074,-0.036864288,0.125223867,3.894406782,15.24828601,15.24870928,-0.029310074,0.121503083,3.879159303,3878.944743,2.987538686,0.007396857,0.378285204,1.003709013,8.959817078,8.960064393,-0.008492724,-0.009464789,3.814082339,8.808999792,8.809217327,-0.081645081,0.448503334,4.787385427,10.93997888,10.91458531,-0.021416069,-0.153416129,3.493617956,28.37591141,11.0287763,0.041127795,-0.021080717,2.522492218,12.56523234,0.383783398,3.296136929,0.035324473,3.380831356,0.2250,0.2250
884,E884_processed,0.234375,2598.444994,0.1953125,1706.314159,0.341796875,117.6235805,0.265624092,0.166816605,0.501838631,0.234375,2598.435284,0.1953125,1706.276594,0.341796875,117.6234934,0.263967227,0.145228167,0.501094398,0.234375,2628.937207,0.1953125,1677.038992,0.380859375,180.0383087,0.253172883,0.128895681,0.482020781,0.234375,2628.933027,0.1953125,1676.986594,0.380859375,180.0387171,0.25247269,0.117242484,0.481733067,0.185546875,65.4358543,0.234375,23.19665024,0.380859375,10.19479741,1.026228113,1.387793902,0.730003967,22.24158033,0.105112486,0.008746872,0.020744485,1.016700822,0.102577834,0.102580683,-0.003144084,0.043532175,3.972443223,15.94104708,14.14275286,-0.022873946,0.174256932,3.728062887,14.15593856,14.15633176,-0.027864108,0.171320359,3.669126483,16.78454565,14.1144461,0.001427198,0.233680907,3.858219482,14.15856513,14.15891454,-0.003440173,0.244980209,4.087824359,3881.267175,2.700456389,0.041810093,0.313169902,1.002920908,8.354211879,8.35443128,0.00621503,0.108974825,3.951651059,8.447934533,8.447998767,0.456587688,6.255241051,8.646745507,31.7037975,10.12689644,-0.009858637,-0.006192012,2.092530781,73.19054305,10.17615857,0.120322553,1.136185318,1.568126188,11.88129644,0.33436868,3.079794521,0.035251866,2.8247462,0.2250,0.2250
885,E885_processed,0.234375,2808.096712,0.1953125,2700.229329,0.33203125,207.4483787,0.265548155,0.165216309,0.492580629,0.234375,2808.087319,0.1953125,2700.169045,0.33203125,207.4484504,0.264048318,0.145738628,0.491865799,0.234375,3280.873838,0.185546875,2265.454478,0.302734375,224.0493583,0.252152013,0.127461947,0.474922543,0.234375,3280.859756,0.185546875,2265.370392,0.302734375,224.050073,0.251594019,0.117956779,0.474602744,0.185546875,108.6235052,0.234375,28.41169029,0.56640625,12.79536343,0.946208232,1.315252819,0.698580044,7.476175917,7.228397199,4.732868351,28.97517236,9.588245622,1.938293371,1.938347215,-2.739455085,122.8651414,18.32382532,16.17422954,14.55747794,-0.044550788,-0.050246005,3.722412919,14.54959696,14.55000111,-0.045724995,-0.047509184,3.637927475,17.85623946,14.91355845,0.040929112,-0.054075822,3.753349026,14.91218485,14.91259188,0.033868217,-0.052251584,3.848976557,3882.486056,2.905122302,0.136290906,0.277235124,1.003708074,8.379188977,8.379420038,-0.017730482,-0.071311496,3.930902568,8.223681315,8.223875631,-0.036466941,0.258333613,4.832587486,13.16708573,10.32473678,0.013069278,-0.153447802,3.847861447,23.23394958,10.53554078,-0.027354892,-0.262554333,2.292119728,11.74081814,0.370846327,3.240320132,0.035319793,3.049794071,0.2250,0.2250
886,E886_processed,0.234375,3581.08359,0.185546875,2056.11502,0.615234375,203.5659427,0.268795632,0.165762753,0.493164879,0.234375,3581.071567,0.185546875,2056.067149,0.615234375,203.566011,0.267454813,0.148171376,0.49252722,0.234375,3604.945075,0.185546875,2131.582723,0.29296875,301.7421596,0.252372814,0.128576629,0.4703492,0.234375,3604.934654,0.185546875,2131.492032,0.29296875,301.7427857,0.25172551,0.11753215,0.470002594,0.185546875,105.4662035,0.234375,29.37265123,0.380859375,11.27442799,0.943710668,1.310415385,0.706138917,22.30934514,0.10821049,0.001709588,-0.003297627,1.021535274,0.104930456,0.10493306,-0.001455856,0.028870472,4.308636293,15.66323532,14.26058959,-0.010539172,0.071320841,3.913449409,14.25802521,14.2584025,-0.012802634,0.069548215,4.044425337,18.98321191,14.18665422,0.039034743,0.24413517,3.664980264,14.19059649,14.19094228,0.003487402,0.283549819,4.016406887,3886.31622,3.184672317,0.1509088,0.207820093,1.003391973,8.394483695,8.394683513,0.023179359,0.127341879,4.191367577,7.906828123,7.907021333,0.004408336,0.192094859,4.272325681,28.49948559,10.15924367,-0.004557659,-0.119416914,2.354211126,15.78155084,10.17965848,-0.022647114,0.332269772,4.200580121,11.53220264,0.34366878,3.130487805,0.035068408,2.717396376,0.2250,0.2250
887,E887_processed,0.234375,2784.819981,0.185546875,2001.319851,0.615234375,155.7764413,0.266574219,0.154075718,0.509401832,0.234375,2784.810498,0.185546875,2001.254992,0.615234375,155.776439,0.265964163,0.145405519,0.509030641,0.234375,2905.704036,0.185546875,2053.739733,0.380859375,178.42057,0.250365051,0.123800824,0.480403064,0.234375,2905.701062,0.185546875,2053.667491,0.380859375,178.4194064,0.249904371,0.11566425,0.480138773,0.185546875,98.27354876,0.234375,25.97368532,0.576171875,10.22696827,0.777016323,1.135576042,0.683805112,7.492163915,7.243147212,4.716111327,28.73816576,9.538295185,1.938245651,1.938299446,-2.760958597,123.2502925,18.19308761,15.24863188,14.3866439,-0.019164217,0.06558367,3.890824991,14.3751287,14.37552513,-0.026937623,0.063911231,3.97620082,22.3746013,14.48939494,0.068198204,0.180862443,3.180405319,14.44904494,14.44944262,0.046071327,0.235639912,4.128320267,3893.476825,3.448471745,-0.156299441,-0.049088728,1.003174508,8.564917476,8.565154236,-0.006359195,-0.001815461,3.865768607,8.643411928,8.643541767,0.399772491,4.57986828,8.383034544,22.42490441,10.3379941,0.021219562,-0.074724659,2.396914722,34.30973388,10.45428764,-0.116521687,0.401192655,2.580373391,12.16851188,0.358544526,3.192545512,0.035177818,3.099094584,0.2250,0.2250
888,E888_processed,0.234375,1949.588478,0.205078125,1420.655694,0.654296875,185.7749308,0.280408495,0.161201079,0.531252867,0.234375,1949.582191,0.205078125,1420.635648,0.654296875,185.7749239,0.280091715,0.15660422,0.530958642,0.244140625,1976.273464,0.205078125,1407.697509,0.185546875,1383.502536,0.256683767,0.130928954,0.498930416,0.244140625,1976.260891,0.205078125,1407.675033,0.185546875,1383.443586,0.256389803,0.126033438,0.498741185,0.185546875,59.83006247,0.244140625,16.44248585,0.380859375,12.50406834,0.805083872,1.093846567,0.720085659,22.35829099,0.110482591,0.002701883,0.011572637,1.017322568,0.107334888,0.107337768,0.001357615,0.023245058,3.828744968,14.01580219,13.47318992,-0.018158771,0.173240822,4.563140171,13.46740201,13.46777446,-0.019672236,0.175883848,4.478575518,22.6097324,13.19916021,0.054683093,0.132459959,2.893974632,13.20547256,13.20581473,0.03678481,0.151297187,3.570869561,3897.178713,2.515912971,-0.010338049,0.465021119,1.002747266,7.946708224,7.946927642,-0.022886628,0.213879988,3.810164614,7.653759613,7.653909875,0.37766432,2.469574698,7.410387499,13.64053288,9.463345975,0.001468823,0.168097382,3.57440971,51.21643852,9.356748657,0.043245279,0.261667353,1.622277668,11.03340361,0.34812667,3.226486486,0.033440872,2.664530159,0.2250,0.2250
889,E889_processed,0.234375,1617.820898,0.1953125,1262.900109,0.341796875,177.1273387,0.284874145,0.166571942,0.540815728,0.234375,1617.824728,0.1953125,1262.875259,0.341796875,177.1269378,0.28455043,0.16202929,0.540536538,0.234375,2016.320576,0.341796875,244.9787689,0.380859375,189.0474599,0.263592338,0.137437717,0.502455068,0.234375,2016.314436,0.341796875,244.9787999,0.380859375,189.0474815,0.263327372,0.133025747,0.502203058,0.185546875,47.18072372,0.234375,20.67983887,0.380859375,10.03885718,0.836160204,1.130072594,0.73445628,7.503880242,7.254388535,4.705514771,28.58245027,9.614675965,1.93763457,1.93768839,-2.74964504,122.7310473,18.74472884,13.29763465,12.60036972,-0.027757859,-0.047865055,4.157408175,12.60970137,12.61002323,-0.040226062,-0.048986809,4.084124575,18.355222,12.73244557,0.040440995,-0.029731663,3.24262387,12.58167566,12.58202514,0.035201206,-0.03159739,3.628713587,3889.873866,4.13881096,0.00146505,-0.623498087,1.003554057,7.645057284,7.645219331,0.202245797,0.846363491,5.770514517,6.857503134,6.857687099,0.023294067,-0.07444577,3.181729123,30.78933319,8.894754408,0.017749971,-0.081044604,1.926468736,18.4876545,8.741286347,-0.018113273,-0.163851696,2.402658627,10.27021183,0.350756101,3.178173085,0.034725631,2.405375587,0.2250,0.2250
890,E890_processed,0.1953125,1938.153665,0.234375,1554.387374,0.615234375,150.3372058,0.276249038,0.169275388,0.527899932,0.1953125,1938.126455,0.234375,1554.377688,0.615234375,150.3371822,0.27575744,0.163073578,0.527585527,0.244140625,1656.605802,0.185546875,1322.16678,0.361328125,171.2310725,0.258026263,0.137213253,0.504550263,0.244140625,1656.602378,0.185546875,1322.123703,0.361328125,171.2313189,0.257690817,0.131748972,0.504261027,0.185546875,63.79282229,0.244140625,17.01427369,0.56640625,8.155533331,0.87860346,1.1982245,0.725582135,22.44193285,0.105530534,0.036642041,0.012635955,1.02042249,0.102574848,0.102577669,0.024403848,0.038396473,4.476384127,14.67580117,13.15945695,0.043237052,0.011230406,3.643712215,13.16042562,13.16075816,0.024170828,0.022733533,4.162450605,14.24816803,12.64037041,0.043524021,-0.023203662,3.703699653,12.52789926,12.52824301,0.046108186,-0.023172777,4.296755891,3878.13831,4.113749801,0.128159347,-0.434301168,1.003831784,8.188753784,8.188921057,0.020516637,0.429031786,4.507159449,7.035417205,7.035607139,0.009897033,-0.043016346,3.980277473,27.33806706,9.558711202,0.077499038,0.314520618,2.222272341,9.383134943,8.84736086,-0.035111414,-0.11464501,3.55801144,10.79621211,0.341132891,3.251630435,0.032264225,2.400077005,0.2000,0.2250
891,E891_processed,0.205078125,1696.756171,0.234375,1648.706055,0.33203125,163.5436308,0.27637051,0.164207128,0.531345813,0.205078125,1696.738821,0.234375,1648.695892,0.33203125,163.5443351,0.275679395,0.155460487,0.530979195,0.234375,1777.446507,0.1953125,1411.499116,0.322265625,188.6693067,0.258327168,0.130981829,0.506167276,0.234375,1777.436402,0.1953125,1411.468821,0.322265625,188.6692924,0.257811105,0.122390862,0.505834249,0.185546875,64.72756864,0.234375,15.71622463,0.380859375,10.3526403,0.903521595,1.232894225,0.729995516,7.514017564,7.26472082,4.700654385,28.47940547,9.53995787,1.937117942,1.937171753,-2.725103991,122.4889581,18.54060495,16.13614628,13.43531962,-0.037815986,0.116228666,3.760874433,13.45289481,13.45321985,-0.04149719,0.126144572,3.855178569,13.01699314,12.95498918,0.017385354,0.16290645,3.847617838,12.91199654,12.91233671,0.040958809,0.20125179,3.901566065,3867.534973,3.67351878,0.091730393,-0.164926093,1.003812901,8.692356958,8.692417907,0.608287396,5.675665474,8.524569537,7.337269986,7.337467872,-0.033731076,0.84174147,4.985592232,57.33791845,9.795073228,0.057876136,0.677410083,1.840529263,9.717808698,9.196484404,-0.07917825,0.390586616,4.180786933,11.37526104,0.349427167,3.213800377,0.033831315,2.563910612,0.2130,0.2250
892,E892_processed,0.234375,1691.598651,0.1953125,1304.335197,0.361328125,275.6291825,0.282075948,0.15536067,0.552431107,0.234375,1691.588108,0.1953125,1304.315742,0.361328125,275.6290059,0.281854699,0.152018729,0.55220837,0.234375,1917.591902,0.185546875,1055.577901,0.361328125,230.1201385,0.263848468,0.128893529,0.51759,0.234375,1917.575054,0.185546875,1055.553698,0.361328125,230.1187127,0.263636108,0.125201907,0.517398333,0.185546875,54.03673603,0.224609375,17.99130793,0.380859375,13.17823189,0.82743959,1.089417813,0.736051726,22.51121789,0.109838628,0.037555227,0.221496994,1.021207654,0.106292857,0.106295709,0.03112006,0.249844438,4.44891815,17.11945204,13.18414555,-0.019518452,0.022667795,3.902299084,13.18198326,13.18233988,-0.023147527,0.013276922,4.196915841,13.46588316,13.05398223,0.106880438,0.150151685,3.968897203,13.01310797,13.01346901,0.096819347,0.184205253,3.807156147,3858.684823,3.529411796,-0.02726306,-0.178486954,1.003664429,7.696181816,7.696371069,0.033425208,0.225421353,4.087928156,7.495119505,7.495232845,-0.416115976,3.069764129,7.795405461,30.36904811,9.144040506,-0.029837504,-0.101555109,2.003197578,32.96740617,9.108548566,-0.027773155,0.345197104,2.049486047,10.74302765,0.352303414,2.943842365,0.040652546,2.640596118,0.2250,0.2250
893,E893_processed,0.234375,1869.854948,0.185546875,1271.32609,0.33203125,869.4690856,0.294800767,0.157847318,0.57013484,0.234375,1869.85083,0.185546875,1271.267099,0.33203125,869.4696484,0.294544477,0.153843749,0.56983516,0.234375,2120.250325,0.185546875,1172.015038,0.2734375,643.5549655,0.271647155,0.145069788,0.528630224,0.234375,2120.246417,0.185546875,1172.004049,0.2734375,643.5521694,0.271382021,0.141323205,0.528496936,0.185546875,60.96519086,0.244140625,19.31321245,0.361328125,18.96294144,0.912749102,1.139220177,0.753856582,7.54117519,7.290146486,4.676691364,28.13708129,9.429428332,1.935684541,1.935738307,-2.704011887,122.3445021,18.26923419,19.48184011,14.82410955,0.030119233,0.07730885,3.341752762,14.82267776,14.82308951,0.034338354,0.073834078,3.924698695,15.77667718,13.92920842,0.040875518,0.19277652,4.043553041,13.92396223,13.92430415,0.025917218,0.243498187,4.170067024,3850.54573,3.381980296,0.134044772,0.105014726,1.003668355,8.122493871,8.122700996,-0.075375367,0.353240464,4.534322098,8.016326344,8.01636908,0.569830598,7.063633978,9.150526932,17.59450198,9.863831982,-0.03603707,-0.094016897,2.624319378,61.30483181,9.610961302,0.080972635,0.846331354,1.569879533,11.41229358,0.343920087,3.126448322,0.035184796,2.756990353,0.2250,0.2250
894,E894_processed,0.234375,2540.84097,0.185546875,2036.410794,0.302734375,1960.658229,0.293628252,0.149446299,0.556654089,0.234375,2540.823762,0.185546875,2036.339565,0.302734375,1960.657036,0.293415086,0.146039687,0.556417056,0.234375,2596.149932,0.205078125,1776.315089,0.302734375,1393.71721,0.284453959,0.147484077,0.543392476,0.234375,2596.144803,0.205078125,1776.292516,0.302734375,1393.716375,0.284319554,0.144843225,0.54307383,0.185546875,82.977237,0.361328125,30.76853432,0.234375,23.95158063,0.974522543,1.173375245,0.769676514,22.63647595,0.129131421,-0.022052707,0.006808054,1.024340938,0.125475181,0.125478646,-0.014037727,0.039238286,4.418203526,24.75131838,18.71628268,-0.047642136,-0.003801819,3.238722471,18.67037637,18.6708935,-0.0325712,-0.000119449,3.650756327,21.79598614,17.37547751,0.103457501,0.120746413,3.769424218,17.1337804,17.13425111,0.159410539,0.176247439,4.328471103,3840.437255,5.969282547,-0.17223426,-0.568920082,1.00476249,9.244275849,9.24450789,0.046070501,-0.048452859,3.629549674,8.289307033,8.289537296,0.037649181,0.203932647,4.625950079,14.57001557,11.98327833,0.005531529,-0.133014953,3.36664118,11.2937812,11.14536613,-0.065398669,0.036760124,3.933364664,12.41681742,0.452976263,2.85589172,0.055538222,3.754963628,0.2250,0.2250
895,E895_processed,0.302734375,3397.839557,0.244140625,3194.193364,0.2734375,2982.693206,0.308891638,0.151345306,0.550942258,0.302734375,3397.838577,0.244140625,3194.183323,0.2734375,2982.689799,0.308733408,0.149021703,0.550802115,0.224609375,3065.497234,0.244140625,3038.258215,0.2734375,2237.009431,0.298719828,0.150746143,0.542960109,0.224609375,3065.474009,0.244140625,3038.247161,0.2734375,2237.012557,0.298585484,0.148872231,0.5428522,0.322265625,42.25565581,0.3515625,41.98778278,0.17578125,37.16059643,0.890269187,0.998312593,0.768708885,7.638197102,7.385006828,4.692739674,28.15332292,9.127423012,1.906217019,1.906269963,-3.184419086,126.4368516,18.40992666,29.97985505,21.56181999,-0.017859062,0.233036165,3.741432366,21.53754879,21.53812615,-0.01092897,0.227465909,4.245554845,30.40005101,19.3131512,0.087665889,0.879322438,3.604585728,19.21999485,19.22052848,0.159989925,0.965780453,5.188422858,3820.264235,6.218376154,0.21941315,-0.294456231,1.005878249,9.446362738,9.446612398,0.02351964,0.118267541,3.88186918,8.786152208,8.786321809,-0.297688775,3.416689413,7.67549912,26.76327706,13.06969178,0.032972751,-0.030577205,2.679297426,45.51859407,11.94688361,-0.088888024,0.727065029,2.046757399,12.90108277,0.367641604,3.081667762,0.038712661,3.230217441,0.2250,0.2250
896,E896_processed,0.283203125,5077.230574,0.234375,2773.997896,0.673828125,369.0776186,0.302936043,0.146385754,0.53035853,0.283203125,5077.230194,0.234375,2773.999191,0.673828125,369.0777563,0.302455379,0.139754754,0.530090748,0.283203125,3791.975906,0.322265625,3080.321583,0.25390625,3054.519347,0.300232928,0.144982193,0.530135427,0.283203125,3791.977163,0.322265625,3080.312079,0.25390625,3054.508197,0.299836914,0.1395351,0.529932185,0.322265625,93.08853441,0.3515625,63.42608212,0.283203125,58.28333247,0.875870504,1.061897927,0.744499177,22.75685134,0.151297134,-0.169381807,0.126727419,1.02280604,0.1469676,0.146971585,-0.09447642,0.100924878,4.328145152,32.44077288,22.44831352,-0.015350495,0.083838918,3.542070974,22.44335525,22.44397491,-0.026733973,0.084226767,4.099826564,34.31402409,21.11441568,0.175288284,0.264303758,3.050044778,21.12675451,21.12730829,0.172326132,0.247934224,4.368369118,3811.153165,4.343784401,0.144360376,0.57342421,1.00496415,9.632546308,9.632791068,-0.00115242,0.053284197,3.98551672,8.901796846,8.90194877,0.139987332,1.068999351,5.584203413,17.64301475,13.6345349,0.017081484,-0.05035796,3.313359625,44.05498891,12.76873563,-0.055136531,0.042431802,1.97854056,13.1162249,0.533611673,2.758371736,0.070132567,4.750183774,0.2250,0.2250
897,E897_processed,0.2734375,6018.276476,0.234375,4165.311666,0.29296875,3434.984122,0.286204787,0.123884779,0.508766899,0.2734375,6018.279086,0.234375,4165.308326,0.29296875,3434.9915,0.285818596,0.117370468,0.508542545,0.234375,3397.055561,0.2734375,2694.019635,0.322265625,2229.497199,0.291894959,0.133315536,0.518325697,0.234375,3397.048638,0.2734375,2694.02104,0.322265625,2229.49758,0.291494157,0.127172606,0.518105589,0.33203125,80.23711075,0.21484375,32.82852742,0.244140625,32.68836473,0.843486444,1.084639634,0.732380793,7.629135805,7.3746084,4.650467731,27.65024436,9.117993149,1.920450792,1.920504123,-2.968688112,124.5984715,18.22082442,33.45069268,23.06752316,-0.026891185,-0.002932795,3.396797821,23.08958287,23.09022395,-0.028198982,-0.010884589,3.871879001,34.61692908,20.35341134,0.135662811,0.202298326,2.916940719,20.35141573,20.3519792,0.137268663,0.201870504,4.424260143,3808.129332,3.939901514,0.028384212,0.504527187,1.005264177,10.52429503,10.52455414,0.020852053,0.459844976,4.468552306,8.431542069,8.431764545,-0.019228317,-0.145203323,3.719612558,43.06382421,14.52586704,-0.016798075,-0.08008183,2.124027286,12.80268585,12.40453085,-0.096686225,-0.181043489,3.638097088,13.48558093,0.405630182,3.007244548,0.044853132,3.420178189,0.2250,0.2250
898,E898_processed,0.25390625,16969.07022,0.15625,354.9575639,0.615234375,337.8657699,0.27407065,0.096453598,0.448178844,0.25390625,16969.05197,0.15625,354.9119591,0.615234375,337.865724,0.273932219,0.093496838,0.448092051,0.244140625,16944.37411,0.52734375,959.3193265,0.673828125,102.4445193,0.278027764,0.107964817,0.452844171,0.244140625,16944.33585,0.52734375,959.3193566,0.673828125,102.4445191,0.27776946,0.103193313,0.452694535,0.244140625,176.0807412,0.2734375,160.2492482,0.537109375,139.6151657,0.687803231,0.914986651,0.674318405,22.84047358,0.156241273,0.012580241,0.157389303,1.028734536,0.153155187,0.153159432,0.002697581,0.145835927,4.056052057,40.83004695,32.87127694,-0.104769962,0.1637761,4.683516779,32.89036337,32.89124074,-0.099432937,0.158372057,5.075074997,42.95147577,32.7193622,0.107743996,0.51087543,3.799711816,32.71671502,32.71762351,0.109750608,0.512397765,4.61239596,3808.175323,5.519839128,0.106011884,1.014229206,1.008503358,14.09340247,14.0936898,0.102424281,0.423090359,4.692563264,13.08364404,13.08400688,-0.000434662,0.114337409,3.930974817,75.48603318,20.59508661,0.062861106,0.00521788,1.990288998,28.26910332,20.07888611,-0.232254008,0.097497917,2.959389199,19.23079115,0.56109088,3.114236111,0.057853567,7.341316937,0.2250,0.2250
899,E899_processed,0.244140625,25875.95746,0.546875,553.7274847,0.52734375,471.5321991,0.267045308,0.098619105,0.439114872,0.244140625,25875.90158,0.546875,553.7271901,0.52734375,471.5322398,0.266830859,0.094282135,0.438993259,0.244140625,31731.11259,0.52734375,1318.612185,0.17578125,703.6905824,0.269867268,0.102152347,0.430648539,0.244140625,31731.04244,0.52734375,1318.612356,0.17578125,703.6434737,0.269641424,0.097786059,0.430514156,0.244140625,342.1812158,0.263671875,248.867024,0.52734375,193.3480228,0.654948663,0.902886705,0.649807237,7.706382984,7.450638753,4.676038522,27.81538147,9.049531946,1.884349944,1.884402267,-3.335872444,129.3461727,18.64082275,46.07280063,39.23549197,-0.227811162,0.073610716,3.682848398,39.2258075,39.22688565,-0.227402682,0.081541313,3.702499516,50.27656284,42.13980542,-0.003496954,0.078688452,3.581360972,42.12955758,42.13070494,0.003898939,0.078278549,3.703223849,3808.702611,6.729458574,-0.138847237,0.828660631,1.008361558,17.11336238,17.1138101,0.099587408,-0.113442979,3.429097827,17.62048903,17.6209473,0.012747645,-0.262055344,3.986203875,59.39426195,25.10586449,0.028959444,-0.162556571,2.470454585,42.49168067,26.54155374,-0.221363503,-0.317088175,2.630693014,24.56380019,0.448223024,2.984794473,0.050311272,7.898114289,0.2250,0.2250
900,E900_processed,0.244140625,27649.00739,0.17578125,1308.359661,0.546875,478.8179065,0.265396512,0.095195297,0.428823271,0.244140625,27648.96468,0.17578125,1308.307873,0.546875,478.8184512,0.265205396,0.091209969,0.428731274,0.244140625,41670.92125,0.537109375,1044.314902,0.498046875,727.1421069,0.264307266,0.088880345,0.403155533,0.244140625,41670.82509,0.537109375,1044.314834,0.498046875,727.1423556,0.264169107,0.085763186,0.403068161,0.244140625,536.795023,0.537109375,164.250152,0.185546875,55.227677,0.586104211,0.832012076,0.622665073,22.90522952,0.166926098,-0.074626021,0.067334857,1.024861549,0.165519557,0.165523228,-0.032715277,0.144756256,4.126299797,44.87918428,38.00545938,-0.207677627,-0.059367437,4.195745824,38.05551024,38.05645436,-0.203166853,-0.057520713,4.318077723,50.25326782,42.44127135,-0.024850963,0.069838982,3.401670924,42.46107761,42.46225337,-0.020990576,0.074046579,3.650292346,3809.993133,6.674982112,-0.142271248,0.636836226,1.007551212,17.18895163,17.18924451,-0.0724304,0.876163705,6.288066147,18.06131405,18.06178864,0.050663553,-0.115341539,4.231686363,129.1285631,24.6365974,-0.01013965,-0.086947775,1.643081554,94.73081079,27.12813546,-0.153038379,-0.270997632,1.923027514,24.93387927,0.605884899,3.155887522,0.060834101,10.94336499,0.2250,0.2250
901,E901_processed,0.244140625,29268.50934,0.17578125,714.3311986,0.556640625,537.2070382,0.268665691,0.090122285,0.42141978,0.244140625,29268.48458,0.17578125,714.2815563,0.556640625,537.2072832,0.26858421,0.088301838,0.421375364,0.244140625,37239.04247,0.3125,2055.001826,0.52734375,1098.309749,0.265752543,0.082972678,0.395171404,0.244140625,37238.94615,0.3125,2055.002039,0.52734375,1098.30984,0.265691511,0.081386931,0.39511273,0.244140625,407.526159,0.52734375,160.4923222,0.556640625,94.11926385,0.551362954,0.733545881,0.61431284,7.710370268,7.45473938,4.674166698,27.77218517,9.067775809,1.889618714,1.889671139,-3.331404682,128.6305623,18.59258712,44.13948269,37.55940306,-0.208497797,-0.152122947,3.719995342,37.62321086,37.62416146,-0.194286484,-0.141130689,3.74106847,47.58261925,39.70049777,-0.066191095,-0.124292019,3.424805792,39.74655685,39.74762171,-0.065182647,-0.120164698,3.508926444,3811.491628,6.247032885,-0.266946242,0.809789769,1.006720747,16.28866784,16.28895136,0.017078963,-0.151604304,3.789912183,16.55897142,16.55943108,0.001252353,-0.408654776,3.154734202,45.81232505,24.01854886,0.024046669,-0.316243165,3.283528085,25.34053287,25.2063232,-0.139612433,-0.399539852,3.936705856,23.22810139,0.501173426,2.965645891,0.056983543,8.299146805,0.2250,0.2250
902,E902_processed,0.244140625,26106.54297,0.546875,676.1455504,0.341796875,580.6770983,0.274091862,0.093447873,0.416335326,0.244140625,26106.46193,0.546875,676.1451291,0.341796875,580.6747961,0.273925943,0.089709924,0.416225168,0.25390625,31852.01135,0.52734375,1393.345902,0.498046875,633.4719561,0.271404802,0.082311307,0.399039819,0.25390625,31851.99654,0.52734375,1393.345584,0.498046875,633.4716254,0.271341631,0.080703368,0.398990019,0.25390625,453.3290411,0.52734375,177.0863753,0.1953125,37.04902853,0.56270586,0.770436551,0.606101726,22.89712888,0.153073096,-0.102547308,0.06861363,1.024259379,0.150423283,0.150427341,-0.085886153,0.063644074,4.045844015,42.42510192,36.03947059,-0.204180704,-0.17645142,3.734243474,36.05419205,36.05517299,-0.195442194,-0.183429015,3.764706008,46.69230743,39.4900944,-0.048619782,0.126002901,3.573590366,39.47817179,39.47926841,-0.037480831,0.125238817,3.817335911,3813.332677,6.423027648,-0.187198695,0.794068557,1.007164238,15.12954456,15.12990238,-0.062070951,0.785426825,6.290613636,15.88639377,15.88677082,0.082982891,0.327290548,5.087487761,22.51813633,22.50950226,0.012200333,-0.394676272,3.204400403,26.5826753,24.42865297,-0.197257732,-0.196281479,3.573047215,21.93862879,0.552345646,3.068888889,0.058647379,8.774988694,0.2250,0.2250
903,E903_processed,0.25390625,24020.46053,0.537109375,894.8623747,0.17578125,543.9979966,0.281345111,0.104330554,0.432009702,0.25390625,24020.43401,0.537109375,894.862001,0.17578125,543.9734852,0.281166228,0.10079796,0.431904512,0.25390625,28121.41844,0.52734375,1182.936642,0.390625,163.9927602,0.274939877,0.089314806,0.405917946,0.25390625,28121.38801,0.52734375,1182.936749,0.390625,163.9926109,0.274867086,0.087481074,0.405835277,0.25390625,332.0036645,0.52734375,149.8488921,0.1953125,32.70860156,0.636151468,0.856454479,0.637280609,7.71105662,7.454714528,4.670725778,27.75233287,9.081294361,1.88852547,1.888577924,-3.343178404,128.7818169,18.61050924,39.62190026,33.62100366,-0.147909229,-0.467575235,3.154434017,33.66590625,33.66683854,-0.141197549,-0.462397262,3.081781549,42.9224213,35.69911153,-0.044428763,-0.182606678,3.361991604,35.70387103,35.70485042,-0.044225471,-0.183423415,4.018094803,3815.520525,5.966811807,-0.174399994,0.609420402,1.008441489,14.07768754,14.07804814,0.090863245,0.235809932,5.020644842,13.92240182,13.92277821,0.035101875,-0.443623756,3.397855166,46.06794429,20.8922797,-0.064801171,-0.370327014,3.009985358,25.20653448,21.84301516,-0.165134347,-0.483648375,2.955145987,19.7998786,0.541181872,2.990655196,0.060507687,7.53475518,0.2250,0.2250
904,E904_processed,0.25390625,22990.48628,0.322265625,1950.382039,0.556640625,806.7296795,0.28333955,0.105632878,0.444257321,0.25390625,22990.46012,0.322265625,1950.382776,0.556640625,806.7299535,0.283212194,0.103577823,0.44427634,0.25390625,27307.82491,0.33203125,1367.885071,0.517578125,904.5879107,0.275896674,0.092851829,0.414972039,0.25390625,27307.777,0.33203125,1367.884561,0.517578125,904.5880817,0.275830843,0.091247037,0.414890011,0.25390625,305.6163373,0.2734375,253.6148624,0.52734375,117.4009795,0.650225648,0.848002125,0.658052364,22.8589868,0.156099127,-0.061536585,0.105252213,1.025968439,0.153244505,0.153248762,-0.050380645,0.097257127,3.969414985,39.56615171,33.83360087,-0.133481022,-0.222838786,3.47624558,33.93607598,33.93681527,-0.114127841,-0.184091257,3.635693462,41.96188499,34.91269327,-0.047988166,0.121534186,3.900850976,34.90061351,34.90158163,-0.042040357,0.121576604,4.023922592,3817.325966,5.976883724,-0.179257309,0.803202989,1.009404577,15.18991002,15.18986472,-0.629860432,8.660879034,9.779671771,13.58630478,13.58668079,0.025939482,-0.222831704,3.654152635,176.6998295,21.16280799,-0.214927339,1.584315954,1.480067758,21.530069,21.27684768,-0.180633542,-0.239150846,4.249923119,20.3796439,0.55825076,2.75482389,0.073559987,7.584774882,0.2250,0.2250
905,E905_processed,0.25390625,24335.66543,0.29296875,6684.962278,0.546875,780.7108657,0.285944706,0.108179676,0.444747051,0.25390625,24335.63069,0.29296875,6684.960952,0.546875,780.7107564,0.285862281,0.106389049,0.444641466,0.25390625,28757.65113,0.537109375,1052.792498,0.68359375,119.2093807,0.280311209,0.096129511,0.423485694,0.25390625,28757.59484,0.537109375,1052.792491,0.68359375,119.2094228,0.280252885,0.094682028,0.423389405,0.25390625,306.6666979,0.537109375,170.3528027,0.185546875,31.31203996,0.693581617,0.903575317,0.672885854,7.686342164,7.431867981,4.694005005,28.07278973,9.084624195,1.893021446,1.893074032,-3.339185631,128.0837109,18.5629283,40.02715463,34.72572233,-0.187391901,0.24496147,4.439821207,34.79719425,34.79810671,-0.191340195,0.242972324,4.525850533,42.23025509,36.25940278,-0.011455377,0.080090699,3.591515364,36.26816169,36.2691203,-0.005795832,0.076263967,4.061680984,3818.98269,6.538058635,-0.103848842,1.003637326,1.01076863,13.92038148,13.9207544,0.077056026,0.314036885,4.581320793,13.9076179,13.90797257,0.015911129,-0.309607044,3.350664667,26.54189784,21.30364501,0.041064761,0.123041676,4.137031203,70.31626519,21.92893068,-0.183211596,-0.310901676,1.942915534,19.67788363,0.562236772,2.970441629,0.06372021,7.8195736,0.2250,0.2250
906,E906_processed,0.25390625,22242.63867,0.3125,2559.594148,0.185546875,1029.74053,0.281601157,0.110627096,0.44559808,0.25390625,22242.63895,0.3125,2559.58787,0.185546875,1029.717112,0.281493558,0.108813158,0.445586399,0.25390625,31333.38167,0.537109375,899.4321424,0.5078125,646.7873943,0.276038317,0.093521138,0.419707659,0.25390625,31333.34342,0.537109375,899.4319947,0.5078125,646.7874494,0.27598291,0.092281036,0.419657757,0.25390625,399.2867352,0.29296875,192.4754932,0.537109375,118.1341192,0.618187648,0.806577993,0.650111154,22.7528465,0.169433434,-0.026409122,1.047963349,1.065711668,0.165928941,0.16593355,-0.055228009,0.732073362,8.423363076,39.27250334,33.79515569,-0.113062653,-0.369659566,3.392496752,33.84837363,33.84929592,-0.121847389,-0.355192528,3.348508305,42.7786682,37.06913811,-0.045364033,0.050318589,3.503997817,37.09088294,37.09189776,-0.04062749,0.046135558,4.180995375,3820.560678,6.398509737,-0.136238654,0.617606417,1.00752364,15.33992736,15.34004772,0.672916332,7.090162038,9.400218984,14.56570619,14.56610834,0.020971778,-0.310695105,3.457752897,108.1197932,21.25621752,0.044636877,-0.162296329,1.695268359,22.99209884,22.73145837,-0.16840363,-0.319926966,3.401111596,21.15392579,0.620653459,2.740672783,0.082629439,9.040505521,0.2250,0.2250
907,E907_processed,0.25390625,18992.56785,0.185546875,750.0672661,0.556640625,483.9786288,0.279173453,0.10934604,0.454707911,0.25390625,18992.51864,0.185546875,750.0397026,0.556640625,483.9785534,0.279085076,0.107561534,0.454631592,0.25390625,27952.57658,0.322265625,1518.960941,0.537109375,689.6158158,0.273878288,0.093192002,0.413671268,0.25390625,27952.519,0.322265625,1518.962096,0.537109375,689.615626,0.273828593,0.091956352,0.413603772,0.25390625,344.5159225,0.322265625,89.51189242,0.537109375,87.96636649,0.615602922,0.795575953,0.649234589,7.634508533,7.381371086,4.695357395,28.20016263,9.12604573,1.905113876,1.905166739,-3.195205753,126.9293732,18.41743263,37.00580241,31.12785042,-0.090398487,-0.119932497,3.685846032,31.14132652,31.14216866,-0.091638696,-0.11935209,3.738448145,40.17133974,34.22441671,-0.058901438,0.10371846,3.611639814,34.21944886,34.22039719,-0.052198943,0.103441355,3.619020487,3821.456932,5.821032271,-0.155840678,0.953809022,1.008255796,13.18860104,13.188889,0.046604491,-0.043049111,3.933748617,13.52780384,13.52815287,0.03728247,-0.217152758,3.472499727,26.92958356,19.4654083,0.010167971,-0.327187058,2.986208297,21.01876051,21.0186351,-0.172866661,-0.228621104,3.480198385,18.89332456,0.579645129,2.966901839,0.065850008,7.841527915,0.2250,0.2250
908,E908_processed,0.244140625,19588.32005,0.546875,383.2558975,0.615234375,301.9333746,0.274181577,0.108045573,0.43700238,0.244140625,19588.25338,0.546875,383.2558068,0.615234375,301.9333592,0.273976019,0.104124897,0.436866091,0.244140625,21573.98537,0.361328125,489.9346013,0.546875,421.3018186,0.271884487,0.093647474,0.424154299,0.244140625,21573.92308,0.361328125,489.9335945,0.546875,421.3017518,0.271801161,0.091753197,0.424079014,0.25390625,247.2962889,0.546875,65.18140694,0.56640625,50.48618058,0.674329671,0.899907723,0.665928231,22.62786492,0.158554712,-0.076718445,0.197313335,1.028636378,0.154804735,0.154809013,-0.040838696,0.125679293,4.303932832,36.49999431,30.93781875,-0.099067829,-0.374389392,3.317823805,30.91710621,30.91796488,-0.100658287,-0.36717445,3.355228405,38.6982119,32.64242797,-0.03830685,-0.032898856,3.556007971,32.6474326,32.64833915,-0.030710226,-0.014230695,4.305879601,3822.123081,5.542826008,-0.095991443,0.756040368,1.008005713,13.18208863,13.18244922,0.093318805,-0.085413427,4.672990122,13.58258636,13.58295422,-0.014519992,0.413103747,5.128072089,19.56363565,19.40892303,0.009221819,-0.443189367,3.585941919,31.35810942,20.46347556,-0.057054752,-0.018747486,4.054066586,18.92811699,0.570967438,2.845166403,0.070533591,7.755424573,0.2250,0.2250
909,E909_processed,0.244140625,26757.43018,0.556640625,486.259928,0.17578125,476.6533328,0.272419706,0.108582349,0.423180694,0.244140625,26757.40815,0.556640625,486.259816,0.17578125,476.6505241,0.272208393,0.10451674,0.423064325,0.244140625,33161.92248,0.517578125,823.6623881,0.3515625,699.5857733,0.270701464,0.090273578,0.415722991,0.244140625,33161.90513,0.517578125,823.6625488,0.3515625,699.5821559,0.270605148,0.088263683,0.415697326,0.244140625,358.8491897,0.29296875,201.7392506,0.517578125,98.48762861,0.624839231,0.851432356,0.64803855,7.62763415,7.376727744,4.746829527,28.84020545,9.12558162,1.894685685,1.894738293,-3.355675813,128.2930255,18.54612227,38.40685036,33.47589876,-0.154882711,-0.215218507,3.882493581,33.53495998,33.53576439,-0.15020573,-0.218284387,3.872114912,43.31883622,38.09068068,-0.132238081,0.131388673,4.328484474,38.16949731,38.17039273,-0.133926681,0.146826665,4.364353159,3822.453207,6.293618705,-0.284045226,0.769881228,1.006953648,14.74225399,14.74250335,-0.053449497,0.630377505,6.080742543,16.64889942,16.64894102,0.532458047,5.02413053,8.905999073,115.6722068,21.41756964,-0.000591829,-0.216896289,1.643886948,161.333941,24.11631484,-0.026996262,0.55728732,1.596301061,22.23799996,0.581620441,2.913087897,0.068538167,9.683364411,0.2250,0.2250
910,E910_processed,0.244140625,25050.51281,0.283203125,3986.072517,0.341796875,614.1134019,0.27238244,0.107974646,0.424229986,0.244140625,25050.45004,0.283203125,3986.073225,0.341796875,614.1135965,0.272292534,0.106271192,0.424177829,0.244140625,35933.08289,0.52734375,1088.515609,0.17578125,472.2561464,0.272089633,0.09077304,0.416140385,0.244140625,35932.9938,0.52734375,1088.515921,0.17578125,472.2263994,0.272032285,0.089454245,0.416089392,0.244140625,432.6233783,0.283203125,290.6158708,0.52734375,128.8672154,0.582201623,0.774019332,0.62753997,22.48676951,0.159868674,0.018051181,0.068716892,1.028213012,0.156987852,0.15699217,0.018902262,0.024636086,3.869399277,37.68474218,32.6056661,-0.116137352,-0.167208257,3.420361731,32.61396191,32.61485239,-0.120653765,-0.168467573,3.50837661,43.78994723,38.87373665,-0.081145061,-0.075497664,3.656357912,38.87668049,38.87775858,-0.073656123,-0.078576897,3.593467662,3823.427074,6.50372754,-0.224668807,0.66092335,1.009067369,14.34303535,14.34333394,0.039001487,0.280004612,5.312510295,15.67105266,15.67146116,0.058420379,-0.436905407,3.081451033,61.92121788,20.78886354,0.041262785,-0.375853512,1.976554455,49.35485142,24.08118043,-0.181288924,-0.502659157,2.465623179,21.24443276,0.591409667,2.885553772,0.07102808,9.268253621,0.2250,0.2250
911,E911_processed,0.244140625,19192.49826,0.56640625,388.3725537,0.68359375,295.7479527,0.273771648,0.111955583,0.44267351,0.244140625,19192.45136,0.56640625,388.3725466,0.68359375,295.7479497,0.273674638,0.110021343,0.442577454,0.244140625,24517.43425,0.517578125,691.6179023,0.68359375,192.0287454,0.274082522,0.094923237,0.431328823,0.244140625,24517.37707,0.517578125,691.6181136,0.68359375,192.0287517,0.274040185,0.093796201,0.431243215,0.25390625,312.2187242,0.517578125,79.49956299,0.546875,76.02125758,0.602079829,0.800493947,0.646102026,7.600805569,7.350887204,4.773330165,29.25429229,9.160698083,1.892761553,1.892814132,-3.392867626,128.8447566,18.56706493,34.95969569,29.83225964,-0.0595109,0.032666592,3.461721494,29.82959302,29.83042155,-0.057659861,0.030871691,3.450899264,40.42695935,35.35352869,-0.02473268,0.593124684,4.128089094,35.36868087,35.36963913,-0.019047201,0.585741028,4.148597707,3824.170207,6.070470923,-0.041261398,1.135856103,1.007884166,12.84063937,12.84099472,0.041384549,-0.206631681,3.296719378,14.22329444,14.22368439,0.043809052,0.050030202,3.758965941,18.88730353,18.88623864,0.064629329,-0.26449593,3.14347806,29.69035395,21.90217526,-0.211240866,0.09827176,3.846586985,19.16257663,0.578725394,2.859021147,0.070800741,8.231607353,0.2250,0.2250
912,E912_processed,0.244140625,17392.19035,0.185546875,855.7907762,0.556640625,470.1640535,0.278469254,0.114178655,0.450604825,0.244140625,17392.16604,0.185546875,855.7741059,0.556640625,470.164252,0.278367663,0.112108945,0.450483908,0.244140625,26173.25688,0.52734375,926.9697989,0.5078125,665.0784611,0.276841241,0.094876197,0.428341772,0.244140625,26173.20176,0.52734375,926.9695848,0.5078125,665.0784485,0.276790548,0.093714751,0.428283547,0.25390625,359.6064633,0.2734375,279.6306352,0.302734375,193.8723343,0.591538034,0.795218974,0.639182386,22.28584232,0.157420845,-0.060594564,0.015302219,1.02360403,0.152349109,0.152353325,-0.032102341,0.054972809,4.164340561,34.45589315,29.53488932,-0.100323342,-0.015564322,3.691518006,29.58243043,29.58323808,-0.099739869,-0.021896686,3.691676074,40.95599574,36.28616086,0.025813549,0.262085681,3.676346949,36.29520326,36.2962101,0.024642288,0.262186388,3.606433495,3825.305461,6.289575985,-0.014868109,0.839976419,1.008521578,12.85068023,12.85103698,0.057706545,-0.014006729,4.191031707,14.51713922,14.51751672,0.039100324,-0.075013867,4.351957736,23.7673393,18.76939376,0.110074452,0.04509468,4.246387613,24.70882465,22.24777524,-0.224822302,-0.126231166,3.756755281,19.38833266,0.566602768,2.950327869,0.065093576,8.225665165,0.2250,0.2250
913,E913_processed,0.244140625,12870.62482,0.29296875,3775.714051,0.361328125,490.5035633,0.288508689,0.125361223,0.481138815,0.244140625,12870.58123,0.29296875,3775.71249,0.361328125,490.5037019,0.288265637,0.121415974,0.480998657,0.25390625,25650.58586,0.537109375,820.776691,0.673828125,146.7647218,0.27900196,0.091956968,0.424310859,0.25390625,25650.55217,0.537109375,820.7778193,0.673828125,146.76474,0.27893522,0.090462201,0.424259962,0.263671875,543.8039328,0.546875,106.7690719,0.361328125,42.12461829,0.545698187,0.75017575,0.598963608,7.516261247,7.269482025,4.796056377,29.71601165,9.272558085,1.91427019,1.914323365,-3.190921068,125.9519846,18.3295447,33.15837636,28.05467149,-0.091370449,-0.134462829,3.800624272,28.08252052,28.0832441,-0.091258211,-0.132735586,3.851514039,41.31724378,36.70151282,0.048484753,0.104821999,3.733992781,36.73008241,36.73099314,0.038608099,0.098312509,3.873544094,3825.527245,6.891617808,0.002109507,0.521600197,1.008480257,12.30109632,12.30125324,0.250667714,1.899439226,6.852429425,15.00923341,15.00936212,-0.218619166,2.239601941,6.646581117,80.10314342,17.45691108,0.052206716,0.02140639,1.804282367,99.25253219,22.47180407,-0.242547504,0.017443109,1.738883698,19.40623051,0.581576818,2.835308943,0.072344632,8.729097069,0.2250,0.2250
914,E914_processed,0.244140625,13673.36976,0.556640625,428.908406,0.615234375,252.2164269,0.279602246,0.119120048,0.463720945,0.244140625,13673.32977,0.556640625,428.9084481,0.615234375,252.2164282,0.279319936,0.114013786,0.463535515,0.25390625,21326.61332,0.185546875,1048.070916,0.537109375,622.293543,0.276490408,0.094268232,0.437775811,0.25390625,21326.57207,0.185546875,1048.031282,0.537109375,622.293603,0.276390022,0.091960207,0.437694565,0.25390625,470.2327417,0.537109375,75.87515697,0.205078125,53.29427436,0.548134542,0.776811077,0.608378893,22.07760724,0.161163422,-0.064025758,0.098165873,1.026253378,0.157778535,0.157782884,-0.060698766,0.130068649,4.238974138,33.84303302,28.77833264,-0.106702501,0.035455327,3.812423961,28.78240712,28.78319784,-0.106642816,0.033349884,3.867247404,39.35204844,34.32209412,0.09258214,0.120713529,3.274790389,34.31423168,34.31517458,0.091865423,0.121389984,3.96885216,3825.500945,6.532930766,0.040991522,0.628239334,1.008916075,12.29593851,12.29627712,0.042399101,-0.091878422,3.703623972,13.69626205,13.69664245,-0.016476078,-0.180488795,3.422255649,22.2441012,18.00770908,-0.006299902,-0.183349338,3.180544884,61.28578721,21.06760435,-0.156496693,-0.213692727,2.101465399,18.40642403,0.588386975,3.017281879,0.064629572,8.058926015,0.2250,0.2250
915,E915_processed,0.25390625,13854.30204,0.556640625,300.4702881,0.615234375,246.4896223,0.277621612,0.106200657,0.456775394,0.25390625,13854.2787,0.556640625,300.4703108,0.615234375,246.4896468,0.27753786,0.104316525,0.45666145,0.263671875,18318.249,0.52734375,549.6179183,0.673828125,98.52245355,0.276998912,0.096102869,0.445049877,0.263671875,18318.25476,0.52734375,549.6177267,0.673828125,98.52243757,0.276917985,0.094448291,0.44500539,0.263671875,480.5465872,0.1953125,60.31790371,0.52734375,58.23849049,0.547918527,0.746852631,0.614552211,7.484963343,7.240070268,4.830286057,30.21855385,9.317234541,1.911069996,1.911123076,-3.229471749,126.80702,18.36256842,34.01456524,29.0117404,-0.071366368,-0.081209087,3.653288205,29.01031286,29.01111576,-0.073204197,-0.080500799,3.676875069,36.62152209,31.09350347,0.057487633,0.603983404,4.029204456,31.12448829,31.12528086,0.05983411,0.599797175,4.266748688,3825.472763,6.001719342,-0.019150972,0.826279155,1.007550554,12.29905367,12.29937597,0.047159736,-0.068202914,3.594523104,12.89585211,12.89608651,-0.123923898,0.93174705,5.663760835,19.29588667,18.08813958,0.017584609,-0.189853457,3.725057947,100.6308598,19.2626287,-0.216667448,0.45508897,1.647712742,17.82087811,0.587604061,2.887800541,0.07046126,7.577792809,0.2250,0.2250
916,E916_processed,0.25390625,16164.05165,0.3125,2129.354271,0.556640625,307.1579108,0.277966406,0.111553133,0.455887353,0.25390625,16164.01534,0.3125,2129.347511,0.556640625,307.1579454,0.277846245,0.10918031,0.455785197,0.263671875,17534.29902,0.1953125,1419.132438,0.52734375,527.469159,0.277184074,0.09499341,0.44103749,0.263671875,17534.30868,0.1953125,1419.109067,0.52734375,527.4693265,0.277123517,0.093543989,0.440959509,0.263671875,523.0257358,0.1953125,74.78659893,0.52734375,66.41388868,0.556093218,0.770586745,0.603073873,21.91778005,0.165120787,0.089972581,1.697557515,1.091194681,0.161493335,0.161497782,0.039606667,1.532931812,12.03251871,34.41248686,29.73111534,-0.075477732,0.208543968,3.897826407,29.90789312,29.90851538,-0.054192482,0.312202043,3.904041336,38.64967705,33.52053356,0.116896809,0.23128597,3.653542042,33.56176466,33.56269141,0.115567065,0.222896322,3.940752191,3825.837975,6.465658781,0.053396519,0.459439111,1.007645103,13.48667089,13.48692068,-0.044838462,2.132593449,6.770692682,13.95054483,13.95091752,-0.085906298,0.570524645,4.308644161,74.95565446,19.32234976,-0.160705144,1.517193903,2.671733828,38.76401696,20.84021353,-0.125641287,-0.007995939,2.472032224,19.40425544,0.600773222,3.001845638,0.066670522,8.381337671,0.2250,0.2250
917,E917_processed,0.244140625,21929.14416,0.546875,587.925982,0.615234375,365.6572682,0.275281739,0.098866554,0.435631811,0.244140625,21929.0268,0.546875,587.9248529,0.615234375,365.6572985,0.275190161,0.096935411,0.435580565,0.25390625,24560.37934,0.537109375,959.6538399,0.693359375,152.5607386,0.277775952,0.094583479,0.438026153,0.25390625,24560.36072,0.537109375,959.651947,0.693359375,152.5607508,0.27770877,0.093380166,0.438036418,0.25390625,452.3573911,0.546875,149.685089,0.1953125,100.8264212,0.560583697,0.756020889,0.620537687,7.493725631,7.249611188,4.868025937,30.68012786,9.306340055,1.898214485,1.898267181,-3.427297776,129.0550011,18.51803081,38.8721174,34.90892022,-0.060259424,-0.141130483,3.435590056,34.96467637,34.9655714,-0.043437433,-0.1050157,3.658849482,41.85887685,37.34922421,0.188901608,0.189591067,3.475002459,37.59274393,37.59340374,0.163028178,0.306657033,4.20021575,3826.384266,6.989804886,0.159504124,0.468685124,1.008928987,16.24929352,16.24921887,-0.920102892,12.3171007,10.64041855,17.16573995,17.16560474,0.601297704,9.091674194,9.603070591,133.5011347,22.09349048,-0.109124791,0.525033534,1.607231689,165.7145588,24.03535332,0.079935515,1.892021575,1.835893091,23.636732,0.583628014,2.940035112,0.067519792,10.0183278,0.2250,0.2250
918,E918_processed,0.263671875,23346.49449,0.244140625,18935.39432,0.1953125,1575.894038,0.27468567,0.10107219,0.430796413,0.263671875,23346.48055,0.244140625,18935.35431,0.1953125,1575.860206,0.274562513,0.098391942,0.430677746,0.25390625,18738.63784,0.185546875,1501.546299,0.517578125,808.949548,0.277299219,0.097848294,0.445569996,0.25390625,18738.73347,0.185546875,1501.542528,0.517578125,808.9507774,0.277190661,0.095783487,0.445545305,0.263671875,655.938736,0.546875,131.8322358,0.517578125,107.3045329,0.580553224,0.824133563,0.603289271,21.83833566,0.1750731,0.319446402,3.988722327,1.109328127,0.173213139,0.173217832,0.27830426,3.502185306,13.48463775,40.44698405,36.89801804,-0.059201815,-0.25482634,3.560965876,36.89548655,36.89651129,-0.064818019,-0.252190568,3.467049337,39.94232939,35.58185082,0.178393941,0.390436347,3.499073593,35.67764268,35.67849351,0.162475351,0.456357153,4.256712333,3827.106298,7.425685875,0.087535333,0.407638396,1.008020473,15.1448096,15.14522913,0.030717425,-0.343571523,3.30795391,16.7438153,16.74364287,1.083554638,19.45778646,11.64014667,33.5987599,22.84545765,-0.030004862,-0.408036504,3.026349098,161.0035559,22.50261793,-0.11371444,1.989094733,1.842502714,22.57714645,0.64997478,3.117565217,0.066875249,10.88294559,0.2250,0.2250
919,E919_processed,0.244140625,27788.47457,0.2734375,17942.7166,0.546875,794.6358377,0.270908256,0.101157563,0.43614928,0.244140625,27788.41316,0.2734375,17942.69544,0.546875,794.6356473,0.270673897,0.096080018,0.435988733,0.25390625,22820.40395,0.52734375,892.2873794,0.5078125,747.4701241,0.270641435,0.095256709,0.446806698,0.25390625,22820.34815,0.52734375,892.2872319,0.5078125,747.4701448,0.270528195,0.092612068,0.446697673,0.25390625,859.2143318,0.52734375,176.773681,1.89453125,19.01945976,0.564339573,0.849991678,0.598334746,7.475300337,7.232705771,4.888180535,30.95899729,9.335189873,1.898268867,1.898321589,-3.40964054,128.5486078,18.51801334,44.93206863,41.93615783,-0.099436486,0.017263544,4.038532289,41.97401537,41.97510861,-0.103055684,0.012776394,3.944952338,43.62242615,39.82179065,0.207229961,0.127499343,3.456375844,39.91941535,39.92039214,0.196650239,0.137798305,3.900746548,3827.461995,8.81181901,0.029948645,0.612372029,1.009780373,17.96527408,17.96567393,-0.030672369,-0.01970985,3.757061875,17.00433106,17.00471255,-0.005577311,0.241733571,4.14108294,84.33819601,26.54774303,-0.083975988,-0.032704285,1.987106465,61.80387527,25.39203683,-0.094193278,0.194356091,2.983019746,24.73713178,0.599429482,2.994514875,0.066847497,10.19312604,0.2250,0.2250
920,E920_processed,0.234375,49636.96402,0.546875,876.8445498,0.498046875,602.0873732,0.259063937,0.092187915,0.415165304,0.234375,49636.68592,0.546875,876.8441183,0.498046875,602.086346,0.258941088,0.089563759,0.415134896,0.234375,38974.48859,0.52734375,611.9644286,0.478515625,542.6835505,0.257730869,0.089379163,0.427229413,0.234375,38974.31398,0.52734375,611.9634269,0.478515625,542.6832231,0.257642,0.087295733,0.427161143,0.234375,1749.93863,0.537109375,119.120136,1.875,29.82454332,0.480787217,0.761137836,0.54547228,21.79698741,0.213642892,-0.115133413,-0.185994585,1.032370326,0.212409944,0.212415845,-0.092230983,-0.17208369,3.587243496,53.67996862,51.30510636,-0.098397219,-0.143162144,3.53393109,51.56697824,51.56806376,-0.075695522,-0.07872765,4.139579184,49.9659523,46.87749559,0.180585728,0.236309159,4.291770098,46.90797883,46.9092349,0.181254788,0.248805231,4.944026979,3828.034197,11.43901922,0.000429538,0.507720644,1.013594263,24.72994902,24.73017979,-0.138326907,2.570430287,6.33241125,21.91485345,21.91521567,0.134356788,1.720927083,6.766833871,164.8084303,34.67352354,-0.232656241,1.086532427,2.051383983,99.68182342,30.87550463,-0.061066696,0.030809851,2.172199679,33.04328177,0.800777867,3.313863216,0.072919369,17.54921965,0.2250,0.2250
921,E921_processed,0.224609375,49329.73235,0.244140625,47355.5676,0.537109375,1453.718694,0.252035579,0.093240545,0.440186547,0.224609375,49329.47936,0.244140625,47355.58012,0.537109375,1453.71814,0.251930345,0.091038777,0.440155541,0.21484375,51313.39387,0.244140625,45769.44817,0.546875,810.8514892,0.245584035,0.082581708,0.42649513,0.21484375,51313.08345,0.244140625,45769.37875,0.546875,810.8522685,0.245525873,0.081010757,0.426427813,0.21484375,2975.829539,0.546875,213.2113852,0.3515625,65.30158305,0.409571649,0.650928743,0.521545823,7.483666791,7.2402825,4.878997415,30.83516535,9.292277161,1.897871865,1.897924479,-3.405686215,128.521151,18.53901209,62.35822828,60.36769621,-0.078016757,-0.204566858,3.832896261,60.44094626,60.44243874,-0.070970491,-0.206841285,3.672867121,63.18799438,60.87529088,0.10991737,-0.083690446,3.330088287,60.88116553,60.88285295,0.111732222,-0.083040459,3.736666554,3828.877611,14.76245315,-0.033278586,0.286941666,1.016868648,30.69181378,30.6920676,-0.301272428,2.506918144,7.153204545,29.87503771,29.87584004,-0.014863103,-0.342470187,3.115299506,198.1527976,41.20624419,-0.097218313,-0.077374446,1.596140117,66.66511012,41.72339618,-0.005023901,-0.296657335,2.680870987,42.83186701,0.641303122,3.080176764,0.067594611,19.1594695,0.2250,0.2250
922,E922_processed,0.205078125,70865.87879,0.2734375,16254.81846,0.546875,1617.55463,0.240153032,0.097990086,0.435719147,0.205078125,70864.9528,0.2734375,16254.80709,0.546875,1617.554722,0.240022741,0.095125548,0.435621104,0.205078125,82037.3484,0.341796875,916.8403788,0.361328125,901.4219693,0.233314757,0.080242008,0.418792389,0.205078125,82036.3292,0.341796875,916.8411721,0.361328125,901.4222315,0.233245709,0.078292351,0.418711085,0.205078125,4975.689886,0.537109375,186.1340457,0.361328125,74.19979223,0.385546404,0.648048955,0.500515661,21.85664825,0.256813301,-0.061694403,-0.214830458,1.038650013,0.254950529,0.254957295,-0.028601105,-0.207521507,3.363757163,70.87935008,69.15294322,-0.054284197,-0.265142353,3.476898557,69.16250986,69.16438232,-0.045121959,-0.261103413,3.575694153,71.12953833,69.38322959,0.021145924,-0.316929381,3.395435366,69.3910886,69.39300467,0.026285585,-0.310858387,3.266756831,3830.962001,17.37130579,-0.149533798,0.205798947,1.017014473,37.55233756,37.55337344,-0.028010405,-0.278008434,4.379092705,37.86545621,37.86646842,-0.050773123,-0.172955078,4.908632764,118.9183353,49.56543833,0.008381843,-0.400499354,2.313526806,85.43556988,50.11460851,0.061207051,-0.381421331,2.779503692,53.33034115,0.964589959,3.510546875,0.078269613,36.52561521,0.2130,0.2130
923,E923_processed,0.205078125,96144.02572,0.546875,1340.406941,0.517578125,971.203739,0.233800798,0.098039895,0.418304329,0.205078125,96142.89582,0.546875,1340.407783,0.517578125,971.2028966,0.233613387,0.0942092,0.418245944,0.205078125,90024.37156,0.25390625,25029.64537,0.41015625,1087.908972,0.230519497,0.080935465,0.416260583,0.205078125,90023.44831,0.25390625,25029.58287,0.41015625,1087.911696,0.230430521,0.078576145,0.416188291,0.205078125,5750.087925,0.546875,214.7432496,0.52734375,151.8011994,0.397528346,0.69518206,0.494735825,7.468490177,7.224846923,4.848028951,30.46493884,9.349617974,1.909804287,1.909857305,-3.219745958,126.5402437,18.40482844,76.33883187,74.84546852,-0.005708673,0.182548789,4.211662952,74.95240952,74.95445509,-0.004489452,0.177101899,4.498368797,73.70862117,72.26540427,0.013237772,-0.143814226,3.567562869,72.29000027,72.29200841,0.011135015,-0.138884941,3.472341326,3832.581011,18.27541841,-0.151621702,0.547344099,1.01845067,43.57772231,43.57855407,0.247529967,1.697281621,6.450560149,40.83504172,40.83601574,0.067924588,0.228200614,5.24001794,224.1728404,55.24204536,-0.058647725,0.00209967,1.95742093,86.78429516,52.97810985,0.078047985,-0.221772107,2.797952311,59.72160878,0.720900561,3.192220565,0.070743995,29.43870664,0.2130,0.2130
924,E924_processed,0.205078125,111957.5376,0.546875,1472.823443,0.60546875,916.2261599,0.232842024,0.101687389,0.419468415,0.205078125,111955.8826,0.546875,1472.823756,0.60546875,916.2264959,0.232644693,0.097494408,0.419329307,0.205078125,110541.5983,0.244140625,45621.11537,0.400390625,2099.94525,0.228643703,0.079370758,0.412280422,0.205078125,110539.9807,0.244140625,45621.04373,0.400390625,2099.949098,0.228551475,0.076860866,0.412204138,0.205078125,7035.183571,0.537109375,206.232468,0.400390625,171.2914732,0.394097464,0.681880772,0.493880251,21.97064571,0.284081577,0.107925507,0.74752545,1.119742921,0.281902947,0.281910382,0.049026651,0.63102616,9.153528938,75.75662585,74.28635678,-0.073982203,-0.046509331,3.578708357,74.27389796,74.27593846,-0.06870106,-0.045637595,3.819029831,78.67571909,77.47728416,0.012422798,-0.123185275,3.417282398,77.51982228,77.52197554,0.009803481,-0.124089292,3.453441235,3834.180788,19.11168092,-0.134888448,0.426377438,1.021516307,42.25046274,42.25163455,0.015974441,-0.328390102,3.288713859,43.85351746,43.85471483,-0.005704813,-0.267162039,3.133337995,74.61406008,54.76850176,-0.040736238,-0.382286149,3.266906622,86.4492787,57.14969577,0.127033145,-0.230382427,2.920656315,60.89693453,1.078981655,3.616901408,0.082478493,47.31843277,0.2000,0.2000
925,E925_processed,0.1953125,115864.9423,0.3125,4410.738929,0.537109375,1787.466049,0.228959053,0.100465509,0.432318439,0.1953125,115862.5008,0.3125,4410.737226,0.537109375,1787.466429,0.22874245,0.095761446,0.432175209,0.1953125,121811.3778,0.390625,2770.355446,0.498046875,659.3209565,0.221301994,0.078379034,0.412118693,0.1953125,121808.7209,0.390625,2770.353296,0.498046875,659.3213594,0.221193737,0.075437211,0.412044389,0.1953125,7493.576831,0.2734375,682.0480908,0.390625,220.859802,0.400581638,0.714802176,0.499647178,7.530728248,7.28483573,4.834925865,30.1610726,9.421972572,1.897697215,1.897749917,-3.393551315,128.3596711,18.58585776,83.13619711,81.88092036,-0.057158273,-0.200846058,3.42058706,81.86508787,81.86735479,-0.0479615,-0.199178129,3.39920175,84.95987682,84.0705896,0.026069093,-0.347517755,3.227620028,84.0154105,84.01774255,0.026059611,-0.350214776,3.240565337,3836.220967,20.9983547,-0.06613825,0.242609745,1.024231147,48.92038139,48.92173313,0.02370893,-0.433599332,3.115033522,51.19913192,51.20043354,-0.01061449,-0.363314218,3.748990386,117.4436779,61.79382085,-0.027637866,-0.466736961,2.421366823,108.2249347,64.09659341,0.135604053,-0.517309734,2.328658446,70.8153964,0.819019496,3.312144471,0.074657887,41.9341533,0.2000,0.2000
926,E926_processed,0.1953125,132623.6822,0.244140625,36695.46381,0.52734375,1938.824841,0.228950688,0.101766107,0.421425651,0.1953125,132621.5191,0.244140625,36695.37439,0.52734375,1938.827059,0.228764785,0.09793719,0.421333753,0.1953125,133301.9193,0.29296875,9063.315103,0.322265625,2774.266675,0.222363286,0.078353113,0.41546162,0.1953125,133299.4501,0.29296875,9063.297343,0.322265625,2774.275613,0.22225839,0.075563457,0.415398934,0.1953125,8278.058466,0.322265625,227.7717376,0.56640625,178.989587,0.3903952,0.682958384,0.497284146,22.09902597,0.307467252,-0.141521541,0.025304544,1.045253942,0.306044631,0.306052897,-0.1101767,0.019761132,4.211245904,78.70900714,77.48220955,-0.08490252,-0.296864977,3.555691276,77.57065907,77.57275225,-0.08340946,-0.29680313,3.426230402,81.44512452,80.73624369,0.03117696,-0.271902326,3.436022987,80.86203756,80.86414523,0.022217725,-0.253990411,3.592095535,3839.484772,20.17167177,-0.073242187,0.180815568,1.01917495,47.47292242,47.47405765,0.124369565,0.135278253,5.441326751,49.37788257,49.37907943,0.115952133,0.447405003,5.992742348,215.0424853,58.82043112,-0.036244866,-0.562646571,1.861465122,325.3463791,61.52565355,0.168996032,-0.256099418,1.48037841,68.49875645,1.190233186,3.824042553,0.081392919,58.77261903,0.2000,0.1880
927,E927_processed,0.1953125,132206.8201,0.546875,1582.442862,0.361328125,1311.730564,0.228205898,0.098523542,0.418086528,0.1953125,132204.4038,0.546875,1582.442728,0.361328125,1311.731203,0.228033168,0.094772915,0.417973366,0.1953125,140464.2252,0.400390625,2086.677356,0.37109375,1699.828472,0.223703852,0.080648571,0.414298504,0.1953125,140461.6176,0.400390625,2086.677376,0.37109375,1699.827395,0.223597833,0.077870991,0.414224762,0.1953125,8718.150154,0.25390625,1098.509904,0.283203125,524.3285069,0.398228032,0.69309298,0.496469635,7.554960553,7.30803634,4.818458438,29.89778904,9.359584011,1.892805,1.892857486,-3.386305342,128.3794202,18.62852192,79.98239876,78.93388888,-0.089821578,-0.229965672,3.396264981,78.96505966,78.96717408,-0.087821609,-0.225185165,3.610356335,81.54213068,81.00272086,-0.027634976,-0.272875482,3.422073322,81.03353626,81.03571414,-0.034912001,-0.27537793,3.556919274,3841.99453,20.57443569,-0.114862662,0.377491896,1.022227275,46.82819734,46.82946066,0.03154375,-0.514689779,2.982854567,48.11373362,48.11500601,0.012073641,-0.438381817,2.989899019,74.71994647,59.58623465,-0.010232748,-0.574835813,2.87689339,123.8381466,61.20304286,0.139688848,-0.409226299,2.455633741,67.14202998,0.936911489,3.476583854,0.07751632,45.07950193,0.2000,0.2000
928,E928_processed,0.1953125,94186.48534,0.3515625,1520.937671,0.556640625,1364.335879,0.227516214,0.09776442,0.430217626,0.1953125,94184.63741,0.3515625,1520.935619,0.556640625,1364.336345,0.227334292,0.093771684,0.430087744,0.185546875,97781.04481,0.33203125,3435.078118,0.37109375,2013.772504,0.225141467,0.079790902,0.438091767,0.185546875,97777.94491,0.33203125,3435.077397,0.37109375,2013.771161,0.225037325,0.076988255,0.438007272,0.1953125,5755.205721,0.33203125,224.7725824,0.380859375,157.3256382,0.394540771,0.684834156,0.516695118,22.19931495,0.320106607,-0.009571987,0.119611505,1.101242045,0.317751015,0.317759702,-0.005574502,0.060017829,6.966646782,74.54519432,73.46937491,-0.086707311,-0.230589858,3.359296629,73.52488075,73.52691148,-0.082090437,-0.234806984,3.236443319,78.92374696,78.33828869,-0.026875591,-0.106587903,3.471073543,78.36173818,78.36391237,-0.027830562,-0.110656897,3.483671296,3842.741998,19.39830787,-0.097506632,0.442769001,1.024351778,44.44122312,44.44243631,0.082719843,-0.358497333,4.193990855,46.5766767,46.57797061,-0.0041969,-0.309147511,3.154028,174.1632613,55.63445775,-0.011425273,-0.533707798,1.896276773,113.5078549,58.87248212,0.141561311,-0.300242474,2.310195539,64.37885905,1.230030288,3.817021277,0.08442414,57.29231463,0.2000,0.1880
929,E929_processed,0.185546875,121920.8177,0.556640625,1644.074335,0.478515625,770.2340204,0.223461431,0.104482592,0.428413477,0.185546875,121916.7438,0.556640625,1644.073824,0.478515625,770.2349431,0.223256512,0.100287796,0.428287533,0.185546875,136385.9019,0.234375,37459.15377,0.25390625,31527.41425,0.220904837,0.083664475,0.43587256,0.185546875,136381.2942,0.234375,37459.01029,0.25390625,31527.2907,0.220787926,0.080859842,0.435822922,0.185546875,7903.621048,0.3125,355.3380661,0.52734375,202.4805279,0.425898418,0.750618423,0.526137496,7.470060855,7.223229501,4.742473546,29.10704626,9.604966865,1.943017668,1.94307135,-2.770462104,122.6902962,18.50995816,77.84608906,76.81217034,-0.083022126,-0.437416149,3.80978985,76.78928079,76.79141082,-0.076006739,-0.432993914,3.690797926,84.08841893,83.58731779,-0.017534777,-0.374413546,3.452334979,83.62786475,83.63008237,-0.02311538,-0.378088489,3.583619065,3843.259959,20.66808972,-0.080209327,0.165711974,1.021426092,49.0407356,49.04208537,-0.004088341,-0.65742609,3.494994454,52.80247388,52.80373421,-0.032777648,-0.460462406,3.307494588,88.34700814,59.79791294,0.004846926,-0.749683324,2.64425808,168.2865231,64.64874672,0.140374778,-0.534787982,2.114439098,72.06497404,1.052922591,3.616475066,0.080505489,55.59824463,0.1880,0.1880
930,E930_processed,0.185546875,76094.25259,0.205078125,69843.08502,0.224609375,41822.10518,0.227805059,0.104698761,0.44827383,0.185546875,76091.17213,0.205078125,69842.04082,0.224609375,41821.98222,0.227613931,0.100846765,0.448170692,0.185546875,93126.59519,0.205078125,72976.85629,0.3515625,2293.5758,0.224098041,0.083016818,0.450107148,0.185546875,93123.35019,0.205078125,72975.91616,0.3515625,2293.571603,0.223979783,0.08001137,0.450024874,0.185546875,5114.993238,0.205078125,4556.170504,0.556640625,220.749774,0.41617524,0.72471018,0.539304654,22.27858845,0.33937675,0.061708271,0.844112182,1.123107734,0.337329311,0.337338597,0.003490239,0.456389069,7.334683835,74.08682288,73.02835811,-0.072089979,-0.266376726,3.451692488,73.11222943,73.11413717,-0.06199387,-0.267437514,3.311777919,81.01487374,80.65505579,0.003928574,-0.326616048,3.28221915,80.64260737,80.64483386,0.004767679,-0.324095134,3.392087351,3845.159769,19.75946901,-0.066175583,0.170881223,1.023707684,46.94085534,46.94189675,0.108957988,0.406982548,5.159299589,49.65313172,49.65449964,-0.021235099,-0.476812213,3.400815325,193.1518287,56.46285122,-0.022145769,-0.371378891,2.006398931,84.77914307,61.50037808,0.14093528,-0.502763852,2.562001676,68.33089349,1.28707283,3.911982571,0.084102576,63.90895738,0.2000,0.1880
931,E931_processed,0.1953125,74029.92662,0.21484375,66582.53595,0.29296875,6176.559963,0.229486294,0.108691637,0.450926628,0.1953125,74029.06177,0.21484375,66581.01366,0.29296875,6176.573058,0.229283873,0.105124084,0.450911852,0.185546875,83536.52292,0.25390625,48251.1631,0.322265625,3788.122244,0.224576061,0.085923462,0.458156731,0.185546875,83533.10531,0.25390625,48251.0345,0.322265625,3788.120156,0.224449238,0.083231511,0.458157818,0.1953125,4817.31096,0.25390625,1427.547701,0.556640625,226.9092145,0.441806922,0.763186947,0.553284871,7.583433537,7.334682897,4.787457662,29.4410546,9.513814111,1.897165379,1.897218081,-3.368883143,128.4301501,18.95833016,73.47308443,72.59321148,-0.068801304,-0.336861849,3.444420388,72.75075161,72.75263069,-0.07659412,-0.296057288,3.492148361,84.71568103,84.5535054,0.014943419,-0.399144809,3.338176552,84.74601478,84.74834081,0.005397992,-0.383029213,3.403392577,3848.984659,20.17859695,-0.045417255,0.023695092,1.018979094,47.98402211,47.98474066,0.40448012,3.854088213,8.077059362,54.1336188,54.13477284,0.205055523,1.036774815,6.485211192,331.491326,56.36486125,0.000180905,-0.056640388,1.611808449,303.3096746,65.20857365,0.137363532,-0.349847323,1.690739102,72.34023062,1.150181584,3.736098937,0.082400467,62.26481875,0.2000,0.1880
932,E932_processed,0.185546875,87851.70536,0.234375,32532.22627,0.546875,1937.405614,0.227336361,0.110379597,0.448268353,0.185546875,87848.59298,0.234375,32532.02805,0.546875,1937.404019,0.227113427,0.10618111,0.44816933,0.185546875,109395.4433,0.234375,48307.9148,0.3515625,2861.122005,0.218457655,0.087504155,0.440782046,0.185546875,109391.5326,0.234375,48307.7215,0.3515625,2861.121235,0.218331524,0.08433922,0.440666255,0.185546875,6042.311095,0.234375,2178.819967,0.302734375,300.8242736,0.454784937,0.791902643,0.545970591,22.34264667,0.361852812,-0.015716878,0.447281327,1.129776583,0.359175377,0.359185353,0.008960298,0.28082498,7.672512116,74.70354681,73.95869827,0.014269313,-0.161347189,3.625605364,74.07640921,74.07840409,0.009178689,-0.157982894,3.788269877,84.41390692,84.32470197,0.008292542,-0.144404837,3.356461161,84.2699317,84.27226802,0.002842178,-0.142011494,3.309525735,3851.904717,20.565166,-0.024595767,0.50765531,1.026550652,48.07147803,48.07259828,0.161154852,0.412342546,5.894731832,54.01790262,54.0193861,-0.004856066,-0.463414556,3.021918189,294.7292415,57.53117682,0.029651934,-0.340702055,1.565809123,77.65959154,65.6845912,0.159528387,-0.412642617,2.957591131,72.31230034,1.400804844,3.886363636,0.092745056,75.67061773,0.1880,0.1880
933,E933_processed,0.185546875,98398.23518,0.234375,36221.24484,0.546875,1878.465237,0.225135486,0.112505719,0.444778226,0.185546875,98395.16757,0.234375,36221.06253,0.546875,1878.464315,0.224897419,0.107950504,0.444626737,0.17578125,128753.1162,0.234375,42076.63372,0.2734375,16504.17963,0.218040503,0.092243994,0.439169484,0.17578125,128746.2407,0.234375,42076.60455,0.2734375,16504.08947,0.217881561,0.088791391,0.439109401,0.17578125,6526.273532,0.2734375,770.6308076,0.546875,236.6898221,0.477870385,0.828285614,0.554211005,7.59604498,7.346711309,4.77652165,29.27123138,9.512562286,1.896055013,1.896107656,-3.370446981,128.2239938,19.00968865,76.07887542,75.43330163,0.000952342,-0.386188332,3.804141799,75.53320186,75.53511206,0.007734171,-0.391706798,3.719106161,83.97118403,83.93512589,-0.023443676,-0.08775387,3.418848422,84.07526226,84.07730298,-0.025897677,-0.089797909,3.428078201,3854.31525,20.56328154,-0.045624316,0.502293213,1.025908636,49.48915526,49.4903612,0.040701281,-0.429891379,4.161113502,56.05950526,56.06081456,0.071161443,0.013426259,4.803780073,188.0857161,59.25042026,-0.0045993,-0.65293209,1.833355003,295.9392878,66.59144567,0.196718764,-0.26856467,1.567241911,74.78041709,1.237424561,3.811262289,0.085188517,69.37102883,0.1880,0.1880
934,E934_processed,0.1953125,96739.65723,0.244140625,29005.71842,0.546875,1789.517131,0.224535243,0.105814422,0.443796412,0.1953125,96738.41381,0.244140625,29005.77438,0.546875,1789.518027,0.22432585,0.101706163,0.443704139,0.185546875,122783.3765,0.234375,33998.84549,0.3515625,2569.368785,0.216707216,0.088250124,0.435860982,0.185546875,122778.7554,0.234375,33998.74664,0.3515625,2569.365495,0.216547072,0.084518514,0.435779079,0.1953125,6738.106107,0.302734375,334.5895786,0.361328125,209.1434473,0.451410426,0.796621852,0.540137562,22.40294792,0.349757209,-0.027662967,0.763011626,1.15237687,0.348438737,0.348447651,-0.04971216,0.594848318,9.443259442,76.50700434,75.97752201,0.031285996,-0.421902481,3.415317097,76.09538038,76.09742634,0.030671867,-0.408645322,3.547138229,83.66292933,83.66011144,0.004134363,-0.23604067,3.460280704,83.73818362,83.74049912,0.001701031,-0.238028075,3.45955781,3857.317248,20.52431309,-0.012961078,0.219637168,1.021642905,49.59962666,49.60071162,0.105247299,0.247175891,5.725707738,55.55642984,55.55779852,0.015140194,-0.103496484,4.562461184,249.5054819,59.2711045,0.012557974,-0.639912724,1.690186318,183.9614726,66.17924279,0.169129657,-0.47347134,1.842368139,74.4775105,1.368613959,4.05462754,0.083249002,76.0371786,0.1880,0.1880
935,E935_processed,0.185546875,90420.13122,0.556640625,1860.64998,0.3515625,1693.086207,0.225067674,0.115745994,0.455394975,0.185546875,90417.64317,0.556640625,1860.65118,0.3515625,1693.082464,0.224831162,0.111372663,0.455256307,0.185546875,123829.947,0.3515625,2968.773489,0.52734375,1092.069007,0.215337523,0.092559251,0.443868774,0.185546875,123827.0767,0.3515625,2968.779195,0.52734375,1092.070466,0.215182525,0.089001196,0.443763993,0.185546875,6621.832929,0.3125,259.419265,0.52734375,224.2830316,0.482307336,0.843460043,0.559061229,7.611910374,7.361265051,4.760278553,29.05111877,9.475320447,1.900479026,1.900531795,-3.384639353,127.9440126,18.92219181,76.93545144,76.43138026,0.067205557,-0.220130196,3.527353969,76.68419323,76.6862944,0.054820583,-0.184534681,3.669950954,88.27181928,88.2735037,-0.022986976,-0.31293672,3.87784304,88.30278177,88.30521311,-0.022863778,-0.300002528,3.872240571,3858.393685,21.47773596,-0.082744312,0.306419921,1.023213602,51.54256404,51.54389503,-0.065367025,-0.08874288,4.504968409,60.68222821,60.68368342,-0.057264656,-0.059754349,4.687874236,140.062315,61.04457311,0.028670948,-0.285423773,2.802189704,127.1443401,70.93967933,0.181690409,-0.38378261,3.105372244,79.61961158,1.295351022,3.898807515,0.085216537,78.60667131,0.1880,0.1880
936,E936_processed,0.1953125,73986.62358,0.33203125,2032.322102,0.556640625,1909.173431,0.222108597,0.113949608,0.451593057,0.1953125,73984.83358,0.33203125,2032.321424,0.556640625,1909.173301,0.221877035,0.109534646,0.451435161,0.17578125,98865.7549,0.33203125,2947.851023,0.37109375,2604.749298,0.214048471,0.093599589,0.445752511,0.17578125,98860.39461,0.33203125,2947.850336,0.37109375,2604.748141,0.213891486,0.090021302,0.445627561,0.17578125,4924.942584,0.29296875,484.3028993,0.556640625,247.6783384,0.502371989,0.875034561,0.56617991,22.41950215,0.345879844,-0.050646296,0.373249613,1.119005223,0.345265184,0.345273753,-0.068991868,0.367656529,7.371470595,71.36173564,70.89155857,0.105326592,-0.263104848,3.665596662,70.85460264,70.85656977,0.107709719,-0.25879524,3.813290446,81.18723226,81.1834637,-0.003083741,-0.068384287,3.618871734,81.16952728,81.17178157,-0.007166476,-0.068708124,3.600845307,3859.263721,19.86872111,-0.081665661,0.680541263,1.020957697,48.18805452,48.18913699,0.02851705,-0.086962287,4.792991099,55.31577712,55.31729017,-0.004690259,-0.150613405,3.340653454,78.30390904,56.46423964,-0.015105798,-0.503681956,2.913868569,65.53238168,65.13165313,0.154112108,-0.256510883,3.439721615,73.36344809,1.342541883,4.100457666,0.079847841,74.26577889,0.1880,0.1880
937,E937_processed,0.185546875,112208.6339,0.2734375,10233.43837,0.556640625,1574.233579,0.221122995,0.112025322,0.444576837,0.185546875,112205.0448,0.2734375,10233.42924,0.556640625,1574.233438,0.220861656,0.107006713,0.444414364,0.185546875,136535.1146,0.21484375,59169.87219,0.3515625,3410.540456,0.213179433,0.092781114,0.436693692,0.185546875,136530.6978,0.21484375,59169.30373,0.3515625,3410.54945,0.213021443,0.089157414,0.436580983,0.185546875,7629.110452,0.21484375,3446.202271,0.537109375,251.401957,0.482906081,0.841312954,0.552214459,7.607875255,7.35758789,4.764630095,29.10788119,9.494865988,1.89602418,1.896076844,-3.330485149,127.8427486,19.00407371,77.84944811,77.37258903,0.107909088,-0.542728624,2.865771761,77.3598557,77.3620021,0.111679145,-0.540793553,2.972596597,87.75013827,87.75104905,-0.032873632,-0.277068581,3.393867587,87.77761464,87.78000773,-0.031270897,-0.281598917,3.389601629,3859.057664,21.73004128,-0.107281803,0.263081022,1.02512946,51.4495463,51.45097562,-0.025516213,-0.784091393,2.817123214,59.94643969,59.94805463,-0.000741889,-0.503757067,3.107596655,62.15746079,61.30671106,0.014218653,-0.776525899,2.698555696,105.4306225,70.64855884,0.165374942,-0.491571023,2.428443949,78.99982371,1.325812761,3.954090538,0.084798657,79.47989582,0.1880,0.1880
938,E938_processed,0.185546875,86464.57089,0.361328125,1648.577388,0.556640625,1526.565368,0.223745101,0.112544363,0.454988768,0.185546875,86461.50564,0.361328125,1648.575106,0.556640625,1526.56756,0.223505771,0.107953289,0.454842438,0.185546875,117291.0087,0.244140625,32211.38347,0.302734375,5848.516222,0.214693587,0.091347385,0.445787725,0.185546875,117286.8224,0.244140625,32211.35352,0.302734375,5848.518593,0.214546717,0.087874354,0.44567058,0.185546875,6297.81552,0.25390625,1310.600585,0.556640625,231.0453663,0.497725377,0.863106378,0.565885814,22.40402794,0.361105639,-0.080616606,0.144437082,1.108930281,0.360274816,0.360284777,-0.078561567,0.105435164,6.60415024,76.14096166,75.63103811,0.138748028,-0.397060258,3.379739031,75.69799495,75.69999547,0.141535649,-0.396482071,3.509140748,87.35461052,87.34196213,0.006737614,-0.272616792,3.477138507,87.47376705,87.47605584,-0.003226535,-0.270944312,3.500267931,3857.076014,21.56138351,-0.051621312,0.346493991,1.025254075,50.67262632,50.67378444,0.019096746,-0.355382604,4.463711407,60.11881592,60.12020561,0.036863386,-0.233046644,3.869926896,192.5654559,59.76165996,0.01484171,-0.626546428,1.857439533,134.0235057,70.37894102,0.164415627,-0.351708462,2.266768438,78.62742239,1.380940385,4.18974359,0.07866835,83.02241986,0.2000,0.1880
939,E939_processed,0.17578125,91846.88857,0.33203125,2220.187077,0.546875,1976.924053,0.225375118,0.125492218,0.466631858,0.17578125,91841.65448,0.33203125,2220.188799,0.546875,1976.925001,0.225092807,0.1206199,0.466459382,0.17578125,137804.6856,0.21484375,56378.66957,0.341796875,4080.45571,0.213900132,0.097354814,0.449058916,0.17578125,137795.7843,0.21484375,56377.84855,0.341796875,4080.453916,0.21372997,0.093725284,0.448965505,0.17578125,6867.212188,0.537109375,304.0786209,0.3515625,287.7300452,0.531114012,0.912253076,0.582101728,7.606139032,7.35601332,4.765664987,29.12482474,9.433128516,1.895649288,1.895701937,-3.355427459,127.897028,18.78772902,76.66397143,76.08288159,0.183604472,-0.206275457,3.588605245,76.21434682,76.21631856,0.184929034,-0.193611899,3.73956653,90.33688691,90.27353502,0.044034261,-0.09764382,4.659197526,90.45039383,90.45263202,0.031696789,-0.089292525,4.661807135,3853.286506,22.14338593,-0.023534267,0.640149236,1.029327094,52.31399698,52.31529111,-0.042918528,-0.435023352,3.118415664,65.40040933,65.40151047,0.174487211,1.192592031,6.170852469,104.5616362,61.18600771,0.006810373,-0.498235718,2.614876219,311.2017685,74.06017722,0.201635526,-0.120534978,1.654987449,83.75110301,1.35599478,4.028635,0.083549177,88.68410681,0.1880,0.1750
940,E940_processed,0.17578125,89812.26073,0.205078125,69498.66589,0.29296875,7059.737621,0.226728502,0.125674662,0.470160495,0.17578125,89806.27448,0.205078125,69497.92577,0.29296875,7059.711286,0.226424474,0.120387151,0.469975302,0.17578125,134438.9151,0.25390625,37039.59623,0.3125,7208.95067,0.216331177,0.099458494,0.457018751,0.17578125,134430.1284,0.25390625,37039.52393,0.3125,7208.989478,0.216161861,0.095861434,0.456905543,0.17578125,6576.385932,0.205078125,4114.357351,0.25390625,1507.871915,0.541905617,0.924906358,0.589458024,22.4273208,0.390284645,-0.1192181,-0.087798356,1.053596603,0.389856582,0.389866827,-0.119053125,-0.081071458,3.611389368,80.2780495,79.63246938,0.197339398,-0.20938656,3.407374889,79.61934126,79.62155323,0.200152372,-0.206720942,3.565111561,91.07678748,90.91959278,0.011539632,-0.230437456,3.679327733,90.9052814,90.90778691,0.009110483,-0.227241318,3.749922723,3849.720275,22.18818738,-0.039915894,0.559124489,1.026352207,54.29590449,54.29729117,-0.010451567,-0.518215364,2.991372037,63.25193433,63.25356393,0.027942301,-0.463609366,3.058297256,89.13139766,63.28974544,-0.03239499,-0.575426407,2.782276036,122.7378511,73.22038696,0.165796203,-0.383797942,2.342443421,83.36191683,1.513920366,4.455970149,0.076246249,95.76085863,0.2130,0.1750
941,E941_processed,0.205078125,89270.06456,0.56640625,2018.968079,0.400390625,1982.741885,0.227525656,0.126954327,0.464751911,0.205078125,89268.3628,0.56640625,2018.966124,0.400390625,1982.736935,0.227158382,0.12064786,0.464541195,0.17578125,125199.3123,0.205078125,90084.62776,0.25390625,35714.7313,0.218198074,0.100334374,0.460602013,0.17578125,125193.6693,0.205078125,90083.00086,0.25390625,35714.64218,0.218016028,0.096358901,0.460443316,0.17578125,6106.049137,0.205078125,5666.10169,0.25390625,1423.280443,0.547577585,0.93779788,0.5877678,7.585649112,7.334973087,4.734409808,28.78522697,9.359580961,1.908242696,1.90829561,-3.145699129,125.6597853,18.43904574,81.90839787,81.0757144,0.195095297,-0.153641821,3.611364252,81.08409789,81.08632647,0.197592986,-0.148127147,3.67529148,94.63391337,94.36138114,0.051385892,-0.164171155,3.747664208,94.39236349,94.3949681,0.038682717,-0.172057837,3.815464358,3845.206169,23.22312418,0.007569859,0.708422481,1.031415593,54.52406061,54.52536765,-0.124941075,-0.204692686,4.667470547,64.32091075,64.32256099,-0.023330462,-0.217246343,3.35532492,154.0336579,63.97302013,-0.013604581,-0.501745823,2.106106198,175.805543,75.30198135,0.183657673,-0.29262004,2.455036561,84.32323268,1.401364287,4.137432516,0.081863291,90.13933984,0.2000,0.2000
942,E942_processed,0.17578125,74511.23548,0.1953125,73851.38439,0.322265625,3406.390875,0.226958676,0.131200867,0.473838799,0.17578125,74507.0109,0.1953125,73850.45462,0.322265625,3406.408186,0.226544479,0.124492889,0.473632565,0.166015625,111551.9535,0.1953125,101956.4211,0.244140625,44522.00712,0.216416149,0.102135025,0.462651626,0.166015625,111542.4353,0.1953125,101954.6251,0.244140625,44521.96479,0.216217521,0.097992472,0.462515056,0.1953125,5664.448446,0.17578125,5236.956014,0.244140625,1680.54178,0.574668276,0.973807358,0.602181044,22.50052264,0.41741791,-0.098588764,0.026424585,1.059988045,0.416771458,0.41678296,-0.093218963,0.025555054,3.666427878,79.2156869,78.15974714,0.188350079,-0.209356864,3.650275233,78.25334705,78.25541522,0.195506823,-0.208124944,3.863055755,92.52979838,91.9748332,-0.047573627,-0.304577007,3.647309039,91.98499626,91.98752481,-0.051092025,-0.306500174,3.63193155,3840.429726,22.46086873,-0.129818545,0.66727712,1.027322118,53.73751971,53.73882488,-0.142302302,-0.037325484,4.955508717,64.0912121,64.09296562,0.01474141,-0.329626875,3.44293112,253.3595874,62.22793777,-0.038907365,-0.440769313,1.633356945,149.6082875,74.12477317,0.175351545,-0.402996636,2.625119303,83.64071701,1.606465156,4.435308642,0.081662678,102.963116,0.2000,0.2000
943,E943_processed,0.1953125,91324.74125,0.224609375,29926.48636,0.546875,1955.72832,0.228280688,0.125574224,0.472209765,0.1953125,91322.55363,0.224609375,29926.33728,0.546875,1955.727744,0.22795591,0.119944952,0.472027068,0.1953125,101252.3441,0.234375,50438.27672,0.341796875,4171.876656,0.218349892,0.100011276,0.46906421,0.1953125,101249.8318,0.234375,50438.16372,0.341796875,4171.884676,0.218173261,0.096139776,0.468917784,0.1953125,6116.027447,0.224609375,2302.563101,0.2734375,668.0272517,0.536945877,0.90913414,0.594944072,7.634515306,7.382899305,4.739771764,28.7449234,9.218643512,1.894871515,1.894924103,-3.354620994,128.0506995,18.5781391,77.26444169,76.04336156,0.16043786,-0.148434341,4.044696281,76.10719629,76.10924841,0.163215647,-0.150225713,4.302171883,89.74220148,88.8881648,0.027209968,0.039814907,4.202715264,88.92308321,88.92549837,0.020084574,0.035120524,4.336120105,3837.011488,21.69585575,-0.067915743,1.185280492,1.028934735,51.07762306,51.07898246,-0.029945028,-0.37213572,3.167713739,61.21416035,61.21577988,0.007731285,-0.152416414,3.692707044,91.67520137,60.12252325,0.013388869,-0.422201873,2.908176793,150.9627348,71.09963954,0.203498888,-0.144900381,2.257619653,79.72724851,1.44249635,4.247221517,0.079965913,88.30353901,0.2000,0.1880
944,E944_processed,0.17578125,65258.67168,0.1953125,64904.95558,0.546875,2098.907658,0.227041701,0.120476395,0.470102945,0.17578125,65254.9555,0.1953125,64903.30216,0.546875,2098.913992,0.226752445,0.115313754,0.46995477,0.17578125,101270.3825,0.1953125,81007.80695,0.244140625,51427.39435,0.214658881,0.093738021,0.456666594,0.17578125,101264.7203,0.1953125,81005.76721,0.244140625,51427.4317,0.214506743,0.090259467,0.456553442,0.17578125,4913.995177,0.1953125,4681.833924,0.244140625,1921.637529,0.504994256,0.879791656,0.57760071,22.57369858,0.394653881,-0.108755064,-0.139536125,1.063403231,0.393629429,0.393640305,-0.091469531,-0.144844306,3.69728026,75.27901489,73.94091123,0.123425645,-0.245674013,3.305513102,74.0021942,74.00420976,0.12249073,-0.240251547,3.554349418,88.69482212,87.65627968,-0.037961762,-0.413992783,3.342606174,87.67174095,87.6741718,-0.037356667,-0.4146222,3.262754272,3835.12271,21.11786213,-0.119659485,0.394482245,1.026205704,50.68213867,50.68321459,0.091351127,0.152762583,5.24751122,61.32738531,61.32896028,0.013975301,-0.401663348,3.322874578,190.5353776,58.64842642,0.034235521,-0.503031543,1.852845241,127.4855089,70.86844712,0.146922798,-0.502947254,2.206693546,79.56148321,1.522773362,4.576726343,0.072698488,93.39010701,0.2000,0.2000
945,E945_processed,0.1953125,60925.72181,0.166015625,46185.96647,0.244140625,26923.8532,0.230044481,0.121728088,0.482897241,0.1953125,60924.49475,0.166015625,46181.58092,0.244140625,26923.8085,0.229751722,0.116490111,0.482728521,0.166015625,74547.2949,0.1953125,65270.67575,0.3515625,3121.846388,0.216972891,0.098514045,0.469636282,0.166015625,74540.41077,0.1953125,65269.36526,0.3515625,3121.846955,0.216812091,0.094978514,0.469506537,0.1953125,3903.287782,0.166015625,3327.889257,0.2734375,603.9307467,0.498338796,0.861060493,0.58941205,7.590089701,7.337845146,4.685009615,28.15334625,9.252225305,1.92087176,1.920925096,-2.96131138,124.0610077,18.24696839,71.18950954,69.71254633,0.124326133,0.004371298,3.91263898,69.71899923,69.72093552,0.126717671,0.003904167,4.209063185,80.3269814,79.06943481,-0.050139314,0.068549914,3.664055401,79.08153055,79.08368464,-0.054128687,0.067124352,3.888899118,3834.335816,19.15529108,-0.109933377,0.979076872,1.028461327,45.98178983,45.98306303,-0.014349718,-0.352193759,3.305040915,54.7258407,54.72736084,0.031319686,-0.271282513,3.417023881,101.5666405,54.46026296,0.003787251,-0.337845728,2.69221338,92.63865502,63.45410329,0.180972408,-0.231064719,2.669947577,71.48094928,1.47332823,4.351641278,0.077802461,80.63136568,0.2000,0.2000
946,E946_processed,0.17578125,58187.43545,0.33203125,1788.861956,0.556640625,1366.694411,0.225885423,0.118430753,0.473043863,0.17578125,58185.27057,0.33203125,1788.854064,0.556640625,1366.69306,0.225605491,0.113306266,0.472884897,0.17578125,86381.59093,0.234375,34271.80973,0.33203125,3629.272368,0.216593918,0.097692447,0.463954637,0.17578125,86376.61986,0.234375,34271.71114,0.33203125,3629.275691,0.216426695,0.094033275,0.463834587,0.17578125,4272.228412,0.234375,1476.002547,0.263671875,756.5439757,0.528329256,0.917220578,0.59063231,22.6784279,0.369083296,-0.136014572,-0.065744477,1.051672766,0.368120971,0.368131139,-0.122095637,-0.055104249,3.786804528,69.11587219,67.51783212,0.045772142,-0.068613218,3.577247775,67.60142132,67.60327367,0.047252878,-0.073391525,3.839827583,80.61638075,79.39013929,0.030723253,0.014802837,4.392421698,79.45853802,79.46071608,0.026373575,0.014177913,4.627503835,3834.580758,18.90255759,-0.07817212,1.402147995,1.033991471,46.26366185,46.26478287,-0.097510056,-0.01995758,4.601135672,55.51663768,55.51815486,-0.014734055,-0.26762479,3.961097442,186.3207275,53.7306576,-0.013222401,-0.349191447,1.80495044,78.96727897,64.35610986,0.166666803,-0.26972652,3.940013166,72.26822021,1.416084971,4.310336538,0.076219651,78.61842472,0.1880,0.1880
947,E947_processed,0.166015625,50889.45638,0.185546875,47881.5124,0.21484375,41359.4382,0.229103818,0.119424333,0.477811846,0.166015625,50884.83182,0.185546875,47879.62053,0.21484375,41359.15935,0.228817053,0.11421675,0.477631681,0.166015625,78633.15791,0.21484375,39817.55842,0.322265625,4587.05199,0.21692798,0.100351954,0.46775739,0.166015625,78625.54578,0.21484375,39817.26164,0.322265625,4587.035364,0.216727635,0.096111835,0.467629259,0.166015625,3564.035303,0.283203125,423.89154,0.322265625,274.0938108,0.546363947,0.93666591,0.597642526,7.65107728,7.396866185,4.68116741,27.99424008,9.14959782,1.906357551,1.90641049,-3.200582974,127.0264145,18.41380693,70.47951079,69.00745531,0.010652839,-0.2511689,3.338542753,69.08660474,69.08848229,0.01258328,-0.253207976,3.397087285,76.95627989,75.70825702,-0.01184097,-0.070599571,3.549365957,75.71003118,75.71211704,-0.01329869,-0.071040951,3.752523199,3834.739943,18.14547917,-0.096214766,0.733484672,1.024161132,45.6996004,45.70084084,0.019013959,-0.426351994,2.954557926,53.10898212,53.11038288,0.012670565,-0.359818348,3.278169154,54.82434285,54.19850894,0.006846222,-0.399384791,3.46479346,90.56897856,61.13919357,0.151533138,-0.331536886,2.620737819,70.06625168,1.488036848,4.393617052,0.077084895,79.03020672,0.1880,0.1880
948,E948_processed,0.1953125,59011.58216,0.17578125,48179.56806,0.234375,40754.77551,0.232299683,0.118742345,0.477993828,0.1953125,59009.4866,0.17578125,48176.72357,0.234375,40754.65713,0.231972622,0.112959965,0.477883306,0.17578125,80051.76406,0.1953125,68203.7957,0.25390625,32649.58196,0.217113052,0.09966767,0.461241979,0.17578125,80046.962,0.1953125,68202.11257,0.25390625,32649.46821,0.216890254,0.094922624,0.461106093,0.1953125,4010.497817,0.17578125,3771.22186,0.234375,1279.845929,0.547888091,0.945905851,0.592813818,22.78967857,0.379722304,-0.068916008,0.455548322,1.115371106,0.37926339,0.379272685,-0.09950782,0.41797885,6.694079244,71.50454956,70.06953121,0.003566853,-0.310057083,3.509566615,70.19610308,70.19787522,-0.005115431,-0.293398342,3.77929928,78.36866641,77.13613277,0.01494972,-0.160266847,3.546965423,77.12227735,77.12440406,0.010495045,-0.159517504,3.585781255,3835.177181,18.37417571,-0.039146745,0.719496268,1.028700139,47.26606267,47.26677904,0.320793422,2.082688013,7.116088979,52.9195255,52.92092382,0.006505509,-0.302014561,3.444207083,252.5320668,54.71398255,0.02610629,-0.239834172,1.686815454,64.60431234,61.73687314,0.14475907,-0.331879404,3.22911347,70.95613137,1.472920694,4.138248848,0.086009448,77.94832386,0.2000,0.1880
949,E949_processed,0.185546875,53773.47787,0.234375,36023.08232,0.25390625,29158.98289,0.231085858,0.118969929,0.478480272,0.185546875,53772.39752,0.234375,36022.84959,0.25390625,29158.97011,0.230786489,0.113598646,0.478335852,0.17578125,76229.14416,0.25390625,40254.1283,0.234375,36473.90301,0.222141586,0.101453846,0.472366733,0.17578125,76225.03045,0.25390625,40254.10522,0.234375,36473.79207,0.221917884,0.096831939,0.47223895,0.17578125,3792.41506,0.25390625,1074.77591,0.283203125,499.9911064,0.556127516,0.937972892,0.60550201,7.695412853,7.440638418,4.687615264,27.96838308,9.065302582,1.88548726,1.885539629,-3.318527857,128.8807128,18.63067343,71.81854993,70.36528231,-0.057169203,-0.255626655,3.320619259,70.44847338,70.45035983,-0.050096838,-0.263525539,3.521901484,77.93048891,76.72721649,0.018679322,-0.02205073,3.429323282,76.75009962,76.75215353,0.018591062,-0.016975725,3.648630373,3835.612838,18.16020552,-0.07069372,0.689776658,1.023229733,45.87459454,45.87560827,0.084217879,-0.105922539,4.371194775,51.69274581,51.69418085,0.021010772,-0.169546489,3.811235995,235.6030377,54.55302364,0.008414361,-0.391972064,1.689305547,146.9333897,60.63866854,0.088511133,-0.155705957,2.29392183,69.11483031,1.50643291,4.383318104,0.07840501,77.87381527,0.1880,0.1880
950,E950_processed,0.17578125,54664.04392,0.205078125,49662.67932,0.234375,39697.32397,0.230725428,0.116322041,0.473879359,0.17578125,54661.2413,0.205078125,49662.05832,0.234375,39697.20963,0.230445534,0.111039634,0.473709708,0.17578125,76129.16677,0.25390625,32677.7028,0.341796875,3470.146529,0.221619681,0.105713122,0.475717208,0.17578125,76125.63747,0.25390625,32677.57498,0.341796875,3470.164645,0.221366472,0.100765049,0.475596977,0.17578125,3792.139499,0.1953125,3055.075067,0.244140625,951.4982939,0.576112597,0.973569259,0.610723523,22.858323,0.385652071,-0.008745366,-0.111874512,1.084957982,0.384308337,0.384318945,-0.003732079,-0.139342578,4.734877846,71.78631257,70.34466764,-0.066844637,-0.391192197,3.285157178,70.35573893,70.35769244,-0.064655268,-0.392195651,3.552393363,77.10739066,75.93105708,-0.039967671,-0.146345158,3.730133357,76.07658895,76.07847456,-0.03849098,-0.149131495,3.833946067,3836.297338,18.3101003,-0.110471845,0.598636501,1.020952719,45.13999508,45.14124724,0.03596587,-0.551246432,2.99769602,54.28322421,54.28417234,-0.168369166,0.634885966,5.795489391,65.84409142,54.33582121,0.005066403,-0.598754925,3.109339652,302.7659592,61.31418548,0.097490452,-0.138190672,1.701976274,70.60101678,1.506035237,4.295454545,0.081623813,81.75387638,0.2000,0.1750
951,E951_processed,0.185546875,45573.65494,0.21484375,37674.50441,0.33203125,2089.493546,0.235248848,0.122476792,0.486190089,0.185546875,45572.16822,0.21484375,37674.17273,0.33203125,2089.500773,0.234922492,0.116753381,0.486006253,0.185546875,57058.8758,0.166015625,56100.95874,0.244140625,41553.631,0.224691049,0.101476139,0.4793501,0.185546875,57056.99916,0.166015625,56096.48476,0.244140625,41553.53964,0.224450506,0.096477686,0.479214459,0.185546875,3138.428036,0.166015625,2495.462661,0.244140625,1257.339475,0.570172281,0.966442703,0.613201898,7.674952323,7.419842444,4.662644358,27.7006776,9.060682474,1.902866103,1.902918931,-3.201738943,127.035838,18.42052744,67.64108381,66.16699515,-0.091882967,-0.279217637,3.506127736,66.19649175,66.19824116,-0.091041775,-0.281109094,3.780103685,78.39681816,77.24464361,-0.002614841,-0.098600545,3.18668877,77.30585887,77.30795138,-0.011905103,-0.083407095,3.387201377,3836.739949,18.02545207,-0.133262256,0.810653882,1.020845966,42.85804995,42.85901594,0.014389921,-0.33303691,3.689725016,52.80313265,52.80447233,-0.006282881,0.01168977,3.620547614,169.9756836,51.00251777,-0.008026435,-0.539444441,1.801057223,96.42020284,61.39329515,0.098865153,-0.046820863,2.90728444,68.00887843,1.504855884,4.351214983,0.079482923,79.46312089,0.1880,0.1880
952,E952_processed,0.185546875,56872.62669,0.244140625,29177.07189,0.546875,2125.68607,0.235780661,0.12781045,0.485999766,0.185546875,56870.6655,0.244140625,29176.97666,0.546875,2125.686127,0.235387381,0.121139804,0.485794233,0.17578125,74088.48312,0.25390625,54350.01955,0.537109375,1403.106753,0.22596397,0.105985567,0.476802165,0.17578125,74085.47287,0.25390625,54350.20162,0.537109375,1403.101927,0.225688596,0.100741058,0.476714457,0.185546875,3870.089905,0.244140625,1477.401107,0.224609375,1355.220188,0.613403041,1.007956093,0.627506954,22.87216218,0.379154567,-0.158601738,0.08930589,1.047594618,0.379698764,0.379709019,-0.17178795,0.167670307,4.766947843,68.01068888,66.52037043,-0.125094997,-0.245719539,3.576747038,66.51747244,66.51926724,-0.12708532,-0.235842106,3.433187223,79.33079263,78.17777067,-0.019682779,0.027088453,3.781020459,78.37317437,78.37535118,-0.036613979,0.047162022,3.988218302,3837.124942,18.3773262,-0.179093922,1.106778093,1.023990164,42.52523167,42.52639353,0.079907139,-0.354257204,3.612196266,53.00471968,53.00598452,-0.028116314,0.256668095,4.572686162,139.9019547,50.89690959,0.012512472,-0.450611547,2.083410133,283.7127523,61.75749468,0.144189677,0.116214058,1.785627934,67.9568138,1.458191329,4.183023256,0.08333625,77.29286699,0.1880,0.1880
953,E953_processed,0.1953125,49518.78656,0.224609375,39428.37207,0.546875,2357.009523,0.238453653,0.11764231,0.4885856,0.1953125,49517.31474,0.224609375,39428.29765,0.546875,2357.006388,0.238178895,0.112548875,0.488430924,0.1953125,63288.02426,0.166015625,41190.78304,0.25390625,38441.77734,0.226708265,0.100062341,0.480561548,0.1953125,63286.76558,0.166015625,41186.96999,0.25390625,38441.74397,0.226487817,0.095386004,0.480423757,0.1953125,3521.816766,0.25390625,1002.823126,0.302734375,385.9933789,0.534683494,0.918992233,0.603444725,7.668445897,7.413496325,4.667025695,27.77714585,9.071252368,1.909265767,1.909318796,-3.141969867,125.6558096,18.36077942,68.06333868,66.61602356,-0.149512866,-0.339236152,3.223207739,66.71705961,66.71875057,-0.139151475,-0.329212763,3.167714892,73.35211539,72.18137232,-0.038060468,-0.099559899,4.542334577,72.16504566,72.16700793,-0.039729879,-0.099521238,4.441291826,3837.456498,16.98210718,-0.177317245,0.624767523,1.018783041,42.26315891,42.26391644,-0.087802593,0.407560516,5.965112836,47.20118807,47.20249798,0.022811235,-0.277394362,3.817877845,199.5728863,50.55884017,-0.05136964,-0.434839777,1.679299717,130.1723379,56.01969382,0.121500644,-0.247145415,2.685300014,63.35861779,1.475201119,4.300757906,0.07975561,69.63317782,0.2000,0.1880
954,E954_processed,0.17578125,42959.31992,0.234375,27945.08748,0.3125,3465.516284,0.23484634,0.122556939,0.491085607,0.17578125,42956.68118,0.234375,27944.92945,0.3125,3465.532017,0.234535699,0.11704543,0.490908984,0.17578125,60228.77049,0.244140625,40276.40345,0.33203125,3100.673205,0.224887942,0.103359141,0.478804009,0.17578125,60225.37838,0.244140625,40276.34952,0.33203125,3100.669204,0.224648537,0.098435123,0.478658041,0.17578125,2976.768538,0.244140625,1019.38874,0.546875,229.8333133,0.581284053,0.981529148,0.616764489,22.81591217,0.346619186,-0.075477664,-0.024115327,1.058892532,0.3455016,0.345511111,-0.056768972,-0.044835428,3.76497904,65.35166633,63.79820284,-0.11886773,-0.233926123,3.730395623,63.90488081,63.90663421,-0.119796921,-0.22614479,4.035598982,73.9181626,72.71032847,-0.050916074,-0.078633742,3.52118398,72.70551906,72.70753431,-0.054015841,-0.07920851,3.764317047,3837.871235,16.71112849,-0.155478826,0.617671545,1.019603437,41.37278608,41.37388863,0.046907124,-0.315084622,3.513108159,48.00306114,48.00437354,0.033382948,-0.204876606,3.312286215,88.66963404,49.40550162,-0.008317577,-0.444012057,2.49250488,59.25279662,56.74505565,0.121094515,-0.202386889,3.803181492,63.37364231,1.331654119,4.171925754,0.076510016,63.92522175,0.1880,0.1750
955,E955_processed,0.244140625,37400.49256,0.1953125,34299.58136,0.17578125,31719.0275,0.236203118,0.115989746,0.486744679,0.244140625,37400.33954,0.1953125,34298.68168,0.17578125,31717.39687,0.23592961,0.110783915,0.486573422,0.166015625,47793.74502,0.244140625,46654.53793,0.1953125,33413.30095,0.227863194,0.102673262,0.479898493,0.166015625,47789.68978,0.244140625,46654.41547,0.1953125,33412.69835,0.227654739,0.098418653,0.479783026,0.166015625,2062.104796,0.1953125,1968.548151,0.244140625,1038.546443,0.565161222,0.953036322,0.617010551,7.640054338,7.386844338,4.687875291,28.08229807,9.110746458,1.907435649,1.907488627,-3.136827843,125.8123306,18.37833106,64.88723583,63.37002816,-0.117595699,-0.163653651,3.49135985,63.34783977,63.34959554,-0.114191273,-0.163851523,3.343081736,69.89593947,68.65455721,-0.013628922,-0.322458168,3.152393997,68.64861598,68.65051798,-0.015259478,-0.322670665,3.406229661,3837.884397,15.44873474,-0.128146344,0.488096595,1.01959994,39.81640353,39.81731456,0.12172661,-0.02025047,4.770048676,44.9190586,44.92029035,0.039869741,-0.266000453,3.354724589,60.05191013,47.95928714,-0.028362049,-0.346915225,2.927556396,82.67465173,53.17621873,0.088316772,-0.354533764,2.858257771,60.02708576,1.43697727,4.219797788,0.080698715,64.5494362,0.2000,0.2000
956,E956_processed,0.1953125,37895.19546,0.21484375,31887.89032,0.537109375,1493.90773,0.232935924,0.116944671,0.487648232,0.1953125,37894.39099,0.21484375,31887.68588,0.537109375,1493.906908,0.232638997,0.111326398,0.487463465,0.185546875,48689.80797,0.244140625,44423.17516,0.224609375,35619.68479,0.227307405,0.097042845,0.483673873,0.185546875,48688.09118,0.244140625,44423.13754,0.224609375,35619.48635,0.227119726,0.092948009,0.483559977,0.185546875,2572.988176,0.224609375,1441.324112,0.244140625,1052.615764,0.534862967,0.922906766,0.606784928,22.70117798,0.345192598,-0.100044849,-0.274844599,1.063271035,0.343466378,0.343475792,-0.090886145,-0.280896861,4.00305549,63.0218394,61.48717443,-0.095444478,-0.302790578,3.649421568,61.55062719,61.55227004,-0.086387884,-0.304594143,3.501293558,73.60432544,72.50472162,-0.012757636,-0.356827402,3.390525333,72.52206883,72.52402204,-0.016268292,-0.359677113,3.497453774,3838.010127,16.28780657,-0.080875806,0.0265046,1.015379447,39.31551392,39.31657778,0.051161018,-0.507870228,2.868439341,47.3440258,47.34530274,0.042344872,-0.506302596,3.124616658,59.79852122,47.32727221,-0.039583193,-0.512709164,3.092119581,104.4753796,56.12459542,0.091523471,-0.491015629,2.461380456,61.5416199,1.315600007,4.234117647,0.073383433,62.28748062,0.2250,0.1880
957,E957_processed,0.1953125,40384.3273,0.244140625,36971.13341,0.17578125,35286.04772,0.235788095,0.11343672,0.4848112,0.1953125,40383.6672,0.244140625,36971.0867,0.17578125,35284.31419,0.235483432,0.107528814,0.484638984,0.17578125,54892.78885,0.244140625,42563.55565,0.205078125,39594.65127,0.226941212,0.099396445,0.482459951,0.17578125,54889.92716,0.244140625,42563.45097,0.205078125,39594.15064,0.22673407,0.09500117,0.482340786,0.17578125,2660.26223,0.25390625,1342.789433,0.537109375,229.074097,0.557573945,0.947780851,0.613390263,7.646812542,7.394718241,4.729247896,28.58363908,9.107641075,1.895732223,1.895784885,-3.342777828,127.8005729,18.51585853,66.38556137,64.97939216,-0.127165436,-0.139567291,3.784184916,65.0110782,65.01288112,-0.118974564,-0.145169136,3.644328366,75.12663239,74.09543515,0.005769658,-0.112460642,3.946224801,74.08167578,74.08373209,0.004949578,-0.110441564,3.846833251,3837.909335,17.00947313,-0.107408001,0.667392829,1.021221727,40.77630352,40.77735069,0.064647457,-0.420083545,3.347193148,48.38639027,48.38773438,0.004925497,-0.177611872,3.346152672,105.2078112,49.32039044,-0.021205725,-0.41536478,2.506747651,62.97595795,57.3840927,0.115257239,-0.21689624,3.022413105,63.27847318,1.416880277,4.20455401,0.08014811,68.55962651,0.2000,0.1880
958,E958_processed,0.1953125,45274.11238,0.234375,37449.41219,0.537109375,1634.874415,0.235232463,0.108007859,0.478785171,0.1953125,45273.34036,0.234375,37449.28484,0.537109375,1634.872714,0.23501353,0.103486248,0.478638939,0.1953125,60211.20214,0.25390625,48665.87962,0.537109375,1088.866152,0.228883743,0.090258857,0.476314166,0.1953125,60210.53546,0.25390625,48665.68555,0.537109375,1088.870511,0.228730116,0.086723459,0.476237422,0.1953125,3292.72725,0.25390625,1364.68648,0.537109375,200.1511191,0.47637711,0.83178727,0.584094597,22.56636257,0.326874715,-0.077309993,-0.000430949,1.095043427,0.325303438,0.325312465,-0.06110301,-0.053950336,6.227297552,64.26058147,62.79552991,-0.105741289,-0.272198899,3.413947944,62.78094078,62.78266662,-0.107605347,-0.268265913,3.252060488,73.13410902,72.01991065,0.024931316,-0.123113831,3.412324746,72.07058829,72.0725815,0.021469428,-0.123378517,3.617132396,3838.046165,16.1205481,-0.07547419,0.282563833,1.017928663,39.00920938,39.01015292,0.039951005,-0.096009535,4.236271849,45.93880878,45.93997257,-0.053322202,0.029224749,4.37485051,89.02014665,47.44605079,0.006342774,-0.385092121,2.620105673,135.1698075,55.06879369,0.057642703,-0.265032302,2.277058558,60.26834252,1.252675093,3.972566372,0.079377263,57.54785943,0.2250,0.2000
959,E959_processed,0.205078125,47772.52905,0.234375,40629.88667,0.546875,1634.757674,0.23320379,0.10706894,0.469754071,0.205078125,47771.78036,0.234375,40629.87373,0.546875,1634.759456,0.232998652,0.102890295,0.469637008,0.205078125,45907.05309,0.17578125,42992.60167,0.244140625,33380.65421,0.225384739,0.090827707,0.477348759,0.205078125,45906.31239,0.17578125,42990.14013,0.244140625,33380.39065,0.225248373,0.087583353,0.47724842,0.205078125,2813.962086,0.17578125,2045.970721,0.244140625,1077.614353,0.47726404,0.838170473,0.579681828,7.62044039,7.369493592,4.751630943,28.93136116,9.151577656,1.898746875,1.898799603,-3.37125772,128.2047257,18.48394827,63.45870206,61.95455853,-0.072923643,-0.142013661,4.092488998,61.96399416,61.96559031,-0.064217448,-0.154851505,4.127544548,71.16220373,70.13612322,-0.004385595,-0.088699299,3.634950809,70.27652618,70.27835673,-0.017714622,-0.040164707,3.861320734,3837.74768,16.10669804,-0.070946032,0.163718991,1.015681521,39.11282641,39.11364466,0.196823905,0.475373339,5.6553181,45.73911502,45.74025719,0.056064146,-0.024323703,3.924833943,202.5535219,47.090888,-0.013050206,-0.257350377,1.844344239,103.6665481,54.70173681,0.155313361,0.115769737,2.374823476,60.18345558,1.372831157,4.171417515,0.078895059,62.7936502,0.2000,0.2130
960,E960_processed,0.205078125,53832.80661,0.546875,1474.437156,0.48828125,953.2284166,0.232862763,0.11551013,0.476342439,0.205078125,53832.1274,0.546875,1474.438785,0.48828125,953.2295664,0.232559452,0.10986774,0.476217467,0.166015625,56240.77554,0.234375,51380.54671,0.3125,6358.222231,0.228854093,0.098759798,0.484442649,0.166015625,56235.24683,0.234375,51380.4266,0.3125,6358.191293,0.228694047,0.09540135,0.484360073,0.205078125,2880.481026,0.185546875,2676.039836,0.546875,316.9410244,0.517198125,0.885148468,0.600897081,22.41043436,0.351148235,-0.076294604,0.263879383,1.111569664,0.349470526,0.349479889,-0.091971518,0.203259184,6.593282626,69.08823452,67.44872867,-0.021541546,-0.274652327,3.386573439,67.65506981,67.65640174,0.005438438,-0.253460678,3.501233806,81.31956529,80.17702195,0.035026129,0.203787942,4.641178401,80.20423887,80.20637865,0.03958888,0.199322476,4.859127587,3835.06636,18.20824045,-0.017096404,0.965168543,1.031989079,43.55733349,43.55815294,-0.15505275,0.582640269,6.134846731,51.85128358,51.85244872,0.027155575,-0.121968032,3.714037784,317.9898154,52.03536666,-0.112344917,-0.078122592,1.53107668,168.1594621,61.750247,0.119023491,-0.178317729,1.984132057,67.71993153,1.346205446,4.019955157,0.083304589,69.80404885,0.2130,0.2250
961,E961_processed,0.1953125,50860.75088,0.166015625,40446.08907,0.3125,3053.412133,0.231285746,0.114528486,0.478636262,0.1953125,50859.68291,0.166015625,40442.16743,0.3125,3053.41675,0.231010975,0.109198416,0.478461106,0.166015625,70970.52601,0.185546875,69138.1927,0.244140625,50247.3013,0.226948575,0.097663026,0.479217911,0.166015625,70962.96619,0.185546875,69135.67043,0.244140625,50247.34868,0.226797003,0.094385473,0.479123103,0.1953125,3674.032452,0.166015625,3137.363742,0.546875,386.2696732,0.498352917,0.857227042,0.593481054,7.548680415,7.300480981,4.772107292,29.33456763,9.276233613,1.90798495,1.908037757,-3.242436935,127.2666127,18.34639604,71.66420234,69.83410079,0.049651649,-0.478504754,3.372190746,69.84241665,69.8442717,0.051815266,-0.477670423,3.378427422,85.47816152,84.08846307,-0.025631579,-0.103178928,3.684710509,84.0804613,84.08260902,-0.026902271,-0.116720366,3.924508217,3831.672234,19.27578742,-0.067998939,0.442600976,1.024981094,44.53399757,44.53516336,0.036366958,-0.566885743,3.165107986,55.25732341,55.25858826,0.064408915,-0.277570589,3.775332305,127.9744002,53.62112879,-0.018221005,-0.633079918,2.21035582,210.3162934,65.24605646,0.107521504,-0.380064312,1.910401089,70.97106701,1.340865199,4.116317637,0.079134773,74.09431793,0.2000,0.1880
962,E962_processed,0.185546875,69479.53407,0.234375,51472.28997,0.283203125,5611.783231,0.229200091,0.121287592,0.471002942,0.185546875,69477.30923,0.234375,51472.15677,0.283203125,5611.787815,0.228878081,0.115508944,0.47082562,0.17578125,100600.4714,0.224609375,59604.43232,0.33203125,5096.904762,0.223266412,0.101162852,0.476409642,0.17578125,100594.4693,0.224609375,59604.21971,0.33203125,5096.85828,0.223100399,0.097824315,0.476340396,0.185546875,4915.72952,0.263671875,938.4480771,0.52734375,341.65332,0.533236372,0.903595579,0.600498859,22.24019501,0.378336577,-0.101173749,-0.142671095,1.054503074,0.376484566,0.376494986,-0.096310869,-0.13068658,3.787617299,74.34736691,72.47833511,0.131131772,-0.258461313,3.293306275,72.51929518,72.52124434,0.13017003,-0.263938301,3.618796991,90.72863898,89.25038183,-0.060089952,-0.155051009,3.545336661,89.44852792,89.45071773,-0.064683405,-0.161175312,3.544183194,3830.137673,20.55949132,-0.12478027,0.753730024,1.025391757,47.32953388,47.33076447,-0.007097846,-0.480696025,2.916763402,61.12615557,61.12744694,-0.129908884,0.655009593,5.84294413,81.41183377,56.56065308,0.004600492,-0.501690947,2.577475118,332.3229555,70.62731431,0.098337335,-0.203728993,1.65325344,77.30954685,1.466885839,4.334140436,0.078089089,89.66698632,0.1880,0.1880
963,E963_processed,0.185546875,62205.2936,0.21484375,55118.75825,0.322265625,1944.954333,0.231568993,0.124370433,0.476222641,0.185546875,62203.37995,0.21484375,55118.25177,0.322265625,1944.955118,0.231247638,0.11871804,0.476043176,0.185546875,96645.98419,0.21484375,75736.60144,0.244140625,57893.78246,0.223672627,0.091485936,0.473291694,0.185546875,96643.12196,0.21484375,75736.17142,0.244140625,57893.70484,0.223522149,0.088007153,0.47320444,0.185546875,4918.771853,0.21484375,3957.424129,0.244140625,1619.998317,0.480524472,0.847168705,0.576442173,7.551533352,7.304456954,4.815084031,29.87308624,9.27604802,1.900579597,1.900632347,-3.431839507,129.0868458,18.45085934,72.38029406,70.62747568,0.174802453,-0.270921517,3.353487895,70.7401254,70.74205497,0.186922726,-0.237941347,3.889282423,93.30319752,91.82762737,-0.016960803,-0.198652039,3.49634845,92.03392374,92.03622614,-0.015529663,-0.192305458,3.369237063,3830.255318,20.58603417,-0.099504158,0.493835957,1.023495557,45.67090493,45.67216945,-0.040317458,-0.435784121,2.940625066,60.39011822,60.39155579,0.011807673,-0.138169358,4.149643527,97.98414064,54.95893728,-0.005186648,-0.342778976,2.5444705,174.1336386,72.00318337,0.08364406,-0.216359419,2.294328601,75.71715177,1.342604101,4.146541073,0.078086512,81.08195047,0.2130,0.1880
964,E964_processed,0.1953125,75907.52815,0.556640625,2000.051607,0.322265625,1993.920918,0.231441644,0.117442675,0.472453186,0.1953125,75905.69857,0.556640625,2000.051537,0.322265625,1993.924905,0.231172975,0.112366509,0.472290503,0.185546875,91714.79581,0.166015625,59062.21734,0.234375,46117.04588,0.224755909,0.094181289,0.476319397,0.185546875,91713.13304,0.166015625,59057.13265,0.234375,46116.63745,0.224608235,0.090990274,0.476258597,0.1953125,5098.938443,0.546875,322.3601898,0.52734375,316.8524713,0.480313021,0.834313376,0.577984279,22.11033518,0.354895668,-0.127722973,-0.03051091,1.058707876,0.354792266,0.354801011,-0.109498076,-0.022341101,3.988989911,74.37612173,72.74464472,0.152778735,-0.361632538,3.388333166,72.816127,72.81813013,0.155653175,-0.359658487,3.389304459,89.00656846,87.46202785,-0.032446168,-0.235695187,3.532617372,87.47793995,87.48036418,-0.029993777,-0.238857623,3.570053245,3830.778581,20.07170577,-0.132284781,0.379292867,1.020792097,46.36775408,46.36901526,6.07E-05,-0.442791538,3.251822179,58.32770554,58.32896916,-0.078556844,0.083358728,4.849711525,86.94700128,56.25755507,-0.060963462,-0.420333328,2.93151348,163.8343398,68.54683841,0.07394391,-0.361019697,2.205468062,74.51412093,1.381419187,4.300478469,0.074695068,80.57675716,0.2000,0.2000
965,E965_processed,0.185546875,77217.33616,0.224609375,46333.45826,0.166015625,41384.1282,0.229681745,0.121851152,0.472017278,0.185546875,77214.78251,0.224609375,46333.12774,0.166015625,41380.64966,0.229367939,0.116195933,0.47183901,0.185546875,94082.52639,0.166015625,83528.91002,0.25390625,50435.10933,0.221718767,0.097448676,0.472764243,0.185546875,94080.16527,0.166015625,83520.34571,0.25390625,50435.10915,0.221561051,0.093943111,0.472648119,0.185546875,5193.344495,0.166015625,3488.918893,0.25390625,1709.961799,0.516977675,0.899468649,0.588094455,7.526621864,7.281231708,4.839664403,30.22702475,9.300885744,1.893883581,1.893936142,-3.359129838,128.2672842,18.52591988,75.6371846,74.17133134,0.157849542,-0.470533939,3.401985298,74.33634772,74.33830713,0.164225719,-0.441454853,3.639329655,90.56843625,89.25619002,0.002536312,-0.073918924,3.539769298,89.31353511,89.31598318,-0.001235577,-0.0767909,3.778068811,3831.421142,20.77994111,-0.065494254,0.528036471,1.026679332,48.88182899,48.88306847,-0.022704721,-0.524029227,3.673042319,60.96909292,60.9705543,0.061090181,0.159761183,4.736606112,68.96072572,58.37701601,-0.068779531,-0.364383077,3.360749023,189.389206,70.79927343,0.080438368,-0.168241438,2.265277199,78.14705928,1.352557115,4.172251616,0.077698857,82.466157,0.1880,0.1880
966,E966_processed,0.205078125,69322.15247,0.3515625,2062.426623,0.546875,1734.141791,0.233329329,0.125700535,0.477956609,0.205078125,69320.71982,0.3515625,2062.424124,0.546875,1734.137818,0.233032559,0.120496692,0.477771738,0.17578125,93462.72587,0.234375,56704.72856,0.263671875,41024.1504,0.224906485,0.099641155,0.477917933,0.17578125,93457.36104,0.234375,56704.57891,0.263671875,41024.08819,0.224716485,0.095549143,0.477787061,0.17578125,4270.161915,0.1953125,4141.036547,0.224609375,2605.092785,0.523132081,0.897203823,0.597352241,22.03021071,0.361738634,-0.139045364,0.077980701,1.053532955,0.361399211,0.36140918,-0.142757395,0.082033932,4.591519241,74.86494516,73.30362286,0.204502364,-0.20765872,3.330775699,73.32442279,73.32636308,0.20845131,-0.198733874,3.586173406,91.91372343,90.19131153,0.022369926,-0.079889736,3.800009694,90.26633529,90.26870783,0.024671871,-0.087440731,3.807988971,3829.100435,21.26573362,-0.065714488,0.499679805,1.027068463,48.52000745,48.52083945,-0.236156594,0.866727338,6.344575109,58.88326524,58.88476476,-0.030116893,-0.134160893,3.890334407,178.7526538,56.91282996,0.004394121,-0.400353828,2.138031437,132.4774349,70.3244914,0.080603572,-0.160823223,2.934991208,76.29998285,1.392704964,4.306714628,0.075087377,82.00910419,0.2000,0.2000
967,E967_processed,0.205078125,67252.86208,0.185546875,51890.58233,0.166015625,38400.16921,0.234932869,0.125233811,0.480927946,0.205078125,67252.12048,0.185546875,51888.8873,0.166015625,38396.64662,0.234592182,0.119290664,0.480745273,0.1953125,86632.84652,0.166015625,73082.64508,0.244140625,47635.39956,0.224029507,0.096935701,0.479670923,0.1953125,86630.8822,0.166015625,73075.69007,0.244140625,47635.2529,0.223848866,0.092881868,0.479542448,0.1953125,4337.565727,0.166015625,3124.500918,0.29296875,734.5948105,0.499821943,0.862077294,0.591357764,7.521961646,7.27668071,4.844461514,30.30597326,9.359518476,1.904943382,1.904996259,-3.363978199,126.9778824,18.37984594,75.3469683,73.58286519,0.192473024,-0.339425948,3.11230744,73.59570699,73.59771818,0.193318086,-0.340915639,3.38872792,93.33485988,91.04112924,-0.037548045,-0.327584593,3.480802568,91.03343503,91.03596382,-0.041329187,-0.326626892,3.643581817,3824.981932,21.24676249,-0.120943778,0.293941989,1.024206354,46.76703067,46.76828175,-0.025208324,-0.604877788,3.092750606,60.37453032,60.37620044,0.028420007,-0.453806594,3.14390443,106.2016004,56.46524352,-0.01817543,-0.533954509,2.495768138,84.34932106,71.40312144,0.101614042,-0.410693601,3.549629106,76.37118408,1.367978106,4.186771012,0.078040623,82.59332032,0.2130,0.2000
968,E968_processed,0.1953125,49275.96087,0.21484375,48979.51656,0.56640625,1636.907013,0.236420896,0.124128213,0.484890615,0.1953125,49274.9553,0.21484375,48979.1394,0.56640625,1636.906939,0.236127452,0.118890524,0.48470993,0.185546875,75555.83554,0.166015625,58977.63388,0.21484375,51582.03633,0.228452294,0.095865881,0.48698296,0.185546875,75553.22295,0.166015625,58972.267,0.21484375,51581.50459,0.228312144,0.092669916,0.486874713,0.185546875,3742.435933,0.244140625,1721.745328,0.537109375,309.0053049,0.507902528,0.871007285,0.598073258,21.9827683,0.358546038,-0.148876056,-0.164694845,1.048771323,0.358757646,0.358767591,-0.150786674,-0.163865517,3.586976848,69.69689846,67.79704791,0.123842816,-0.377886387,3.474988347,67.78509547,67.78697851,0.128042437,-0.375162005,3.805369246,88.44099961,86.24275631,0.00141342,-0.319380112,3.361232362,86.23076661,86.23316086,-0.002578488,-0.323778302,3.550207805,3826.099283,19.51673067,-0.098012536,0.288304945,1.021807149,42.45263233,42.45379486,-0.030943927,-0.654134026,2.833170879,55.56563479,55.56717771,0.047221172,-0.499743533,3.03229428,51.80183709,51.58384537,-0.019393549,-0.546832874,3.06330816,74.4297334,66.3961341,0.03765023,-0.433921185,3.0766545,69.9287919,1.386146746,4.342270531,0.073514914,77.02426259,0.2130,0.1880
969,E969_processed,0.205078125,60460.23892,0.185546875,52265.27647,0.3515625,2109.933448,0.235429898,0.129037733,0.485175364,0.205078125,60459.5353,0.185546875,52263.46506,0.3515625,2109.932728,0.235080152,0.123193429,0.48498283,0.166015625,84656.87999,0.205078125,74635.12983,0.263671875,39702.21692,0.225906257,0.103191149,0.482527047,0.166015625,84650.1855,0.205078125,74634.06166,0.263671875,39702.05596,0.225695089,0.098970703,0.482423437,0.205078125,4080.727751,0.17578125,3781.792364,0.263671875,1295.988417,0.542606438,0.913722615,0.606049981,7.491503778,7.246632844,4.826409013,30.14251922,9.397571047,1.910197995,1.910251048,-3.218220547,126.5561613,18.29606184,75.42198725,73.67897368,0.159810885,-0.338957486,3.22176263,73.69103778,73.69293957,0.159721519,-0.333346299,3.42366502,95.2002854,93.04250658,-0.036831208,-0.349307125,3.601247082,93.20479853,93.20718652,-0.025302624,-0.322238883,3.748437564,3826.286336,21.18806181,-0.151070639,0.317125551,1.021990556,46.10452339,46.10574589,-0.016830708,-0.631064707,2.975722739,62.77948679,62.78066079,-0.150411102,0.423343722,6.044075292,114.9801986,56.17816756,-0.018748154,-0.557506618,2.3584893,370.0615289,72.9661904,-0.02443918,-0.255001736,1.578348668,77.89191982,1.394672437,4.260711844,0.076825941,87.55845715,0.2130,0.2130
970,E970_processed,0.205078125,72170.92387,0.224609375,44144.79008,0.3125,3684.956379,0.235661298,0.131279844,0.482786669,0.205078125,72170.03023,0.224609375,44144.52918,0.3125,3684.952153,0.235264475,0.124651361,0.482549363,0.205078125,112935.516,0.166015625,74605.91229,0.224609375,61528.57517,0.220418293,0.100917263,0.473421076,0.205078125,112934.1687,0.166015625,74598.99601,0.224609375,61528.19488,0.220220921,0.096717423,0.473292918,0.205078125,5821.719202,0.166015625,2853.516592,0.224609375,2542.584721,0.548467647,0.926604653,0.603382368,22.03234292,0.42988263,-0.10306354,-0.24042551,1.073486741,0.430192429,0.430202612,-0.099403399,-0.228387367,3.791434285,75.2551414,73.48599318,0.176418416,-0.217735875,3.197180359,73.50743633,73.50934676,0.181685088,-0.215265635,3.481332377,97.70561022,95.45622311,-0.039557467,-0.144486984,3.577492727,95.50140202,95.50400319,-0.039368229,-0.142911493,3.666749349,3825.985791,21.82526295,-0.136398584,0.555125173,1.025571059,46.3608947,46.36215708,-0.041970748,-0.459736785,3.613891606,65.21280143,65.21461306,0.026049071,-0.445697528,3.360386419,217.2683707,56.11561074,-0.003804848,-0.444658874,1.701194224,96.18302307,75.99235034,0.055719437,-0.366837027,3.353369554,80.01496963,1.655436603,4.73968254,0.073690931,107.9586575,0.2000,0.2000
971,E971_processed,0.1953125,56941.8515,0.2734375,10461.7249,0.33203125,2334.302876,0.237730139,0.129492818,0.489354132,0.1953125,56940.71994,0.2734375,10461.70884,0.33203125,2334.301022,0.23734614,0.12296421,0.489118613,0.1953125,93865.889,0.244140625,52568.86741,0.52734375,1640.642578,0.223289561,0.099740962,0.480055586,0.1953125,93863.80737,0.244140625,52569.1317,0.52734375,1640.640385,0.223095383,0.095916621,0.480018636,0.1953125,4765.872408,0.546875,284.523202,0.33203125,253.574976,0.54138171,0.913130504,0.607926553,7.539099874,7.292609265,4.826049209,30.04123992,9.24360191,1.901410133,1.901462945,-3.409336201,128.326802,18.47907681,72.37487243,70.55493611,0.093356637,-0.268733064,3.045854902,70.66610403,70.66797363,0.089682075,-0.258193549,3.245615623,91.11948928,88.96891715,-0.09427206,-0.091144345,3.674276081,89.22584855,89.22798573,-0.077781934,-0.068455831,3.779277964,3828.048557,19.87407435,-0.189110402,0.676386861,1.023852321,43.86537661,43.86658558,0.033640585,-0.459099126,3.075521267,63.5032324,63.50384776,-0.409164588,3.293166118,7.813889875,58.73996299,53.67720843,-0.024709512,-0.405342064,3.492619642,446.9538421,71.22982611,-0.039834183,0.394961163,1.503762292,77.18170775,1.456518668,4.404657321,0.075074388,92.49453975,0.2000,0.2000
972,E972_processed,0.185546875,63575.9863,0.205078125,50856.85851,0.37109375,1892.174974,0.234288055,0.133977833,0.486174452,0.185546875,63573.8181,0.205078125,50856.07653,0.37109375,1892.175108,0.233805981,0.126128956,0.485918202,0.185546875,101260.9405,0.244140625,40794.99458,0.52734375,1722.774101,0.220353699,0.107430452,0.480402845,0.185546875,101257.2329,0.244140625,40794.91007,0.52734375,1722.77521,0.220121715,0.102808751,0.480259694,0.185546875,5083.137175,0.52734375,333.7825679,0.33203125,303.0700008,0.599750202,0.995980547,0.625215716,22.11628175,0.401902071,-0.15839987,0.273964246,1.064332344,0.401249573,0.40126071,-0.130171601,0.269553358,4.140614397,71.38826071,69.75211206,0.079631044,-0.314458725,3.54129513,69.7032571,69.70519347,0.08610928,-0.308577475,3.578276879,87.33915461,85.52846416,-0.08732254,0.274381002,4.523860023,85.51504894,85.51737283,-0.08895367,0.274184796,4.448660583,3831.871101,19.6526563,-0.213812559,1.568569721,1.030053698,45.24448533,45.24569488,-0.003444883,-0.390418843,3.181206534,59.96212879,59.9637777,0.021051048,0.052218729,3.682442975,53.88099046,53.86240124,-0.00673611,-0.48652134,3.066839711,191.0211272,68.73839655,0.13440776,-0.018062137,2.310291527,75.11875626,1.569056933,4.449627792,0.079248552,94.08658112,0.1880,0.1880
973,E973_processed,0.185546875,52373.6778,0.224609375,42337.85031,0.3515625,1937.675043,0.233662031,0.126531791,0.481748383,0.185546875,52371.56341,0.224609375,42338.04747,0.3515625,1937.679618,0.233323679,0.120763447,0.481569092,0.185546875,99248.90646,0.234375,40227.91386,0.263671875,28068.20223,0.217612435,0.09826355,0.469472129,0.185546875,99244.72703,0.234375,40227.97443,0.263671875,28068.15216,0.217419584,0.094183098,0.469386943,0.185546875,4738.018109,0.263671875,791.8786053,0.322265625,247.2421768,0.538748656,0.924949351,0.595761783,7.52722975,7.280101752,4.792993365,29.64205533,9.482097182,1.912443968,1.912497088,-3.203872925,126.429774,18.47199059,66.57787039,65.04885693,0.069400608,-0.384513811,3.434578167,65.1555114,65.15711056,0.076029999,-0.389425648,3.709115449,85.16791123,83.68934033,-0.049542416,0.079169075,3.978246796,83.79748352,83.79969536,-0.054700296,0.081142517,3.871495498,3835.859519,18.70942497,-0.118866337,0.951688868,1.024327659,42.93695718,42.9377584,0.136398303,0.508575126,5.61265502,59.33746994,59.33875715,0.160406093,0.511686746,5.516044456,207.6418305,50.58121012,0.014853731,-0.373422212,1.815432759,291.5652338,67.54099865,0.125636005,-0.072775527,1.705623195,73.24437997,1.476952887,4.427754792,0.075335473,87.64054867,0.1880,0.1880
974,E974_processed,0.1953125,53801.4879,0.302734375,4140.386354,0.537109375,1334.558482,0.232160307,0.121156267,0.477171745,0.1953125,53800.29189,0.302734375,4140.395796,0.537109375,1334.556703,0.231849777,0.115550071,0.476965952,0.17578125,57491.28297,0.1953125,55698.33748,0.15625,47314.09117,0.223527272,0.102611312,0.486906489,0.17578125,57488.22061,0.1953125,55697.18129,0.15625,47306.90881,0.223337851,0.098607414,0.486765594,0.1953125,3066.683299,0.25390625,894.8626489,0.546875,242.3268094,0.554145035,0.939488067,0.612492643,22.22966179,0.385341344,-0.127010367,0.152858849,1.060934405,0.3842556,0.384266178,-0.111094712,0.147614862,4.099094865,66.33280047,65.06605895,-0.023762762,-0.284962959,3.679217948,65.1147343,65.11649035,-0.009306007,-0.293874475,3.547966426,78.65815132,77.78929839,0.016857957,-0.059894735,3.806537339,77.77987137,77.78199232,0.015429144,-0.060294605,3.998156023,3843.426986,17.40785272,-0.049978119,0.830551117,1.023007726,41.50280217,41.50394986,0.017092191,-0.469028409,3.065496172,53.11203637,53.1134829,0.016969095,-0.193009744,3.506367665,50.2628862,50.23762671,-0.030589967,-0.390103481,3.798713828,138.1372164,61.55146977,0.07106957,-0.216140849,2.226580681,67.40637893,1.470628,4.395110024,0.076131314,78.11017513,0.2000,0.2000
975,E975_processed,0.21484375,54924.69543,0.1953125,39256.88034,0.322265625,2806.215735,0.237872906,0.122764646,0.481823566,0.21484375,54924.294,0.1953125,39256.1917,0.322265625,2806.212296,0.237550365,0.116981134,0.481619838,0.166015625,53509.9692,0.234375,48379.63253,0.1953125,46960.99079,0.225871248,0.102429304,0.486334883,0.166015625,53504.61304,0.234375,48379.45463,0.1953125,46960.06949,0.225656682,0.097882353,0.48618084,0.1953125,2501.330547,0.166015625,2052.396272,0.244140625,1203.90254,0.566275826,0.94360227,0.62257171,7.576251139,7.327904226,4.793137592,29.5257777,9.506614377,1.89994305,1.899995787,-3.419260312,128.4453628,18.8788139,64.84357116,63.81208849,-0.027535432,-0.026838104,3.65735054,63.85942746,63.86120151,-0.021610425,-0.032357807,3.888182921,76.15310823,75.78206128,-0.022763567,-0.07136012,3.864874026,75.80541218,75.80751684,-0.02579699,-0.072570921,3.961983566,3850.255702,16.64118216,-0.054476569,0.557246733,1.020497677,39.04885096,39.04993393,0.063980559,-0.139808878,3.706605559,50.98820854,50.98960722,0.051940574,-0.082810267,3.5852947,100.7009713,47.98018119,-0.041379393,-0.195921608,2.495674635,74.7928598,59.40985296,0.021084617,-0.180140189,3.089770916,64.22489692,1.494794649,4.446681103,0.075597871,76.21899204,0.2130,0.2250
976,E976_processed,0.185546875,50698.60874,0.205078125,46067.73214,0.244140625,27961.97492,0.230665216,0.116326982,0.471194291,0.185546875,50696.89947,0.205078125,46067.1489,0.244140625,27961.91515,0.230360671,0.11054784,0.470982895,0.185546875,72952.96151,0.244140625,42616.82166,0.341796875,2365.365113,0.221134385,0.097663784,0.473150652,0.185546875,72950.53812,0.244140625,42616.59372,0.341796875,2365.365927,0.22094793,0.093571281,0.473030188,0.185546875,3678.241914,0.205078125,2198.600711,0.244140625,1001.153997,0.547704024,0.936043252,0.59770004,22.33392633,0.375759902,-0.032396369,0.128133167,1.112192215,0.375006986,0.375017273,-0.026176886,0.007791506,6.202456882,64.70870523,63.8161044,-0.071249383,-0.273231013,3.394404806,63.89858572,63.90030053,-0.063988189,-0.276033628,3.314069712,78.37114106,78.30803514,-0.027785427,-0.073879237,3.895724189,78.31529956,78.3174692,-0.026779644,-0.064962263,3.96034586,3858.421695,17.34927709,-0.129844277,0.495467095,1.019726202,40.77334916,40.77435706,0.046752266,-0.500867056,2.84934534,53.65613916,53.65740989,-0.046029224,0.079011697,4.941718741,53.22154982,49.33215604,-0.038096623,-0.453290453,2.994129809,160.4404851,62.10810555,0.082888169,-0.205712903,2.328974222,67.39188252,1.42758165,4.374695864,0.074594228,76.60033373,0.1880,0.1880
977,E977_processed,0.185546875,41282.09676,0.244140625,28542.77551,0.224609375,24892.11115,0.234508464,0.119551447,0.484426108,0.185546875,41281.14406,0.244140625,28542.6261,0.224609375,24891.87061,0.234181839,0.113605701,0.484244844,0.185546875,50904.84384,0.244140625,37718.75018,0.21484375,37184.9065,0.223578337,0.096342879,0.483671471,0.185546875,50903.26303,0.244140625,37718.67485,0.21484375,37184.53646,0.223397471,0.092324933,0.48355972,0.185546875,2744.954809,0.244140625,930.9761557,0.546875,157.2001656,0.516633677,0.893585043,0.596958121,7.601572114,7.351535689,4.769635265,29.1819909,9.501321821,1.896613047,1.896665734,-3.397834332,128.9895744,18.91834469,60.18952792,59.54202662,-0.122966893,-0.210735828,3.486194148,59.58564942,59.58723799,-0.116888691,-0.217647583,3.348745898,72.81551719,72.69080443,0.020538785,-0.083302308,3.327860727,72.76095686,72.76295379,0.021217014,-0.080908716,3.411912418,3870.487255,16.05583154,-0.027363494,0.386724889,1.019315409,38.61011343,38.6108206,-0.080528099,0.405860727,5.513774933,48.5286747,48.53002219,0.018759769,-0.272103645,3.215239324,174.9875507,45.67039174,-0.062120591,-0.391159378,1.742343566,76.88080249,57.11352231,0.050510162,-0.285950701,2.986762354,62.01579252,1.501769986,4.46027735,0.075488308,72.88093076,0.1880,0.1880
978,E978_processed,0.205078125,45001.53472,0.234375,32621.06363,0.33203125,1551.770789,0.233161037,0.11491258,0.480554144,0.205078125,45000.99602,0.234375,32621.01975,0.33203125,1551.769169,0.232898777,0.109943012,0.480391591,0.234375,59545.95994,0.185546875,55237.19606,0.15625,44171.35545,0.223402128,0.095026713,0.475079947,0.234375,59545.90603,0.185546875,55235.08898,0.15625,44164.43406,0.223195713,0.090563828,0.47499405,0.185546875,2759.972597,0.234375,1420.673755,0.25390625,867.1053318,0.529981718,0.916829896,0.59753373,22.41369269,0.377472089,-0.107452501,-0.130054632,1.046342891,0.37734629,0.377356451,-0.106547087,-0.131472774,3.402280718,63.63919899,63.34720951,-0.072019751,-0.306850424,3.589008247,63.48492859,63.48652124,-0.058512485,-0.295508428,3.486562245,78.56323909,77.8088466,0.011192616,-0.352282718,3.306169056,77.8607796,77.86281599,0.014843938,-0.350085673,3.23273093,3881.395524,16.6620395,-0.052445269,0.153299929,1.021281154,40.116664,40.1177069,0.036525223,-0.509018737,3.281177781,52.77408278,52.77517964,0.102320583,0.054520448,5.020717951,101.2669104,48.73328414,-0.049984969,-0.455471905,2.597489961,191.8706184,61.13338013,0.037805204,-0.433121189,1.863833564,66.29215635,1.460594261,4.46318408,0.07332296,77.08312452,0.2000,0.2250
979,E979_processed,0.185546875,40320.00583,0.205078125,31982.23389,0.244140625,28524.90817,0.232233926,0.115809883,0.482789533,0.185546875,40318.38681,0.205078125,31981.79379,0.244140625,28524.80764,0.232010152,0.11153521,0.482634461,0.17578125,53083.47006,0.244140625,41085.46103,0.52734375,1380.503275,0.224809057,0.096067391,0.485002394,0.17578125,53079.85272,0.244140625,41085.52333,0.52734375,1380.498851,0.224643907,0.092589142,0.48494411,0.185546875,2741.474022,0.244140625,936.9499849,0.52734375,219.4079327,0.507319452,0.866765544,0.600041178,7.513219853,7.263346096,4.701654923,28.50540756,9.543906395,1.936400761,1.936454549,-2.754209316,123.3353527,18.35699583,59.31161832,59.20797575,-0.101150821,-0.311281557,3.288767623,59.18892423,59.19054374,-0.099994733,-0.311256013,3.213216086,75.39111685,73.68286171,-0.022847849,-0.262071216,3.573396724,73.87608348,73.8781133,-0.027295686,-0.255571518,3.456487857,3889.225841,16.15036837,-0.088946544,0.346816724,1.017727708,38.53560761,38.53648562,0.020336629,-0.289484702,3.806041213,50.91766586,50.91886323,0.138443316,0.547095233,5.608052862,82.84052501,45.66016487,-0.010754382,-0.454826967,2.488104748,254.858793,58.48835841,0.070653192,-0.279344517,1.592692781,63.85758652,1.516659489,4.48446006,0.075416742,77.22657711,0.2130,0.1880
980,E980_processed,0.205078125,37660.99318,0.17578125,31461.19525,0.322265625,1789.193786,0.230852934,0.1082134,0.475594103,0.205078125,37660.3885,0.17578125,31459.22668,0.322265625,1789.18534,0.230641095,0.10405712,0.475485373,0.17578125,60614.87744,0.244140625,36279.84804,0.205078125,32547.03808,0.222052602,0.092626946,0.476924557,0.17578125,60611.02002,0.244140625,36279.92041,0.205078125,32546.35421,0.22190575,0.08946043,0.476879191,0.17578125,2695.27879,0.205078125,1853.850186,0.283203125,503.5687811,0.483928024,0.841571426,0.586964313,22.46655465,0.343903608,-0.064711626,-0.146195452,1.047822346,0.343379222,0.34338803,-0.057190413,-0.151732726,4.121677172,60.44927515,60.44362732,-0.097006378,-0.211937774,3.511300995,60.5018647,60.50349398,-0.093959905,-0.216273186,3.493517399,74.06080347,71.10545698,-0.005785317,-0.204721006,3.453454702,71.18088542,71.18281764,-0.005271891,-0.206587193,3.293513424,3898.556074,15.50522274,-0.026319299,0.174088286,1.017644334,38.87271846,38.87359646,-0.031877973,0.151454551,4.962262296,48.68185077,48.68288693,-0.078572063,0.17574961,5.173494618,196.1346504,46.41988584,-0.053441157,-0.366020507,1.689110761,201.3200986,56.16868403,0.029620018,-0.378762421,1.802681131,62.29911702,1.320805345,4.207259953,0.074617402,64.30061727,0.2130,0.1750
981,E981_processed,0.1953125,45230.15498,0.234375,33121.88591,0.3125,2138.149069,0.233389017,0.111782303,0.47707125,0.1953125,45229.44908,0.234375,33121.76957,0.3125,2138.146923,0.23318301,0.107786795,0.476943565,0.234375,42338.00884,0.185546875,41961.54176,0.517578125,1279.135817,0.22651931,0.097084143,0.486939441,0.234375,42337.78833,0.185546875,41960.10766,0.517578125,1279.136975,0.226375641,0.093891851,0.486833128,0.1953125,2321.205861,0.234375,1075.814698,0.25390625,799.9739921,0.508617404,0.858854897,0.604092626,7.586801691,7.33629606,4.73783634,28.79481888,9.436784025,1.908041076,1.908093994,-3.193567388,125.7434442,18.41806859,61.01873919,61.02010905,-0.080100256,-0.260109142,3.291606852,61.072864,61.07439829,-0.074399411,-0.260636652,3.255831161,72.31068472,70.05738625,-0.017956827,-0.145365496,3.592870417,70.06291547,70.06486014,-0.021332177,-0.145174857,3.658360434,3898.181096,15.54682982,-0.06672561,0.670838858,1.022795915,38.52940697,38.5304187,0.030443717,-0.324210794,3.812153261,47.64318046,47.64440203,0.068407974,0.04852316,3.951033173,165.5969585,46.62313246,-0.039591366,-0.43708198,1.751705608,79.33763442,55.05676319,0.077881784,-0.213654678,2.775781637,61.27464573,1.449733238,4.377975543,0.075638243,69.07167322,0.2000,0.1880
982,E982_processed,0.185546875,43715.11953,0.21484375,29738.90701,0.234375,24062.90343,0.23305928,0.117722791,0.488414084,0.185546875,43713.65107,0.21484375,29738.62525,0.234375,24062.82963,0.232811811,0.113137642,0.48826048,0.185546875,64450.67001,0.234375,49177.97348,0.21484375,39231.54473,0.222038483,0.091607765,0.471799066,0.185546875,64448.43152,0.234375,49177.80006,0.21484375,39231.12673,0.22188244,0.08788062,0.471678908,0.185546875,3224.623981,0.21484375,1733.830119,0.234375,1449.290168,0.492388434,0.853237879,0.586945006,22.49654775,0.356446975,-0.194612401,0.042126749,1.097494525,0.355996525,0.356005149,-0.186300297,0.042933144,6.010442724,60.18241296,60.18371766,0.000264044,-0.185400305,3.756642662,60.21419081,60.21577305,0.004197412,-0.189486349,3.751547698,77.70041255,75.5252887,0.011757858,-0.248966359,3.82706784,75.51935719,75.52141645,0.009956967,-0.245272465,3.70606033,3895.872628,16.43317945,-0.046180504,0.338528899,1.021670876,38.67077434,38.67183939,0.022561643,-0.492295921,3.135914208,50.41987656,50.42120077,0.017181861,-0.421496454,3.601419616,114.1924795,46.32685684,-0.039441508,-0.437109232,2.227134955,59.51212175,59.35901138,0.027921902,-0.439381087,3.143083991,63.54375382,1.387394788,4.355825243,0.073123869,69.95411117,0.1880,0.1880
983,E983_processed,0.224609375,41790.05271,0.17578125,33931.2342,0.3515625,1442.656367,0.231513798,0.114318888,0.481488991,0.224609375,41790.01648,0.17578125,33929.22419,0.3515625,1442.661283,0.231298389,0.110118668,0.481334077,0.185546875,56764.29376,0.234375,44601.36731,0.21484375,37077.28258,0.218165103,0.09534842,0.475942949,0.185546875,56762.70466,0.234375,44601.23141,0.21484375,37077.17231,0.218006408,0.091819439,0.475838899,0.185546875,2721.946472,0.21484375,1827.882441,0.2734375,454.370249,0.508329802,0.880298664,0.595000139,7.554082253,7.303807444,4.716095114,28.58973898,9.474732151,1.91596692,1.916020144,-2.955537498,124.6429923,18.39323544,60.15601556,60.1563197,-0.002985685,-0.321417951,3.374583707,60.15420853,60.15586387,0.001788543,-0.321262087,3.373512722,76.20816557,73.18169482,0.025832669,-0.318936301,3.409478211,73.2112328,73.21326069,0.024137245,-0.319148822,3.258991383,3901.742409,16.38359636,-0.021779775,0.253180593,1.018812413,39.11262257,39.11360426,0.035715161,-0.466949194,3.151787104,51.35248585,51.35387925,0.015484173,-0.351606381,3.121793662,111.9424103,46.46065938,-0.020788079,-0.478669696,2.09036636,134.569916,58.84874301,0.083565909,-0.408528047,2.143363165,64.55303984,1.413400809,4.359215033,0.074378729,72.58361447,0.2250,0.1880
984,E984_processed,0.205078125,43890.63395,0.185546875,41889.39666,0.234375,30628.09946,0.23020756,0.116783789,0.476549003,0.205078125,43890.0647,0.185546875,41888.12938,0.234375,30628.03801,0.229955471,0.112081088,0.476392075,0.185546875,58793.75145,0.234375,34505.45498,0.322265625,3045.248794,0.215275555,0.0968183,0.473182691,0.185546875,58791.83388,0.234375,34505.34626,0.322265625,3045.24705,0.215106764,0.093083506,0.473061676,0.185546875,2977.9263,0.322265625,166.5383313,0.537109375,160.5493032,0.511548068,0.882086387,0.593018086,22.48581454,0.37396818,-0.077554207,-0.177017564,1.050855105,0.373439562,0.373449912,-0.066235271,-0.177385211,3.544447781,60.20303812,60.20234232,0.024237884,-0.249916801,3.486641814,60.31236691,60.31384345,0.020112909,-0.250137517,3.46690677,76.04553123,73.30963551,-0.000873304,-0.31120863,3.903645161,73.29545384,73.29746745,0.002096475,-0.305300814,3.784008154,3901.666121,16.58321214,-0.03341239,0.391053802,1.019993299,39.29444245,39.29535036,0.091629506,-0.169927648,4.345109651,51.75227295,51.75371052,-0.001835385,-0.439122398,3.018579333,169.3003431,46.83478818,-0.029793994,-0.357544881,1.913414099,77.17346181,59.26383204,0.079327498,-0.48629253,2.869317725,64.98131357,1.430117511,4.483291771,0.071150461,74.01388769,0.2000,0.1880
985,E985_processed,0.1953125,49416.57457,0.234375,25072.19479,0.556640625,1167.603917,0.228781435,0.116325345,0.474022061,0.1953125,49415.27546,0.234375,25072.00372,0.556640625,1167.603725,0.22851355,0.111354816,0.47386987,0.1953125,59737.1483,0.234375,38671.07307,0.33203125,2457.435328,0.219599453,0.095458847,0.475630186,0.1953125,59735.67633,0.234375,38670.91337,0.33203125,2457.426534,0.219443588,0.091945257,0.475508956,0.1953125,3277.005518,0.224609375,1413.376135,0.25390625,767.343843,0.510628615,0.879710135,0.590591434,7.575419163,7.325775598,4.74798108,28.94708405,9.526791779,1.911344551,1.911397595,-3.25644175,126.7281446,18.84687975,59.12568797,59.01507165,0.08252182,-0.170664876,3.514234965,59.05295133,59.05449882,0.085473422,-0.169671582,3.619849411,73.62415531,73.10780599,0.008670519,-0.096461374,3.55136706,73.00003992,73.00206068,0.011156996,-0.095197282,3.40639864,3883.392416,17.57720228,-0.050182256,0.359454334,1.01844423,38.9762023,38.97702101,0.056844607,0.034928402,4.440798986,49.94267714,49.94398076,0.031676495,-0.174342661,3.373383276,106.5261254,46.1006204,-0.002655012,-0.266473953,2.383967167,79.3285517,57.99608797,0.058007928,-0.228986055,2.802040236,63.35305344,1.405298711,4.376851382,0.073357589,70.18621179,0.2000,0.2000
986,E986_processed,0.1953125,46011.78997,0.33203125,1961.68414,0.537109375,1170.092825,0.233296616,0.113951418,0.478864685,0.1953125,46010.7092,0.33203125,1961.688019,0.537109375,1170.092405,0.233082469,0.10987701,0.478731958,0.1953125,56993.22863,0.17578125,47513.34068,0.234375,44203.10876,0.223935346,0.089987722,0.477024241,0.1953125,56992.09289,0.17578125,47510.69771,0.234375,44202.97814,0.223815432,0.08710471,0.476930879,0.1953125,3167.498448,0.17578125,2134.739951,0.25390625,1209.747067,0.446852433,0.762271028,0.576570253,22.44662697,0.324605219,-0.095896073,-0.108850234,1.0457998,0.323868166,0.32387701,-0.095656916,-0.111563197,3.855603172,59.11725758,58.57786046,0.052176866,-0.30536932,3.81996052,58.55933174,58.56095803,0.054834234,-0.302233782,3.717531023,72.13644337,72.12050176,0.052842016,-0.202951684,3.650269235,72.08809112,72.09008907,0.053509636,-0.203122182,3.672309801,3865.840348,16.32009784,0.003747481,0.343521483,1.019503069,36.8881438,36.88914682,-0.011274631,-0.544798592,3.103234197,46.97611401,46.97741848,-0.003667694,-0.303728211,3.097688264,48.82609491,44.70426826,-0.03488933,-0.474286159,3.002639809,61.54750073,55.88907069,0.035362189,-0.307640722,3.243967428,59.73011803,1.260619122,4.293062201,0.068398965,59.22063205,0.2000,0.2000
987,E987_processed,0.1953125,38121.81014,0.33203125,1159.069487,0.546875,1032.387462,0.231138222,0.117793612,0.480805738,0.1953125,38121.15435,0.33203125,1159.075806,0.546875,1032.386788,0.230883627,0.113119774,0.480643402,0.1953125,50980.68833,0.224609375,43339.45181,0.537109375,723.3992686,0.219400604,0.089000301,0.473715299,0.1953125,50979.49,0.224609375,43339.28802,0.537109375,723.3991705,0.219272553,0.085931824,0.4736263,0.1953125,2747.114365,0.224609375,1482.025283,0.546875,182.5951216,0.454311657,0.787148102,0.575195806,7.604019676,7.353886965,4.766506226,29.13774605,9.488053565,1.897057514,1.897110088,-3.401618138,128.8743425,18.93873651,55.76670256,54.89015754,0.064634443,-0.227972681,3.404782626,54.86700266,54.86851969,0.061893959,-0.226302652,3.619232626,69.59435193,69.45432963,0.021563785,-0.226675825,3.80259364,69.4715453,69.47347525,0.017985567,-0.230511878,3.866764026,3858.723191,15.18948031,-0.005284691,0.328722438,1.019830577,36.17934831,36.18029171,0.003839639,-0.410708823,3.12569864,47.26379636,47.26509906,0.017452265,-0.320087796,3.763508431,49.5421072,42.69520807,-0.057078274,-0.352494232,3.17847697,84.94576176,55.02963117,0.03918921,-0.335764603,3.207970999,59.52313077,1.371906206,4.360524649,0.07215176,64.84328271,0.2000,0.2250
988,E988_processed,0.1953125,38746.41705,0.556640625,1189.023996,0.361328125,995.1829687,0.231646422,0.111258872,0.474665071,0.1953125,38745.69301,0.556640625,1189.024978,0.361328125,995.1907704,0.231429207,0.107284149,0.47460684,0.1953125,49937.63882,0.234375,36290.12269,0.3515625,1121.70369,0.219144524,0.086861164,0.470520814,0.1953125,49936.59138,0.234375,36289.87877,0.3515625,1121.707722,0.219035165,0.084266749,0.470464331,0.1953125,2640.07754,0.25390625,633.3785099,0.546875,167.1689962,0.430355148,0.744633012,0.565451505,22.38324423,0.301950639,-0.040219016,0.117212486,1.04678713,0.30117141,0.301179701,-0.012837044,0.122832506,3.908490269,55.35463031,54.39831718,0.082209494,-0.333148957,3.310607604,54.49820407,54.49962475,0.07882101,-0.328450516,3.521037937,66.82726851,66.67040233,-0.011344148,-0.147732061,3.855499046,66.71936312,66.72113283,-0.021162129,-0.130786774,3.914014548,3856.444098,14.65244946,-0.046743918,0.386382018,1.015598567,35.92973777,35.93040819,0.230492683,1.290097619,6.507802767,46.04549094,46.04639157,0.219385973,0.915963912,6.18279636,204.4005945,42.20190894,-0.011452385,-0.185454695,1.614125236,169.1071548,52.93528587,0.007345595,-0.046033942,2.163652219,58.40603059,1.153770293,4.264285714,0.063449289,53.12695869,0.1880,0.2000
989,E989_processed,0.1953125,42924.41375,0.224609375,26705.58177,0.15625,11488.477,0.234780893,0.109466772,0.472094193,0.1953125,42923.55516,0.224609375,26705.42124,0.15625,11486.7497,0.234637676,0.106615772,0.472000668,0.1953125,48684.4938,0.234375,38714.48794,0.15625,27110.79478,0.224386775,0.086839258,0.472604238,0.1953125,48683.59239,0.234375,38714.34651,0.15625,27106.60665,0.224290183,0.084528529,0.472548513,0.1953125,2700.796244,0.234375,1177.722379,0.15625,979.8918358,0.410570754,0.694538191,0.559947748,7.492167633,7.243680719,4.719641591,28.77402662,9.638549822,1.933044062,1.933097729,-2.704538327,122.3257074,18.77771803,55.60606867,54.63040979,0.070982689,-0.304874846,3.726698991,54.62437213,54.62588671,0.068374606,-0.305031663,3.98969039,67.35253411,67.16514549,-0.013754406,-0.261876412,3.335898834,67.18545336,67.18729482,-0.020809038,-0.263528685,3.26356972,3854.386055,14.65654571,-0.034589239,0.249438075,1.01570272,33.95785468,33.95877092,-0.023668518,-0.497037963,3.330012287,43.77830846,43.77942439,0.02574325,-0.135450759,3.49914899,48.00658919,41.47589624,-0.031459242,-0.373790852,3.193789323,121.0896455,52.09608136,0.023347957,-0.290557283,2.401714843,55.40610185,1.310541412,4.320744976,0.070199413,57.37474866,0.2000,0.2000
990,E990_processed,0.205078125,38533.23541,0.224609375,30666.90154,0.56640625,1015.535705,0.230296663,0.111951468,0.466855325,0.205078125,38532.63773,0.224609375,30666.68822,0.56640625,1015.535451,0.230106445,0.108229711,0.466727181,0.1953125,43621.88195,0.166015625,39935.78414,0.234375,37158.29869,0.2233919,0.088298004,0.476006271,0.1953125,43621.00171,0.166015625,39932.04094,0.234375,37158.17393,0.223289366,0.085777809,0.475924647,0.1953125,2354.669273,0.244140625,1044.221594,0.546875,206.817721,0.427929724,0.733152019,0.572453788,22.35057629,0.293587647,-0.056239008,0.012585439,1.046340045,0.292978347,0.292986484,-0.040771864,0.012506561,3.852984923,55.48753538,54.57266328,0.060052577,-0.351535109,3.211365918,54.62990482,54.6314202,0.057614811,-0.357652992,3.139539366,67.71552407,67.46414666,-0.007675226,-0.204914041,3.464510143,67.47520646,67.47706244,-0.011037077,-0.20537598,3.547094399,3852.777546,14.78111182,-0.022751276,0.168381202,1.015889278,35.07292742,35.07384766,0.002659079,-0.41055861,3.43404264,44.51721949,44.51841809,0.021785957,-0.317626694,3.431871327,110.2821805,42.22051726,-0.05538733,-0.438368898,2.030282511,82.54348605,52.64168577,0.011669555,-0.264045537,3.05081516,56.67507688,1.128093681,4.417241379,0.057815316,50.22094616,0.2000,0.2000
991,E991_processed,0.205078125,34735.59371,0.224609375,30061.68559,0.263671875,9000.394971,0.235681657,0.111273726,0.472857581,0.205078125,34735.1293,0.224609375,30061.61017,0.263671875,9000.386564,0.235502247,0.107853373,0.472750935,0.185546875,36203.39681,0.234375,34252.36366,0.205078125,32804.91206,0.22367742,0.090633933,0.473893699,0.185546875,36202.1588,0.234375,34252.25546,0.205078125,32804.54061,0.223568202,0.088044212,0.47381178,0.205078125,1914.301446,0.185546875,1849.385073,0.234375,1126.502054,0.436255155,0.731113005,0.574930753,7.49943198,7.2505457,4.71323201,28.69219388,9.478963898,1.938073576,1.938127405,-2.715904183,122.2958223,18.22436328,54.43653162,53.30674206,0.097174505,-0.298710252,3.339862856,53.28060984,53.28208558,0.100313686,-0.297411674,3.606142958,62.0552142,61.45157423,0.033021302,-0.220367082,3.283463165,61.46133511,61.46302942,0.024848048,-0.22168855,3.196925496,3848.112323,13.95479517,0.042092553,0.369305636,1.013837636,32.46407185,32.46489613,-0.019176037,-0.45673353,3.156236772,39.95740534,39.95851116,0.002006322,-0.17011584,3.342087662,68.99144071,40.03251905,-0.025936747,-0.398017551,2.704992711,47.82161931,47.78017621,0.028519712,-0.209599321,3.537811339,51.48448402,1.271999079,4.362741262,0.066829449,50.8271894,0.2130,0.2250
992,E992_processed,0.185546875,31297.65941,0.205078125,30877.32579,0.234375,28531.65035,0.234060868,0.104006769,0.473286535,0.185546875,31296.41619,0.205078125,30876.75806,0.234375,28531.59745,0.233906667,0.100930294,0.47322924,0.17578125,40122.98109,0.205078125,38972.45175,0.224609375,38777.8546,0.22405946,0.087099678,0.470941801,0.17578125,40120.80629,0.205078125,38972.32601,0.224609375,38777.69997,0.223958867,0.084626883,0.470872105,0.185546875,2021.010119,0.29296875,278.3944704,0.546875,218.0075902,0.409581789,0.687040044,0.563809676,22.3986075,0.28063926,-0.046986525,-0.065092397,1.040150733,0.279846375,0.279854149,-0.029773487,-0.05891132,4.068171531,55.43882658,53.92647801,0.042769019,-0.34779224,3.185089781,53.99113658,53.99258333,0.039858696,-0.345178192,3.485855947,66.6174999,65.43211517,-0.007430931,-0.403324555,3.34856247,65.45989163,65.46170985,-0.011306036,-0.405632984,3.243727773,3841.800145,14.25716945,0.000555613,0.092068383,1.014328636,33.45394628,33.45469016,0.107439658,0.263660322,5.402649958,42.23908199,42.24020366,0.022995517,-0.332442913,3.345704639,180.1246987,40.72218472,-0.006454114,-0.265380435,1.683643385,106.2901617,50.62481371,-0.013411808,-0.393557684,2.572519179,53.88368119,1.069340386,4.261848341,0.058873518,45.16915567,0.2130,0.2250
993,E993_processed,0.185546875,39212.35476,0.21484375,35697.64319,0.263671875,10770.33566,0.232660738,0.105037228,0.465066151,0.185546875,39210.93662,0.21484375,35697.39822,0.263671875,10770.34258,0.232513703,0.102000707,0.464972547,0.185546875,48677.2609,0.244140625,30214.90858,0.21484375,29867.8881,0.226511182,0.087702496,0.47423232,0.185546875,48675.57633,0.244140625,30214.84142,0.21484375,29867.66981,0.226417699,0.085374637,0.474152657,0.185546875,2586.024119,0.21484375,1484.50864,0.244140625,889.1484556,0.407364884,0.687579214,0.562252337,7.543652858,7.29422686,4.726275468,28.75393659,9.38825226,1.92071338,1.920766735,-2.976502213,124.3722359,18.27454188,55.59350647,53.80436017,0.053203577,-0.222247466,3.622410652,53.82671319,53.82815547,0.057318357,-0.226120463,3.669283451,64.14684149,62.58226245,0.013328745,-0.232498228,3.343658316,62.58144168,62.58316118,0.012116407,-0.232257526,3.332964668,3837.242086,13.81518439,0.020048049,0.182115557,1.016463495,33.00842164,33.00931374,-0.02839722,-0.457814857,3.29105247,39.72243356,39.72353692,0.008204621,-0.369200376,2.980962098,79.28674364,40.74803318,-0.054560814,-0.299006667,2.718088097,56.2711498,48.03067719,0.011662989,-0.356830125,3.200133549,51.64856415,1.208388199,4.343945881,0.064037986,48.00145323,0.2130,0.1880
994,E994_processed,0.185546875,28372.88532,0.33203125,1179.80656,0.546875,1160.082359,0.234926498,0.114673819,0.478060287,0.185546875,28372.06087,0.33203125,1179.803579,0.546875,1160.082167,0.234708325,0.110574234,0.477920196,0.234375,44378.95109,0.185546875,38627.87949,0.537109375,705.8977343,0.226130814,0.085263722,0.465381806,0.234375,44378.82587,0.185546875,38626.53594,0.537109375,705.8977689,0.226031855,0.082775062,0.465304629,0.185546875,1972.831297,0.234375,1297.911712,0.537109375,152.6646402,0.41445051,0.70652543,0.560613032,22.45719651,0.264540965,-0.109287839,0.016257384,1.036453192,0.263933031,0.263940317,-0.102250243,0.00844286,4.053379104,50.97764549,48.88764112,0.03846344,-0.253042734,3.352709768,48.8785232,48.87988038,0.03988062,-0.252017908,3.528177632,66.13072606,64.39573236,0.05170326,-0.054944018,3.42172986,64.43907973,64.44081727,0.050148994,-0.053365514,3.34938348,3835.156753,13.68357581,0.01653432,0.353257707,1.013549159,30.44004339,30.44087839,-0.004958115,-0.381934942,3.208808733,40.15419527,40.15528982,0.017591308,-0.124501569,3.334632441,45.03764626,37.16672343,-0.056230034,-0.300662605,3.095571807,49.69471578,49.23203932,-0.000375144,-0.050176143,3.465500364,50.38942724,1.007133273,3.870258621,0.06723679,40.44172845,0.2000,0.2250
995,E995_processed,0.21484375,33453.73382,0.341796875,1059.943199,0.56640625,577.9961061,0.234617042,0.099938503,0.458833968,0.21484375,33453.48438,0.341796875,1059.939524,0.56640625,577.9960968,0.234413389,0.095656075,0.45873826,0.224609375,36018.71893,0.1953125,29868.52662,0.166015625,24360.48985,0.228814158,0.084213929,0.468712814,0.224609375,36018.59759,0.1953125,29867.95917,0.166015625,24358.41952,0.22869641,0.081267606,0.468637867,0.1953125,1664.745369,0.537109375,128.9566498,0.595703125,38.97108387,0.413032281,0.703676322,0.559756901,7.558354477,7.307962559,4.712624394,28.55776223,9.372915654,1.919185439,1.919238751,-2.962150195,124.3475077,18.29022262,53.6120347,51.49720729,-0.001576657,-0.169613111,3.954114057,51.6893013,51.69060981,-0.030965773,-0.088553624,4.106787039,61.79542833,59.83332324,0.053503549,-0.122969304,3.384093058,59.8433257,59.84490717,0.052716197,-0.122159395,3.592758561,3834.079918,12.80179002,0.010700572,0.219948828,1.012891145,30.61567357,30.61648269,0.001085418,-0.192028963,4.109423153,36.15275152,36.15375489,-0.009640778,-0.321635707,3.013874564,40.90237148,38.93087167,0.015532858,0.038066507,4.987064709,81.76845366,44.99948846,-0.003824519,-0.344963579,2.477821772,47.3757639,1.123791351,4.221339251,0.063064531,40.62927705,0.2130,0.2250
996,E996_processed,0.205078125,27585.9103,0.25390625,16041.71082,0.322265625,1376.269603,0.235008657,0.103792987,0.47280593,0.205078125,27585.6103,0.25390625,16041.6697,0.322265625,1376.270286,0.23485772,0.100683257,0.472724432,0.17578125,34084.47395,0.244140625,31297.03765,0.205078125,29450.52371,0.226793807,0.084260697,0.470025064,0.17578125,34082.6302,0.244140625,31296.95979,0.205078125,29450.07517,0.226696702,0.081811796,0.469953475,0.205078125,1593.736477,0.17578125,1546.550669,0.244140625,872.556126,0.408836186,0.697816884,0.560634673,22.54497566,0.252792667,-0.11504987,0.085821572,1.05103764,0.252349739,0.252356734,-0.109496841,0.079141165,4.62766666,51.40347258,49.13534675,-0.011044622,-0.133692167,4.072561045,49.12422384,49.12558783,-0.008131174,-0.131415741,4.116776193,60.04084852,58.03017263,-0.00240431,0.032555412,3.942880486,58.12443591,58.12586615,0.003104383,0.034926493,3.80473447,3833.947742,12.59310016,-0.077745191,0.378882029,1.01223375,29.96768173,29.96838811,0.057772602,-0.273283839,3.60032496,36.57749746,36.5784809,0.024327719,-0.0830235,3.192599029,77.89800854,36.9484901,-0.031545032,-0.316089441,2.467166924,140.1662628,44.55869302,0.003546439,-0.046005393,1.96899737,47.28730856,0.947700863,3.705371901,0.069025199,34.66545793,0.2000,0.2000
997,E997_processed,0.1953125,26662.60317,0.224609375,24789.14434,0.341796875,1188.983448,0.233907987,0.101994153,0.470161557,0.1953125,26662.04864,0.224609375,24789.02844,0.341796875,1188.984303,0.23376483,0.09891481,0.470062841,0.166015625,34166.48774,0.234375,28785.31646,0.205078125,23299.53526,0.222297092,0.086983872,0.469171795,0.166015625,34163.80605,0.234375,28785.19116,0.205078125,23299.23648,0.222188617,0.084301051,0.469095816,0.17578125,1500.082813,0.234375,841.8899653,0.263671875,611.7171384,0.421386067,0.719331305,0.568540285,7.643180252,7.391048093,4.731732016,28.62598537,9.266001018,1.894809692,1.894862109,-3.357172705,128.2180533,18.58826122,51.88949434,49.59064344,-0.076500399,-0.302096433,3.433643597,49.64296077,49.64433609,-0.069181058,-0.29810415,3.268749737,59.93930132,57.77081913,0.006799089,-0.136016092,3.69456125,57.80073361,57.80230807,0.011970313,-0.131893241,3.595946395,3833.653948,12.26999651,-0.067234004,0.255767881,1.013650333,30.40996118,30.4107797,0.060883826,-0.212399439,4.187945903,38.47116857,38.47213139,0.006453649,-0.137089418,3.967210423,97.27118639,37.40244266,-0.066419006,-0.256543677,2.701053343,48.10366671,45.38718668,-0.027832189,-0.193898665,3.638945452,49.03998793,1.061207699,4.103801191,0.063012653,40.82692204,0.2000,0.2250
998,E998_processed,0.234375,29370.16476,0.1953125,20221.41062,0.556640625,766.5157011,0.236861143,0.101813716,0.467296605,0.234375,29370.07467,0.1953125,20220.60716,0.556640625,766.5152003,0.236708976,0.098783425,0.467250156,0.234375,31619.427,0.185546875,28771.53034,0.166015625,27187.22994,0.226013431,0.085526399,0.468644178,0.234375,31619.39085,0.185546875,28771.4405,0.166015625,27184.77216,0.225892754,0.083187395,0.468709192,0.185546875,1434.065708,0.224609375,890.1067986,0.25390625,687.5910124,0.420032231,0.716577199,0.569031997,22.60225866,0.263521832,-0.127146636,0.007205924,1.042508776,0.263204143,0.263210145,-0.138304806,0.051198248,4.129514261,51.64188422,49.29165947,-0.110448422,-0.19312753,3.603048045,49.38945317,49.39065679,-0.104774474,-0.185142218,3.460176646,59.20952265,57.00133342,0.00555203,-0.077896898,3.971032521,57.2562202,57.25737417,0.004209677,-0.071380311,4.074349519,3833.945834,11.90370636,-0.039483235,0.31969089,1.014301836,30.51355028,30.51393365,-0.239419542,2.167791014,7.138778082,39.02320426,39.02343718,-0.451383721,5.180796602,8.154365416,145.9033356,36.97117035,-0.019723446,-0.142721774,1.937045261,284.9862717,44.80961574,-0.014324938,0.582375051,1.68796558,49.53714562,0.979537919,3.714256198,0.071003137,38.22493646,0.2250,0.2250
999,E999_processed,0.205078125,34643.60328,0.224609375,32518.9878,0.17578125,22540.05327,0.235048167,0.101743527,0.463388163,0.205078125,34643.17584,0.224609375,32518.81284,0.17578125,22538.67035,0.234842411,0.097277729,0.463235449,0.17578125,35592.40217,0.234375,35562.19601,0.322265625,2002.627327,0.228734914,0.089207901,0.461248464,0.17578125,35589.92241,0.234375,35562.29921,0.322265625,2002.623911,0.228583515,0.085618957,0.461149861,0.17578125,1642.018798,0.234375,1108.874623,0.322265625,120.4540712,0.453129596,0.78180194,0.569269579,7.656203997,7.403671457,4.725984879,28.52378549,9.241582386,1.889674273,1.889726694,-3.374676019,128.7375226,18.63893189,54.94704722,52.85135763,-0.148917018,-0.031874562,4.784577576,52.87843096,52.87984967,-0.146312872,-0.035893225,4.673529702,59.20258648,57.10007,-0.019436144,0.12315801,3.672425192,57.12958313,57.13114072,-0.016317435,0.122995989,3.737520207,3833.921023,12.30629297,-0.022970683,0.608043909,1.020742675,31.32972959,31.33044449,0.00142567,-0.271888199,3.844270177,35.37594173,35.37672194,-0.106684209,0.616843174,5.077733279,69.27990377,39.32312869,-0.046972465,-0.355462059,2.655287577,124.8170327,43.12757268,0.010699857,0.086055232,2.355513784,47.25578491,1.026361225,3.993795288,0.064347049,36.30929565,0.2250,0.2250
1000,E1000_processed,0.21484375,24522.92494,0.185546875,24060.5864,0.546875,920.8917683,0.236546217,0.101974672,0.470593536,0.21484375,24522.65216,0.185546875,24059.73154,0.546875,920.8909767,0.236416016,0.099089821,0.470484048,0.244140625,42474.33787,0.205078125,25592.34655,0.3125,2718.639621,0.228212318,0.080571689,0.457427405,0.244140625,42474.23004,0.205078125,25591.95011,0.3125,2718.639656,0.228111016,0.077891594,0.457354538,0.185546875,1336.176144,0.244140625,1150.822224,0.3125,145.7583485,0.408544821,0.699216932,0.553629945,22.64915782,0.263173565,-0.019720829,0.434379138,1.088148583,0.262064115,0.262071385,-0.000350331,0.370990602,7.246355463,51.55661803,49.32397584,-0.125374465,-0.181383765,3.737536273,49.32402121,49.32537874,-0.122160223,-0.18208557,3.604578766,59.36236555,57.39470111,-0.001980413,-0.178468344,3.422910258,57.41298713,57.41455662,-0.0006127,-0.18170822,3.643373161,3834.482441,12.0803762,-0.01772527,0.208057902,1.012161865,29.18267631,29.1833921,0.025872428,-0.277666545,3.256167384,34.42186865,34.42281417,0.04440362,-0.218965705,3.392593425,41.75705875,36.62081777,-0.075386786,-0.315773532,3.010336816,65.83256305,42.91082861,0.012770234,-0.288531204,2.747246273,45.12871048,1.008366866,3.652439024,0.075587959,34.71082524,0.2130,0.2250
1001,E1001_processed,0.21484375,31568.29164,0.185546875,28999.05834,0.3515625,856.2991312,0.23546226,0.109864524,0.477745479,0.21484375,31568.0537,0.185546875,28998.08206,0.3515625,856.29932,0.235270989,0.105969881,0.477586999,0.17578125,43403.5564,0.234375,36478.06396,0.537109375,523.9710758,0.220470092,0.088831476,0.459497789,0.17578125,43401.07241,0.234375,36478.02809,0.537109375,523.9706974,0.220312179,0.085147728,0.459411894,0.17578125,1963.317004,0.234375,952.4361504,0.21484375,948.4063883,0.465850364,0.818349271,0.571084167,7.657748449,7.404663873,4.718391554,28.4374163,9.216637301,1.888354834,1.888407288,-3.348893638,128.6472113,18.64209669,53.33845668,51.38154753,-0.106314455,-0.154823618,3.518380577,51.36984886,51.37127577,-0.100164473,-0.155160434,3.576320069,61.17273952,59.19870307,-0.04813606,-0.189011128,3.387380255,59.21568212,59.21724575,-0.049642826,-0.191052914,3.278463108,3834.633221,12.60008615,-0.068571813,0.151454115,1.013520349,31.15878895,31.15965239,0.03549928,-0.360288622,3.044181522,38.83969626,38.84064801,0.039706738,-0.296057836,3.344991043,40.4969976,38.52406904,-0.062589973,-0.338116871,3.302503365,81.16686646,46.27448644,0.044966605,-0.288134092,2.600269563,49.79477759,1.002415861,3.840834817,0.067951128,38.93448163,0.2130,0.2250
1002,E1002_processed,0.234375,30676.88578,0.205078125,29624.72232,0.537109375,965.9226565,0.241990603,0.105549091,0.483413908,0.234375,30676.90401,0.205078125,29624.28282,0.537109375,965.9232357,0.241787637,0.101514108,0.483302965,0.244140625,38045.34958,0.17578125,28805.78571,0.322265625,1488.288519,0.226530533,0.087793648,0.462162609,0.244140625,38045.28634,0.17578125,28804.10351,0.322265625,1488.289044,0.226388343,0.084383492,0.462073701,0.1953125,1376.35602,0.244140625,872.3063197,0.546875,120.5335979,0.44665438,0.766701177,0.573939403,22.64755766,0.262778227,-0.133554906,0.042612416,1.038472552,0.262072684,0.262079681,-0.124743196,0.020698555,3.789431471,56.09220589,53.72382964,-0.172350005,-0.262767521,3.547101007,53.73692756,53.73839415,-0.168957845,-0.257176551,3.369890774,59.35640514,56.83544554,-0.02641527,-0.14966314,3.576887271,56.84936327,56.85093602,-0.027430513,-0.151966554,4.037012446,3832.079895,12.15112298,-0.089638294,0.130114975,1.013286206,31.5181069,31.51884066,0.022441491,-0.018673251,4.696845348,35.74417313,35.74516076,0.026463764,-0.234584512,3.414905472,95.89748993,39.39072624,-0.04200571,-0.426100293,2.011312367,107.8534174,43.47201635,0.026115461,-0.268833354,2.230737149,47.65662424,0.992634204,3.586427146,0.077172969,35.48186918,0.2250,0.1880
1003,E1003_processed,0.185546875,27631.9309,0.224609375,26657.39388,0.537109375,788.1396907,0.238616703,0.105238998,0.489101923,0.185546875,27630.96399,0.224609375,26657.21549,0.537109375,788.1386109,0.238372178,0.100246746,0.488963786,0.234375,35022.68204,0.17578125,30950.25908,0.1953125,29909.55307,0.223591275,0.085333507,0.461159005,0.234375,35022.53699,0.17578125,30949.15783,0.1953125,29908.80715,0.223441062,0.08176497,0.461104984,0.185546875,1648.985029,0.234375,821.4923643,0.283203125,282.7375964,0.445161179,0.780538082,0.564853538,7.658510241,7.405417746,4.718098479,28.43222016,9.175332641,1.891504641,1.891557172,-3.324618837,127.6295803,18.6053441,56.17062428,53.60305405,-0.149411904,-0.238249332,3.525077076,53.62807349,53.62953601,-0.14375051,-0.239748057,3.368367784,61.58373237,58.84686928,-0.002299007,-0.141329871,3.573666803,58.92118437,58.92270193,-0.001787081,-0.137303485,3.598761617,3829.930307,12.41782832,-0.052793569,0.278715203,1.01730812,32.48430916,32.48507976,0.119069318,0.042594173,4.817514871,38.52911699,38.52988634,0.181935868,0.922915766,5.614201944,100.0798477,39.84200785,-0.052609008,-0.364234128,2.249420472,167.2232421,45.75343533,0.037213393,-0.151920232,1.796191254,50.39675137,0.987074625,3.705750578,0.07187827,38.03187311,0.2250,0.2250
1004,E1004_processed,0.185546875,26137.70015,0.244140625,19324.09904,0.537109375,777.2126736,0.238234289,0.104390666,0.489369244,0.185546875,26136.74035,0.244140625,19324.06837,0.537109375,777.2124819,0.238058642,0.100688557,0.48924496,0.185546875,37192.52556,0.224609375,27379.89345,0.52734375,504.3034665,0.220727263,0.082044288,0.458409455,0.185546875,37191.06608,0.224609375,27379.74759,0.52734375,504.3035034,0.220607084,0.078942288,0.458329897,0.185546875,1859.156135,0.556640625,107.3561639,0.52734375,95.89716948,0.417556495,0.731867237,0.552470636,22.64090015,0.267444585,-0.161510842,-0.087958446,1.034874578,0.266513906,0.266521303,-0.146598931,-0.099796421,3.596324254,54.50506456,51.91208685,-0.157289879,-0.010420934,4.370638801,51.91628078,51.91771069,-0.151827792,-0.012685539,4.245075345,61.67501832,58.83003582,-0.002538302,-0.203196062,3.316303839,58.88721239,58.88881292,0.001007649,-0.204698941,3.240853253,3829.581691,12.4035678,-0.065598008,0.090899554,1.013431704,30.72038222,30.72120326,0.076747014,-0.318881568,3.398833089,37.79833481,37.79938403,0.013750746,-0.224168367,3.2325136,55.67416679,38.33334018,-0.048506295,-0.284343541,2.956955839,47.11293269,45.7076052,0.014095961,-0.281899687,3.164072881,48.70919587,1.013553678,3.927352298,0.065712355,38.3117047,0.2000,0.1880
1005,E1005_processed,0.234375,30184.9996,0.1953125,26399.44809,0.29296875,7141.237094,0.236873766,0.104637105,0.484486415,0.234375,30184.90128,0.1953125,26399.07772,0.29296875,7141.222814,0.2367186,0.101339842,0.484361509,0.234375,40261.53345,0.17578125,37071.65458,0.537109375,662.6227775,0.222260976,0.087003997,0.458303764,0.234375,40261.55704,0.17578125,37069.66557,0.537109375,662.6217311,0.222108715,0.083398636,0.458229307,0.1953125,1777.682576,0.17578125,1701.793664,0.224609375,1073.994971,0.439974931,0.774456384,0.559233726,7.647308835,7.394673889,4.727179054,28.57550204,9.154102641,1.89289794,1.89295042,-3.329426368,127.7481077,18.58020326,56.12925442,53.7309276,-0.164718879,-0.165510103,4.074010823,53.75239941,53.7538488,-0.161341138,-0.167174025,3.946430785,64.25566824,61.53818254,0.007307778,-0.204572804,3.470935812,61.60695155,61.60864019,0.012497393,-0.214026498,3.453568214,3829.104776,12.87734098,-0.028584139,0.071742106,1.013559285,32.42261958,32.42342528,0.098803459,-0.18869465,3.767397093,40.48603487,40.48687932,-0.132739984,0.235797217,5.155076294,95.78025372,40.05344373,-0.066708275,-0.346312877,2.408701115,167.4673734,47.96250363,-0.018356555,-0.332364353,1.851198181,51.86970121,0.988358706,3.717169313,0.071530277,40.01555965,0.2250,0.2250
1006,E1006_processed,0.17578125,33647.11544,0.205078125,26346.20815,0.25390625,18267.12362,0.23491117,0.105617352,0.484088644,0.17578125,33645.21275,0.205078125,26345.91795,0.25390625,18267.09483,0.234756537,0.102487568,0.48398895,0.17578125,43214.8281,0.234375,35905.34758,0.3515625,843.1439411,0.222160946,0.091629744,0.453645321,0.17578125,43212.56201,0.234375,35905.0838,0.3515625,843.1460525,0.2219786,0.087572503,0.453554881,0.17578125,2189.155305,0.234375,1016.743263,0.29296875,216.0645475,0.439954652,0.761584816,0.561675147,22.55595414,0.268080384,0.200097754,1.657477104,1.1220303,0.26683122,0.266838559,0.159233762,1.176314866,9.719412032,57.97718365,55.19638978,-0.131576169,-0.159428662,3.752008916,55.20278749,55.20427107,-0.124467393,-0.161516125,3.621285864,61.9149883,58.03735304,-0.008362509,-0.182955018,3.623765524,58.10209082,58.10361145,-0.006904811,-0.184897322,3.673636059,3823.444955,12.85070286,-0.04841007,0.04939259,1.013239747,33.64856451,33.64947062,0.043565541,-0.36626432,3.166813979,38.06782473,38.06871728,0.030880997,-0.352758297,3.149297514,109.6943392,41.40562465,-0.056292655,-0.378089026,2.133262135,75.53805744,45.54797181,0.004997283,-0.414709741,2.67167072,50.80860271,1.0244255,3.778105263,0.071768236,38.99856473,0.2130,0.2250
1007,E1007_processed,0.224609375,38070.78871,0.1953125,27083.12989,0.341796875,1164.120831,0.23770446,0.099640301,0.472931399,0.224609375,38070.59406,0.1953125,27082.53014,0.341796875,1164.119996,0.237535298,0.096001943,0.472812805,0.234375,50013.28691,0.185546875,35377.95722,0.33203125,1141.557436,0.224242382,0.090572121,0.448643982,0.234375,50013.08242,0.185546875,35377.00239,0.33203125,1141.557251,0.224059275,0.086516317,0.448566092,0.185546875,1762.839107,0.234375,1264.471575,0.546875,150.2205623,0.442973808,0.761329573,0.563036219,7.61891458,7.36819617,4.753874997,28.95874172,9.153420382,1.893308024,1.893360612,-3.371126908,128.4450988,18.54949117,59.60109799,56.52909172,-0.15676412,-0.229869096,3.770073498,56.50573908,56.50728857,-0.151863343,-0.22780724,3.655478404,62.85963214,58.34502956,0.000121124,-0.152201543,3.403083867,58.38544881,58.387002,0.004480897,-0.153220101,3.750678457,3819.092498,12.41097605,-0.031587096,0.020805486,1.012977246,32.61351162,32.61440941,0.057972174,-0.333128295,3.182117012,37.27266064,37.27345968,0.069543597,0.27714002,4.824332356,64.89918296,41.39347311,-0.053771675,-0.417035886,2.729356199,139.0991036,44.89743121,0.00419487,-0.264394994,1.99607605,49.52787596,1.003703633,3.731715986,0.072075611,37.41150691,0.2250,0.2250
1008,E1008_processed,0.185546875,38193.27851,0.234375,24508.02582,0.21484375,23632.10626,0.233718218,0.103126093,0.477885717,0.185546875,38192.07015,0.234375,24507.91827,0.21484375,23631.93184,0.233518318,0.099010339,0.477774166,0.17578125,62482.89626,0.224609375,31644.82387,0.341796875,947.4482497,0.217596737,0.084921272,0.447360946,0.17578125,62479.45413,0.224609375,31644.68469,0.341796875,947.44739,0.217466538,0.08166851,0.447275838,0.17578125,2842.829302,0.224609375,1157.215659,0.2734375,359.1024286,0.417944581,0.737845459,0.542269129,22.43496627,0.28221508,-0.06758159,-0.056555026,1.044373846,0.281144316,0.281152126,-0.065769498,-0.058601785,3.615956567,58.6444413,55.73889178,-0.071535518,-0.214424077,3.496702423,55.80547766,55.80688938,-0.066734141,-0.219256542,3.340864406,65.889868,61.81058818,0.053798744,-0.242184043,3.22621909,61.84092601,61.84263034,0.055555496,-0.244299454,3.385335198,3819.834083,13.34122639,0.026683332,-0.030357563,1.013222673,34.30103537,34.30183757,-0.015970375,-0.25461525,4.177186449,40.76071003,40.76184187,-3.82E-05,-0.410531461,3.036087026,164.1016967,42.02743249,-0.072251332,-0.315151964,1.712958684,49.36486167,48.70401618,0.033719358,-0.418805774,3.107312001,53.27423217,1.076927901,3.934573304,0.069565089,43.89756482,0.1880,0.1750
1009,E1009_processed,0.234375,36460.40021,0.185546875,27836.45911,0.33203125,1787.173628,0.235976302,0.099108604,0.473395521,0.234375,36460.35874,0.185546875,27835.54837,0.33203125,1787.16362,0.235846786,0.09634061,0.473327935,0.224609375,41882.13211,0.185546875,41467.44529,0.517578125,670.9122536,0.221152149,0.080103174,0.451117711,0.224609375,41881.90411,0.185546875,41465.90212,0.517578125,670.9119565,0.221059013,0.077662476,0.451063041,0.185546875,2059.156684,0.21484375,1496.545841,0.302734375,160.7797641,0.393566033,0.680053922,0.543406305,7.593681944,7.344176272,4.775629233,29.28953227,9.160559859,1.898236889,1.898289612,-3.389640473,128.2856915,18.51730562,57.87662666,55.21772963,-0.126297683,-0.205627325,3.87765827,55.32744285,55.32878987,-0.117688483,-0.201935724,3.745172826,65.3179681,61.37093651,0.014077027,-0.153284875,3.681134104,61.48403926,61.48573404,0.023252867,-0.151156894,3.549418088,3821.569683,13.19573621,-0.023986113,0.167190911,1.011810309,33.52796903,33.52859218,-0.093616023,0.088583694,5.125041905,39.293333,39.29441704,-0.005176981,-0.232231097,3.359386052,136.4245826,41.40275652,-0.005944455,-0.437246053,1.894647959,83.46863204,47.77455902,-0.005593972,-0.219426877,3.054890276,51.65479363,1.02318163,3.775779407,0.071769432,40.20532566,0.2250,0.2250
1010,E1010_processed,0.21484375,42198.97939,0.1953125,36315.18648,0.17578125,32211.78822,0.228175442,0.096597504,0.462400603,0.21484375,42198.53202,0.1953125,36314.4577,0.17578125,32210.16953,0.22802973,0.093286873,0.462297439,0.17578125,59290.35931,0.244140625,24607.44564,0.283203125,5821.031038,0.215364171,0.08255978,0.445157717,0.17578125,59287.70936,0.244140625,24607.34485,0.283203125,5820.969025,0.215248237,0.079702017,0.445112541,0.17578125,2654.613525,0.1953125,2276.89079,0.244140625,814.6163952,0.403137817,0.715070056,0.536567241,22.29004886,0.277645019,-0.048040186,0.010879513,1.047199006,0.276450301,0.276457958,-0.08241443,0.061375004,3.715361597,60.34584048,57.93964541,-0.005495183,-0.273651656,3.490433779,57.96465819,57.96625807,-0.002279951,-0.277590156,3.626948356,66.97187808,63.39272117,-0.03021855,0.13364628,3.954535659,63.44047594,63.44210937,-0.02751534,0.127054196,4.121343531,3823.535754,14.05577074,-0.075413659,0.557994301,1.017146157,35.74606996,35.74701413,0.019300441,-0.470463945,3.357045173,43.62900475,43.62990516,-0.06109625,0.224728436,4.460203587,51.57234861,44.11303816,-0.023764512,-0.470151269,3.491631165,177.8788523,50.77644036,0.002400178,-0.024386735,2.021637907,56.40405697,1.053760143,3.878448276,0.070052842,45.97545509,0.2130,0.1750
1011,E1011_processed,0.205078125,38337.29731,0.234375,37923.29442,0.185546875,33077.00418,0.233930094,0.102873981,0.467409922,0.205078125,38336.85122,0.234375,37923.24061,0.185546875,33075.48355,0.233769652,0.099399008,0.467281181,0.17578125,54604.5928,0.21484375,51072.78291,0.302734375,4676.461253,0.223189871,0.078811993,0.446143257,0.17578125,54602.21591,0.21484375,51072.37489,0.302734375,4676.448584,0.223084486,0.076315746,0.446144541,0.17578125,2586.102247,0.205078125,2473.988446,0.283203125,290.3780758,0.3928996,0.678925505,0.536689617,7.565717741,7.317735959,4.801139291,29.66988409,9.223620598,1.899396634,1.899449395,-3.407961526,128.7160037,18.51929945,61.49308338,59.43790872,0.03843339,-0.111433058,3.718625859,59.43673357,59.43837384,0.041457148,-0.101750264,3.950669338,73.70478498,70.94708563,0.03711,-0.276406512,3.34954888,71.20678241,71.20856051,0.065179295,-0.219071041,3.623106773,3825.675334,15.51917649,-0.02447277,0.444092199,1.015877946,35.99862139,35.99950478,-0.022477267,0.052611736,4.442513241,46.87640706,46.8769996,-0.468174038,4.528139425,8.482706619,65.58395866,44.56418893,-0.029845406,-0.196358269,2.914700831,380.8486841,55.14643643,-0.070361962,0.501941477,1.460414632,59.10513882,1.032260285,3.820981257,0.070703254,48.38926497,0.2130,0.2130
1012,E1012_processed,0.21484375,42544.72081,0.1953125,42364.97473,0.17578125,34630.6702,0.232371398,0.102048678,0.466154134,0.21484375,42544.30977,0.1953125,42363.94778,0.17578125,34628.70522,0.232206947,0.098484586,0.466032336,0.17578125,57534.1023,0.21484375,52499.93686,0.1953125,51018.64404,0.220633012,0.080812543,0.448195247,0.17578125,57530.64369,0.21484375,52499.50901,0.1953125,51017.47583,0.22053082,0.078064429,0.448109877,0.1953125,2771.476477,0.17578125,2696.268888,0.56640625,186.6920079,0.424051814,0.757713208,0.545242023,22.15895191,0.281048383,-0.125548105,-0.010629606,1.039435579,0.280501661,0.280509042,-0.058694142,-0.010102068,3.874911593,63.91304583,62.3270524,0.071593995,-0.224543882,3.540426326,62.33638596,62.3381136,0.072093362,-0.22731179,3.77393164,73.26793815,71.06841799,0.055598995,-0.169556893,3.292677344,71.10322106,71.10514171,0.055615398,-0.167690518,3.594921721,3828.356675,16.19029695,0.044317226,0.217166833,1.016773731,37.75731795,37.75826114,-0.024091674,-0.348763088,3.333142371,44.81884212,44.82003594,-0.001051539,-0.295462912,3.207527389,90.74970695,46.83981441,-0.035057705,-0.371249118,2.447750409,64.80093211,54.91309651,0.00911276,-0.238202086,3.188526658,58.60479422,1.075968867,3.980709534,0.0679014,48.22496327,0.2130,0.2130
1013,E1013_processed,0.205078125,65147.84284,0.546875,1214.304058,0.361328125,1176.021261,0.232744055,0.105498035,0.457086832,0.205078125,65147.26645,0.546875,1214.304087,0.361328125,1176.026076,0.232530044,0.101030834,0.456928133,0.205078125,81630.04355,0.224609375,66048.71421,0.3125,3421.83167,0.222867736,0.080352432,0.44112041,0.205078125,81628.92968,0.224609375,66048.31321,0.3125,3421.834338,0.222757759,0.077373507,0.441027975,0.205078125,4526.183855,0.546875,248.1141288,0.3125,190.368074,0.412562842,0.73121186,0.530432103,7.5399553,7.293569977,4.826084991,30.03285511,9.275647164,1.896493659,1.896546288,-3.38364403,128.3672458,18.5589736,70.92432881,69.7856835,0.145660812,-0.126856295,3.336304255,69.92135963,69.92322494,0.137381334,-0.121580705,3.562711366,82.94427593,81.29046088,0.045191591,-0.393717641,3.677701403,81.27505078,81.27730735,0.04706873,-0.392219158,3.541181715,3831.165529,19.04355266,0.082407657,0.08932968,1.019756826,41.9188933,41.92001598,-0.002267297,-0.392409531,3.46387754,49.20938179,49.21074012,-0.027685427,-0.448031784,3.327177278,54.47725528,52.76824148,-0.057977808,-0.299863594,3.402685255,61.63267203,61.63256091,0.05604637,-0.462907025,3.315511768,64.64506697,1.048927218,3.899837735,0.068968738,51.61848471,0.2130,0.2130
1014,E1014_processed,0.1953125,91621.11947,0.5859375,1280.462218,0.556640625,1271.562651,0.228272693,0.105152847,0.445816749,0.1953125,91619.61668,0.5859375,1280.461325,0.556640625,1271.560438,0.228067904,0.101084171,0.445740158,0.185546875,106181.8782,0.21484375,66646.13298,0.3515625,1544.780744,0.220884935,0.080734458,0.440690328,0.185546875,106178.2878,0.21484375,66645.30632,0.3515625,1544.773164,0.220769049,0.077816187,0.440643142,0.185546875,5829.002152,0.556640625,212.2086523,0.5859375,148.9881777,0.392821278,0.700157539,0.520750253,22.07132144,0.307208175,-0.113921996,-0.106059658,1.043562483,0.30771184,0.307719029,-0.085539252,-0.055570694,4.198494775,76.07695297,74.90426547,0.126454397,-0.361133687,3.521796543,74.9552323,74.95719892,0.127072681,-0.357299042,3.755936818,85.28614844,83.66147271,0.013541956,-0.168218631,3.466711247,83.94696663,83.94890936,-0.013723062,-0.097889514,3.892746072,3833.559848,19.78736367,0.032772712,0.284117035,1.021215986,47.54263806,47.5435579,0.104513908,0.244777928,5.577931141,52.90169934,52.90292514,0.004866403,-0.314902854,3.880724335,192.6744467,57.56361142,-0.06315558,-0.525542839,1.860059255,155.0370784,65.39509425,0.148561755,-0.002408449,2.937875803,71.12741655,1.181871673,3.975442478,0.074782396,62.52446866,0.2000,0.1880
1015,E1015_processed,0.185546875,93518.84734,0.556640625,1627.964156,0.41015625,1298.181886,0.22859139,0.110261332,0.456083968,0.185546875,93515.71657,0.556640625,1627.964765,0.41015625,1298.183446,0.228337903,0.105240299,0.455933465,0.185546875,137754.8881,0.234375,39077.30546,0.341796875,1762.882744,0.215806305,0.085763657,0.436850733,0.185546875,137749.9501,0.234375,39077.11318,0.341796875,1762.887641,0.21567764,0.08244517,0.436740365,0.185546875,7094.993018,0.263671875,757.5319687,0.546875,244.2304137,0.432726609,0.776179919,0.534797087,7.528820568,7.283084282,4.836482636,30.18724793,9.268663447,1.898789432,1.898842146,-3.393985133,128.1212589,18.53241991,74.05899834,73.03335138,0.136787151,-0.396884555,3.556865687,73.08977723,73.09168386,0.13682056,-0.399492749,3.795099657,86.03678596,84.69818436,0.008181024,-0.367046752,3.408425439,84.81851889,84.82070717,0.004575795,-0.35494592,3.278105184,3834.538454,19.70470282,0.028715127,0.061754956,1.018627052,46.23691674,46.23810097,-0.070537676,-0.4464896,3.833930669,56.59553098,56.59710043,0.029063778,-0.354489093,3.215525585,187.1798562,56.25717748,-0.079520414,-0.469010176,1.760554516,120.9066362,67.67344943,0.04030403,-0.241425165,2.682177505,73.08347117,1.082590817,3.909455771,0.070832363,61.27150118,0.1880,0.1880
1016,E1016_processed,0.1953125,89189.55502,0.224609375,44651.67605,0.37109375,1377.294782,0.229564407,0.110936402,0.453461097,0.1953125,89187.72777,0.224609375,44651.42346,0.37109375,1377.294299,0.229314441,0.106010109,0.453284482,0.1953125,121291.116,0.224609375,56357.84375,0.361328125,1986.360377,0.21728105,0.083222209,0.4338141,0.1953125,121288.5481,0.224609375,56357.78351,0.361328125,1986.355951,0.217155074,0.079938478,0.433715445,0.1953125,6729.691868,0.546875,239.7471115,0.576171875,145.6862514,0.408343213,0.731626593,0.521145474,22.04429507,0.334502579,0.204045876,1.963332571,1.152071587,0.333654906,0.333663979,0.122052407,1.452665753,9.617489264,75.17949228,74.14880264,0.154832058,-0.213284186,4.054307508,74.13855091,74.14060804,0.15587955,-0.21105926,4.270198947,88.06828025,86.7579732,0.038697165,-0.213913464,3.564166907,86.8171529,86.81956498,0.031773455,-0.216518332,3.77260733,3835.263457,20.40702444,0.054157266,0.341846879,1.024719643,45.70896877,45.7102368,-0.036676216,-0.437926069,3.537436495,56.4297151,56.43106748,-0.06192801,-0.127994295,4.154468769,65.97082335,56.5125002,-0.050560601,-0.402330644,3.853012778,159.8460329,68.13274427,0.091117798,-0.280992938,2.387533119,72.62156102,1.303687404,4.25248227,0.072092228,73.56847188,0.2000,0.2000
1017,E1017_processed,0.185546875,69863.00427,0.234375,40453.68511,0.3515625,1258.321312,0.232082721,0.108209387,0.464138663,0.185546875,69860.68395,0.234375,40453.607,0.3515625,1258.322426,0.231867649,0.103939073,0.464019483,0.185546875,101015.1467,0.2734375,12882.96721,0.546875,856.2012611,0.216819251,0.084428268,0.439993562,0.185546875,101011.7603,0.2734375,12882.96664,0.546875,856.1998881,0.216692387,0.081230578,0.439911888,0.185546875,5295.810089,0.2734375,581.3872466,0.556640625,285.1486808,0.425039708,0.757385462,0.535918696,7.49730146,7.251854947,4.819620505,30.04472039,9.392623116,1.909362798,1.90941583,-3.222426645,126.72725,18.42676134,73.32103625,72.22512577,0.135216574,-0.172632442,3.509451082,72.30873888,72.31071638,0.13798069,-0.172284847,3.735374132,84.05936871,82.79360578,0.01121005,-0.269760791,3.769224357,82.89594487,82.89820246,0.009124148,-0.27049739,3.670076436,3836.51708,19.52416232,-0.00281403,0.345417264,1.024152094,44.35969956,44.36089088,-0.013515007,-0.343254495,3.426768078,54.36779929,54.36930779,0.017421946,-0.150354973,3.992417675,57.77531029,54.9110244,-0.058262082,-0.339831164,3.494146231,65.61218284,65.46724244,0.017012724,-0.146978808,3.978365986,70.1705798,1.138443198,4.004331172,0.070998862,61.89636862,0.2000,0.2000
1018,E1018_processed,0.185546875,65400.58707,0.234375,30201.66971,0.302734375,5001.416957,0.230916482,0.112930925,0.472662215,0.185546875,65397.82493,0.234375,30201.59205,0.302734375,5001.425161,0.230675238,0.108321933,0.47253836,0.17578125,91942.77781,0.234375,47174.10142,0.390625,869.1470494,0.21626191,0.084483305,0.445322219,0.17578125,91939.94451,0.234375,47174.01257,0.390625,869.1496356,0.216133569,0.081344202,0.445276651,0.185546875,4467.359768,0.283203125,575.7243184,0.302734375,296.3026692,0.427487277,0.7631631,0.541252656,22.07109735,0.335277628,0.15563611,1.265527917,1.095623367,0.334233552,0.334241657,0.05291008,0.70348773,5.371495464,71.68596094,70.631595,0.092948346,-0.146579571,3.308258226,70.71290678,70.71482984,0.101583866,-0.139388464,3.419286178,84.86225327,83.95019031,0.02086253,-0.321991015,3.736722486,84.03869807,84.0408752,0.023999123,-0.289094278,3.723283536,3841.373885,19.70047702,-0.037538013,0.307620479,1.025646219,46.44885642,46.44966857,-0.279628689,1.290711175,6.57755222,58.02043776,58.0212716,-0.290026034,2.254660732,7.21435412,201.0370186,54.76386629,-0.012608395,-0.18292789,1.971415217,254.0429902,67.07253136,0.123382173,-0.026151282,2.173497762,74.32388356,1.286568685,4.093849658,0.07676605,74.6483511,0.1880,0.1880
1019,E1019_processed,0.185546875,71347.87672,0.21484375,56019.27137,0.3125,3337.696008,0.229881828,0.108677927,0.464715082,0.185546875,71346.24031,0.21484375,56018.93036,0.3125,3337.71378,0.229659362,0.1042833,0.464581627,0.185546875,115815.0595,0.21484375,52239.13281,0.37109375,1456.959208,0.215912727,0.088293429,0.445651884,0.185546875,115811.4076,0.21484375,52238.71698,0.37109375,1456.959578,0.215777168,0.084978342,0.445550851,0.185546875,5803.167882,0.21484375,3289.720413,0.25390625,1155.444583,0.447942605,0.798633654,0.547532225,7.437199693,7.191952976,4.771127375,29.54571706,9.697772143,1.94527048,1.945324397,-2.779372204,122.5443054,18.65638871,74.61900163,73.90101408,0.104862377,-0.333488244,3.171111042,73.98458935,73.98648012,0.10707116,-0.34154442,3.338367261,85.68899908,85.3759939,-0.006029048,-0.233794554,3.910259819,85.36647118,85.36881615,-0.00737639,-0.235549021,3.848608266,3851.336492,20.44626573,-0.05013776,0.332782043,1.023456742,46.51474195,46.51580819,0.011626945,-0.502631245,3.591955711,56.98083447,56.9824065,0.010612238,-0.478345953,3.026381367,180.8151664,56.69684372,-0.001787435,-0.54184664,1.88065561,111.5100659,67.85610498,0.092288488,-0.440768325,2.611407677,73.55756291,1.180371354,4.036186443,0.072456312,67.26040034,0.1880,0.1880
1020,E1020_processed,0.185546875,56231.30549,0.205078125,47348.30722,0.234375,45029.10138,0.233008854,0.113485867,0.476226564,0.185546875,56229.48578,0.205078125,47347.79568,0.234375,45028.96042,0.232725818,0.108110734,0.47606458,0.17578125,108749.5577,0.234375,45858.26703,0.400390625,841.2015341,0.213297238,0.090048297,0.444363948,0.17578125,108744.0474,0.234375,45858.00653,0.400390625,841.2002619,0.213122694,0.085948214,0.444263862,0.17578125,4957.570195,0.205078125,3414.22155,0.234375,1841.35831,0.477367881,0.850640263,0.562618179,22.15474234,0.370283317,0.678173857,10.56582516,1.286948842,0.367840251,0.367850164,0.547387291,7.87525083,16.47940985,71.6224673,71.13252894,0.080635296,-0.233817502,3.837129889,71.26588373,71.26780963,0.094237918,-0.205626785,4.116704781,84.74536506,84.70747629,-0.008548255,-0.171674615,3.47934403,84.86194859,84.86420576,-0.00604409,-0.153210703,3.503635385,3860.419483,19.94334153,-0.118393108,0.527960624,1.02197373,44.5436305,44.5448679,-0.067603767,-0.231510878,4.354081802,59.06213872,59.06373218,0.00404253,-0.130385182,3.884844364,55.58904398,54.6021456,0.008224195,-0.262213362,4.408567122,85.29171483,68.97042581,0.071566437,-0.090324499,3.194865149,73.97817053,1.467772662,4.376341463,0.076636629,86.6921314,0.1880,0.1750
1021,E1021_processed,0.185546875,62908.0707,0.205078125,53545.83126,0.244140625,41263.95506,0.235394182,0.113588962,0.482336014,0.185546875,62906.52925,0.205078125,53544.98644,0.244140625,41263.78495,0.235141374,0.108754364,0.482163291,0.17578125,102008.9529,0.302734375,5283.516303,0.52734375,1117.422228,0.213760178,0.0968762,0.451490558,0.17578125,102002.5942,0.302734375,5283.573511,0.52734375,1117.419544,0.21357533,0.092953084,0.451404401,0.185546875,5095.657438,0.302734375,285.6958726,0.537109375,239.2876836,0.503727651,0.879729384,0.578107847,7.502385243,7.254921874,4.764239665,29.32137857,9.634256928,1.923742829,1.923795548,-2.95313174,124.1247625,18.78863459,75.7029652,75.3767529,6.86E-05,-0.325573995,3.500649536,75.47785022,75.47981764,0.005095238,-0.313675302,3.450928743,83.85369318,83.84020436,-0.019335192,-0.063678068,3.794452909,83.94074749,83.94286836,-0.015091766,-0.052359236,3.810021332,3867.24719,20.16688007,-0.05665949,0.60624421,1.024786652,47.37269832,47.3737131,-0.056091286,-0.012403265,4.806713444,61.46124141,61.46216538,-0.24463314,1.575431165,6.647715717,125.9337119,57.3826126,0.005756967,-0.367332568,2.533016215,283.2718068,69.05522505,0.113381397,-0.08628308,1.931555834,77.60068599,1.263173858,4.135765081,0.073850154,77.63740058,0.2000,0.1880
1022,E1022_processed,0.185546875,57458.11576,0.234375,35622.85984,0.21484375,34948.80277,0.233577733,0.121811088,0.487529615,0.185546875,57456.46742,0.234375,35622.92648,0.21484375,34948.49965,0.233273188,0.116484006,0.487364668,0.17578125,98753.79632,0.244140625,40014.27276,0.341796875,3318.491068,0.217440017,0.095209243,0.461499539,0.17578125,98748.62283,0.244140625,40014.28612,0.341796875,3318.496294,0.217270479,0.091428247,0.461382528,0.185546875,4853.467714,0.537109375,259.3981866,0.341796875,234.9055668,0.501294538,0.871394881,0.583535552,22.27880876,0.37433664,-0.161277577,0.101344609,1.057644206,0.374039015,0.374048654,-0.134112591,0.106667704,4.254109768,69.65581726,69.44736829,0.019705605,-0.196356581,3.709473525,69.52760483,69.52939327,0.039328144,-0.153613715,3.794078028,85.58031924,85.25820012,0.020244362,0.069765499,4.118816722,85.35174845,85.35401346,0.030832547,0.072041349,4.054505548,3878.613102,19.90625563,-0.119558699,0.934335895,1.028689095,47.21117107,47.21168487,-0.436217526,3.342913404,7.995989678,58.66515487,58.66657781,-0.017900907,0.038021974,3.672389002,236.5425576,54.13922503,-0.007929205,-0.192467218,1.803736628,84.48507615,68.57989908,0.157965624,-0.060423078,3.587941077,75.30412035,1.437797105,4.16287703,0.082967965,84.35063573,0.1880,0.1880
1023,E1023_processed,0.1953125,76298.20824,0.234375,36405.56582,0.546875,1651.015627,0.232340762,0.119418022,0.48057048,0.1953125,76296.81942,0.234375,36405.47935,0.546875,1651.01499,0.232033169,0.113806555,0.480367781,0.1953125,78367.60536,0.17578125,75801.9367,0.234375,47467.89427,0.215033111,0.097167427,0.463241667,0.1953125,78365.87546,0.17578125,75797.86405,0.234375,47467.68457,0.214840819,0.092827789,0.463084263,0.1953125,4721.692987,0.234375,1670.074044,0.29296875,420.5036319,0.533111286,0.931127111,0.588594221,7.489527834,7.241414489,4.724373553,28.82288652,9.559348812,1.937557663,1.937611479,-2.720202587,122.5563104,18.27040434,71.9985574,71.8926821,-0.035461818,-0.171325022,3.467636006,71.97446118,71.97634257,-0.033476346,-0.166090678,3.498824594,82.23779474,81.25031952,-0.002252353,-0.232614638,3.266514877,81.20382732,81.20608178,0.003891833,-0.234743592,3.350696332,3887.511014,19.33492569,-0.076326087,0.457558809,1.025346214,45.63644913,45.63766397,0.042861143,-0.477880108,3.024990786,57.38413057,57.38559431,-0.050480082,-0.271769253,3.700215529,82.87943098,55.23921678,-0.021124157,-0.432096639,2.802163748,74.82369345,65.87351612,0.120809751,-0.399420442,3.188792424,73.32054833,1.335539506,4.17219858,0.076723216,76.64072827,0.2000,0.2000
1024,E1024_processed,0.185546875,43280.70707,0.21484375,41733.05264,0.234375,41265.53984,0.237705343,0.120839726,0.496663627,0.185546875,43279.21047,0.21484375,41732.70918,0.234375,41265.53036,0.237430164,0.11585888,0.496476663,0.17578125,80035.26903,0.244140625,49859.36164,0.341796875,2423.538962,0.221680393,0.099248672,0.477213383,0.17578125,80030.68671,0.244140625,49859.23939,0.341796875,2423.53789,0.221478898,0.094962878,0.477088076,0.17578125,3642.593994,0.244140625,1573.317593,0.546875,234.9110856,0.558565525,0.941218299,0.613111643,22.39408957,0.406285299,0.108175825,0.93329175,1.167630812,0.404912053,0.404923085,0.075028507,0.719435291,8.959701815,70.64236878,70.60830104,-0.064873876,-0.296939453,3.290087719,70.64276711,70.64470529,-0.060433403,-0.293844909,3.225968311,84.11688685,82.3796187,0.013349514,-0.238690681,3.32425926,82.50761091,82.50975992,0.016772219,-0.240592164,3.449870245,3895.020099,18.9400526,-0.068095195,0.502412046,1.021777449,44.11655809,44.11775286,0.051255521,-0.441161216,2.919869246,56.33852913,56.34007506,0.004641707,-0.490212121,2.982588185,54.69811347,53.40873779,0.005222373,-0.518884372,2.966587079,120.097337,65.66543919,0.078585735,-0.368385233,2.732962787,71.55822926,1.615550626,4.29736211,0.087481591,91.02024353,0.2250,0.1750
1025,E1025_processed,0.1953125,56632.98605,0.234375,48098.12067,0.3515625,2380.056366,0.239831171,0.122010323,0.496219727,0.1953125,56631.98745,0.234375,48097.85877,0.3515625,2380.048192,0.239544065,0.11694634,0.496050741,0.1953125,81812.83649,0.224609375,60915.96565,0.25390625,35185.19739,0.220910575,0.099207094,0.469934083,0.1953125,81811.76033,0.224609375,60916.01519,0.25390625,35185.01276,0.220689939,0.094623543,0.469824175,0.1953125,4417.890129,0.224609375,2687.799186,0.25390625,1239.070056,0.561171479,0.955630779,0.603605498,7.579455262,7.32898558,4.738738577,28.8318769,9.431355226,1.903447051,1.903499709,-3.171536635,126.6979757,18.39332938,72.32648322,72.32321036,-0.073657096,-0.033102806,4.226015373,72.47710978,72.47895834,-0.05436391,0.002107459,4.224560953,83.68107899,81.71050525,0.009277477,-0.113920031,3.748566029,81.75313263,81.75538485,0.015105177,-0.116789211,3.607999726,3895.604506,19.38461779,-0.065935009,0.567735698,1.02486338,44.69358609,44.6946097,0.062617877,-0.304809065,3.493932693,55.63237875,55.63369038,-0.094042841,-0.031865356,4.236558052,64.56509057,54.8209341,-0.031806514,-0.376213188,4.255569239,192.2522037,64.75879477,0.104795943,-0.237320129,2.066018183,71.36326535,1.422275296,4.236582506,0.079241435,79.12642347,0.2000,0.2000
1026,E1026_processed,0.1953125,57171.76412,0.21484375,49153.67242,0.244140625,42601.98469,0.242592155,0.126086451,0.495387661,0.1953125,57170.72375,0.21484375,49153.41092,0.244140625,42601.96296,0.242271551,0.120485277,0.495170018,0.185546875,74999.52228,0.234375,57013.44547,0.21484375,53681.3385,0.224238733,0.104615641,0.478612719,0.185546875,74997.24661,0.234375,57012.97829,0.21484375,53680.36047,0.223969928,0.099404777,0.478505313,0.185546875,3985.766917,0.21484375,3085.001376,0.234375,2119.88505,0.576766702,0.965522622,0.61950898,22.4988038,0.431730638,0.630514894,6.173335682,1.250576308,0.426563392,0.426574757,0.435642556,4.485984206,12.54109596,74.48772599,74.48134031,-0.128692951,-0.274724156,3.319806139,74.4670135,74.46907559,-0.126705926,-0.274397323,3.360345712,84.99620907,83.40004639,0.018619413,0.036880773,3.681123704,83.65695734,83.65922948,0.015714536,0.036175183,3.627061526,3892.009039,19.93003901,-0.100284541,0.793301295,1.024673263,44.41912465,44.42030396,0.089607894,-0.459123769,3.227117671,57.61267978,57.61398978,0.15156469,0.698454913,5.775154284,55.61098851,55.0263198,-0.052581937,-0.524140369,2.972308506,323.385638,66.37730176,0.146312563,0.03360943,1.714031597,72.74981253,1.691732824,4.186682243,0.096514324,97.46747763,0.2250,0.1880
1027,E1027_processed,0.21484375,49486.89556,0.25390625,27004.16493,0.537109375,2299.186063,0.245558622,0.132534512,0.501223234,0.21484375,49486.4633,0.25390625,27004.24505,0.537109375,2299.186457,0.245172964,0.126150234,0.500972226,0.21484375,74885.66839,0.17578125,58100.07109,0.37109375,1619.584145,0.224551463,0.106173985,0.47647273,0.21484375,74885.12167,0.17578125,58097.04973,0.37109375,1619.582599,0.224255725,0.100418258,0.476333347,0.21484375,3754.537124,0.17578125,2547.375046,0.302734375,369.6160052,0.592692702,0.980373154,0.621773855,7.567737163,7.316347877,4.703189921,28.41452768,9.443039374,1.921658165,1.92171141,-2.967902566,124.1824811,18.26489331,68.40646049,68.36996629,-0.117494412,-0.022842756,3.704390027,68.36040566,68.36229946,-0.108862541,-0.019700342,3.757468361,81.16805787,79.67036781,-0.049904298,-0.041826093,3.888041901,79.82943624,79.83141727,-0.041615714,-0.03835243,4.045127402,3888.69247,18.65693056,-0.148297664,0.888438105,1.024007383,40.66591171,40.66690788,-0.011323096,-0.154157298,4.355951918,55.0695199,55.07035632,-0.253192894,1.840425575,6.834541209,72.12488471,50.23455382,-0.021228301,-0.278948851,2.84989581,318.1801039,62.94802984,0.05960176,0.068116332,1.793967253,68.45831974,1.49988438,4.223422501,0.084086974,82.59916726,0.2130,0.2130
1028,E1028_processed,0.185546875,50492.02622,0.234375,50351.70146,0.3515625,2517.56469,0.246424019,0.130651153,0.504026011,0.185546875,50490.56467,0.234375,50351.54355,0.3515625,2517.564361,0.246084167,0.12499716,0.503822498,0.185546875,75358.34791,0.234375,45007.03657,0.2734375,19634.26291,0.22170981,0.109905321,0.48089599,0.185546875,75355.60931,0.234375,45006.93373,0.2734375,19634.21797,0.221425781,0.104433665,0.480719328,0.185546875,3861.422597,0.52734375,312.4455358,0.33203125,249.1552779,0.62565535,1.021644309,0.633920663,22.56441395,0.450937868,1.365834649,16.96431418,1.317438426,0.44254346,0.442555726,0.910018008,11.15863722,15.12111675,74.44780224,74.42853381,-0.139408562,-0.200359687,3.471534179,74.44093234,74.44299712,-0.134617175,-0.204525173,3.44405961,82.99839194,80.90455125,0.018182957,-0.003145092,3.866914918,80.99854978,81.00075042,0.016059551,-0.009824349,4.054327329,3891.039874,19.43935824,-0.138616975,1.058806209,1.023633509,44.20002825,44.20122259,0.060099615,-0.433096998,2.898098573,56.14945057,56.15095793,0.003261976,-0.106267508,3.763044115,102.0542335,54.67113488,-0.004619948,-0.515705973,2.523391485,67.59394827,64.9459593,0.117716825,-0.149080123,3.290956036,71.46102543,1.721739243,4.251184834,0.095268078,96.67730779,0.2250,0.1880
1029,E1029_processed,0.205078125,48299.2187,0.185546875,46772.0815,0.244140625,39666.19684,0.244268594,0.133006624,0.505910342,0.205078125,48298.56695,0.185546875,46770.00237,0.244140625,39666.00716,0.243931432,0.127539634,0.505729805,0.17578125,66199.81143,0.21484375,50545.18297,0.244140625,41474.71822,0.218715351,0.105780567,0.475313097,0.17578125,66197.03832,0.21484375,50544.90054,0.244140625,41474.85726,0.218458122,0.100906674,0.475239553,0.185546875,3426.016544,0.205078125,2707.008147,0.244140625,1531.777548,0.593569181,0.984142291,0.625582165,7.539836882,7.288533411,4.676076725,28.12392365,9.571750971,1.934886252,1.93493962,-2.72540847,122.5134947,18.71458363,72.02321271,72.02502096,-0.130621953,-0.210218329,3.724930476,72.10149093,72.10334587,-0.131751933,-0.220892108,3.754076814,84.03742208,80.7062734,0.024332813,-0.191766683,3.870236401,80.92782257,80.92998877,0.037259658,-0.163979392,3.738121282,3898.126612,19.48047419,-0.111415355,0.570922718,1.023648716,44.43634065,44.43739046,0.011133305,-0.404634343,3.325950931,58.73045388,58.73137981,-0.326698967,2.29852057,7.306931845,169.1245021,53.87967501,-0.053126124,-0.57135275,1.825534843,346.9282098,65.50902508,0.036201145,0.038431495,1.680283383,73.64819512,1.586918492,4.254889536,0.087655272,93.20191267,0.2130,0.1880
1030,E1030_processed,0.21484375,55144.75785,0.185546875,51537.02492,0.25390625,41750.87901,0.242678926,0.121327381,0.491897902,0.21484375,55144.38411,0.185546875,51535.15739,0.25390625,41750.69766,0.24237464,0.116113438,0.49176802,0.185546875,79354.81314,0.224609375,49867.71254,0.15625,39634.4229,0.219800758,0.099195848,0.467979463,0.185546875,79352.44968,0.224609375,49867.4977,0.15625,39628.09921,0.219570761,0.094215186,0.467823876,0.185546875,3997.597317,0.21484375,2651.883642,0.546875,223.9096829,0.558646399,0.94729116,0.606008521,22.56368155,0.400360661,0.362620195,2.879713644,1.201938564,0.397618229,0.397629267,0.253328605,2.152192675,10.93534135,72.14554464,72.12568478,-0.115308531,-0.018977868,3.781303494,72.24333882,72.24530312,-0.10513351,-0.030049117,3.793136628,82.24525181,78.06254938,0.026106282,-0.215131236,3.638905632,78.04705567,78.04922108,0.026116922,-0.21420539,3.501899462,3904.703666,18.73561171,-0.048630134,0.503906575,1.019991206,43.9950491,43.99597321,-0.09960942,0.529836806,5.615024583,52.77338876,52.77478344,0.003750468,-0.339590162,3.420735269,236.6828127,53.60489169,-0.095658369,-0.245679307,1.609749703,68.46761126,61.89114006,0.111094614,-0.378894329,3.508594553,68.7082486,1.584486574,4.232235294,0.088460411,83.62093583,0.2250,0.1880
1031,E1031_processed,0.21484375,56089.21751,0.1953125,52179.62183,0.341796875,2882.777518,0.23935409,0.1185029,0.49007204,0.21484375,56089.08971,0.1953125,52178.53262,0.341796875,2882.786662,0.239076,0.11354798,0.489929941,0.185546875,64401.41362,0.234375,47051.03426,0.322265625,3454.868508,0.221897846,0.095429543,0.47236596,0.185546875,64399.14958,0.234375,47050.90619,0.322265625,3454.869675,0.221690509,0.090767045,0.472225122,0.185546875,3366.234781,0.21484375,2388.839105,0.322265625,299.8423989,0.523422982,0.899613408,0.599957898,7.598881907,7.347765372,4.725667879,28.61662551,9.491562033,1.908795753,1.908848754,-3.200708841,126.1027617,18.81395315,71.28059153,71.27193475,-0.0763712,-0.240947893,3.283965172,71.35732323,71.35925449,-0.075380357,-0.239096699,3.264963767,82.49412945,78.89274957,-0.006155522,-0.255961804,3.628061681,78.88289206,78.88507324,-0.006431759,-0.254339995,3.484329361,3903.419082,18.80623399,-0.069147887,0.353130072,1.022211737,44.33351636,44.33448533,0.171336526,0.269975836,5.600286746,52.76418416,52.76560604,0.02075441,-0.255031985,3.551375372,203.620738,53.55002926,-0.020971866,-0.44813925,1.789530798,79.21418592,62.03279962,0.117356086,-0.367204875,2.900455034,68.91847191,1.610261274,4.226068302,0.090161956,84.96641203,0.2250,0.1880
1032,E1032_processed,0.1953125,44150.70216,0.224609375,39606.72118,0.166015625,32412.42867,0.24019247,0.126970981,0.503351489,0.1953125,44149.69324,0.224609375,39606.6826,0.166015625,32409.76981,0.239881573,0.121686083,0.503159394,0.166015625,75559.43718,0.185546875,70164.81473,0.224609375,40222.53778,0.214370929,0.101333996,0.466038451,0.166015625,75552.62731,0.185546875,70162.41331,0.224609375,40222.35179,0.214132077,0.096319762,0.465884582,0.185546875,3377.585398,0.166015625,3064.757033,0.224609375,1771.654363,0.558058823,0.95294671,0.60797479,22.52879395,0.429606717,0.592624436,5.89518353,1.233220476,0.426976565,0.426987069,0.421058659,4.433566819,11.96138326,68.64052299,68.63955702,-0.051575018,-0.216557301,3.847329806,68.65916477,68.66105104,-0.05057854,-0.220309316,3.890436538,81.2512293,78.39530493,0.080800205,-0.178238891,3.891572014,78.31167215,78.31381805,0.073944472,-0.180544346,3.746175887,3899.301485,18.54007475,0.019983746,0.543316668,1.026500699,42.90212717,42.90319744,0.011983751,-0.296403976,3.452419667,55.56291678,55.56444073,-0.022643539,-0.304581362,3.13751051,137.7931772,51.6350315,-0.016105013,-0.487928905,1.917261481,68.13690698,63.61123382,0.111820962,-0.361427971,3.358122917,70.20036627,1.665873393,4.275238095,0.091142593,92.5633234,0.2250,0.1880
1033,E1033_processed,0.1953125,61721.56033,0.224609375,47017.18429,0.29296875,8591.017473,0.2375951,0.117502914,0.484509742,0.1953125,61720.31511,0.224609375,47016.88105,0.29296875,8591.035046,0.237309711,0.11223913,0.484325405,0.1953125,69908.84881,0.25390625,27917.67623,0.3125,3505.735303,0.217942587,0.096925757,0.468399315,0.1953125,69907.61736,0.25390625,27917.71384,0.3125,3505.757355,0.217726635,0.092464029,0.468317339,0.1953125,4082.075853,0.283203125,526.894335,0.546875,175.8190442,0.519275028,0.898635596,0.591887132,7.513036984,7.263351077,4.699917127,28.47154512,9.597072017,1.939080723,1.939134578,-2.714295032,121.9441676,18.63516377,71.11555948,71.05622288,-0.023058528,-0.260708138,3.676049544,71.05308082,71.05503825,-0.017955042,-0.262078191,3.812143566,78.68726981,77.04715121,0.035069597,-0.043585826,3.565028634,77.20723265,77.20910874,0.013680412,0.001478516,3.6965785,3888.807067,18.87106644,0.019692609,0.661734246,1.027186598,43.07628253,43.07740432,0.059436189,-0.315513169,3.522836891,54.28017862,54.28138066,0.231282351,1.324633702,6.684539534,136.6465982,52.86925916,-0.033216103,-0.501907182,2.129202659,367.8576733,61.81343381,0.180747348,0.164288016,1.518066069,69.29741012,1.655876532,4.248540515,0.091737822,89.88326436,0.2000,0.2000
1034,E1034_processed,0.1953125,51613.98469,0.234375,47450.29603,0.37109375,1770.003265,0.23690199,0.121378631,0.489976287,0.1953125,51612.72467,0.234375,47450.16903,0.37109375,1770.004654,0.236607558,0.11614974,0.489798749,0.1953125,74553.32608,0.224609375,46305.33891,0.2734375,14767.25745,0.21557363,0.099323891,0.468785372,0.1953125,74551.70945,0.224609375,46305.11686,0.2734375,14767.26596,0.215371838,0.094965643,0.468634912,0.1953125,3945.984341,0.2734375,706.1597874,0.546875,228.9419624,0.541570464,0.928321483,0.602116527,22.44170627,0.407278866,-0.010997828,0.231483469,1.073595016,0.406171095,0.406182296,-0.036068767,0.181830724,3.883958289,70.65828621,70.44279483,0.012390645,-0.206211796,3.473975144,70.49616061,70.49798732,0.015129849,-0.202830441,3.580006277,80.54849674,79.86429516,0.028547059,0.005765839,4.008153138,79.87015066,79.87234621,0.027596376,0.003592155,3.906019744,3877.576842,19.16906223,-0.077383563,0.964793776,1.026566452,44.26831155,44.26931032,0.096408695,-0.201229289,4.791489537,56.39137793,56.3929265,-0.00676118,-0.148309614,3.692689687,183.1364089,53.25396068,-0.000831967,-0.514490887,1.916422058,69.8228188,64.66203874,0.121004087,-0.201606476,3.227108871,71.693333,1.572122903,4.462034739,0.078962447,88.65661132,0.2250,0.1880
1035,E1035_processed,0.205078125,69216.72984,0.341796875,2191.13415,0.556640625,1307.457333,0.230797926,0.114930114,0.47527082,0.205078125,69215.8213,0.341796875,2191.133802,0.556640625,1307.457457,0.230551197,0.110125182,0.475082621,0.185546875,89274.14245,0.15625,47235.45197,0.234375,43684.31914,0.213647451,0.096825958,0.463964995,0.185546875,89271.35588,0.15625,47228.02914,0.234375,43684.1541,0.213451559,0.092451012,0.46381443,0.185546875,4710.504253,0.234375,1835.226872,0.283203125,528.8438458,0.512670909,0.897579123,0.584160847,7.502014901,7.252792072,4.709589965,28.62528848,9.614118334,1.943314398,1.943368178,-2.747291674,121.8878866,18.61352796,76.16247688,75.81330742,0.089916701,-0.306019935,3.536338116,75.81121524,75.81330502,0.094108779,-0.30154856,3.66033839,83.15384117,82.9359794,-0.014780678,-0.264334216,3.318196443,82.88336723,82.88566485,-0.011179541,-0.26082604,3.42431846,3869.146904,20.1207681,-0.067216252,0.521207035,1.022288607,48.06821196,48.06954723,-0.008017124,-0.582983278,3.053088221,58.47322349,58.47482589,0.00911378,-0.425343734,3.055278862,69.1004128,58.07401529,-0.044379905,-0.582678977,2.938338925,72.78923291,67.1168152,0.150684009,-0.458621131,3.524126811,75.69667518,4.330387,25.5,0.006659572,253.2186259,0.2000,0.1880
1036,E1036_processed,0.1953125,75697.60875,0.537109375,1560.479934,0.595703125,1133.016001,0.229275345,0.120439521,0.478745616,0.1953125,75695.49626,0.537109375,1560.481214,0.595703125,1133.012823,0.228994719,0.115649408,0.47864011,0.1953125,99346.35224,0.17578125,89968.99503,0.234375,42197.70257,0.212228574,0.095662549,0.460403624,0.1953125,99343.81729,0.17578125,89963.41553,0.234375,42197.60842,0.212047326,0.091742488,0.460302581,0.1953125,5494.034611,0.2734375,586.4752638,0.537109375,324.9061644,0.503284673,0.874047196,0.5824337,22.33404419,0.404195988,-0.107906045,0.055452054,1.110426208,0.403337765,0.403348712,-0.105362098,0.045569801,6.003414783,75.59720424,75.13298728,0.104777441,-0.225419211,3.994572988,75.22663631,75.2286492,0.12778357,-0.167055132,4.242661606,86.43333625,86.39203584,0.03951709,-0.250858117,3.728396172,86.5565361,86.55893849,0.03065141,-0.257142069,3.681626741,3862.68182,20.81933821,-0.022953433,0.495956139,1.028736014,51.17365672,51.17449551,-0.355368691,2.316736932,7.576274111,62.51860688,62.52025316,-0.060246912,-0.118072876,4.337263743,214.525042,58.97496171,0.003752353,-0.292166311,2.219373808,206.9595086,70.9105661,0.159072367,-0.356015012,2.084698435,80.79363246,1.556274841,4.526010101,0.075972297,97.29869704,0.2000,0.2000
1037,E1037_processed,0.1953125,65371.63995,0.3515625,2207.962355,0.380859375,1769.466071,0.230393911,0.125368016,0.483996755,0.1953125,65370.28918,0.3515625,2207.961316,0.380859375,1769.463925,0.23007225,0.119768494,0.483787629,0.185546875,73564.44182,0.205078125,70394.68643,0.3515625,2524.922544,0.215360491,0.104069234,0.47572053,0.185546875,73561.84082,0.205078125,70393.67754,0.3515625,2524.926858,0.215154857,0.099776626,0.475552083,0.1953125,4045.538209,0.546875,342.3823925,0.517578125,193.5316704,0.540211532,0.927156612,0.603900788,7.582014016,7.332940006,4.785892862,29.42974524,9.518505353,1.900437702,1.900490501,-3.350160979,127.0324212,18.91023851,74.22387547,73.68494878,0.154278167,-0.203446573,3.624633695,73.71028736,73.71233452,0.155612961,-0.202906114,3.781056825,85.41638023,85.41874359,0.0753095,-0.039408969,4.293776194,85.39666391,85.39903589,0.076445018,-0.040038786,4.269388477,3858.181149,20.44969154,0.055456475,0.877887528,1.033414385,48.23518448,48.23650615,-0.019199843,-0.44553665,3.138516564,62.00822181,62.00980877,-0.007617357,-0.194183879,3.517297419,88.91665581,57.31071277,-0.039214209,-0.438578527,2.80781735,106.5230799,69.90267418,0.111887905,-0.216620167,2.728477815,78.56193041,2.071813992,7.874450511,0.033412598,128.4727895,0.2000,0.2000
1038,E1038_processed,0.205078125,67551.76641,0.283203125,8368.240316,0.33203125,2666.048522,0.231558161,0.120973347,0.475661391,0.205078125,67550.75852,0.283203125,8368.244065,0.33203125,2666.049005,0.23125788,0.11562689,0.47548726,0.185546875,103086.9879,0.205078125,90352.5246,0.234375,48592.06229,0.216097167,0.095071122,0.463810978,0.185546875,103083.4838,0.205078125,90351.48123,0.234375,48591.86735,0.215911079,0.090819956,0.463667928,0.185546875,5140.21982,0.205078125,4918.275617,0.234375,2212.091208,0.487505586,0.852385306,0.576757161,22.26569471,0.414338262,-0.064351495,0.476841967,1.108873463,0.413562561,0.41357355,-0.068614835,0.434476356,5.765556662,75.31515419,74.69025983,0.14553716,-0.312152292,3.603860643,74.67164491,74.6737194,0.140567777,-0.318553258,3.780758149,88.25965763,88.21191437,0.035927935,-0.125227692,3.675575781,88.20516429,88.20760428,0.0310948,-0.121481505,3.709395599,3853.95255,20.99633658,0.021595547,0.601862041,1.026661395,47.75035576,47.75168237,0.004229875,-0.499949884,4.080843702,61.04892041,61.05055611,0.017278104,-0.245984129,3.472978981,99.38734951,57.49316046,-0.014611182,-0.529481258,2.825910757,91.35454049,70.82530072,0.150540294,-0.185582872,3.110728926,77.50737752,1.635284473,4.626356589,0.076403826,99.83502647,0.2000,0.1880
1039,E1039_processed,0.1953125,82776.63364,0.21484375,63238.55547,0.263671875,16516.14708,0.231304083,0.116875656,0.473699614,0.1953125,82774.91197,0.21484375,63237.57038,0.263671875,16516.16103,0.231024224,0.111758592,0.473548486,0.1953125,91887.55398,0.234375,41769.79227,0.263671875,28753.17925,0.218592881,0.093714212,0.470537659,0.1953125,91885.63247,0.234375,41769.61665,0.263671875,28753.21309,0.218419453,0.08967217,0.470400337,0.1953125,5261.430607,0.263671875,1132.987301,0.302734375,349.5454683,0.494360308,0.860049211,0.579994099,7.53810628,7.290200862,4.781158307,29.46734614,9.468434956,1.91382478,1.913877882,-3.233035448,125.8659004,18.46351587,73.88514018,73.13518903,0.137768771,-0.060625952,3.519433534,73.20932826,73.21126543,0.141207839,-0.064684223,3.681316602,86.99948895,86.81440432,0.041358155,-0.338745815,3.303706533,86.80143658,86.8038392,0.036177277,-0.340255865,3.36185071,3849.627712,20.24878413,-0.006514084,0.397145438,1.023663064,47.3821283,47.38319877,-0.072672383,0.007635299,4.652854963,59.42168424,59.42329443,-0.017584263,-0.365492967,3.39401303,229.0425668,56.38717759,-0.072104661,-0.267222586,1.661858879,90.88865155,69.12835843,0.086003445,-0.416496594,3.150804635,76.0019437,2.057404864,7.936979136,0.032659481,122.257775,0.2000,0.2000
1040,E1040_processed,0.1953125,63286.06761,0.25390625,34605.3252,0.29296875,5356.948475,0.231655034,0.118659227,0.48287093,0.1953125,63284.70445,0.25390625,34605.27643,0.29296875,5356.942674,0.231382077,0.113674575,0.48270723,0.185546875,77751.86638,0.224609375,49218.96887,0.33203125,2704.637908,0.216357031,0.095429853,0.471499255,0.185546875,77749.57986,0.224609375,49218.66037,0.33203125,2704.651818,0.216191764,0.091764925,0.471400696,0.1953125,4224.779347,0.29296875,373.3156741,0.546875,248.2519031,0.51914592,0.899634981,0.591692895,22.21382007,0.397158355,-0.099988484,0.088957445,1.058749325,0.396553673,0.396564669,-0.09216904,0.078163797,3.883631191,72.66040359,71.74855849,0.126875065,-0.266836576,3.268199573,71.74016732,71.74212709,0.127214247,-0.266511031,3.467807352,84.22192504,83.86091422,0.015076108,-0.090242845,3.415944125,84.08681075,84.08913583,-0.003816597,-0.094017526,3.501791337,3846.000836,19.64985049,-0.030644718,0.610434047,1.025570682,45.80173967,45.80300338,-0.023722519,-0.477756195,2.847195636,59.71079476,59.71241394,0.001579394,-0.027048779,3.409608708,62.9455251,55.12040373,-0.030308816,-0.448547273,2.835430407,188.3201395,68.42389216,0.136543189,0.065142099,2.426060287,75.25614591,1.545897447,4.529722922,0.075342045,92.30926826,0.2000,0.1880
1041,E1041_processed,0.205078125,66794.78457,0.361328125,1638.238064,0.390625,1570.816463,0.233302102,0.120946102,0.481519011,0.205078125,66793.90407,0.361328125,1638.240819,0.390625,1570.815665,0.233048361,0.116366104,0.481350671,0.185546875,99989.24397,0.361328125,1800.578211,0.537109375,899.8785218,0.216338934,0.094290618,0.4681061,0.185546875,99986.07207,0.361328125,1800.569124,0.537109375,899.8809098,0.216156294,0.090222633,0.468009078,0.185546875,4823.736922,0.205078125,4602.399671,0.556640625,260.7696041,0.490994664,0.855713204,0.580099275,7.53298584,7.285561094,4.787339017,29.55118576,9.457272656,1.913794173,1.913847333,-3.197625016,125.764625,18.39703974,74.55974761,73.50149497,0.130506911,-0.333732974,3.59056929,73.55328509,73.55521796,0.133652938,-0.333884964,3.819874813,87.42918191,86.90321091,0.023717778,-0.300495136,3.787289584,86.97959193,86.98188886,0.013306012,-0.284433645,3.915979207,3842.870175,20.41009812,0.004630944,0.354846423,1.02364119,46.6588142,46.66004714,0.001668146,-0.44988825,3.609296818,61.86966146,61.87090132,0.120042524,0.856722646,5.840829936,145.5220809,56.22180086,-0.038041661,-0.546355585,2.218681452,212.733578,70.15789308,0.104575684,-0.181053437,2.198952651,77.49302181,2.050973343,7.986560408,0.032154403,126.8955693,0.2130,0.2000
1042,E1042_processed,0.205078125,53872.07616,0.556640625,1219.281485,0.390625,1135.266954,0.233070257,0.124406841,0.49063645,0.205078125,53871.28905,0.556640625,1219.282155,0.390625,1135.265347,0.232764348,0.119068448,0.490463593,0.1953125,73837.57781,0.17578125,64196.71859,0.234375,37606.24369,0.215244419,0.100193856,0.477111507,0.1953125,73836.12001,0.17578125,64193.18208,0.234375,37606.18547,0.21506297,0.096270841,0.476971801,0.1953125,3962.399624,0.234375,1623.455787,0.537109375,258.8427185,0.540024131,0.92347516,0.606258371,22.24038695,0.409724727,-0.014605655,0.401114325,1.093247301,0.409125518,0.409136549,0.001717526,0.383737921,4.680057897,69.12505337,67.77949839,0.110455664,-0.165043466,3.450744533,67.82596407,67.82783246,0.110328308,-0.166300049,3.642812781,80.90545382,80.0942861,-0.001136529,-0.208699785,3.370255985,80.07757306,80.07979765,-0.01007744,-0.205972215,3.275203679,3841.192786,18.69892072,-0.082688964,0.760708244,1.023123498,43.82576781,43.82692955,0.0010234,-0.298518383,3.682903384,57.98245611,57.98405386,0.044027975,-0.117320993,3.378990086,75.34483517,52.26968744,-0.016264442,-0.330825134,2.89742846,65.30991079,65.31164079,0.104483111,-0.242919305,3.301486177,72.68390644,1.586656331,4.813136729,0.06848989,92.00076613,0.2000,0.2000
1043,E1043_processed,0.1953125,51295.04132,0.25390625,18716.00492,0.33203125,2794.834465,0.229460766,0.122750258,0.490004473,0.1953125,51293.95531,0.25390625,18716.02908,0.33203125,2794.837869,0.229148088,0.117177001,0.489807925,0.185546875,82327.83613,0.244140625,26439.72471,0.341796875,2022.107481,0.210403428,0.096379118,0.464989694,0.185546875,82324.81162,0.244140625,26439.64854,0.341796875,2022.11795,0.210219186,0.092318779,0.464876621,0.185546875,4108.700594,0.244140625,1011.908615,0.29296875,352.2389775,0.537684327,0.925220642,0.594957848,7.546550745,7.298097579,4.769167211,29.29638911,9.428563115,1.912516054,1.912569146,-3.124016561,124.3416946,18.4056926,67.49872574,65.96774475,0.104148297,-0.172549656,3.875773019,66.00476462,66.0065437,0.109590555,-0.171043875,4.046266872,79.07018563,78.11316414,0.006720723,0.146284871,4.255323385,78.1777126,78.17982304,0.001627135,0.143061827,4.443701719,3839.580574,18.32377539,-0.135551119,1.281620382,1.030967921,44.09301958,44.09414873,-0.023862633,-0.406098898,3.223879677,58.31711869,58.31847902,-0.053727606,0.115567746,4.149274604,97.13076832,51.68407731,0.029960062,-0.402634756,2.472011593,204.1767988,64.88691056,0.111415234,-0.01671173,2.247890689,73.11182495,2.037770499,8.07621018,0.031242088,118.8396761,0.2000,0.1880
1044,E1044_processed,0.1953125,63812.94558,0.25390625,19288.92817,0.546875,1534.798395,0.2288825,0.117164477,0.4806853,0.1953125,63811.8926,0.25390625,19288.88754,0.546875,1534.800345,0.228583955,0.111646626,0.480527446,0.1953125,82042.92032,0.224609375,43224.82283,0.25390625,29199.87479,0.211641716,0.094200039,0.469386612,0.1953125,82041.33679,0.224609375,43224.73681,0.25390625,29199.83109,0.211443843,0.089744605,0.469280192,0.1953125,4578.013338,0.224609375,1785.802229,0.25390625,761.612001,0.513831147,0.902734661,0.583014604,22.29390277,0.416091558,-0.077208762,-0.159311784,1.067829498,0.415715087,0.41572639,-0.076983125,-0.160455062,3.511430371,68.8373408,67.28684322,0.060139841,-0.278293599,3.630752831,67.3353343,67.33719734,0.064510224,-0.279382547,3.796800636,78.95231929,77.9083146,-0.036996404,-0.200789872,3.405887787,78.01876062,78.02092638,-0.031681514,-0.203636911,3.313835166,3838.908946,17.87574184,-0.131129154,0.487615098,1.018570759,45.1144394,45.11553009,0.025387273,-0.234059071,3.875294907,57.98873552,57.99028578,0.000181301,-0.328818065,3.344332019,131.8616363,52.64022196,-0.019313862,-0.421495125,2.166943217,141.52332,64.67264438,0.127625883,-0.353402714,2.195480497,73.4730175,1.605544215,4.932967033,0.065979017,93.10596785,0.2000,0.2000
1045,E1045_processed,0.205078125,42899.03561,0.185546875,41038.6186,0.33203125,2579.958311,0.229152236,0.115587904,0.489503973,0.205078125,42898.51941,0.185546875,41037.29621,0.33203125,2579.958282,0.228925732,0.111297,0.489360483,0.185546875,60867.44636,0.244140625,26368.55191,0.3515625,1617.636449,0.211448718,0.092669732,0.468471937,0.185546875,60865.34116,0.244140625,26368.4514,0.3515625,1617.637888,0.211297135,0.089040958,0.468337479,0.185546875,3114.038768,0.556640625,174.4335162,0.341796875,133.206764,0.487423985,0.855115873,0.583399633,7.589942508,7.340750333,4.779628236,29.3347266,9.363015717,1.894138293,1.894190841,-3.356688551,128.3407339,18.60849974,65.54674823,63.80602343,0.04659244,-0.225169648,3.343551372,63.81293457,63.81470617,0.0450838,-0.226060288,3.656508223,73.62555301,72.39283579,-0.035340293,0.036647777,4.118346655,72.36115906,72.36311715,-0.037474844,0.041604316,4.00807439,3838.010809,16.70699092,-0.092355243,0.969697231,1.023453579,42.66126016,42.66239609,0.020531828,-0.449398647,3.272834341,54.15747755,54.15875347,0.010624774,-0.092524867,3.794856222,77.16616927,49.905435,0.034739461,-0.498495384,2.622330614,110.0543603,60.07554758,0.149537308,-0.21128055,2.887497415,68.94382218,2.043340718,8.154698896,0.030727337,110.6647862,0.2130,0.1880
1046,E1046_processed,0.185546875,40735.24559,0.234375,35088.23212,0.302734375,4094.081349,0.231154699,0.119192349,0.488870528,0.185546875,40733.99292,0.234375,35088.17357,0.302734375,4094.091422,0.230858553,0.113691211,0.488676951,0.185546875,60634.25595,0.21484375,40255.39051,0.15625,36800.22708,0.212913244,0.100050585,0.478037904,0.185546875,60631.77197,0.21484375,40254.91709,0.15625,36794.40272,0.212716364,0.095855783,0.477917455,0.185546875,3025.636127,0.15625,1336.405792,0.244140625,724.3173116,0.558307721,0.964280843,0.611413636,22.34865401,0.395407299,-0.065112108,-0.192220809,1.064224852,0.39506294,0.395073627,-0.068621087,-0.194900977,3.972831012,63.79675603,62.02098226,-0.012383355,-0.211953393,4.021535827,62.04511911,62.04681547,-0.011005631,-0.204298763,3.851839186,73.64387721,72.34472257,-0.007005104,0.09022919,4.630620127,72.40216354,72.40415248,-0.007222955,0.087918047,4.737475668,3837.442882,16.26728665,-0.097364565,1.385465491,1.031046122,41.32976696,41.33086931,0.074982684,-0.274487839,4.383603074,54.53369021,54.5350775,0.0274733,-0.060938164,4.008182443,48.66229077,48.35370373,-0.030540096,-0.351385107,3.691664994,174.1077951,60.10061827,0.104178774,-0.148624552,2.095944357,68.42744651,1.512137067,4.975,0.061094904,82.46451212,0.2250,0.1880
1047,E1047_processed,0.17578125,40578.15297,0.234375,26815.30517,0.546875,1337.927638,0.229560654,0.121455909,0.491015258,0.17578125,40575.7793,0.234375,26815.21946,0.546875,1337.927751,0.229285557,0.11642956,0.490815415,0.17578125,67330.82827,0.234375,32486.3158,0.33203125,2239.087293,0.21059622,0.099721492,0.47308777,0.17578125,67327.02239,0.234375,32486.24109,0.33203125,2239.064343,0.210363652,0.094846414,0.472985725,0.17578125,3174.387114,0.234375,1114.904809,0.29296875,307.2067155,0.544929108,0.93449218,0.604251536,7.637401936,7.38693287,4.785010221,29.31270814,9.293262237,1.885915841,1.88596815,-3.610424676,131.3509704,18.70196343,63.24018856,61.42252138,-0.037798642,-0.403114877,3.448626814,61.50000957,61.50164669,-0.039504333,-0.3908363,3.311158491,72.0096793,70.68066861,-0.005434472,-0.150209033,3.473628301,70.77565718,70.77756011,-0.008698565,-0.159939714,3.680092912,3837.162953,16.1454008,-0.078323079,0.470385802,1.020428595,41.57315329,41.57430706,0.024475123,-0.475096519,3.071093327,54.80139696,54.80258185,-0.105895009,0.003889748,4.68124352,49.08176502,48.58076993,0.030410771,-0.484344022,3.39703123,230.9899523,59.5299299,0.085296021,-0.330191433,1.829128071,68.78768774,1.577103906,4.775436655,0.069156679,86.42936592,0.1880,0.1750
1048,E1048_processed,0.1953125,47468.53204,0.15625,14494.01864,0.546875,1399.040624,0.23275543,0.124675011,0.491178206,0.1953125,47467.58202,0.15625,14491.48553,0.546875,1399.038559,0.232420632,0.118845965,0.490977755,0.185546875,58378.41439,0.15625,33753.78141,0.234375,31997.14877,0.214028062,0.103732186,0.478686062,0.185546875,58376.52001,0.15625,33748.39041,0.234375,31996.87818,0.213772254,0.098420708,0.478526951,0.1953125,3057.42554,0.15625,1262.737438,0.302734375,232.0452897,0.598001182,1.011452396,0.617934589,22.42209867,0.411711191,0.036211074,0.674536767,1.152377188,0.41140057,0.411410567,0.027742277,0.541081645,8.028652131,62.97690687,61.10641214,-0.069664983,-0.310744662,3.277596984,61.15154196,61.15321231,-0.064589169,-0.306524222,3.597823999,70.43086966,69.02764723,0.008111656,0.096119288,3.825470867,69.05977387,69.06162331,0.008695556,0.091181719,4.099886201,3837.132568,15.89766153,-0.090738899,1.262533849,1.023899574,40.88087041,40.88198388,0.058080672,-0.345233741,3.307318016,51.7678418,51.76908055,0.021961521,-0.070976357,3.703148794,47.73700858,47.69792907,-0.043610631,-0.419651932,3.857040456,146.091582,57.00438724,0.155473616,-0.126641658,2.205448404,65.96494756,1.621247835,4.947107438,0.066244027,83.93050975,0.2000,0.1880
1049,E1049_processed,0.205078125,44789.9289,0.546875,1161.193161,0.517578125,852.9735735,0.2295275,0.132639571,0.493548428,0.205078125,44789.29144,0.546875,1161.191903,0.517578125,852.971027,0.229033727,0.124869702,0.493394328,0.166015625,45154.65708,0.185546875,45133.58995,0.224609375,38974.85465,0.213457143,0.108439648,0.478627534,0.166015625,45150.50101,0.185546875,45131.99598,0.224609375,38974.65451,0.21312443,0.10183781,0.478432162,0.185546875,2499.17047,0.322265625,166.7815074,0.537109375,144.9056103,0.660446681,1.076782698,0.637615001,7.612966373,7.362337728,4.75846616,29.02758096,9.311482085,1.902466674,1.902519509,-3.338848208,126.9507344,18.52019301,63.11207021,61.11697769,-0.045543083,-0.121489377,3.606831454,61.32314818,61.32471811,-0.02069312,-0.090700436,3.57972812,72.66637816,71.19809626,-0.063353531,-0.027721084,3.711415607,71.15486631,71.1568338,-0.065616298,-0.025472167,3.731171455,3836.626345,16.33947535,-0.181513689,1.473660038,1.023795842,44.38436578,44.38500949,-0.374243701,2.689830626,7.604206396,52.94098228,52.94245312,0.023252144,-0.122287458,3.802240466,306.6247671,49.24025755,-0.10463322,0.180103771,1.478119774,60.57145506,58.79334186,0.132161031,-0.144812141,3.96346214,69.08641263,1.574296579,4.839586824,0.067215585,83.34712282,0.2000,0.2250
1050,E1050_processed,0.185546875,40478.92043,0.234375,28440.42968,0.52734375,1061.553153,0.232138242,0.125699381,0.493631091,0.185546875,40477.57342,0.234375,28440.31841,0.52734375,1061.553152,0.231812722,0.120005884,0.493426381,0.185546875,50656.2014,0.244140625,38380.79072,0.537109375,819.9669754,0.215015452,0.103849088,0.476716586,0.185546875,50654.18798,0.244140625,38380.62101,0.537109375,819.9671687,0.214731833,0.098103166,0.476576849,0.185546875,2736.604804,0.224609375,996.6773554,0.244140625,876.4217758,0.608048754,1.030482318,0.616339562,22.44689738,0.378762123,-0.022480496,0.00797374,1.057598411,0.377991973,0.378002116,-0.011810545,0.024035232,3.461387061,61.11874935,58.99487115,-0.119983192,-0.260998001,3.472602471,59.00038798,59.00202669,-0.114943465,-0.262682986,3.318474444,69.77940625,68.19030317,-0.061329961,-0.172341934,3.496271223,68.26310405,68.26483085,-0.057237708,-0.154517641,3.380517083,3836.345023,15.21319019,-0.138489802,0.635039178,1.01666179,39.1565084,39.15759496,0.039388852,-0.465736214,3.2343615,50.32750208,50.32877492,-0.013996193,0.038325622,4.352624736,52.17974488,45.88979106,0.011124197,-0.483343388,3.090776006,258.5395283,55.91955546,0.061091474,-0.129951783,1.741318985,63.76756878,1.446610137,4.817204301,0.062339221,72.80611599,0.1880,0.1880
1051,E1051_processed,0.1953125,50682.10996,0.234375,27449.66851,0.3125,2753.220724,0.230987975,0.120456958,0.479912875,0.1953125,50681.12947,0.234375,27449.56793,0.3125,2753.221098,0.230677611,0.114682335,0.479712207,0.1953125,42847.42402,0.234375,39918.03535,0.3515625,1619.884407,0.220658918,0.101440182,0.483473092,0.1953125,42846.57801,0.234375,39917.91255,0.3515625,1619.887428,0.220394546,0.095813378,0.483311388,0.1953125,2654.995427,0.234375,1092.703605,0.537109375,146.8229529,0.582598762,0.991649556,0.6151888,7.617606345,7.366887691,4.754611562,28.96463844,9.288408563,1.894814976,1.894867614,-3.409242717,128.7765733,18.58878753,60.88731157,58.76919597,-0.118409188,-0.269482973,3.394325594,58.76864272,58.77027529,-0.112535547,-0.271496932,3.55677014,69.30682011,67.67405363,-0.070952409,-0.102226852,4.297424403,67.78158459,67.78338904,-0.070467119,-0.082431666,4.195060824,3835.881451,15.07999286,-0.202407441,0.93886886,1.02138923,38.3123781,38.3134364,0.06777994,-0.486468077,3.039846155,48.29785355,48.29912405,0.05405289,0.065671861,4.069690316,60.43336546,45.49068819,-0.006543601,-0.513323742,2.792062132,72.82347778,54.6586405,0.077272548,-0.104258037,3.627439374,61.65001859,1.554439117,4.8970831,0.064818469,75.07804773,0.2000,0.2000
1052,E1052_processed,0.185546875,38570.72624,0.21484375,32983.78596,0.234375,24699.70286,0.233944476,0.127811816,0.489671237,0.185546875,38569.6743,0.21484375,32983.62974,0.234375,24699.53767,0.233578645,0.121444345,0.489458441,0.185546875,47537.74372,0.234375,36045.07449,0.361328125,1160.821237,0.214993003,0.106282888,0.479786764,0.185546875,47535.98898,0.234375,36044.65092,0.361328125,1160.834588,0.21466912,0.100157352,0.479713808,0.185546875,2598.631543,0.546875,112.1707788,0.341796875,92.03083549,0.629353101,1.062655524,0.621896366,22.46605582,0.375657887,-0.060348293,-0.187144212,1.064563945,0.375750033,0.375758496,-0.034764832,-0.173046648,3.940118846,59.54415236,57.44914392,-0.114907424,-0.148640006,4.70973637,57.58869744,57.5900789,-0.118280255,-0.156239999,4.59487463,68.40075486,66.77514864,-0.081352178,-0.098020593,3.660649952,66.9465844,66.94811103,-0.067763165,-0.062419377,3.57412467,3836.534543,15.04299418,-0.170497728,0.754362839,1.019158763,38.29188134,38.29276267,0.057567536,-0.405319247,3.675947026,51.72819899,51.72887934,-0.246304883,1.86102596,6.978326674,145.5989113,44.9625274,0.03424058,-0.414321562,2.094620505,324.5072458,55.68907445,0.015638437,0.297458622,1.573139711,64.36002354,1.433068855,4.829569892,0.06143985,74.13104588,0.1880,0.1880
1053,E1053_processed,0.185546875,28509.12111,0.205078125,25329.65466,0.234375,23401.49829,0.23352154,0.13476843,0.502045181,0.185546875,28508.34787,0.205078125,25329.5266,0.234375,23401.63317,0.233094852,0.127903547,0.501860936,0.17578125,40310.97362,0.224609375,28049.32407,0.33203125,1437.067554,0.211361178,0.108716884,0.476986578,0.17578125,40308.91452,0.224609375,28049.21785,0.33203125,1437.066047,0.21102466,0.10218599,0.476830245,0.185546875,2065.911462,0.244140625,670.7568279,0.537109375,107.7276537,0.668706363,1.103695388,0.635220189,7.614435834,7.363914751,4.757692228,29.00957569,9.271964271,1.892459204,1.892511762,-3.368767282,128.6803085,18.60571144,56.46935479,54.47436549,-0.123661005,-0.252549517,3.772332105,54.54139733,54.54280375,-0.133244553,-0.228801404,3.870941523,65.7550483,64.10556498,-0.00287616,-0.214645801,3.48556751,64.21100628,64.2126808,-0.002319311,-0.211974222,3.584479784,3835.967567,14.22340441,-0.157245082,0.357993106,1.015759865,38.88660678,38.88717308,0.409736339,1.995647719,7.215243994,49.95667955,49.95788251,0.033862066,-0.199881699,3.944105264,191.7322739,43.28295603,0.033553864,-0.245065892,1.825220936,108.6034329,54.08908397,0.057350305,-0.292080992,2.41242277,63.30878497,1.523721622,4.900369733,0.063452382,76.12190575,0.2130,0.1880
1054,E1054_processed,0.185546875,41818.00646,0.21484375,34827.02037,0.25390625,18128.61025,0.238712636,0.128430085,0.496875103,0.185546875,41816.70318,0.21484375,34826.67549,0.25390625,18128.64496,0.238315954,0.121652944,0.496657092,0.185546875,51213.39188,0.234375,47347.21228,0.37109375,884.4802733,0.219084167,0.101178817,0.475806674,0.185546875,51211.50624,0.234375,47347.05102,0.37109375,884.4876904,0.218807893,0.095577905,0.47571203,0.185546875,2749.859269,0.21484375,1505.904164,0.234375,1358.424935,0.610321946,1.037299414,0.615608444,22.45022066,0.358573725,-0.074142952,-0.042426839,1.058426033,0.357824136,0.357833618,-0.068634281,-0.044281198,4.027802564,61.04362284,59.23927327,-0.095982387,-0.476134507,3.289727586,59.29462907,59.29616307,-0.092171903,-0.482392173,3.144283559,70.21293736,68.58773734,-0.048847383,-3.91E-05,3.531454164,68.67385913,68.67563168,-0.047489122,-0.000121244,3.40927901,3835.237113,15.27314265,-0.130843433,0.582787751,1.020105351,37.76778027,37.76870711,0.017183831,-0.389987422,3.886864424,49.41164231,49.41259698,0.139287151,0.33857071,5.096094674,168.4548262,45.10709416,-0.020217091,-0.558972087,1.675726259,238.9765956,55.35682878,0.123354305,-0.070453413,1.648040488,62.19389019,1.372385543,4.625257732,0.064151122,67.81313372,0.2130,0.1880
1055,E1055_processed,0.1953125,40070.01345,0.224609375,27916.68726,0.3125,3790.148718,0.23873961,0.120969161,0.500969706,0.1953125,40069.10818,0.224609375,27916.57673,0.3125,3790.142761,0.238459273,0.115859802,0.500795037,0.1953125,43694.02569,0.234375,39740.90318,0.341796875,1745.483714,0.219084852,0.098422468,0.481897988,0.1953125,43693.03228,0.234375,39740.65579,0.341796875,1745.486747,0.218845239,0.093286969,0.481767626,0.1953125,2467.146879,0.537109375,154.0768191,0.33203125,109.5432678,0.556494658,0.95775441,0.612050792,7.580950753,7.330755849,4.742849643,28.90111904,9.286689928,1.91036044,1.910413441,-3.184285797,126.0373118,18.40287109,59.33974627,57.38830792,-0.104523998,-0.001328109,3.630118994,57.39231813,57.39388601,-0.105061004,1.51E-05,3.815462594,66.98682764,65.17222943,-0.023830414,0.10584239,3.521448146,65.20632184,65.20805536,-0.02033348,0.102097631,3.718288116,3834.243338,14.43749858,-0.047944154,0.568204637,1.021061069,36.27066306,36.27163058,0.105443154,-0.232293142,3.323485939,46.69682524,46.69809881,0.04933001,-0.112320745,3.326513944,104.0133505,43.37920902,-0.051435939,-0.220364237,2.126618316,120.6427437,52.6247166,0.075420815,-0.0881135,2.350484919,59.12988768,1.477089887,4.838827873,0.063085068,68.9772895,0.2000,0.2000
1056,E1056_processed,0.21484375,29545.13042,0.1953125,27027.43891,0.234375,23327.46614,0.244365842,0.118557573,0.51372669,0.21484375,29544.96893,0.1953125,27026.97379,0.234375,23327.32719,0.24416214,0.114824121,0.513593807,0.205078125,39246.27475,0.234375,37618.01971,0.146484375,17353.0034,0.219441437,0.094003191,0.473312623,0.205078125,39245.94223,0.234375,37617.77711,0.146484375,17347.90424,0.219263796,0.090108184,0.473237052,0.1953125,1951.893316,0.146484375,574.8437747,0.546875,129.3603966,0.512800927,0.891876308,0.597152399,22.40858874,0.325371607,0.004705942,0.001774142,1.053490841,0.324672071,0.324681085,0.006427679,0.025456272,3.728840987,57.69670286,55.68604703,-0.098744007,-0.143922451,3.692104565,55.69584183,55.69737012,-0.09596045,-0.144476599,3.538159183,64.85553557,62.90818176,-0.035228109,-0.144965482,3.715862461,62.99630173,62.99795918,-0.026679746,-0.131292275,3.838416486,3833.871523,13.63653892,-0.072110417,0.570733703,1.017446406,34.14192019,34.14280458,0.071227258,-0.271080769,3.360087206,44.81309986,44.81397931,-0.171825697,0.893580087,6.034835759,136.601036,41.26755445,-0.04187675,-0.311182553,1.858332036,189.3649084,50.37211252,0.056510433,-0.155472728,1.967213862,56.33847572,1.222103286,4.281190476,0.066677424,54.76731136,0.2130,0.2000
1057,E1057_processed,0.1953125,35913.19808,0.224609375,23388.10675,0.263671875,14111.69578,0.240568335,0.113920521,0.508716465,0.1953125,35912.43728,0.224609375,23387.98129,0.263671875,14111.67831,0.240329974,0.109336998,0.508574639,0.1953125,34999.34565,0.234375,28356.57329,0.146484375,23269.69531,0.217433308,0.098173486,0.486156735,0.1953125,34998.66722,0.234375,28356.47236,0.146484375,23263.16828,0.217231492,0.093705408,0.48601857,0.1953125,1954.853219,0.234375,818.9315953,0.29296875,259.6802243,0.545571467,0.945491828,0.61027658,7.594337831,7.344774103,4.774891243,29.27488337,9.255772862,1.900171942,1.900224667,-3.425291301,128.7135155,18.52447885,59.2903426,57.43714828,-0.095732015,-0.143133889,3.736161579,57.53425027,57.53569233,-0.096282049,-0.143584476,3.591960319,64.39811942,62.50561009,0.044118225,-0.220264531,3.575795568,62.49528065,62.4970097,0.042963609,-0.219899003,3.528676492,3833.671139,13.63346357,0.017099474,0.362346569,1.019849189,35.95879692,35.95972739,0.11320043,-0.208385731,4.411720788,45.37080866,45.3720658,0.000969264,-0.342351662,3.437012551,121.3312203,43.32490247,-0.051468615,-0.292252144,1.998550428,60.20398998,50.77484662,0.050452622,-0.386796668,3.194753319,57.89409597,1.419083131,4.700065968,0.064239171,64.3867332,0.2000,0.2000
1058,E1058_processed,0.21484375,29390.84726,0.244140625,28478.26281,0.29296875,10196.90689,0.24406248,0.113812429,0.506720822,0.21484375,29390.76911,0.244140625,28478.28584,0.29296875,10196.86205,0.243781556,0.108695177,0.506628164,0.185546875,35085.57793,0.244140625,31615.6748,0.146484375,23935.97423,0.219324751,0.09750411,0.487053475,0.185546875,35084.73863,0.244140625,31615.67717,0.146484375,23929.59335,0.219133455,0.093274824,0.486933737,0.185546875,1716.884099,0.146484375,804.6478206,0.234375,796.359076,0.557338383,0.954169935,0.61961686,22.33500598,0.369690127,-0.062077168,0.040294034,1.067842696,0.368753548,0.368763721,-0.051843154,0.04351984,4.069865237,60.02168598,58.25250824,-0.077054818,-0.118504504,3.88935126,58.47907585,58.48020667,-0.0372748,-0.032116116,4.286718757,65.01146724,63.27542143,0.012457397,-0.06174076,3.224318553,63.33673175,63.33848988,0.013287377,-0.066336283,3.315785432,3833.773167,13.74026602,-0.003659247,0.378700494,1.020237617,37.60604702,37.60622198,-0.402543071,4.464688469,8.557276366,46.19913325,46.20038625,0.013691741,-0.148909287,3.738092474,254.6672143,43.95867642,-0.12341304,0.443555593,1.684883533,114.4437653,51.38137019,0.029240899,-0.21769055,2.474981261,59.57099648,1.450944768,4.768085106,0.063820894,67.03420871,0.2130,0.2000
1059,E1059_processed,0.234375,28943.90363,0.25390625,27140.29761,0.185546875,25521.2843,0.243232296,0.10827433,0.500189748,0.234375,28943.78492,0.25390625,27140.23346,0.185546875,25520.48432,0.242968679,0.102930827,0.500019401,0.185546875,39500.70604,0.224609375,28534.73238,0.146484375,16912.39572,0.219246305,0.0971425,0.487628339,0.185546875,39499.27618,0.224609375,28534.59941,0.146484375,16907.81969,0.219045534,0.092683122,0.487501809,0.185546875,1984.111303,0.25390625,691.6997317,0.537109375,199.2640639,0.528770022,0.919817278,0.609808681,7.548278677,7.29992367,4.76830531,29.28310134,9.297616451,1.904580054,1.904632847,-3.169817623,126.3707982,18.45502589,59.18895074,57.45708356,-0.080629956,-0.251600578,3.599089143,57.4814778,57.48307453,-0.07694762,-0.25386279,3.45018834,62.84311972,61.12273435,0.048954525,0.081341775,3.76226007,61.13985386,61.14152702,0.050708912,0.078631622,3.624526943,3834.188652,13.4619579,-0.012884742,0.407542985,1.014323643,33.61426508,33.6151836,0.082597476,-0.333575991,3.237376188,43.92587764,43.92701072,0.034595914,-0.077487627,3.573843575,108.394492,41.81894365,-0.022687764,-0.363185141,2.086475839,109.9319345,49.20248588,0.051854358,-0.131778507,2.306204023,55.31331521,1.385022518,4.664261502,0.063663579,60.83989898,0.2250,0.1880
1060,E1060_processed,0.244140625,37674.99883,0.205078125,29198.06882,0.224609375,26957.84982,0.242066344,0.111472563,0.499141795,0.244140625,37674.84872,0.205078125,29197.76529,0.224609375,26957.65926,0.241815511,0.106478359,0.498962316,0.17578125,32860.32234,0.205078125,31326.43231,0.234375,26427.03448,0.218032654,0.100424014,0.492860535,0.17578125,32858.52765,0.205078125,31326.02621,0.234375,26426.9294,0.217841491,0.096193361,0.49270658,0.185546875,1684.448608,0.205078125,1601.1594,0.263671875,696.972507,0.549996289,0.938796781,0.623084225,22.2788603,0.379231006,-0.003150375,0.062322135,1.119126771,0.378482838,0.378492888,-0.008118968,0.011340794,6.829631175,61.74730769,60.13702699,-0.038677277,-0.171223334,3.613163202,60.1244821,60.12614542,-0.037557044,-0.169777172,3.466384257,66.27177397,64.6540568,0.050420621,-0.079001749,3.599920233,64.65449592,64.65628998,0.049504618,-0.082275119,3.461127021,3834.582618,14.69151489,0.006935605,0.320303451,1.016074444,36.50003912,36.50101022,0.06334791,-0.34448814,3.108337669,47.85931507,47.86064422,0.034246314,-0.271590653,3.425328388,44.60621917,44.41661783,-0.040935303,-0.311430649,3.244364018,63.41774043,52.90801119,0.05649249,-0.271773329,3.254116856,60.19107087,1.459959032,4.788533333,0.063670116,69.87457981,0.2130,0.2130
1061,E1061_processed,0.224609375,40199.40166,0.244140625,37996.72828,0.1953125,25993.72175,0.241165603,0.117511881,0.496094986,0.224609375,40199.17726,0.244140625,37996.64626,0.1953125,25993.17344,0.240881685,0.112198328,0.495910417,0.234375,42718.86978,0.17578125,39754.39053,0.341796875,1623.379868,0.218590657,0.101214584,0.485988936,0.234375,42718.69865,0.17578125,39751.98778,0.341796875,1623.38055,0.21837101,0.096506615,0.485838444,0.185546875,1850.28374,0.234375,1511.90749,0.546875,182.372265,0.590607918,0.988698306,0.634109073,7.567850079,7.319925668,4.800184188,29.64464965,9.256055322,1.892902276,1.892954848,-3.341248027,128.0624756,18.59534957,62.83162029,61.24606569,-0.017736343,-0.087563677,4.074297445,61.23979169,61.24148124,-0.014567922,-0.087291134,3.902308161,71.55490882,70.03437207,0.072117098,-0.084045168,3.450233311,70.03454762,70.03647768,0.07230564,-0.084485436,3.616417398,3834.612439,15.47776044,-0.020150107,1.033084178,1.020487875,36.75421283,36.75522115,0.04167519,-0.150295942,3.401952922,50.38806014,50.38943117,0.014604631,-0.165465053,3.278168825,71.44115071,45.09873693,-0.006535447,-0.279407312,2.709623219,81.08903573,56.46798429,0.050815709,-0.223870582,2.785115936,62.37019365,1.387692297,4.658527308,0.063943424,69.92502547,0.2250,0.2250
1062,E1062_processed,0.244140625,54822.27736,0.1953125,37627.83398,0.537109375,724.4001766,0.242966294,0.103989654,0.469181478,0.244140625,54822.15716,0.1953125,37627.03424,0.537109375,724.3999125,0.242754634,0.099541701,0.469048433,0.1953125,54926.77555,0.234375,52508.16092,0.478515625,892.6209676,0.223274637,0.092129607,0.474445469,0.1953125,54925.67275,0.234375,52507.98068,0.478515625,892.6207266,0.223117054,0.088392571,0.474329662,0.1953125,2870.707476,0.234375,1670.102912,0.52734375,193.1777535,0.482381356,0.835784578,0.584737098,22.22378454,0.361901395,-0.013017188,0.312460578,1.102017208,0.360966873,0.360976892,-0.00832707,0.269755828,6.155594363,64.99492952,63.45656963,-0.013352702,-0.123297837,3.844755765,63.47500687,63.47674317,-0.013137729,-0.12595552,3.706239571,70.81999143,69.24740287,0.098426563,0.09236436,3.788887496,69.25076924,69.25269134,0.097453675,0.091380472,3.792409136,3834.802483,15.29932372,0.008591844,0.585473398,1.019038351,35.91050498,35.91146194,0.080926523,-0.316852693,3.272732992,46.68154394,46.68282538,0.00648783,-0.169778756,3.479176355,121.2453275,45.65862563,-0.048729011,-0.314203907,2.097451837,74.54878624,54.28307728,0.017775599,-0.122079641,3.352103987,58.89753208,1.393200197,4.355339806,0.073446218,65.03852152,0.2000,0.2000
1063,E1063_processed,0.234375,58415.73565,0.185546875,35273.12188,0.37109375,907.6439146,0.238431049,0.100462922,0.465388265,0.234375,58415.50864,0.185546875,35272.01406,0.37109375,907.6433733,0.238222332,0.095874812,0.465232239,0.185546875,55372.1695,0.205078125,50949.9008,0.234375,49305.18734,0.22035713,0.088134449,0.470689445,0.185546875,55370.44964,0.205078125,50949.3877,0.234375,49305.04492,0.22020578,0.084402207,0.470581289,0.185546875,2726.874398,0.205078125,2517.89764,0.234375,1587.582718,0.459756774,0.810732756,0.571543679,7.535906602,7.28813474,4.779804925,29.45772265,9.274766752,1.913228972,1.913280377,-3.165146599,125.2852857,18.36121864,66.92266554,65.45723654,-0.006661926,-0.242014816,3.226616995,65.4819181,65.48370809,-0.007070706,-0.237260602,3.319102664,72.61517397,71.04905185,0.047049754,-0.278941165,3.654504361,71.09132305,71.09325207,0.048389261,-0.282671058,3.523997412,3834.647455,15.71679689,0.013423198,0.170654343,1.018598358,37.24076725,37.24179578,0.060436238,-0.387146066,3.436886482,47.71041103,47.71169271,-0.011940266,-0.389791847,3.239383012,48.53851678,47.72737104,-0.088586539,-0.346319188,3.878857506,78.94058323,55.97281649,0.013519179,-0.402280247,2.888867757,60.52567202,7.401424,30.3,0.008061763,353.1344675,0.2250,0.2130
1064,E1064_processed,0.1953125,52434.06087,0.234375,47208.78333,0.37109375,1485.262338,0.238178495,0.111959014,0.479058233,0.1953125,52432.98604,0.234375,47208.62094,0.37109375,1485.263675,0.237908947,0.106672759,0.478890998,0.185546875,69594.97123,0.224609375,57518.98627,0.29296875,6065.267907,0.219104106,0.094755934,0.465948065,0.185546875,69592.80837,0.224609375,57518.79654,0.29296875,6065.25281,0.218906008,0.090268668,0.465822291,0.185546875,3417.745076,0.244140625,1304.086858,0.546875,193.7062349,0.502679935,0.867114359,0.584780036,22.21391197,0.362479657,-0.123209022,0.401968596,1.067696317,0.362247917,0.362257135,-0.074932585,0.367583052,4.996813791,68.27638962,66.83546766,0.074990256,-0.381914861,3.34137703,66.86536475,66.86713934,0.077421954,-0.374424883,3.626413197,77.40544077,75.93875918,0.084116674,0.002749311,4.037855309,76.00390427,76.00601288,0.085162208,-0.001007447,3.915119827,3835.007534,17.00560676,-0.00557712,0.690501066,1.021303104,39.63874155,39.63984231,-0.043402595,-0.400515043,3.59687915,51.29153787,51.29290482,-0.010810557,-0.070160678,4.089014807,107.2380472,49.70445607,-0.011416494,-0.437336099,2.369610112,143.2997253,60.11168209,0.049029322,-0.110908751,2.312522593,64.82498888,1.377895545,4.448514851,0.069628366,70.67626503,0.2000,0.1880
1065,E1065_processed,0.234375,69437.91128,0.1953125,55187.75977,0.322265625,2816.597056,0.23717037,0.115140428,0.466132536,0.234375,69437.35874,0.1953125,55187.0375,0.322265625,2816.583958,0.236872215,0.10957804,0.465973358,0.185546875,73822.78011,0.224609375,42379.51972,0.302734375,4748.582699,0.217912805,0.100217293,0.475635452,0.185546875,73820.2723,0.224609375,42379.31178,0.302734375,4748.590142,0.217659047,0.09481195,0.475479783,0.1953125,3663.687307,0.224609375,1938.954832,0.25390625,993.5381317,0.561290287,0.966348427,0.60197151,7.47299529,7.225765291,4.738657097,29.06389226,9.500670514,1.942773603,1.942827559,-2.721121562,121.956216,18.12396572,73.00559346,71.76932082,0.089765803,-0.278518952,3.74263227,71.88270017,71.88449188,0.0748049,-0.233368444,3.994234012,78.60250099,77.29829517,0.049706576,-0.038822716,3.966103318,77.28379785,77.28593064,0.045663935,-0.035994127,3.869878569,3837.085402,17.71099456,-0.038488761,0.524845954,1.019812954,43.41535002,43.4161062,0.1703301,0.922492329,6.573596691,53.86081497,53.86222399,0.019462357,-0.18393775,3.349379643,284.3771462,53.46311084,0.015701287,-0.129904739,1.698196402,80.91222651,61.96768144,0.056786427,-0.179620764,3.477705907,69.18162654,6.451393,24.9,0.010405305,347.4863748,0.2250,0.1880
1066,E1066_processed,0.205078125,85385.73945,0.33203125,2289.286101,0.361328125,1670.432849,0.23469966,0.114768096,0.460950377,0.205078125,85384.43414,0.33203125,2289.282534,0.361328125,1670.430778,0.234400697,0.109088747,0.460768799,0.205078125,76348.37737,0.224609375,61007.9892,0.341796875,1673.778402,0.220103446,0.095913927,0.463305201,0.205078125,76347.17296,0.224609375,61007.24062,0.341796875,1673.782619,0.219888984,0.091279967,0.463195612,0.205078125,4160.528778,0.546875,209.5819534,0.3515625,104.5311929,0.523080478,0.908286963,0.579079817,22.26506196,0.389053676,0.061154631,1.240498804,1.167451231,0.387722165,0.387732933,0.053067397,0.898515887,9.100029348,72.77825037,71.63662564,0.04979339,-0.241407063,3.426275553,71.75925493,71.76122211,0.041364187,-0.233397689,3.418904678,81.28150803,80.48855068,0.047532383,-0.19915608,3.482513635,80.56375857,80.56595918,0.053130766,-0.192131797,3.538541356,3844.795809,18.38233913,-0.081427964,0.482290143,1.020553625,43.29467556,43.29586591,0.02003176,-0.311443871,3.845773147,54.55080231,54.55214276,-0.054585425,0.091767008,4.621597927,72.11033804,54.01004682,3.60E-05,-0.262472001,3.893571604,207.5519566,63.59135996,0.063723789,-0.21641829,1.947742599,69.64530339,1.507124963,4.446782178,0.076218,82.21689612,0.2000,0.2000
1067,E1067_processed,0.224609375,66762.14603,0.322265625,2228.18812,0.361328125,1761.706751,0.237259305,0.110010145,0.467753016,0.224609375,66761.99932,0.322265625,2228.183447,0.361328125,1761.702399,0.236985858,0.104915724,0.46765973,0.1953125,63204.46846,0.17578125,60224.26765,0.224609375,40363.66754,0.217017741,0.098412647,0.468720131,0.1953125,63203.07831,0.17578125,60220.84992,0.224609375,40363.39171,0.2168006,0.09380224,0.468612217,0.1953125,2956.783569,0.17578125,2572.487736,0.556640625,178.563393,0.53140425,0.92725021,0.591223959,7.480927751,7.233473556,4.732496912,28.95072243,9.653027325,1.943305454,1.943359428,-2.749094085,122.6519057,18.72308479,70.96278183,70.10893877,0.0130623,-0.189783819,3.345715795,70.28648083,70.28826052,0.006686258,-0.177120461,3.457425925,75.07143927,74.87861651,0.010729794,-0.098779938,3.531481514,74.94399699,74.94606307,0.009920461,-0.09343665,3.474339116,3857.258367,17.21487475,-0.127228833,0.389047288,1.017257369,43.83339174,43.8338838,0.393297353,3.207812331,7.613378226,53.49946248,53.50066583,0.132087626,0.255692055,4.749020529,325.7529589,52.64287788,0.084837923,0.206461213,1.446813589,190.7301915,60.63975539,0.006580445,-0.226646408,1.930737678,69.16451845,3.005991644,11.14389361,0.024205489,160.8225544,0.2250,0.2000
1068,E1068_processed,0.21484375,49254.51636,0.37109375,2005.569247,0.341796875,1968.973528,0.236146546,0.124698841,0.482964831,0.21484375,49254.15312,0.37109375,2005.569231,0.341796875,1968.975245,0.23572969,0.117490722,0.482724897,0.17578125,74996.06786,0.205078125,51101.54836,0.234375,40020.28102,0.217058473,0.105911732,0.470241824,0.17578125,74992.23419,0.205078125,51100.53569,0.234375,40020.06093,0.216781278,0.100281004,0.47004644,0.17578125,3234.994061,0.205078125,2468.239611,0.234375,1220.461638,0.633371052,1.045353403,0.623700029,22.35403623,0.411680283,-0.136058718,0.176131853,1.08373574,0.41143498,0.411445322,-0.097956518,0.191346674,4.304725023,66.69367551,66.10521377,0.050066294,-0.299885357,3.639422601,66.13242263,66.1341593,0.05334423,-0.299285895,3.528854229,78.85971483,78.86184604,-0.027358036,-0.063187466,3.864791683,78.80892289,78.81110757,-0.024306575,-0.057536938,3.881538454,3867.967476,17.43371551,-0.169390637,0.772840284,1.019517854,41.00709653,41.00799839,-0.004294735,-0.396643233,3.283859781,56.41956088,56.42103581,0.020697895,-0.156501834,3.862718308,136.7874171,49.91583213,-0.046419342,-0.408358667,2.022368137,67.83128204,63.99761836,0.038374698,-0.295862471,3.152499986,69.74947464,1.623170393,4.906557377,0.067423353,91.58095489,0.2130,0.1880
1069,E1069_processed,0.21484375,55587.51707,0.1953125,46819.97632,0.244140625,29129.43796,0.237263765,0.123969843,0.482226138,0.21484375,55587.13737,0.1953125,46819.02376,0.244140625,29129.40492,0.236891964,0.11747429,0.482003685,0.1953125,66863.59399,0.37109375,1462.204204,0.46875,875.7603115,0.216300782,0.104340688,0.473862721,0.1953125,66862.27068,0.37109375,1462.202754,0.46875,875.7590879,0.216054584,0.099319866,0.473708319,0.1953125,3396.797318,0.546875,270.3580617,0.3125,199.6709264,0.615387604,1.016338186,0.621352332,7.576687991,7.32668422,4.747976618,28.95815054,9.536860972,1.90774238,1.907795373,-3.175850374,125.9851355,18.87539885,66.81291252,66.31605118,0.011113609,-0.194178526,4.327990041,66.34151184,66.34331996,0.016528684,-0.194713243,4.218202686,76.73808137,76.69105766,-0.067624723,-0.138265271,3.678314273,76.7261871,76.72831232,-0.068497402,-0.143323953,3.74867979,3872.028149,17.25231782,-0.129830472,0.905188279,1.019398478,40.21776721,40.2188608,0.009907606,-0.232863826,3.545203639,55.23297348,55.23447104,0.049809956,-0.284477592,3.198208111,52.02136006,49.77128405,-0.052973204,-0.252388129,3.523640858,83.47065916,62.50928389,0.069974923,-0.359499092,2.906523144,68.32571664,3.030595304,11.16367536,0.024317199,167.3933286,0.2130,0.2000
1070,E1070_processed,0.224609375,51205.98453,0.205078125,47072.40158,0.3515625,1629.898896,0.237131836,0.115730836,0.47603835,0.224609375,51205.71956,0.205078125,47071.7174,0.3515625,1629.896564,0.236869863,0.110866026,0.475876231,0.185546875,63748.61809,0.380859375,1070.370827,0.517578125,986.1596366,0.217532865,0.104618995,0.478370548,0.185546875,63746.29633,0.380859375,1070.369964,0.517578125,986.1589213,0.217285882,0.099582031,0.478213798,0.185546875,3084.932288,0.52734375,182.063786,0.556640625,168.6549312,0.634265283,1.042722744,0.623466757,22.4902492,0.389616574,-0.140557491,0.044561772,1.053595173,0.388386331,0.388397013,-0.105631009,0.019368173,3.441591469,66.4669874,66.02703859,-0.075139156,-0.351197439,3.959359831,66.0558545,66.05759101,-0.072170733,-0.3544609,3.845118022,71.93550715,71.61731783,-0.002016851,-0.253867649,3.387724083,71.58727781,71.58926206,0.002433526,-0.248842465,3.312381026,3878.867849,15.91859926,-0.117338007,0.751404959,1.019111182,39.63040802,39.63149569,0.056045035,-0.496268684,2.857787394,51.25673975,51.25806847,0.02470482,-0.187086822,3.491582709,141.2607396,49.26191892,-0.032011479,-0.513287055,2.004527816,68.71987228,57.93467837,0.081458723,-0.341333238,3.083422149,64.79232234,1.485384031,4.602557545,0.07011974,76.13791635,0.2250,0.1880
1071,E1071_processed,0.21484375,46422.48673,0.3125,2462.031057,0.537109375,1121.547593,0.236460192,0.111819796,0.476158605,0.21484375,46422.13607,0.3125,2462.032761,0.537109375,1121.549819,0.236214049,0.107029845,0.475993919,0.234375,50346.47323,0.205078125,50189.67498,0.185546875,49864.99345,0.218574325,0.097527027,0.471381099,0.234375,50346.27901,0.205078125,50189.03227,0.185546875,49863.28887,0.218361888,0.092911903,0.471247729,0.205078125,2607.230486,0.537109375,184.0910481,0.556640625,176.1326096,0.56502907,0.962848907,0.603288247,7.514966468,7.263626892,4.654177669,27.89645581,9.529928883,1.957056367,1.957110723,-2.4672573,120.3527275,18.20261004,63.96270858,63.70875938,-0.067490622,-0.112187079,3.509239759,63.7791366,63.78080308,-0.060453617,-0.107690983,3.54085796,73.32098646,72.07470385,-0.00665775,-0.231102301,3.927081234,72.0816989,72.08369651,-0.005094693,-0.22458781,3.795431597,3889.765426,16.08324577,-0.019777909,0.560537527,1.019485024,39.32557653,39.32638788,0.136819013,0.627783582,5.613104848,49.63673928,49.63811558,0.03041194,-0.306550209,3.376350323,148.9518653,47.76078565,-0.06731908,-0.223110777,1.994666108,64.97377452,57.45184566,0.053393166,-0.32479565,3.367917567,63.32856624,3.034227447,11.13710739,0.02446264,150.6133327,0.2250,0.2000
1072,E1072_processed,0.234375,49061.01922,0.1953125,39378.33208,0.302734375,3452.350296,0.240255623,0.121247633,0.483850441,0.234375,49060.6836,0.1953125,39377.57226,0.302734375,3452.374977,0.239931144,0.115539189,0.4836728,0.17578125,58404.56053,0.234375,41302.20511,0.3515625,1370.237051,0.221722054,0.106020078,0.475754159,0.17578125,58401.47962,0.234375,41302.1285,0.3515625,1370.240224,0.221464458,0.100909113,0.475593429,0.185546875,2717.168003,0.234375,1063.733948,0.546875,200.6950391,0.619488268,1.022318532,0.621064306,22.6573586,0.379244269,-0.14894946,0.358106951,1.058501056,0.378103552,0.378113614,-0.136325662,0.363879711,5.647460307,64.73122325,64.62502238,-0.094793827,-0.174250687,4.090592556,64.65795797,64.65969248,-0.088672378,-0.178325549,4.030436116,74.06135801,71.51212281,0.007472016,0.000565635,3.71049988,71.48303653,71.48501598,0.010984919,0.002882166,3.592407376,3899.70305,15.80754839,-0.065646847,0.833583025,1.018782802,39.11721373,39.11811078,0.06818835,-0.052109893,3.960402169,49.07339016,49.07469974,0.009375126,-0.074635584,3.780672318,161.6016119,48.08733794,-0.011240675,-0.368255128,1.842744543,66.35908939,56.7970545,0.035437697,-0.078014042,3.453718737,62.75788991,1.457372941,4.435555556,0.074075511,71.52013948,0.2250,0.1880
1073,E1073_processed,0.224609375,39272.74509,0.185546875,35832.23868,0.537109375,1445.598889,0.243954846,0.127167068,0.497182085,0.224609375,39272.61903,0.185546875,35831.1444,0.537109375,1445.598458,0.243635873,0.121678154,0.496976596,0.17578125,49354.42103,0.244140625,32153.28851,0.263671875,29519.70794,0.222988626,0.117225175,0.487217132,0.17578125,49351.67165,0.244140625,32153.24769,0.263671875,29519.64762,0.222642718,0.111065597,0.487025091,0.185546875,2447.562011,0.263671875,682.1611831,0.546875,217.5806611,0.715598783,1.112441926,0.65755028,7.576904008,7.323541285,4.645275037,27.65810788,9.449111263,1.93114482,1.931198463,-2.703043853,122.804413,18.35477824,61.8970608,61.81220135,-0.141747552,-0.093399235,3.875236027,61.82580294,61.82750982,-0.136609051,-0.098541654,3.920225847,71.5720193,68.05278165,0.05794454,0.228018932,4.177085723,68.05207542,68.05391975,0.043931537,0.234492248,3.996443264,3902.847234,14.85574236,-0.068689364,1.097998495,1.018495975,37.09226901,37.09323624,0.097861429,-0.329001791,3.342041805,48.84139873,48.84261456,0.125057752,0.215963595,4.039542755,92.44588473,45.59879328,-0.025287594,-0.389899673,2.588835324,158.4883993,54.72109534,0.050286964,0.128767033,2.115878924,61.33114357,3.043394982,11.14856679,0.024486135,148.647368,0.2250,0.1880
1074,E1074_processed,0.244140625,33200.3433,0.205078125,31968.87852,0.537109375,1103.737097,0.246031212,0.123505614,0.497887098,0.244140625,33200.2475,0.205078125,31968.39157,0.537109375,1103.736938,0.245744329,0.118399218,0.497692737,0.244140625,42531.05,0.17578125,32906.1962,0.1953125,31456.22301,0.228927277,0.105191429,0.485483345,0.244140625,42531.09687,0.17578125,32904.92082,0.1953125,31455.53322,0.228670679,0.100152924,0.485360373,0.1953125,1875.453859,0.234375,1119.79566,0.283203125,333.1487202,0.604180894,0.990074626,0.630178319,22.79278089,0.344288211,-0.081715627,0.172820167,1.051242633,0.344186767,0.344195354,-0.048222341,0.144616782,3.640701253,59.67394566,59.62759923,-0.184766308,-0.108687121,3.606436572,59.62015618,59.6218046,-0.18143179,-0.106825611,3.580394799,71.17240832,65.79850866,-0.036990409,-0.006184034,3.89175871,65.88386349,65.88543969,-0.030634697,0.008616401,3.818632323,3908.034306,14.52702545,-0.136054362,0.549993458,1.015118136,34.95059633,34.95149751,0.050529179,-0.285544585,3.449560416,45.54956668,45.55027865,-0.272158493,3.054692577,7.35571686,56.50679088,43.53179694,-0.002626419,-0.368210843,2.94342254,296.8430051,51.58537297,0.002585092,0.519000483,1.569229895,57.41458929,1.319270727,4.285441527,0.071836105,60.09314921,0.2000,0.2250
1075,E1075_processed,0.205078125,32929.93206,0.244140625,32270.60174,0.537109375,1159.93314,0.246445074,0.128658615,0.503796789,0.205078125,32929.47406,0.244140625,32270.51378,0.537109375,1159.933767,0.246074095,0.122371358,0.503588069,0.17578125,38358.5922,0.234375,37112.56167,0.341796875,1542.029936,0.224367714,0.113168223,0.488610249,0.17578125,38356.79128,0.234375,37112.37753,0.341796875,1542.020921,0.224011011,0.106791318,0.488482947,0.17578125,1781.6005,0.29296875,219.5171518,0.546875,165.545916,0.688777524,1.094022367,0.650914515,7.592473738,7.338599507,4.632707792,27.45368209,9.415183702,1.939239706,1.939293534,-2.731041048,122.4428945,18.22202471,59.8857085,59.88737105,-0.154190068,-0.183946824,3.359372629,59.93636368,59.93795941,-0.148199402,-0.190978349,3.368800709,72.04911131,65.53359655,-0.023729979,-0.273485455,3.565956267,65.69012216,65.69162555,-0.048319727,-0.216958515,3.88865136,3912.932395,14.37069966,-0.15263725,0.435879316,1.014679248,35.31304746,35.31399217,0.07477371,-0.361866144,3.551052967,46.55576472,46.55683116,0.18064434,0.644489537,6.106939085,61.98482826,43.96320155,0.004281251,-0.428574219,3.174063872,324.7485851,52.50027945,0.120276547,0.111299156,1.448129932,58.43472059,2.307286009,7.929482364,0.036695411,107.4199252,0.2250,0.2250
1076,E1076_processed,0.1953125,30585.62959,0.244140625,30221.27861,0.224609375,28183.9673,0.248333563,0.128182174,0.503740425,0.1953125,30584.82676,0.244140625,30221.16535,0.224609375,28183.89488,0.247928078,0.121277668,0.503525061,0.25390625,49501.58849,0.185546875,47599.9614,0.52734375,1728.379122,0.230510036,0.109605592,0.482992498,0.25390625,49501.39352,0.185546875,47598.44648,0.52734375,1728.380304,0.230197075,0.10379009,0.482871212,0.185546875,2323.661223,0.224609375,1097.380058,0.25390625,1057.488268,0.634073161,1.018251807,0.638750665,22.85245231,0.342377915,0.434899928,7.334688053,1.240891332,0.340678107,0.340687559,0.338438627,5.586195734,15.34857064,58.7820057,58.77401311,-0.198831017,-0.13544409,3.571482761,58.76487586,58.76650544,-0.199084361,-0.121851026,3.590951758,74.96271544,68.34415652,-0.041401794,-0.122073698,3.659922114,68.40898401,68.41087832,-0.035912771,-0.128954476,3.71094266,3914.007444,14.9676566,-0.183421499,0.566691714,1.016253075,34.8255481,34.82637815,0.156874178,0.091995502,5.344036494,44.87841336,44.87956529,0.057450946,-0.027365175,3.720518539,68.17909873,42.89486989,-0.037296143,-0.331338291,3.194385757,164.5809516,52.76693789,0.05123066,-0.164536056,1.981144397,56.8071474,1.309531764,4.275,0.071654554,58.77121631,0.2000,0.1880
1077,E1077_processed,0.224609375,33165.62841,0.25390625,27594.19596,0.546875,1583.636004,0.254311415,0.138731458,0.514984923,0.224609375,33165.47112,0.25390625,27594.19066,0.546875,1583.637098,0.253817539,0.131053272,0.514739034,0.17578125,36565.08347,0.25390625,35924.42176,0.52734375,1318.124594,0.226181734,0.118807747,0.495688901,0.17578125,36563.10987,0.25390625,35924.3964,0.52734375,1318.123495,0.225801605,0.112009753,0.49547616,0.1953125,1604.526505,0.17578125,1561.479272,0.25390625,672.5449217,0.75870696,1.153380816,0.678938441,7.563495712,7.309759156,4.611286612,27.24443196,9.536385389,1.949383571,1.949437674,-2.445203555,120.4714867,18.66640208,59.74596436,59.71711932,-0.163924045,-0.095844312,3.878222278,59.85266921,59.85430553,-0.142984598,-0.092562847,3.883043053,72.74918419,65.52838542,-0.060587279,-0.087696813,3.727240285,65.5529986,65.55481313,-0.066891124,-0.088788352,3.659972141,3915.611436,14.6010994,-0.196841107,1.540747539,1.022506846,34.73269228,34.73364071,0.070768349,-0.198648482,3.267041396,45.93677422,45.93804455,0.066228525,-0.224872594,3.352143552,92.97888714,43.4696006,-0.030973335,-0.182951045,2.667975307,74.7145687,52.1301621,0.075288868,-0.191321051,3.190414394,57.59105602,1.438945971,4.501022401,0.071026782,66.10236413,0.2250,0.2000
1078,E1078_processed,0.234375,41033.69144,0.205078125,30443.33523,0.3515625,1463.849166,0.246336742,0.130227861,0.500580459,0.234375,41033.60095,0.205078125,30442.89135,0.3515625,1463.843747,0.245918632,0.123176368,0.500322255,0.244140625,39015.97304,0.185546875,33833.58748,0.3125,3729.054987,0.225766174,0.116075373,0.490640939,0.244140625,39015.92772,0.185546875,33832.39679,0.3125,3729.066905,0.22539469,0.109376239,0.490437751,0.1953125,1704.72644,0.244140625,916.7511844,0.3125,179.5484164,0.739288098,1.150158898,0.667964469,22.84159431,0.366831073,-0.035002736,0.162163706,1.097478778,0.36610078,0.366110749,-0.025407025,0.127398423,5.884843453,59.51417067,59.48211311,-0.186810392,-0.06184592,3.848805376,59.46589593,59.46752353,-0.181730468,-0.066867131,3.8933983,72.65015781,65.22918581,-0.053151525,-0.164074013,3.71742441,65.30718684,65.30893497,-0.050379756,-0.160360222,3.660098476,3917.840886,14.35696637,-0.22269691,1.230023681,1.017329064,35.17138579,35.17216717,0.075492406,-0.23742802,3.646799226,45.2933807,45.29455079,0.040533177,-0.166628736,3.346272482,49.60973326,43.46860639,0.001153266,-0.34888122,3.5679284,54.18856931,51.82895618,0.099028246,-0.053483494,3.835595004,57.34699359,1.405533258,4.530982368,0.068463072,63.66299752,0.2250,0.2250
1079,E1079_processed,0.244140625,30985.38779,0.205078125,26290.25456,0.185546875,23825.73076,0.246469314,0.119231069,0.50288185,0.244140625,30985.32107,0.205078125,26289.94323,0.185546875,23824.89762,0.24617969,0.11393413,0.502718808,0.244140625,44118.20639,0.17578125,39030.25701,0.205078125,27625.85742,0.225100163,0.105168555,0.483436496,0.244140625,44118.03301,0.17578125,39028.51476,0.205078125,27625.46592,0.224824137,0.09972502,0.483306226,0.17578125,1796.409365,0.205078125,1382.783363,0.244140625,842.7390362,0.643293988,1.050369574,0.640001435,7.592050459,7.337942944,4.630520278,27.44020858,9.500906691,1.935633712,1.935687427,-2.724614874,122.1453508,18.72031181,57.4075323,57.40614346,-0.203208357,-0.104610271,3.560013849,57.35719797,57.35873622,-0.200525313,-0.114998379,3.578983748,70.34847214,63.89373615,-0.023278445,-0.160693899,3.152790718,64.00638666,64.00797751,-0.023956265,-0.160575058,3.492441097,3914.987153,13.62820581,-0.129120111,0.341050983,1.013268996,33.37598333,33.37690809,0.111337607,-0.301410336,3.407024789,44.59438903,44.59532884,0.170132637,0.353337431,5.41328397,45.82018245,41.74762916,-0.018432321,-0.317924654,3.362631852,201.2565429,50.66001709,0.032861143,-0.220462951,1.724300279,55.70243575,1.395418544,4.425907399,0.071236052,62.22914884,0.2250,0.2000
1080,E1080_processed,0.205078125,26602.36938,0.234375,26254.19075,0.546875,1180.925928,0.244793706,0.124739333,0.505285759,0.205078125,26602.11056,0.234375,26254.16284,0.546875,1180.926733,0.244484312,0.119420858,0.505131919,0.244140625,41344.17074,0.166015625,28925.75462,0.1953125,27750.8002,0.225352627,0.106182487,0.484715844,0.244140625,41344.04812,0.166015625,28923.08095,0.1953125,27750.181,0.225072018,0.100736343,0.484585256,0.1953125,1518.817363,0.17578125,1225.11913,0.234375,714.1097467,0.640477868,1.032687882,0.644085747,22.80726952,0.332920187,-0.104151822,0.0595471,1.05352107,0.331590905,0.331600063,-0.093129805,0.064854861,3.778618567,53.42008335,53.38798737,-0.159037408,0.023595508,4.093936143,53.49856724,53.4997783,-0.150658487,0.039396609,4.078071015,67.67324201,62.14477321,-0.039187376,-0.167761716,3.261563854,62.13041568,62.13214163,-0.044331963,-0.162813637,3.237977573,3909.899725,13.11746766,-0.120958724,0.710881148,1.02120867,32.88637641,32.88710712,-0.007958352,0.2451486,5.431625036,42.79520196,42.79638764,0.067709232,-0.113218743,3.468099045,210.3670568,39.8722037,-0.105134818,-0.025455764,1.524970887,60.00072891,48.98881949,0.009786822,-0.15846145,3.758422496,53.97307301,1.273115075,4.449131514,0.064315726,54.48472624,0.2130,0.2000
1081,E1081_processed,0.205078125,27497.65016,0.185546875,27388.12981,0.234375,24324.7496,0.234939279,0.112039333,0.487328064,0.205078125,27497.26302,0.185546875,27387.1774,0.234375,24324.64245,0.234700145,0.107256088,0.487157184,0.166015625,41014.15137,0.234375,33443.73273,0.33203125,1228.079381,0.218947788,0.097758498,0.474049273,0.166015625,41009.99771,0.234375,33443.32834,0.33203125,1228.090993,0.218714748,0.092817622,0.47393624,0.17578125,1813.56732,0.224609375,805.7419988,0.556640625,129.0359953,0.563833301,0.963310516,0.606983447,7.580656818,7.327153989,4.640420757,27.58868788,9.508822748,1.931984104,1.932037721,-2.707647375,122.1945797,18.71609507,54.24905507,54.05157782,-0.10124252,-0.288687656,3.07400488,54.0559211,54.05739244,-0.100688244,-0.289796002,3.155211109,66.08522531,62.37577756,-0.036267869,-0.19116734,3.624033343,62.58781995,62.58953436,-0.032700635,-0.175503691,3.690429397,3899.891264,13.68833208,-0.022636806,0.373336336,1.01560047,33.44392766,33.44479578,0.067165848,-0.428551613,3.185024004,46.18616487,46.18710137,-0.217640721,1.945401029,6.634272232,47.5242293,40.77687508,-0.049755153,-0.437276789,3.016431685,252.3075504,50.98293152,0.012844457,-0.089958315,1.640883159,57.02457977,1.352964753,4.395222193,0.070036561,62.48952019,0.2000,0.2250
1082,E1082_processed,0.1953125,32994.37398,0.224609375,25773.93317,0.341796875,1235.844387,0.234985085,0.112086879,0.487529086,0.1953125,32993.75211,0.224609375,25773.78498,0.341796875,1235.845968,0.2347466,0.107449603,0.487376362,0.234375,36146.10625,0.185546875,35249.67759,0.537109375,568.3536579,0.218445675,0.093462903,0.474487036,0.234375,36146.19407,0.185546875,35248.05019,0.537109375,568.3545431,0.218238964,0.089055604,0.474434949,0.1953125,1825.156349,0.546875,115.1349777,0.48828125,42.47714893,0.543026484,0.94374398,0.604684217,22.72581489,0.335473639,-0.010469403,0.154587261,1.089365953,0.335434258,0.335442131,-0.036083045,0.187190258,5.771720826,53.38138578,52.76801823,-0.130236161,-0.107473821,3.773715819,52.76608289,52.76753807,-0.12452534,-0.111392102,3.65120952,63.69435621,62.22027305,-0.024083734,-0.221480359,3.418984239,62.45241115,62.45373218,-0.047107443,-0.150180476,3.593978527,3884.253805,13.67809184,-0.058917426,0.313583715,1.01921329,32.7374356,32.7383348,0.08349091,-0.406681287,3.220011848,45.73922101,45.73969315,0.321213311,1.916169637,7.008618798,41.20178574,39.87545123,-0.031956353,-0.353294613,3.165513764,200.2811634,50.90613911,0.027620764,0.096123054,2.025955906,56.24871638,1.300287566,4.616709512,0.061006247,59.47475427,0.2000,0.2250
1083,E1083_processed,0.21484375,30095.24498,0.1953125,29767.6379,0.322265625,1224.428469,0.231554301,0.112785104,0.482960192,0.21484375,30095.10943,0.1953125,29767.1354,0.322265625,1224.431179,0.231304902,0.108086183,0.482840962,0.1953125,35457.93621,0.234375,25825.29549,0.3515625,735.781221,0.215788422,0.096186272,0.478143797,0.1953125,35457.22903,0.234375,25825.23097,0.3515625,735.7909364,0.215572367,0.091335715,0.478003772,0.1953125,1906.908696,0.25390625,529.6282621,0.546875,137.3920082,0.528426451,0.913720581,0.597747823,7.652343371,7.399631277,4.722025549,28.46970901,9.422367046,1.893992118,1.894044725,-3.365018592,128.5563819,18.9216359,52.15654348,50.98924665,-0.028285563,-0.225221956,3.692756788,51.09705647,51.09847379,-0.034038565,-0.211247743,3.961059135,60.5666655,60.19295555,-0.023728062,-0.029811904,4.144612187,60.17829028,60.17989405,-0.041290143,-0.024024509,3.989252643,3869.915723,13.43035971,0.052133676,0.756724423,1.018600218,32.84135786,32.84222032,0.009892294,-0.028930735,3.983950179,44.17508432,44.17592115,0.153654247,0.750481021,5.734536587,135.0006882,39.36321301,-0.002507974,-0.148023345,2.118820572,130.3322578,49.06414477,0.053077653,-0.038682794,2.208284973,55.04655706,1.321547678,4.431452984,0.0672962,58.38058601,0.2130,0.2000
1084,E1084_processed,0.1953125,25925.00315,0.3515625,953.9820356,0.556640625,837.2216028,0.233252374,0.110104504,0.491326556,0.1953125,25924.44798,0.3515625,953.9881148,0.556640625,837.2209297,0.233033596,0.105756905,0.491193984,0.185546875,36543.65305,0.15625,25911.3966,0.341796875,1009.41778,0.212781219,0.092757173,0.47769066,0.185546875,36542.28941,0.15625,25907.46558,0.341796875,1009.412702,0.21259764,0.08863107,0.477596459,0.185546875,1805.580598,0.25390625,414.4545339,0.283203125,190.6317819,0.491575036,0.868440993,0.585697331,22.59461814,0.33298852,-0.093683254,-0.026487894,1.055573715,0.331290885,0.331300015,-0.075586454,-0.051546979,4.196984602,51.66449418,49.9540749,0.010568383,-0.231954499,3.073185996,49.96407931,49.96542327,0.013475857,-0.226740699,3.355698393,58.02385701,58.00618227,-0.045952032,-0.055074621,3.576743958,58.05138944,58.05296785,-0.046022407,-0.05428136,3.578416523,3859.985854,12.40382148,-0.067027202,0.384807163,1.014583407,32.32174498,32.32240473,0.123946388,0.354659821,5.372390097,43.36189301,43.36295621,0.078756825,0.199374405,4.720351021,90.79297531,38.25571162,-0.050050335,-0.286739697,2.529707456,140.6052408,47.81760164,-0.008540471,-0.145385766,2.153260155,54.08404403,1.268840813,4.643005181,0.058858448,55.02068859,0.2000,0.1880
1085,E1085_processed,0.1953125,33228.46486,0.556640625,744.1197552,0.615234375,461.5508433,0.228176999,0.108071563,0.473394948,0.1953125,33227.74958,0.556640625,744.1198116,0.615234375,461.5509151,0.227977085,0.104000828,0.473263455,0.185546875,44426.34002,0.166015625,33654.25822,0.224609375,27428.59032,0.210935945,0.087227567,0.465262583,0.185546875,44424.95594,0.166015625,33651.31908,0.224609375,27428.45341,0.210787786,0.083566853,0.465152627,0.1953125,2297.885067,0.25390625,464.8177321,0.537109375,118.2193492,0.455997491,0.813067165,0.56343019,7.520071903,7.270050497,4.69422979,28.39126253,9.593974356,1.939102358,1.939156215,-2.737339293,122.4940639,18.69925126,52.03202862,50.07961037,0.027956904,-0.331894828,3.236635097,50.11366124,50.11504643,0.028493174,-0.332407697,3.07076199,61.09554274,61.07197439,-0.056986675,-0.007864288,3.519472458,61.04528778,61.0469834,-0.059809163,-0.006277029,3.48016698,3853.901213,13.17553342,-0.096177135,0.73758492,1.016504727,32.30594109,32.30683692,-0.00029986,-0.436639375,3.095395561,44.44569005,44.44692349,0.030153373,-0.17783242,3.651686933,50.65949713,38.77976308,0.006643538,-0.420946069,2.993044385,50.22937863,50.12498694,0.061346376,-0.162753372,3.789539156,54.94779995,1.311461695,4.502965715,0.06467826,58.29043762,0.2000,0.1880
1086,E1086_processed,0.185546875,30930.47775,0.21484375,25996.46164,0.234375,21150.03575,0.229264055,0.110511563,0.476854669,0.185546875,30929.40473,0.21484375,25996.23531,0.234375,21149.93061,0.229041266,0.106064834,0.476706279,0.185546875,45542.14279,0.234375,29944.66805,0.361328125,655.1184013,0.213563033,0.089113534,0.468780179,0.185546875,45541.03898,0.234375,29944.50733,0.361328125,655.1164574,0.213394464,0.085153612,0.468686079,0.185546875,2288.161364,0.537109375,138.5280068,0.361328125,34.78040106,0.481608763,0.850354717,0.577984292,22.4182582,0.311952119,-0.051014262,0.108546466,1.051065823,0.309929658,0.309937999,-0.06083134,0.114118536,3.822516718,51.41321317,49.4191059,0.047168111,-0.218639389,3.486294261,49.41619629,49.41756523,0.05025764,-0.218942082,3.352934412,60.56932084,60.348713,0.021817284,0.064464138,3.74028777,60.39869172,60.40030431,0.010958752,0.064847985,3.815182892,3849.409432,12.73076886,-0.031861061,0.579224767,1.018591207,31.89247925,31.89336129,0.013354492,-0.2961299,3.390489079,44.4539324,44.45502845,0.011504689,0.383554846,4.58681596,42.20097656,38.17904923,-0.043311219,-0.24714518,3.285943297,152.8962162,49.4545504,-0.00298213,0.023896869,2.010145709,54.71230253,1.186280976,4.69343832,0.053852434,52.73615455,0.1880,0.1880
1087,E1087_processed,0.1953125,28126.22186,0.224609375,22337.39844,0.3125,999.3718055,0.229431655,0.106942129,0.475481705,0.1953125,28125.68724,0.224609375,22337.33151,0.3125,999.3707143,0.229151066,0.101285912,0.475341865,0.1953125,31199.09918,0.17578125,30680.59361,0.234375,27645.31658,0.216791733,0.085033423,0.47399492,0.1953125,31198.68242,0.17578125,30679.0783,0.234375,27645.15746,0.216656781,0.081682285,0.473922999,0.1953125,1720.855382,0.17578125,1415.848582,0.244140625,603.0769872,0.446113098,0.795587184,0.571423305,7.483780095,7.236036209,4.727767008,28.89296045,9.53717227,1.941477245,1.941530877,-2.722974599,121.7193024,18.33754786,50.81469106,48.61096401,0.029866778,-0.431543089,3.004819213,48.65152297,48.65278018,0.035391447,-0.437185951,2.838298418,59.95930352,59.4214498,0.015210564,-0.36156668,3.568132174,59.46389585,59.46534494,0.018107254,-0.344872777,3.613576627,3845.210896,12.52426362,0.002206528,0.009466978,1.013186196,31.47193628,31.47277679,0.003748205,-0.561521751,2.786137452,43.13794665,43.13871815,-0.102617727,0.128761794,5.314607276,99.41416567,37.70729423,-0.024547751,-0.439162784,2.020559233,134.372289,48.27759689,0.013468466,-0.430719213,2.089771746,53.39929478,1.286811537,4.586653379,0.061167834,55.51140022,0.2000,0.2250
1088,E1088_processed,0.185546875,26770.21367,0.224609375,24852.48774,0.29296875,2901.583963,0.229840639,0.113080749,0.479215274,0.185546875,26769.36753,0.224609375,24852.45446,0.29296875,2901.60665,0.229590248,0.108276415,0.479079135,0.17578125,33820.84219,0.21484375,31295.18564,0.234375,31250.93229,0.216311216,0.089390966,0.478229057,0.17578125,33818.97098,0.21484375,31294.93364,0.234375,31250.86106,0.216168968,0.086021509,0.478141546,0.185546875,1702.379385,0.205078125,1457.154603,0.546875,151.0212136,0.472662885,0.819869753,0.585592908,22.27445189,0.314086732,-0.149702616,0.242550702,1.050908418,0.313024278,0.313032971,-0.147177431,0.255487791,4.476378186,50.39214275,47.96446336,0.065889531,-0.141204646,3.660946527,48.03945889,48.04072382,0.060622864,-0.148952457,3.699000834,62.30077868,61.38798831,-0.039553898,-0.149353734,3.653579695,61.43438174,61.43589676,-0.044229852,-0.143709296,3.880547716,3841.664911,13.00830291,-0.071589843,0.631152767,1.014144203,32.07730848,32.07804405,0.097185842,0.399578618,5.16055989,43.96490332,43.96608408,0.057141898,-0.079780987,3.572588225,164.6728059,37.42719397,-0.002733581,-0.011651079,1.781028284,175.7575598,49.72231654,0.028325863,-0.190296636,1.767422171,54.42441969,1.206285713,4.91010929,0.050034304,53.03565909,0.2130,0.2130
1089,E1089_processed,0.1953125,26791.50759,0.224609375,19837.79074,0.556640625,614.5977654,0.229844817,0.101229046,0.471102573,0.1953125,26790.99236,0.224609375,19837.71478,0.556640625,614.5976859,0.229709464,0.098327639,0.471018426,0.234375,34060.25337,0.185546875,32257.53647,0.546875,578.4933977,0.219649203,0.081388897,0.469697867,0.234375,34060.13668,0.185546875,32256.49029,0.546875,578.4934486,0.219572331,0.079306188,0.469631476,0.185546875,1643.069938,0.224609375,846.7803429,0.546875,164.0230688,0.394622761,0.67844308,0.555186683,7.532751607,7.285118411,4.785368152,29.53767782,9.445839145,1.912171552,1.91222467,-3.222538829,126.625926,18.40573475,49.25845838,46.58582543,0.020254051,-0.373432666,3.156447748,46.62842864,46.62966474,0.019892518,-0.377334501,3.369859987,58.74452571,57.42848329,-0.049081108,-0.234219332,3.416765861,57.42174536,57.42331977,-0.048494244,-0.234727486,3.264814303,3838.675087,11.89906074,-0.011731134,0.073097785,1.011935788,29.83830581,29.83908464,-0.014840422,-0.36631079,3.181850043,39.52865703,39.52975414,0.037436604,-0.248427039,3.269852271,56.33001559,35.9452744,-0.014135341,-0.28189942,2.791847623,77.7006935,45.62055236,-0.028506971,-0.263684442,2.589068271,49.5274917,1.246962029,4.662478763,0.057361367,49.29210241,0.2000,0.2250
1090,E1090_processed,0.1953125,38604.26254,0.224609375,25237.82109,0.29296875,2212.606643,0.228423184,0.109391363,0.461776048,0.1953125,38603.55031,0.224609375,25237.64969,0.29296875,2212.610231,0.228223763,0.105373039,0.461650496,0.1953125,44790.09787,0.224609375,36777.833,0.146484375,16478.2007,0.217692205,0.085223316,0.469626085,0.1953125,44789.2078,0.224609375,36777.59978,0.146484375,16474.28161,0.217574567,0.082337647,0.469569138,0.1953125,2427.783723,0.546875,192.5919139,0.322265625,83.13991616,0.430120776,0.759575941,0.559435422,22.17042235,0.307417733,-0.057545346,-0.169320081,1.047867227,0.306896567,0.306904537,-0.056495856,-0.17687949,3.503901658,51.90000327,49.219681,0.038752637,-0.210777384,3.304894397,49.24006638,49.24140066,0.03915221,-0.209059863,3.577217402,63.91560543,62.48262228,-0.049458602,-0.278070958,3.326452571,62.50485862,62.50653582,-0.05294394,-0.281613923,3.37909531,3837.229575,13.0137269,-0.024934709,0.039692235,1.013033446,31.8988312,31.8997089,-0.020998355,-0.32709096,3.483865727,43.30584068,43.30690719,0.019023203,-0.368911792,3.151182998,38.65993083,38.23579971,-0.059146755,-0.159364164,3.623773724,124.6761343,49.80788677,-0.016345735,-0.422497953,2.055837898,53.78735574,1.1776001,4.987222222,0.047345684,50.99821824,0.2000,0.2250
1091,E1091_processed,0.205078125,24872.93068,0.17578125,20213.51851,0.546875,795.5346401,0.228240717,0.107239861,0.471306064,0.205078125,24872.59129,0.17578125,20212.51187,0.546875,795.5347878,0.228049523,0.103297052,0.471178935,0.17578125,36957.93646,0.205078125,27361.23807,0.234375,27061.73318,0.214300421,0.083622437,0.469124316,0.17578125,36956.10109,0.205078125,27360.94987,0.234375,27061.64018,0.214197609,0.080883387,0.469039607,0.17578125,1662.576479,0.205078125,1374.305736,0.546875,145.9679184,0.422079544,0.749052337,0.559704479,7.51586147,7.269179324,4.801309235,29.77607605,9.461187022,1.90813106,1.908184066,-3.235526432,127.3026373,18.44686392,48.30792935,45.42917938,0.017718655,-0.540783171,3.505515187,45.42852651,45.42976873,0.018069125,-0.541267923,3.367803459,58.58127387,56.90802802,0.004997051,-0.266910219,3.261522111,56.9457224,56.94729973,0.009321563,-0.26653489,3.121664217,3836.205147,11.84175949,0.024938317,-0.014970811,1.01168552,29.48198599,29.48280398,0.025060346,-0.578196808,2.796759362,41.27030304,41.27144886,0.01407924,-0.280723439,3.121009893,50.22835987,35.2485643,-0.030418801,-0.526135493,2.65194794,62.42953009,46.55486768,-0.011261678,-0.315141935,2.959413652,50.72049114,1.227859034,4.770096905,0.053962754,50.67552131,0.2000,0.2000
1092,E1092_processed,0.1953125,35438.71091,0.556640625,934.5914809,0.37109375,377.0931042,0.225078712,0.10182047,0.45666059,0.1953125,35437.94422,0.556640625,934.5915315,0.37109375,377.0934618,0.224863136,0.097195638,0.456520366,0.185546875,43688.10356,0.234375,22011.90659,0.546875,600.1502678,0.212121098,0.082423999,0.463230186,0.185546875,43686.40498,0.234375,22011.97084,0.546875,600.1492773,0.212007929,0.079520512,0.463170332,0.185546875,2135.046788,0.546875,182.1235827,0.576171875,96.50951641,0.419189982,0.750706571,0.542601278,22.12428046,0.287066251,-0.044778132,0.141518017,1.052049807,0.28722955,0.287236691,-0.02690515,0.148203797,4.062780069,50.28572808,47.46311788,0.029736253,-0.408225284,3.108397471,47.45840059,47.45971883,0.028229417,-0.407546022,3.576820775,58.24226873,56.4923089,0.010255764,-0.171784637,3.526257553,56.62719032,56.62850479,0.020318108,-0.157732933,3.396120545,3835.799114,11.89723304,0.019362019,0.065371088,1.013877339,30.92683018,30.92767569,0.001753532,-0.513510846,2.814756384,42.81187292,42.81244826,-0.312017935,1.918566459,6.948643383,38.17828348,37.01521191,-0.029008961,-0.410749116,3.257970667,260.6394077,46.83191537,-0.056787291,0.144089058,1.616228977,52.81502485,1.115562127,4.74116095,0.049627725,47.75994584,0.2000,0.1880
1093,E1093_processed,0.1953125,23084.31088,0.21484375,22368.90002,0.546875,542.151299,0.227106934,0.110458772,0.477586396,0.1953125,23083.84924,0.21484375,22368.72387,0.546875,542.1510247,0.226881619,0.105963899,0.477438364,0.185546875,27628.35339,0.224609375,23288.74519,0.244140625,20055.20619,0.211517253,0.089126077,0.477039027,0.185546875,27627.55702,0.224609375,23288.59154,0.244140625,20055.19021,0.211380734,0.085873539,0.476968526,0.1953125,1396.54819,0.224609375,603.7914157,0.546875,115.1104944,0.48628396,0.859684094,0.582475279,7.545900253,7.299276964,4.820293151,29.93642235,9.411812589,1.894359776,1.894412393,-3.386986905,128.5508137,18.60963164,47.99379326,44.97615248,0.023178737,-0.428938058,2.909200138,44.96843517,44.96968327,0.022151801,-0.430409561,3.25042449,57.6349537,55.82759935,-0.029205021,0.123539304,4.028582745,55.96661102,55.9679645,-0.038538704,0.126606067,4.279273854,3835.426127,11.34038992,-0.074984244,0.567349132,1.012288536,29.76318276,29.76399507,0.020997032,-0.416301932,3.272440147,42.18336454,42.18445298,0.054509921,-0.150170413,3.499479879,59.07040249,35.12100732,-0.034656159,-0.378156524,2.572296071,134.2305265,46.61105347,-0.010633411,-0.071104253,2.085643848,51.6277394,1.190913946,4.794987193,0.051797104,50.23805335,0.2130,0.1880
1094,E1094_processed,0.1953125,22787.72564,0.234375,19804.05551,0.21484375,19667.61646,0.230385996,0.10152386,0.471777707,0.1953125,22787.2239,0.234375,19803.97879,0.21484375,19667.44797,0.230206162,0.097679629,0.471664876,0.1953125,26544.07364,0.224609375,20208.27391,0.33203125,830.2761837,0.217909665,0.086063961,0.483442549,0.1953125,26543.33912,0.224609375,20207.97258,0.33203125,830.277964,0.217794614,0.083254696,0.483394558,0.1953125,1366.30087,0.537109375,121.7072926,1.904296875,17.73915984,0.447156399,0.793835599,0.572921437,22.15482647,0.273299822,-0.005780195,-0.133657822,1.046610274,0.272840345,0.272847712,-0.00132968,-0.120004175,3.902413642,47.17194012,44.08911206,-0.025250825,-0.229375417,3.603427791,44.09818751,44.09933432,-0.016978008,-0.220281794,3.644951402,54.64266311,52.7287523,0.066634788,-0.097084206,3.31657664,52.74907736,52.75053545,0.062064901,-0.086191198,3.480907719,3835.463347,10.43055157,0.051739731,0.14837932,1.010654972,27.73535747,27.73611731,0.012720605,-0.209521714,3.871664641,38.47962567,38.48046844,0.110987215,0.225697082,5.143476292,137.3982012,33.60812334,-0.039237828,-0.165292961,1.754554471,104.2199447,42.76666239,-0.033188964,-0.26327069,2.279236853,47.43457236,1.044671929,4.677545692,0.047746754,40.1994652,0.2250,0.1880
1095,E1095_processed,0.21484375,23967.89206,0.185546875,17299.3732,0.341796875,738.4269002,0.228401476,0.107190834,0.481524642,0.21484375,23967.67126,0.185546875,17298.84274,0.341796875,738.4256091,0.228146077,0.102143335,0.481401546,0.185546875,29054.16593,0.224609375,26409.38076,0.52734375,328.8078767,0.211715283,0.086237236,0.47488015,0.185546875,29053.09228,0.224609375,26409.1975,0.52734375,328.8084909,0.211579365,0.082777681,0.474773887,0.185546875,1354.621236,0.556640625,82.71119149,0.52734375,65.3021777,0.495425394,0.889667259,0.582826947,7.522603178,7.275585924,4.795616393,29.6886109,9.432149128,1.907012273,1.907065161,-3.178558441,126.019631,18.46101241,47.56076723,44.50763205,-0.046075555,-0.211234297,3.384235356,44.50927304,44.51044716,-0.049433987,-0.21448169,3.303278917,57.08592627,55.22179996,0.059722185,-0.194659628,3.5092434,55.19018453,55.19171057,0.06027083,-0.192527649,3.380522766,3835.449874,10.88499049,0.029056674,0.182710587,1.010920186,29.0678405,29.06862976,0.082853587,-0.29452885,3.467472451,41.26555828,41.26666203,-0.009116525,-0.308824571,3.422510961,117.2768976,34.3901689,-0.008206673,-0.315025935,1.932563309,54.9127377,45.6038545,-0.033895124,-0.359360025,3.027166946,50.47695148,1.146080169,4.801895295,0.049703804,47.294903,0.2130,0.2250
1096,E1096_processed,0.224609375,21448.24814,0.185546875,21265.02056,0.3515625,526.9178478,0.229709033,0.104358223,0.477796526,0.224609375,21448.0693,0.185546875,21264.14913,0.3515625,526.9179559,0.229323503,0.096489736,0.477648503,0.185546875,34445.1167,0.224609375,26573.75378,0.263671875,11930.73887,0.21420199,0.08452398,0.472491954,0.185546875,34443.85716,0.224609375,26573.61279,0.263671875,11930.751,0.214049716,0.080679237,0.472413112,0.185546875,1618.425625,0.263671875,250.0408283,0.52734375,66.83006283,0.484903798,0.891920339,0.56848002,22.17797595,0.28351701,-0.055277993,-0.076920441,1.044521784,0.283457604,0.283465399,-0.057537788,-0.069917797,3.550795892,48.55671392,45.60888367,-0.071548498,-0.02222188,4.824900226,45.89908121,45.89992949,-0.032493462,0.041310683,4.746134499,57.14268604,55.30555916,0.037774689,-0.032110026,3.687806517,55.50598811,55.5074965,0.010729353,0.021161722,3.988109139,3835.753733,10.87103788,0.016156,0.284122987,1.010346067,30.69569285,30.69609542,-0.230677362,1.370549052,6.632030632,40.42555865,40.42667639,-0.010134138,-0.056218811,3.517921742,171.9125628,35.92312667,-0.078130951,0.240913125,2.061668497,116.7478587,45.61729297,0.015742974,-0.033046588,2.401151145,50.75989005,1.078971508,4.647150259,0.049961624,43.61923198,0.2250,0.2250
1097,E1097_processed,0.205078125,22080.76666,0.25390625,11709.39261,0.302734375,1764.008649,0.229442117,0.112081567,0.482772759,0.205078125,22080.96577,0.25390625,11709.31137,0.302734375,1764.014257,0.229071011,0.104971202,0.482614469,0.185546875,26042.58878,0.224609375,23642.61117,0.25390625,18481.87481,0.213917045,0.092485571,0.479004509,0.185546875,26041.70583,0.224609375,23642.43824,0.25390625,18481.81219,0.213725766,0.088014055,0.478886343,0.185546875,1251.124444,0.146484375,487.4128584,0.25390625,366.9885251,0.529596951,0.937137211,0.595030188,7.569619353,7.321381868,4.797239029,29.60718259,9.36188898,1.893478297,1.893530859,-3.307763764,127.5387982,18.61537507,48.39764297,45.38144477,-0.074428668,-0.046729188,4.036418883,45.43073651,45.43184064,-0.024425137,-0.002957248,4.069110525,55.25944238,53.38420919,0.026753639,0.023163483,3.84735967,53.35928646,53.36076869,0.029329008,0.023164761,3.707159552,3835.483623,10.64799482,-0.003713612,0.494650744,1.013664946,32.11343788,32.11349856,-0.660328094,6.610741662,9.258587737,39.57724408,39.57826567,0.010431092,-0.02691288,3.566157863,177.3457034,35.85335524,-0.055091218,0.464832687,1.909990268,55.65217908,43.7461465,-0.009841913,-0.105655186,3.155589065,50.9677928,1.124618275,4.792637683,0.048961638,44.51044088,0.2130,0.2250
1098,E1098_processed,0.21484375,24468.25116,0.380859375,411.1065751,0.615234375,360.7318912,0.22931066,0.102331724,0.481081531,0.21484375,24468.05715,0.380859375,411.1061668,0.615234375,360.7318836,0.229106056,0.098074819,0.480990187,0.224609375,24687.20538,0.166015625,23315.27822,0.185546875,23109.04563,0.214608635,0.089775416,0.476297771,0.224609375,24687.11105,0.166015625,23313.09529,0.185546875,23108.36385,0.214444235,0.085862523,0.47619938,0.185546875,1018.579873,0.166015625,991.7776432,0.21484375,642.0429744,0.501288272,0.889825767,0.589820363,22.2357968,0.282062691,-0.083025237,-0.147101763,1.041805662,0.281359423,0.281367153,-0.068565716,-0.148135331,3.341370847,48.94638824,45.91410897,-0.102329692,-0.098548015,3.664492242,45.9415207,45.9427644,-0.100398094,-0.096162665,3.52047598,55.11435164,53.11474871,0.017004252,-0.018378821,3.901278952,53.16277734,53.16425387,0.019655491,-0.019404908,3.765071933,3835.296081,10.35679808,-0.040995661,0.563805211,1.012088459,29.91774196,29.91847349,0.130798491,0.331248977,5.249208702,38.50593792,38.507002,0.027465101,-0.232950852,3.549987474,137.7812474,35.31762121,-0.011091919,-0.205644406,1.793398489,78.42515773,43.33012713,-0.038915332,-0.141182126,2.718347,48.76375968,1.08175978,4.517884131,0.052998143,41.65532602,0.2130,0.2250
