Event_No,Source_File,Wave Raw_Min,Wave Raw_Max,Wave Raw_Mean,Wave Raw_Median,Wave Raw_Std_Dev,Wave Filtered_Min,Wave Filtered_Max,Wave Filtered_Mean,Wave Filtered_Median,Wave Filtered_Std_Dev,Wave Frequency_Min,Wave Frequency_Max,Wave Frequency_Mean,Wave Frequency_Median,Wave Frequency_Std_Dev,X Acc Raw_Min,X Acc Raw_Max,X Acc Raw_Mean,X Acc Raw_Median,X Acc Raw_Std_Dev,X Acc Filtered_Min,X Acc Filtered_Max,X Acc Filtered_Mean,X Acc Filtered_Median,X Acc Filtered_Std_Dev,Y Acc Raw_Min,Y Acc Raw_Max,Y Acc Raw_Mean,Y Acc Raw_Median,Y Acc Raw_Std_Dev,Y Acc Filtered_Min,Y Acc Filtered_Max,Y Acc Filtered_Mean,Y Acc Filtered_Median,Y Acc Filtered_Std_Dev,Z Acc Raw_Min,Z Acc Raw_Max,Z Acc Raw_Mean,Z Acc Raw_Median,Z Acc Raw_Std_Dev,X Displacement_Min,X Displacement_Max,X Displacement_Mean,X Displacement_Median,X Displacement_Std_Dev,Y Displacement_Min,Y Displacement_Max,Y Displacement_Mean,Y Displacement_Median,Y Displacement_Std_Dev,X Velocity_Min,X Velocity_Max,X Velocity_Mean,X Velocity_Median,X Velocity_Std_Dev,Y Velocity_Min,Y Velocity_Max,Y Velocity_Mean,Y Velocity_Median,Y Velocity_Std_Dev,X Frequency,Y Frequency
729,E729_processed,-16.227907,70.17849,1.898343518064778,0.0,7.25249061565636,-35.23684868959264,34.03334343546637,0.0001963455247141,1.174830337825152e-14,1.898974081848061,-4.999957380170001,2.575411131843706,0.0150258134584849,2.736690605917053e-10,0.0809106491667642,-200.81305,192.49844,-15.00721979448332,-14.512652,53.78265254541043,-185.7663317409373,207.9415175182916,-0.0519178112753674,0.4472240823326616,53.78990457994765,-176.34406,236.42273,-17.47782871244468,-20.7464045,50.61582469348201,-158.8787109190111,255.1398518195017,-0.0093017967197941,-3.236953922392256,50.59986485525113,3786.3306,3900.6079,3836.377123877779,3836.3269,9.692487949328031,-115.3209818320613,147.5029026772126,0.1015955816361053,-0.112988648907522,32.42964668682899,-115.1904110108489,98.51961191984888,-0.0143204446999462,0.3103481069443585,32.56940840535594,-176.880431087766,92.51809249737838,-34.59037342372706,-34.41019525129917,40.37641785818761,-104.2248070824778,168.8022115308976,33.11337401080434,33.08966753295648,39.19259347265732,0.2222411641390952,0.2121927172091192
966,E966_processed,20.381546,23.209553,22.02724078169797,22.038582,0.3617386336514516,-1.659371429344879,1.193053999442576,0.0002261758268952,0.0121751200263314,0.3614091802479331,-4.680589561592513,4.960728153934337,0.2111103220573742,0.1894371923386005,0.2437044866885894,-243.78757,249.35834,-15.21964012546317,-17.773224,73.30362285979845,-227.6417390699121,262.9540950514734,0.1191524170714721,-2.256708764963456,73.3263630772308,-349.27304,325.68439,-17.72320072953606,-16.8816005,90.19131153082296,-332.4399499764158,343.7332092669615,0.1562532491463469,0.7913652984114865,90.26870782754804,3723.8352,3932.7483,3829.041385792866,3829.1846,21.26573361671396,-307.838831567749,190.6482541074977,-0.2237619600047763,-0.011481935555716,48.52083946450293,-229.0755926555546,195.0558016840293,-0.1267254183565699,-0.506061143447583,58.88476476978623,0.0,382.1787932718428,169.4509397717333,168.7400960869064,56.9128299600047,-94.64179808724504,388.8201067347507,112.2720421974402,111.7365034617021,70.32449139623424,,
577,E577_processed,0.0,0.0,0.0,0.0,0.0,0.0,0.0,0.0,0.0,0.0,0.0,0.0,0.0,0.0,0.0,-100.98453,63.16444,-14.51251615407457,-14.3379255,22.99362590205659,-86.4056366411993,77.88605998087792,-0.0417831693841847,0.1549599065491909,22.99074079851415,-97.932495,53.830624,-21.61604637729564,-21.6334735,19.15982094580481,-76.17594199537824,75.43755140748448,-0.0092477751630949,-0.0939401391437337,19.1744014139806,3814.8999,3850.6116,3832.465045800001,3832.7556,4.598519540703423,-42.61060356501787,45.71826789308688,0.0267662049176054,-0.0755998399462622,12.67676706862821,-37.58217075620363,41.75948543714485,0.0218978241011405,0.0750809288405083,10.72243601879501,-104.7184693758036,7.813862746926695,-47.68060424167442,-47.73677162905459,16.59338345237897,-85.15433033999194,14.42427019640585,-37.61529293876151,-37.58773984675275,13.91352674935533,0.2311233007751044,0.2349907092463693
988,E988_processed,21.199017,23.430492,22.38120759114395,22.369987,0.3019506389825621,-1.177125525931829,1.091104535983369,-0.0002143386128842,-0.0019131839197094,0.3011797005430724,-4.766446940117164,4.823333876651731,0.1967105980068639,0.1805171430061467,0.2538770753792762,-170.53856,183.25746,-10.25293094516836,-10.59831,54.39831717612913,-159.1389073356056,191.8902440574095,-0.1008463250817107,-0.3692134804816034,54.49962474996087,-235.93565,257.65247,-4.603066843286681,-4.8912983,66.67040232738482,-232.0243378705105,261.1405579026654,-0.1057362948783281,-0.3472864531234698,66.72113282688075,3779.0808,3916.5991,3856.416263720207,3856.6487,14.65244945666447,-146.3458158664652,233.8236469306985,0.1534598226534172,0.0290448736805188,35.9304082100172,-178.4808976509256,284.6898937642912,0.186703711174903,-0.1004352019952641,46.04639155245492,-329.9281576960825,0.0,-199.9967520855192,-199.1143578542321,42.20190893906332,-365.8890706279333,64.97851800247324,-160.6089691752483,-160.4694608723992,52.93528587324515,,
650,E650_processed,22.701408,23.430504,23.06569739288889,23.077003,0.10757567186745,-0.3622080427990694,0.3617727400496951,0.0001113994972989,-0.0005367080317414,0.1066917810284827,-4.77568778427748,4.813411854625164,0.1905326349454406,0.1791426175251715,0.3754243044779412,-90.931984,81.833466,-7.143658558236223,-6.774516849999999,22.34203936977682,-84.07782139941054,88.48533228995008,0.0025061875575053,0.4711210630350551,22.33069470532055,-55.27095,83.14904,12.54100714778665,12.5142045,19.8447479646065,-68.06801289363841,65.91911168664645,-0.0081329690637032,-0.1328751551490877,19.62046803632709,3866.2058,3907.2881,3887.59539735,3887.6399,5.730496176151259,-49.54817818573413,52.6544564611882,0.0257675159066781,0.0005987641454732,14.6445228978546,-36.72877265260089,53.46922010746484,0.0373794178140091,0.1774663833457519,11.92486556549149,-64.53343662390282,61.59052921713157,-2.968940414217883,-3.160171729429972,17.2918094879278,-104.046835729961,0.0265798428248148,-54.77049262204049,-54.87389220692402,14.82794161609569,0.2212200493950758,0.2216516065987997
791,E791_processed,-16.227905,71.50663,1.940185557331944,0.0,7.313674118401403,-34.29398193450906,35.3160304049956,0.0005127611591308,1.10830769435135e-14,1.929688798826884,-2.704340976327634,4.999950665508054,0.0139008155653808,8.469039647815209e-11,0.0728573091811577,-194.99837,163.21948,-7.114249701171818,-4.7448444,53.95676773463381,-188.1926063574003,169.1422422515676,-0.0121227687579177,2.156730505699587,53.95116016092071,-142.88406,206.43326,7.754641672003851,5.5447769,46.87287453764677,-151.5108145305682,197.9006076339128,-0.0682699585978577,-2.172512396208988,46.9067572825589,3834.2068,3928.9021,3878.839512994444,3878.7659,9.672879044191705,-111.6561165685224,105.414318936991,-0.0453557581487054,-1.000444786621031,33.1614833483109,-96.6610230422258,148.2914183653437,0.0963246225662713,-0.0678229077810179,29.3762751201767,-201.354907529693,43.56012484277865,-84.15105443903329,-84.53979114835995,40.65652895881104,-245.1804771978307,0.0,-127.3440232295074,-127.212728288005,35.51534765741734,0.2272543875158826,0.2199784640180995
1098,E1098_processed,21.309498,23.165379,22.23400783616666,22.237438,0.2820626910277008,-0.9401261738587934,0.9397828883811632,-0.0002205739174244,0.0079166075690356,0.2813671525017809,-4.792263234934786,4.670202624904255,0.1894375014757957,0.1727416108015318,0.2628206899130927,-179.36366,136.98819,-16.96350897035702,-16.293131,45.91410897068155,-161.7360201353747,153.3987181760463,-0.054654436016279,0.5937475258043436,45.94276439883406,-215.01646,155.17015,-14.71638403037775,-15.2285065,53.11474870512519,-200.1616808225962,169.3897607019311,0.0053580211846534,-0.5391322415033128,53.16425387245634,3769.1152,3881.6589,3835.2820981,3835.2,10.3567980843342,-106.4051118092564,157.0444713987136,0.0771778607121283,-0.1429340268846671,29.91847346765034,-136.6955954078423,126.1952278065397,0.0207175113230449,0.084622382338253,38.50700201048291,-247.0966809588331,0.0,-133.1781027975196,-132.8578806465994,35.31762120934376,-213.1867920931217,82.06644657677694,-65.36902742016774,-65.08092473442369,43.33012713177236,,
1064,E1064_processed,20.337357,23.717712,22.21095452055556,22.215332,0.3624796574684214,-1.81008538785106,1.59646880722404,0.0007825571225431,0.0053961486889822,0.3622571346845957,-4.911264526019849,4.987324594198072,0.1909565587692932,0.1776681409990908,0.2584814177235236,-221.24161,228.13716,-13.961869781738,-14.658312,66.83546766215916,-206.9626960199506,242.4814411190358,-0.1052664788137226,-1.040279137744761,66.86713933579703,-312.55197,276.6326,-15.00758099137403,-16.470432,75.93875918314336,-297.5643925637807,290.4299219678612,-0.0202731450111833,-1.461199270433825,76.00601287861747,3742.6096,3916.7051,3834.969831855555,3834.5747,17.00560676105362,-142.5757649139343,109.6635876019114,0.0053737505489303,0.2552371864318879,39.63984234529943,-192.7749120903884,209.7318592664538,0.077054001419902,-0.8536270651718292,51.29290482434013,-254.1123611009011,63.55510162899063,-95.02422359359238,-95.19271886578352,49.70445607436682,-331.3838522673425,112.3689265043128,-130.0830414325751,-129.249329628631,60.11168209229506,,
900,E900_processed,22.237438,23.474689,22.90462129533334,22.900253,0.1669260976283779,-0.6684121478312486,0.6829833144484264,0.000553910975073,0.0027318265080453,0.1655232280898123,-4.867806661728013,4.934655230934384,0.2599396476269951,0.2371695298432563,0.3792381466062136,-188.30165,97.609352,-23.87061967805533,-22.586605,38.00545938324048,-164.3266509750333,121.4173803158154,0.0927437042933532,1.355838677931501,38.05645436412667,-170.94508,127.04615,-26.91151209155624,-25.7802305,42.44127135351513,-143.3521924597594,154.9953465844723,-0.0178688262622573,1.022802331358895,42.46225337149704,3778.043,3838.7632,3809.987286388889,3810.189,6.674982111932508,-108.0852648425045,67.95544695523493,-0.0796643241612558,-0.1293362049900622,17.18924447438793,-57.73232748464953,76.42981636749043,0.0313103231920671,-0.1618618856558971,18.06178860533052,-0.1037027406282304,212.1687601742457,126.7566866391319,126.6431426121991,24.63659739980672,-182.1699555927491,0.6424908072837522,-90.7636032276202,-89.81461309473468,27.12813546063611,,
675,E675_processed,-16.227905,69.937996,1.884561156704722,0.0,7.221693143605333,-35.23278789005983,33.77516539181524,9.22393082899313e-05,8.53147446562659e-15,1.899148101254086,-4.952999875746277,4.998984305375298,0.0149557635271408,9.340992247688074e-10,0.1003210923070536,-99.927307,59.633736,-17.13508822499881,-17.3153115,19.66340966938712,-82.98554864633476,76.79779024501296,-0.0316443833594634,-0.2297531785998896,19.66297614430002,-75.92511,42.654522,-17.9289654644195,-18.1613825,18.00084714793168,-57.87696161649346,60.70270597389116,-0.0269930979503541,-0.2853452667717258,18.02311007582644,3816.6853,3849.7185,3833.675529383333,3833.6484,4.065118685226151,-49.41126573619008,47.43656913765709,0.0198416273314338,0.0069400631416707,13.70759338295038,-56.75175192096329,75.28982958747547,0.0442493531355532,0.0594918882574477,12.26329141646939,-96.87770506053748,9.721423542534648,-44.01427400771416,-43.90115347491798,15.68130081061711,-105.0200435227686,0.0,-48.06119446036267,-48.0301930918715,14.33279422493411,0.2183925922934111,0.2071963707759562
581,E581_processed,0.0,22.013638,0.0012229798888888,0.0,0.1640799700002417,-22.2608590380306,4.067875143316348,-0.0150535694263487,-4.622730818212019e-19,0.6219827960076499,-0.4183606667094274,4.99999999950105,0.0011074660842013,3.533949646070574e-16,0.0406117924822185,-80.344269,44.20126,-14.87741954398708,-14.7873805,17.0768815253342,-65.44271700914945,59.11303203077284,-0.0227058212850851,0.065959076182644,17.08254306478583,-82.395599,34.613567,-22.03953195123088,-22.009449,16.43679692977419,-60.40718517631488,56.78072288744389,-0.002671002287603,0.0276698970192977,16.46597159260684,3816.6853,3847.9329,3831.484622155555,3830.9702,3.592939551821055,-30.82222903349712,30.75851918111129,0.0157088043445339,0.0822439648459467,9.16571479402934,-44.55818875219506,33.82685998041899,-0.0111629374631333,-0.0859897884073855,8.331745058872588,-59.31128008487003,26.91192197252571,-15.10388778384362,-15.23557007198513,12.10600377260722,-4.554398178952233,87.40012740110032,37.40531952163788,37.3814601449973,11.33235067388849,0.2355278984575638,0.2499751822193919
672,E672_processed,21.397873,22.126968,21.77009572966667,21.773468,0.0990683310193654,-0.3697286934019551,0.3709756202239445,8.734546333046968e-05,0.0004877162167329,0.0980804337100938,-4.984131844106357,4.684002891962004,0.2260968543457834,0.2056372856131387,0.4408922919331919,-97.507401,55.456955,-17.21714258667778,-17.3086615,20.99778663598326,-80.2712437601955,72.59668921186397,-0.0274435899873865,-0.120642214733866,21.02331844788017,-78.774483,45.072872,-17.53492314589152,-17.629322,19.71233832625836,-77.78140720277531,62.83747738127323,-0.0240085615820235,-0.089017169950802,19.75327721750351,3818.4709,3849.72,3834.295501033333,3834.5417,4.394034506983604,-43.15711211438503,76.36268645786377,0.0414989198825678,0.0788783434308967,14.71336231202764,-69.35175854631925,120.7800077412285,0.0742309110603599,0.1028250998621048,13.86399365004503,-132.6990570231619,0.0,-79.32097559707567,-79.40720095772389,16.85143113291278,-161.9481808513438,0.0,-79.79574452028969,-79.77760929519678,15.8308555665259,0.2122151221588817,0.2116332603526447
647,E647_processed,-16.227905,72.103188,1.967480451542611,0.0,7.431990608397646,-34.72395581758541,35.95419805478771,0.0001556918505256,-9.261539442411508e-14,1.903470297135569,-4.521086370888449,4.999717507468749,0.0155182856464006,3.8824253527703015e-10,0.0965517256243137,-105.77958,79.680542,-7.083322083622249,-7.10697605,23.45445396215407,-98.47927713762796,86.97565268452385,0.0120434275351845,-0.0397613977786804,23.4619234993656,-58.764893,87.934753,16.18163822419648,16.128917,20.77715294981289,-74.44186816158046,71.17834309513538,0.0464884228837277,0.0171824934709037,20.81350536300219,3872.9114,3905.438,3888.974926344444,3889.1448,4.3482506808968,-57.62693893069762,54.51446916186733,0.0127948135969089,-0.1885752940367109,14.69398784481588,-81.55679161293872,53.60762064840315,-0.0530109477633124,0.0365092995951072,12.87926169556317,-76.34110162024115,52.15576459463913,-15.35070055992495,-15.06795606377384,17.80264996337387,0.0,135.8350886583818,85.81218049372235,85.87237154347379,15.76596863873678,0.2244132448985523,0.2266698366965668
763,E763_processed,-16.227905,70.269356,1.9318370708026,0.0,7.350965713760315,-35.20357167192563,34.15724211803372,0.0003602108924091,4.097347046729628e-15,1.895486470144723,-4.999999999701684,4.999999934704762,0.0133315061904096,1.7623382810996418e-10,0.4107094886517344,-257.31659,271.90668,-13.97653467381243,-12.036565,78.87754494923601,-244.9282106365552,285.3132056882288,-0.0359577821251121,1.771746688434057,78.87004437145224,-208.81328,220.60762,-22.44333572782803,-24.939432,62.56713262318242,-185.4250574386231,245.7930995819193,-0.1518792879606427,-2.767035705892761,62.64590745813626,3772.9385,3902.3933,3828.15847232624,3828.2915,13.09508087485917,-128.0684228355389,160.0575385610508,0.0915278312419403,-0.1122753310975195,44.99444891984295,-120.4891596467977,162.0661815038359,0.1398305236474872,0.3589762279209476,36.59075977162979,-179.5316732695336,152.9417926736394,-9.75357067309176,-9.250324343119429,57.6314828770875,-308.6013862415126,0.357161206454518,-161.1535890519555,-160.3106020890116,46.13822280617495,0.2273548945834715,0.2289006404928737
748,E748_processed,22.038582,23.783993,23.05325528088889,23.054897,0.240818656469926,-1.009753555182586,0.7431069213571115,-0.0002380471516798,0.0070006016297498,0.2403250502651066,-4.959851209193013,4.352577171954756,0.2261085622146465,0.2081327867568792,0.3034744234457317,-226.57491,173.53995,-11.99924540704108,-10.330766,54.84132720368394,-214.8414428363942,184.3945954166871,-0.0268386193017825,1.785029007944324,54.84082913339608,-148.67363,148.10435,-6.236838294471773,-7.42919755,44.88399974722035,-141.8891677288704,168.2226782824673,0.1597001875506264,-1.122192854203588,45.04496708592871,3820.613,3896.6636,3853.9680664,3853.8228,8.701799951610319,-122.1217750808771,216.6853110496154,0.1461669557053614,-0.4528511647043328,32.2641700995568,-208.7883834369344,134.9086060262142,-0.1719885111771452,-0.2027074106993023,26.95727809871614,-220.2100479097704,49.88747798494179,-77.84913156174689,-77.88573014715061,40.22197048495917,0.0,284.6401401822887,135.4445329607079,136.5410251481596,33.50754267368621,0.230620451978725,0.2277781315757725
927,E927_processed,-16.227905,70.711288,1.916507556010279,0.0,7.30803634049493,-35.26015943266459,34.57522943829738,0.0006161455771328,2.7199793357295813e-14,1.892857486001182,-4.999902458782881,3.667915871802914,0.0154962158250195,8.312697715473046e-11,0.1084950274403338,-263.94843,271.64142,-12.92174442400373,-10.530068,78.93388887864516,-249.613694536525,285.092003386343,0.1119708418116297,2.479404468974981,78.9671740835803,-260.81555,279.04315,-9.383115307505827,-8.897773749999999,81.00272086291234,-251.7456044458459,288.2297469313418,0.109062404830404,0.5851792215993399,81.03571413674307,3747.0476,3927.3916,3841.939443532615,3841.6836,20.57443568826247,-137.3285798215933,139.6817001798935,-0.0593926115853007,-0.4167789611410821,46.82946065282792,-143.8552031376737,140.6256851047667,-0.0786611524205749,-0.2066613593511848,48.11500599900274,-121.4380041703938,214.9613200468378,45.08601014022261,45.21043210049622,59.58623465125019,-65.65964330017655,304.1011309787748,107.6581729185318,105.9252690115076,61.20304285756158,,
573,E573_processed,21.442017,24.270035,21.88014471261111,21.883652,0.0924025617528481,-0.4334828000876024,2.333609226023573,-0.0003060872414608,-0.0006386052791083,0.0915744016612263,-4.813986549264019,4.869106133317313,0.3005818934051598,0.2743632765767238,0.4590722863803954,-97.661057,69.469131,-13.80625997393432,-13.7694675,22.94853111357056,-83.8452251671774,83.17490426171706,0.0442855138184009,0.0357789863766731,22.97836906427299,-108.25309,57.082809,-21.02694393212695,-20.8015585,21.36433071026908,-86.71511146404468,78.28167320920758,-0.03009318305876,0.1803995801135461,21.37266059125169,3809.5432,3855.9683,3834.410580327778,3834.5413,5.215998941251136,-44.57823662354524,39.77170869495135,-0.0360663747905673,-0.0561166933738261,12.73844269431846,-42.33777072123931,59.93584941234491,0.0476772429980983,-0.1214218439567838,12.03385118660489,-12.22285901628693,93.9062137241946,41.15056547436845,41.12110358710232,16.67433379640648,-92.29383922146243,19.07729865647767,-39.47251090392948,-39.40208956853619,15.57660431025299,0.2316103521402734,0.2300684036514745
744,E744_processed,21.707172,24.800308,22.87432978216667,22.878147,0.2490900018440318,-1.154358144023568,1.891925559352984,-5.31802857206378e-05,0.0085788283602998,0.2478206580376465,-4.935062756894435,4.954477444226884,0.2143992260305637,0.199450517435842,0.2697183298225461,-210.13321,196.89873,-10.02228043655332,-9.2546072,54.69767984944904,-249.916127082395,206.1671694722214,-0.0584357337747418,0.8472555591257009,54.94841961018136,-195.17082,205.36333,-0.7467567482937832,-2.28428255,46.82448077682817,-192.6224411501688,209.1174441229215,0.0604013269490208,-1.784482923051401,46.94054341312278,3806.616,3920.0195,3863.775623555556,3863.7642,8.788971212259074,-114.4427579194093,120.0091599358284,-0.0303271879426027,-0.1115425365932566,31.86628884243057,-102.4038473687605,95.3620753420466,-0.0017796615188704,0.2180329420492255,26.59728613930272,-103.6126578689364,274.5828409737918,115.139662953168,114.8297606206112,40.6980243718658,-183.4383660191017,106.6782076972849,-36.80605681274378,-36.03201989722631,34.55359405301268,0.2288710682194888,0.2244191643674898
974,E974_processed,20.686058,23.584213,22.22632186204023,22.235657,0.385341344424691,-1.575100158208668,1.360011073503182,0.0002739889855343,0.0109495084279467,0.3842661780278873,-4.321449784547911,4.978501590655684,0.1978645192545262,0.1767106756654812,0.2652030765815179,-244.05283,202.1394,-12.91060092920402,-11.8000645,65.06605895048841,-231.0248911203554,216.9559366330784,0.0830522062586582,0.881610956693784,65.11649034987342,-293.24997,299.41519,-11.67330449980981,-10.478959,77.78929839313226,-281.2409364308838,310.9760612188506,-0.0788155404447562,1.025644981307398,77.78199232031461,3735.4412,3931.8555,3843.387565907322,3843.469,17.4078527152036,-117.7429604108218,127.2266811413685,0.0210524947789599,-0.0043603412253613,41.50394986462673,-186.2303256285446,167.2802736281284,0.0555276742214917,-0.5073984369421822,53.11348290469743,-190.9343208499902,149.5566193573535,1.636709748137297,1.366162667162973,50.23762671199736,-307.5736573915397,96.22082231524044,-123.6669625133342,-124.7441111359275,61.55146976885599,,
703,E703_processed,-16.227905,71.307785,1.983877918967611,0.0,7.487668544506209,-35.19084521756103,35.23962823551241,0.0002167249731692,-6.728332486252888e-15,1.887274775035729,-4.999660363643674,4.97203826124399,0.0188400955227657,3.139843581540784e-10,0.1326201057556898,-106.97118,80.127762,-15.66879244576387,-15.399193,23.46498846899841,-91.09612496648248,95.63227082962212,-0.0463890619042528,0.1742101303780814,23.48159380984519,-89.786697,86.668358,-14.57424192873579,-14.8569995,19.99936278017345,-74.64706474437466,101.810961645652,0.0428370873072274,-0.2720876170122256,20.02357267607945,3819.9575,3861.9124,3838.586614094444,3838.7632,3.915706098627862,-43.33483823772165,55.69716256703994,0.0635671985359542,0.0244885763562358,11.78667234197774,-43.26682915482718,45.34195409049615,-0.025652210314242,0.0499832617460273,8.943996327764802,-120.284828414237,0.9913303341956996,-65.23654117681656,-65.32292478282211,15.02035788829837,-33.38861807862394,85.98486131649841,41.62699613057119,41.79737470819342,12.50878922126158,0.285216861871921,0.2812368168884938
695,E695_processed,-16.227905,72.147346,1.953022053073111,0.0,7.350787146591676,-34.53827856507475,36.24585179249691,0.0003599506292376,-1.5497698576412442e-14,1.931482660043712,-3.897506165848845,4.999813142871646,0.0171126687512482,1.3283127213678378e-10,0.1215607759092074,-84.49836,62.946587,-9.29210021610583,-9.16552355,19.07165398308912,-74.43788193869398,71.69989849372266,0.0157613234115682,0.0632505668785312,19.06507608925109,-51.724644,89.792252,10.0716359055289,9.32653615,15.24634137872592,-60.68731765881738,80.92068202877404,0.0322445079071979,-0.7440684184364975,15.19767661838012,3861.1135,3892.5857,3875.673431249999,3875.4788,3.900864725061857,-36.98831103654084,41.14779414139039,0.0002384921125428,0.0479312390762977,11.42972972891405,-40.79789386848172,35.37764220704349,-0.0278306016081881,0.0903320134996796,8.564698742244284,-60.616644880279,35.2968799187444,-12.7537222766733,-12.75288315085216,13.40493437484425,-9.031546213338297,82.85330476687722,44.28181096135046,44.48110588224426,10.50934268885503,0.2711001998061086,0.2646412279904435
845,E845_processed,-16.227905,72.0811,1.953655799730778,0.0,7.369462646296815,-34.59287132672266,36.03273624080155,5.980895100054841e-05,9.760512945946118e-15,1.917508751561003,-4.424036133448847,4.999544291321224,0.0183374750700218,7.820545751962672e-10,0.1390316560099698,-107.20893,77.421822,-9.046778640798577,-8.22959375,25.92289674705266,-98.36356166306308,89.61019154160923,0.0034581190621456,0.7764284789594613,25.91827634069177,-75.12059,103.72771,9.977817455201333,9.8196597,24.19847100331732,-84.97229240654055,93.63145020862144,0.0604253783095284,-0.1933442147548367,24.20167188090485,3865.0864,3899.9866,3881.98046375,3882.0637,4.354169528604483,-62.28351431998243,46.40730970857568,-0.0194311434936923,-0.0241623754066401,14.69563420467378,-64.26215120916106,45.78239055675697,-0.0287027949047838,0.0500991166078561,14.30079494202164,-56.33056052233201,63.38445688418284,4.117823578252517,4.29364217237914,18.8582248843947,0.0,123.4107634434347,69.53430835718807,69.58983889885022,18.01191738492792,0.2305223292929578,0.2257382519434321
820,E820_processed,21.063152,22.435032,21.81586990977778,21.815731,0.1913111721189186,-0.7264307949434317,0.6145009223564392,-0.0002037629164623,0.004019785501672,0.1895570328289239,-4.95091996468579,4.964622344021655,0.1975025697759818,0.1827247547418086,0.3364555618698438,-145.10764,134.73521,-15.45725797759391,-14.598224,36.12614618660974,-129.3302235935627,150.7072162096586,0.0218126576444238,0.8221276479034101,36.20442490376912,-129.58809,112.22726,-18.48583320178028,-18.867937,32.79335941979271,-110.8494219215566,131.5145569261025,-0.0748083144355929,-0.4514197085254779,32.8642434462671,3809.5432,3857.7539,3834.187972961111,3834.5413,5.5058243907119,-88.68351046449577,82.96826903278648,0.036548185510535,-0.5047661527376048,21.34355962200632,-73.90743257994933,70.45366736973139,0.0592574959110728,0.1013726690383163,20.89619952772071,-160.4496198840001,46.15821061286978,-48.14608650866771,-48.43862214262502,26.87922113795206,-146.0728641038338,27.80215007360309,-56.21527386172606,-55.69617563663368,25.30814820443523,0.2266416064389826,0.2227409338619756
999,E999_processed,-16.227905,70.75544,1.950936656430389,0.0,7.403671457183985,-35.22151006175697,34.65988807637186,0.0005192359993685,2.1986497857552123e-14,1.889726694393632,-3.692785744997813,4.999802374369875,0.0149762461972748,7.516286823234582e-11,0.0894004649542246,-262.89841,173.0616,-15.03553048247893,-12.9909925,52.85135762967128,-247.1289177064809,187.757267773285,0.0728609520145213,2.111737194773919,52.87984966984445,-217.41707,197.94069,-15.64318978167426,-14.9805525,57.10006999595355,-201.5385131579196,213.5229713925917,0.0579651694448175,0.4815818779778596,57.1311407220793,3749.1587,3913.4468,3833.901273127778,3833.9016,12.30629296916833,-120.4399451000937,93.39285278495106,-0.0986783548525605,-0.6358615895160491,31.33044448551841,-179.6295966225656,147.096585193787,-0.1196947402993269,-0.1093209018528096,35.37672194676129,-76.56645798902508,183.9580678326972,57.03930683853466,56.77072175055248,39.32312869463376,-36.58250201203355,294.0082410972296,117.1298743571288,117.1419867824476,43.12757267800214,,
753,E753_processed,-16.227905,71.197319,1.978671144719667,0.0,7.458316011066301,-35.15302355724982,35.20570086690584,0.0003283287872876,4.558194290580807e-15,1.902091867968331,-4.999926707494402,1.271809370337746,0.0144899913148561,1.510947239076767e-10,0.0860504380452236,-200.01833,188.35167,-13.62333047842331,-12.6565575,52.55693758276698,-186.2106682930109,201.6652017208067,0.1330099705147614,1.0559963662463,52.64392928878392,-163.52534,186.66881,-15.65458133112085,-16.363828,46.53676381719178,-146.8249968504504,203.2068660577499,-0.0698018364468391,-0.8916972614258344,46.65186775725406,3799.7891,3897.105,3839.868766188889,3839.907,8.557337705500103,-256.4154145852398,148.7996353604993,-0.192869391182461,-0.1210489070482303,30.36599960443159,-112.3972006499475,111.2122513515787,0.0334790655651408,0.2677617408904802,25.58682598204096,0.0,321.4924805823953,154.5135129259715,154.2613453491853,38.02300496552562,-124.1692942201633,167.2235031671559,4.082722851816105,4.475466347700388,33.75194611526805,0.234484271289069,0.2344243717961244
653,E653_processed,-16.227905,72.0811,1.964678822198166,0.0,7.383923613811393,-34.55073553282151,36.19708005871729,0.0001240387906089,6.642223508957805e-14,1.930946767053969,-4.886206400016791,4.99989145957816,0.0160860619017801,7.27541281535841e-10,0.1339188700653925,-116.7435,75.133003,-13.53040682516383,-13.4343715,22.54494962006434,-102.9548383750402,88.93150474910341,-0.0146318037679423,0.014073453442471,22.54247278934887,-69.601173,63.821239,-1.002081945223872,-0.8207429900000001,20.03331912928729,-69.14847324794745,64.83012532957828,0.0014893435182495,0.1355648563505327,20.03185597815209,3845.9099,3874.5801,3860.385966794444,3860.2339,4.309129734811462,-55.03389334760682,59.09102308605207,0.0187178516742227,0.2516773952985549,14.39591664249073,-36.89022643297753,34.78500666724467,-0.0135601159045535,0.0538310016438939,11.72200886659916,-84.31742904023547,51.64339201937155,-23.86662104461612,-23.7078351544861,17.28799529553741,-13.94231870742087,74.9351913969718,31.18074191595469,31.38537825614679,14.91843230746827,0.2201200079456613,0.2260977249726933
994,E994_processed,21.375767,23.275833,22.4556384262459,22.458363,0.2645409647504989,-1.069820633771808,0.8265192679268734,-0.0001570472570236,0.0066102791942522,0.2639403167265531,-4.696740920432693,4.898167463308414,0.2111313860609513,0.1964784059184123,0.3113430935424694,-170.91325,157.26436,-14.45170132607384,-14.654079,48.88764111519023,-156.6302897859826,172.452112220073,0.0081842083519244,-0.0582883450760114,48.87988038422945,-226.28148,201.08217,-15.05632671402623,-16.305088,64.39573235621238,-210.7353467103985,215.8311890902376,0.0823395695483864,-1.120576529066311,64.44081726996619,3771.8992,3887.1199,3835.132342780154,3835.2173,13.68357580708938,-87.3363332811278,97.6762775666066,0.0254589235963286,-0.0720727621129864,30.44087838665867,-133.8994826714897,132.4665273131719,-0.0410280624233457,-0.1775524965839068,40.15528981456943,-92.02326235187476,139.4172680620879,25.43817993406891,25.80760069037014,37.16672343359944,-163.5753591389271,172.2170555659241,6.775377688435552,6.317944076777883,49.23203932359365,,
660,E660_processed,22.237438,23.054909,22.61976429061111,22.613033,0.1002752214705253,-0.3777086491322357,0.4013857308986205,0.0001554885380882,-0.0005946543570587,0.096615475824077,-4.632608272061582,4.824376238225236,0.1994148566619887,0.182573102420085,0.3988596226859758,-100.13626,52.225395,-18.07716721660007,-18.077342,21.09894508591247,-81.96968611151235,70.44021552947652,-0.0106467638273955,0.0187832103296599,21.09941306496371,-79.114594,46.884144,-16.60658131314999,-16.484999,18.35439216064948,-61.97283906567593,81.25863893114177,0.0756894046461442,0.2072027769607017,18.46025881564568,3822.6624,3849.4785,3835.540299683333,3835.1914,3.846390700266414,-41.97560330889799,43.41715759544648,-0.0013496389593607,-0.0656759973591918,13.46641985703781,-127.4130677840225,72.8186738208488,-0.0857242898607549,0.0253505610778661,12.59067933652779,-38.30720170306842,65.9437997793033,13.511129192128,13.60026089246638,16.21691659354997,0.0,175.4526259993418,119.6288413557059,119.7778696983194,14.47689463887967,0.2282959367109295,0.2244395093125382
870,E870_processed,21.331593,22.060688,21.71895338594445,21.729279,0.1098947303776315,-0.3998577897523389,0.3432871102870863,-4.619787859732612e-05,0.0010162909866924,0.107662107901178,-4.951076472418699,4.989971564547101,0.2171731091255324,0.1948271814586618,0.49964351576366,-83.899429,50.756462,-18.29433601308979,-18.3559915,16.93479999232797,-65.66817239567513,69.01874433032043,0.0066579351803431,-0.0451534903395942,16.92769569564418,-82.603821,51.661877,-16.50567529032708,-16.632558,17.23821350517349,-65.90733727607679,68.35014844733901,-0.010594565379655,-0.1898326225196095,17.23652949928596,3816.7556,3845.6448,3831.424556405556,3831.2417,3.317161877662751,-44.64277537475383,37.31625081532027,-0.0045244822559159,0.0019835983070426,10.61612331223616,-35.16111999189934,35.85863810585609,0.0143899278654167,0.0511998081972349,10.47930344553395,-30.39328723986535,71.33255971075924,19.48314445760343,19.51064307300657,12.54973170608135,-56.222932729062,29.58744108041913,-12.23342519206333,-12.16908980567236,12.87213447688355,0.2440289884405182,0.2368258453117057
809,E809_processed,-16.227907,70.931946,1.960873579158333,0.0,7.425695966021288,-35.21897439270153,34.84406852160758,0.0002544620082122,-1.9012205658583032e-14,1.892703306983889,-3.945660427920832,4.999731941535952,0.0144126589651499,2.227292968133856e-10,0.0966676213079523,-175.10678,128.59073,-15.65384745402774,-14.28563,43.57841618075001,-159.3364567998177,143.8860823968343,-0.0248819438554984,1.460357355498975,43.69421204820045,-154.33424,192.87712,-17.9444791765667,-18.0147,40.44220852949869,-133.1782381996158,211.1800282407144,0.0034188083062666,-0.1906678713705565,40.45079356698951,3806.8645,3877.3953,3835.245571761111,3835.4341,6.992413464837346,-106.7681273604948,174.4826030363688,0.0948050878587523,-0.4640422722897792,24.18362015338233,-106.6009077583041,78.34728945358356,-0.0812799804901913,-0.0105842505856617,23.3017111335024,-246.3166180397303,0.0,-147.2550463150723,-147.3873964102202,31.01145542239366,-58.54426644843257,175.633699130612,65.65107538176183,65.76863904700899,29.31923810243322,0.2377505421970616,0.2332675256955542
643,E643_processed,-16.227905,71.641304,1.956091265647222,0.0,7.408627308711155,-34.37303953629611,35.16336048222944,0.0001487755159207,3.5887987336925126e-14,1.88943677739241,-4.999867799533968,1.81253352811901,0.0127514825936421,4.007159639478008e-10,0.0841976773907415,-109.25118,80.168976,-9.093876147735784,-8.7860885,26.780822791173,-95.58054426331232,93.56308885099456,0.0192858201637147,0.0034282825951375,26.54940934677695,-85.471703,83.122231,-3.008916737304194,-3.1255375,24.49609240309015,-75.88843591209347,86.22677407684739,0.0293418817834863,-0.1734803642866636,23.69745083378873,3838.28,3911.5261,3869.362425205555,3866.8638,14.89131555115359,-98.42358722330314,55.6983238335543,-0.0616478190076537,0.0323972128086056,17.24471439959155,-50.20159271489313,41.49489656729091,-0.0295497411714873,0.1237855393700344,13.76874628029114,0.0,140.0209846971094,75.98157683319167,75.99644208135035,20.32054917783263,-65.3460364641236,51.85738004427162,-4.752107735676484,-4.510066272626251,17.5420118278232,0.2233057617346109,0.2277678391250325
626,E626_processed,21.419968,24.270069,21.81483566866667,21.817654,0.106895994142668,-0.4007730120185488,2.403109649643231,5.491796755964457e-05,-0.000572842168366,0.1057846927473717,-4.95433698484177,4.924873092085574,0.2388440100622811,0.2178862982343773,0.4316090542322423,-105.35709,70.778908,-17.35934089117266,-17.2671735,25.03180801418443,-88.15085269732558,88.17616568992342,-0.0198027225550584,0.0980054533936563,25.07769349761801,-85.706856,55.770138,-20.30603681926483,-20.3410465,21.23725638702422,-65.30901435533727,76.12493964923807,-0.0024040660054554,-0.069697905759698,21.22258567218505,3811.3286,3846.1475,3828.815386733333,3829.1846,4.555561841550282,-57.58852694495899,74.31118862779803,0.0366736643268543,-0.3211841282269852,16.18319088169601,-43.77165825041911,39.93129825109113,0.0183051988782645,0.0527380825490475,13.24378262880639,-143.3348295416939,0.0,-79.03375758157098,-79.03224325148463,19.43360602873703,-72.91643791067796,28.63752661283005,-22.4648129414098,-22.34878528450874,16.32170269352106,0.2216535220035541,0.2171841427161662
655,E655_processed,-16.227905,71.50666,1.969858005099889,0.0,7.430498689262249,-35.12287938913536,35.52108625433952,0.0001458781338732,4.997161134737871e-14,1.903143167788253,-4.999997388127348,2.553324021076597,0.0138746794606983,4.183744035392863e-10,0.0874824030348772,-100.99168,72.098915,-13.27593023241528,-13.1393415,22.30348044152435,-87.44910677076389,85.56368992992876,0.0011040758176172,0.1429713589425989,22.3068573223056,-77.290482,66.912758,-6.30013225778255,-6.3266628,20.36425800380372,-72.0163529258738,72.18485705449385,-0.0369488123585381,-0.0294290677005448,20.36113172840677,3837.1394,3868.3938,3852.469269500001,3852.3708,4.039918805931312,-49.50510276262494,56.1676676609179,-0.022636426733268,-0.1406273187104929,13.96226928781677,-41.65756226031611,53.52657733583145,0.0418909563811144,0.1128051463628175,11.85527256217163,-47.12176724946078,82.7587474788572,19.65496579531957,19.58855170468541,16.9641525443972,-107.3196037053242,0.0,-56.28789238797343,-56.31425947209549,15.04998346227921,0.2249443090151033,0.2267387370403184
978,E978_processed,21.154564,23.452408,22.4105141121729,22.413738,0.3774720893969337,-1.283838005235537,1.061393474412564,-0.0004928853391627,0.0077440337273229,0.377356450562682,-4.925155069737579,4.955749020672838,0.199433643155127,0.1824275183046593,0.2357655271074681,-228.40161,201.87415,-6.107507269125924,-4.3350115,63.34720951341085,-221.3441551163222,208.1887521433363,0.147340012759558,1.701787192276807,63.48652124387286,-212.29796,259.74335,10.87668570746552,10.809491,77.80884659527648,-223.8124159769309,251.7029504043823,-0.1404152492499343,-0.4879318846454073,77.86281598898408,3810.4358,3963.9961,3881.359762170121,3880.9663,16.66203949857152,-123.4259253158726,131.6299060044741,-0.0757692781019623,-0.7869844574780096,40.11770687674449,-180.0696130030393,264.9637847701184,0.1974075442647897,-0.2369470095482313,52.77517963654777,-71.98425230980223,263.0397831019773,88.77041232835187,88.71200792925615,48.73328413632562,-357.6148985895793,28.93344737207588,-181.8715251303301,-182.0302371638983,61.13338012515812,,
601,E601_processed,-16.227905,71.506783,1.968083632891778,0.0,7.387992420339628,-34.13205564206945,35.41478387212863,0.0001993648576681,-1.7057887476785152e-14,1.929422096933377,-4.731376100269086,4.999926515259732,0.0160621799649012,2.593579781049778e-10,0.1254686707397993,-89.811897,70.577087,-7.210323771621312,-6.93909265,23.01319377140607,-81.63252207014969,77.56097871124096,0.0469965784494975,0.3818119581423099,23.00897308070844,-43.347836,79.73098,17.33688767857422,17.3196105,19.83890891992378,-60.75916780257413,63.2442056483841,-0.0023399958365519,-0.227654430854102,19.65828778136249,3875.7981,3918.7078,3896.822622194444,3897.2383,7.073874110465416,-83.26967568222275,68.65285025349203,-0.0625424837415679,-0.0133408597039259,14.84106114163155,-32.1138633586476,35.24173925848905,0.0050548567923868,0.1015293917198438,11.24699871474189,0.0,123.916888661276,68.28838105749655,68.17324518417081,17.62551730929425,-60.21290336108093,26.68906303660666,-15.46796539835275,-15.41587864553591,14.46744416220302,0.2261086195588183,0.2266328543505915
928,E928_processed,20.867622,24.446819,22.19700704194678,22.193249,0.3201066068297941,-1.270352921141115,2.213659084128652,0.0002985642550745,0.0023816422464852,0.3177597017058835,-4.824113386076076,4.647424384291639,0.2367227239449592,0.2145133399365426,0.2840278258716041,-250.41942,219.64754,-12.630789244983,-10.724302,73.46937491369384,-237.9591090899651,231.310521757254,-0.0417015279523565,1.73370245211429,73.52691148174476,-273.95013,263.76416,-9.613080519073458,-8.6219301,78.33828868778451,-265.3926771022806,272.9865380368865,-0.0207310277880535,1.040741276813435,78.36391236715608,3755.9756,3936.3196,3842.693038841046,3843.469,19.39830786928276,-123.3760390483232,186.3860833452979,0.0436115194773861,-0.4846245344132534,44.44243629663239,-146.9041429654154,145.1604387842947,0.0009235045827622,-0.291557246726482,46.57797062077022,-330.2617470936314,0.0,-165.0388459076539,-165.3007115596827,55.63445775152223,-262.2253400452909,106.3174258122175,-97.04770235847414,-98.24330727947628,58.87248211733837,,
995,E995_processed,-16.227905,70.843819,1.930122447932667,0.0,7.30796255850666,-35.1023289273985,34.93874071209297,4.395344428896679e-05,1.167997473373059e-13,1.919238751129837,-4.999613514730373,4.999743308395344,0.0177690615768032,1.546303698495773e-09,0.1256922177704626,-211.9881,167.10764,-14.91426287405391,-14.723928,51.49720728991097,-212.2769526362398,181.6903052870451,-0.1147438379436781,0.0985450819886755,51.69060981061012,-209.12148,198.08319,-15.45468481090896,-15.351321,59.83332323925607,-193.3694524729397,215.0026207576967,-0.0984075668016309,0.0373108014907099,59.84490717058918,3782.6245,3883.5056,3834.05854733889,3833.5132,12.80179002328648,-112.0944087212166,125.8127578296543,0.0503168460462543,0.1670463966319489,30.61648268693235,-108.9598528658993,106.3224827408679,0.0081581151891661,-0.3494935872440927,36.15375488599355,-203.982773360964,156.4357873803607,-12.54892127079285,-12.44027850701087,38.93087166693301,-202.6076546597681,64.9606457971687,-68.27326378423331,-68.38626264747448,44.99948845890794,,
953,E953_processed,-16.227905,69.562408,1.961679947578588,0.0,7.413496324508076,-35.05560760099877,33.42068391328615,-0.0002124439395217,2.7916742373101505e-14,1.909318795722412,-4.999999990631828,4.99999998312893,0.0172084377118907,5.23929238727839e-10,0.7923443825767774,-219.38228,196.55595,-13.9703267887245,-10.647095,66.61602355599456,-204.8149389926399,211.3406232640349,0.1472364617652611,3.262703563999434,66.71875056822117,-333.18985,237.763,-13.06414138640549,-11.750388,72.18137232243728,-320.5060274173461,250.5422154300673,0.0783335124928046,1.413099625075958,72.1670079262615,3720.2637,3909.5356,3837.41892434024,3838.1123,16.98210718295647,-252.1045117309568,125.7104878877622,-0.1876414092444255,-1.006847334025792,42.2639164015161,-159.1010672464533,180.2083701827739,0.0113184001621856,-0.4087313497061853,47.20249797366282,-4.596991797149641,335.1426913565422,193.0628981111508,193.275463814921,50.5588401690623,-63.53548337479341,349.5517809185873,117.5023651696992,116.5143152615729,56.01969382119737,,
580,E580_processed,0.0,0.0,0.0,0.0,0.0,0.0,0.0,0.0,0.0,0.0,0.0,0.0,0.0,0.0,0.0,-82.497696,51.197086,-14.87526558177459,-14.5269605,19.18430991731149,-67.64653131045294,66.25687826093174,0.0280222309638252,0.3593885998249937,19.22767043879201,-102.6852,60.976902,-22.12643337706558,-21.955702,17.69603317052656,-80.53045187425303,83.17922190785633,-0.0245436092451991,0.1521690867155233,17.701729096721,3811.3286,3847.9329,3831.488336388889,3830.9702,3.98563110729602,-78.11370190908464,56.67534870570449,-0.0446434283022224,-0.0244857037508039,10.92349201933962,-35.29748236193062,37.68781326782339,0.02491935086917,-0.0893494877613987,9.181911810359493,0.0,124.7153705332787,73.89200454453754,73.95484722050949,13.87231657504744,-63.33768335144261,39.85183239125068,-10.77373455949219,-10.70993849457184,12.42005092624682,0.23332176255283,0.2388693242686514
875,E875_processed,-16.227905,71.15316,1.877057858653945,0.0,7.136779951333787,-35.03806314640519,35.34342912313291,0.0001812150023284,2.1287699656596145e-14,1.940688623017788,-4.998353258520555,2.063300935608368,0.0138623214057164,2.9341394405423076e-10,0.099560826046343,-82.826469,51.921303,-17.34120575223107,-17.450504,17.15412801382027,-65.57382081877189,68.90416353088825,-0.0476637155065426,-0.1295670545669674,17.18557029445104,-77.164299,50.286366,-14.22766045606905,-14.436442,17.18028468363718,-62.73849375305439,63.84664959920396,-0.0227593292686812,-0.1738089756056103,17.181083483093,3822.0461,3852.3972,3836.457327011111,3836.3281,3.49194374239848,-49.11761193645102,72.48009721836091,0.0600460910637526,0.2117774591149751,10.98018360468796,-32.183414047009,37.60450165974805,0.0250573818294252,0.0962223090496499,9.9786241899007,-104.4215608235698,0.0,-57.96538672769366,-57.82241239633125,12.76269928964787,-64.01098777159305,24.57675361327072,-20.25200790765171,-20.05807156523848,12.50948814425393,,
639,E639_processed,-16.227905,72.03688,1.912384803217222,0.0,7.236652200140293,-34.23711050216063,36.06432376626967,0.0002582143374238,9.02986934582302e-16,1.935183741752067,-4.192184134063281,4.999196425620259,0.0149980954228225,1.8606103528575728e-10,0.1163217666712193,-76.962204,65.660339,-5.388206035763734,-5.2450683,24.05874725562039,-71.43841680499125,70.9787964335852,-0.0078617642496188,0.1457792794927226,24.05418070313759,-49.785793,99.441994,20.93891583640363,20.699665,23.19859951194702,-70.16287144673078,76.09079943208326,-0.0651501210391591,-0.3961621934711926,23.09664235117482,3892.3372,3934.7168,3912.789120494444,3912.3547,6.077937587545946,-57.25371461507555,61.66775506352634,-0.021873437945789,-0.238798318289962,15.48669831870581,-57.71708632493809,86.74162742761784,0.0513243966152881,0.1126210134651882,13.95604391390869,-59.42064764952514,72.25243212802702,3.78459305475179,3.799894198747479,18.50235931767005,-137.1534211889507,0.0,-83.24089856436065,-83.09279491913885,17.32574854262001,0.220184791599061,0.2211671792063261
909,E909_processed,-16.227905,69.606598,1.941059925046167,0.0,7.376727743667132,-35.13907236977786,33.39753748530834,0.0003033280906356,-2.4029538466922836e-14,1.894738293141214,-4.999683627156381,4.146317241571363,0.0177760195303275,1.2917292746317158e-10,0.1242717074890893,-149.11435,75.687836,-18.8285053715027,-18.098739,33.47589876278877,-129.8512186075217,94.56491034404078,0.092346743153967,0.8078983747454547,33.53576438909496,-187.50491,130.24535,-20.63255250142192,-19.2655045,38.09068067760072,-166.5851661527666,150.9119201909933,-0.1121910876667744,1.36352090553347,38.17039272758941,3786.5347,3849.0332,3822.448026555556,3822.3386,6.293618704956936,-89.64385100988645,55.88901529559328,-0.0687192627963686,-0.249285255479416,14.74250328662658,-81.73649558339633,148.2750828509185,0.1183810668185321,-0.2469652788318102,16.64894101329477,0.0,190.1520310847583,113.6722157260128,113.3873947600183,21.41756963991336,-257.5375412341824,0.0,-159.5213973285358,-158.8085058307369,24.11631483886772,,
848,E848_processed,22.436283,23.36422,22.92084929127778,22.922344,0.1325637057185734,-0.4670592619950305,0.4382377102786185,0.0001621680811298,-0.0011962850956513,0.129286392425381,-4.940478665887345,4.987286166106395,0.1983619854156962,0.1820686969979832,0.3458856119477965,-113.31011,90.509743,-12.40703746674897,-11.864252,26.4014937197639,-100.5792427998612,103.4591917267426,0.085518316587875,0.5664878261378397,26.48126088934405,-89.628197,82.827293,-1.634913661027804,-1.69775155,26.34065415522064,-98.74620617298646,86.22561975929244,-0.0289771713866401,-0.0364357019057379,26.43260343914435,3842.988,3879.6077,3862.767205205556,3862.6362,4.761474951606536,-133.0901621874164,81.42331863288744,-0.102631656690611,-0.1171139046239965,16.20708130805596,-72.13928678802834,77.9858385985514,-0.0063457644869183,-0.0108315571425487,15.54089334657047,0.0,175.5735258459316,111.6202817350287,111.5548456397892,19.68657029345226,-51.68606775947158,149.197214434032,38.28389602559577,38.36495831487103,19.8348269450283,0.2271886514673329,0.2249769268054943
912,E912_processed,21.618809,22.811878,22.28528635305556,22.281624,0.1574208449560951,-0.6344335758397832,0.5620258473197619,7.061450915496302e-05,-0.0011424057175442,0.1523533251437976,-4.897532222864097,4.984949222742898,0.2905431891021278,0.2570583741108351,0.4482180319654693,-127.19455,81.72802,-17.74675596544842,-17.507509,29.53488932237012,-109.2087506444665,99.29437832526344,-0.0289096371303594,0.3326046246341025,29.5832380757264,-150.56845,111.26636,-18.99424297453239,-18.741213,36.28616086293697,-130.8962367762712,130.7975712497205,0.0101191190261298,0.3188172110733141,36.29621009629068,3797.2114,3857.9031,3825.30029085,3825.6997,6.289575985382659,-53.85760763033124,47.10471211686401,0.0024030030240579,-0.0899908956550774,12.85103697253783,-46.8205592851346,63.17797639814174,0.0273532009470828,-0.0090189500692687,14.51751672355373,-51.3964807860875,100.9253351975778,14.58135271137913,14.29197710142962,18.76939376359491,-92.82500748265484,55.06484851003462,-10.75127948091399,-9.719654972251975,22.24777523603158,,
781,E781_processed,-16.227911,72.263336,1.892678993525865,0.0,7.184489198602404,-34.60292221729407,36.30471579911702,0.0005190629556344,-1.295955149234946e-15,1.938549967017507,-4.999999987020923,4.9999999629056,0.0138812267347114,9.327365337852828e-11,0.3440282633808333,-307.71881,248.29724,-11.33512270586198,-9.694953,71.62542436273922,-295.5427188485402,259.6406683936552,-0.0723819384439041,1.517210459759454,71.68005365412542,-180.85921,275.29041,-5.194145867983591,-8.1429167,62.43554763432279,-173.4327055527538,282.5954342825864,0.0151035342875886,-2.790381628778078,62.42931793449276,3795.2583,3944.3545,3860.196223398345,3859.5393,13.99879732699623,-160.645835732441,182.6280666505838,-0.0051340476772915,-0.953685917868146,47.00577792808995,-133.007278514148,115.9489327464428,0.0482074899078766,0.971043023517126,39.10251682119252,-195.8791817963676,152.3323692372559,-13.84018268191051,-14.28570376271608,55.5761429307401,-183.8229654288888,128.7782638500806,-22.40895309115576,-22.38650562626464,47.09874870939279,0.2216424307612502,0.2254907295336215
1097,E1097_processed,-16.227905,70.865936,1.923403913768056,0.0,7.321381867593888,-35.24780868019132,34.73754234769326,0.0003704022493525,2.875234141590179e-15,1.893530859428579,-4.999937658530338,1.45687065266191,0.0127402683256648,1.996342290863852e-10,0.0688193663711585,-195.35316,138.02115,-16.82173388382508,-16.564952,45.38144477420569,-153.5305300558857,184.8626880794397,0.1197747497133835,0.0871254435067552,45.43184063683574,-212.60295,178.71225,-14.27902332246678,-14.2843695,53.38420919180033,-197.8113885011191,192.9510015529454,0.0018237307927921,-0.0841349800142197,53.36076869318734,3763.772,3887.8953,3835.468843488889,3835.2341,10.6479948233835,-297.325082219394,135.2113608891113,-0.2310763718570547,-0.172721379352332,32.11349857953066,-141.1387005744241,118.8522265757554,0.0784856497919671,-0.0166774704762562,39.57826567577005,-18.64733795475135,338.7285674617028,173.6839279553524,173.9923674094089,35.85335523910817,-175.6154077460214,111.301978867963,-34.40270372113048,-33.95266025966549,43.74614650319801,,
644,E644_processed,22.370369,24.22591,22.73389461261111,22.723969,0.1103352026969192,-0.3413961968435724,1.399756764825891,-7.825093949394875e-05,0.0007054991743981,0.1083010818717898,-4.993959050670218,4.840851319693233,0.1922079261418718,0.1764913657748297,0.3283049132982094,-99.103455,75.001381,-14.67873737717798,-14.473712,24.32355820430502,-83.58971955290772,90.07019798260961,-0.0297072522701747,0.1467397075480705,24.36588336296077,-76.806396,67.959953,-3.985735519689022,-4.2378929,21.83217588786636,-70.69495392718785,68.12471649982024,0.0279273692382828,-0.2061774832541324,21.63217707402582,3834.199,3875.8101,3855.459199533334,3855.5142,5.712329499734609,-67.05157405477304,100.802525446996,0.0652196639656911,-0.1822051446431913,15.82212332933742,-41.07903500145115,44.6471371545796,-0.0309710247054889,0.0463155463909425,12.65669969374988,-145.2970064447282,0.0,-84.20131857703812,-84.39949614878887,18.61845324540653,-42.84487457691013,65.16802078967689,15.12047981511363,15.36087247939062,16.03980753306369,0.2227549484172367,0.2244466358083183
798,E798_processed,22.038582,23.872368,23.02800819677778,23.032803,0.2925065218309855,-1.046365485324294,0.8203950329092848,-0.0007611904616164,0.0030124517105872,0.2927920419958095,-4.647876469173525,4.880278821247071,0.1910972148221635,0.1757293736259322,0.2524247223664274,-205.08748,149.97446,-13.09936356013097,-12.3044695,50.61667555348203,-191.8015033520953,163.4705969605322,-0.0662802339035048,0.6259882746244507,50.63739042220659,-151.59834,149.71591,-9.992645954015217,-10.673128,43.18018045877803,-148.713199864065,160.2347141205615,-0.1182208956939661,-0.7387704557573951,43.27835453068977,3808.2744,3878.8066,3848.202627772223,3847.604,8.33202837121532,-88.31254459662183,98.59759186831889,0.0928003828744181,-0.0455828828026843,30.77044680801174,-139.4798205896319,220.3677582014665,0.1579343405125677,0.007588140473381,27.06121410740352,-188.4748772140199,39.98808937159236,-77.33768827752706,-77.04795628015184,37.76631788204379,-297.8325141961514,0.0,-153.4632322125035,-152.534652752927,32.3080885018561,0.2266543207740711,0.2260929239265106
702,E702_processed,22.546738,23.563053,23.07624275033333,23.076992,0.1259998126069193,-0.5251224308723524,0.4774476293255172,-2.842877469619749e-05,0.0014831507553326,0.1250821262429495,-4.942404729265028,4.976409984738131,0.2911190261147327,0.2601954036433521,0.505057539107442,-132.35161,75.819511,-15.42406544438015,-15.4467675,19.13386003124792,-117.0625914253572,91.165057612411,-0.0533283629362079,-0.0615571760356072,19.23980861142015,-72.103104,46.425125,-12.02734607170719,-12.2464095,16.09287685342321,-61.12381911087539,59.39491381033746,0.0122962192907767,-0.2764427822422054,16.0716724436763,3824.479,3857.5181,3841.960350388889,3842.3403,3.426039119276435,-46.08069673705655,52.87968079488796,0.0252665900764789,0.1877575390709861,10.21038377177761,-29.7889339469564,24.73344342872558,-0.0228339770935657,-0.0152896569988801,7.614654803897976,-95.2150339402268,68.13140091817267,-10.33826787510229,-10.53318732965677,12.85868570342185,-21.53572808732645,47.97479103560749,14.49225579457128,14.46725421424286,10.28142222770419,0.2833031519815664,0.2760728996920767
649,E649_processed,-16.227905,72.059006,1.958697537654389,0.0,7.350939284620083,-34.26041218530236,36.30202459089188,-0.0001110566403652,4.07076556427325e-14,1.940549465691803,-4.999853131701922,4.999687834638777,0.0138574680711133,1.200231077555374e-09,0.1170704930409443,-82.554222,63.451572,-8.260096246154323,-8.202289100000002,22.72561772920441,-74.15142927322057,71.46359753750136,0.0119343928899795,0.0635215453811327,22.72261544807974,-49.976086,94.252907,18.73799678853838,18.5953075,20.11648915264207,-69.02500243636435,75.2985781160107,0.0325642111019539,-0.1698274455381015,20.12829800427841,3877.8162,3909.0745,3893.304105233333,3892.9985,4.087217476452872,-44.12695451141364,50.63186203227991,-0.0062075938621931,-0.009909591123268,14.53029899598824,-88.61889211206406,65.58997927924811,-0.0680735374368179,0.1381199293087878,12.49396568393768,-32.50670151375737,72.28024014168577,19.08707614248467,19.35205111954729,17.43822347485221,-1.63219514530125,114.3755172599447,60.0727951038641,60.03651437975126,15.17954872957764,0.2192959606589472,0.2271681088070864
641,E641_processed,-16.227905,71.995155,1.926788921820278,0.0,7.271405498582182,-34.35155794222409,36.10609836920763,0.0002001081972895,2.857149613790483e-15,1.934032138904277,-4.999752345241903,3.921819461216093,0.0116942182006429,2.24120259394079e-10,0.0832137702337393,-87.788002,93.961639,-2.335693058639224,-2.23992525,24.6146841152333,-86.64147749337278,95.38798153624842,0.0383198469069065,0.1844931685955942,24.6266739216173,-40.73127,109.57339,30.97815418338658,30.920824,23.45850006432722,-72.35498869080473,76.69016691142795,0.0193974317442221,-0.0678315137722705,23.42749888170026,3911.4846,3946.425,3928.478836177778,3928.4709,4.882357190273032,-58.61516937675319,51.13339408664929,-0.0407520065804759,-0.0999179570426846,16.34563453767426,-54.97842733902448,43.55698914470095,-0.0086812696715279,0.0744865715120345,14.15508645328064,-26.31514359843819,102.7351836188604,41.64211753180977,41.43698864336153,19.24240627827924,-8.392778484042283,119.0505250800874,50.00514033392338,49.85073479839998,17.65422204708955,0.2127837426873093,0.2211226633559421
837,E837_processed,-16.227892,72.030487,1.922313509236681,0.0,7.261735138965625,-34.35441747034086,36.08436108682817,0.0002930698474581,5.808854005758406e-14,1.936578023645216,-4.99991444798133,4.447424309427896,0.0127519543261471,2.551653002448797e-10,0.0834042600417004,-137.51427,128.30766,4.0924067227867,5.178263449999999,32.06214092854938,-141.1323947480251,124.4286552026089,-0.0502911671662692,1.074480772769985,32.0860959478103,-81.941971,165.79567,37.06720419034314,36.762802,34.44989892417129,-118.8047639492916,128.8168348020244,0.0858277839075188,-0.2210585562606424,34.52968543586256,3913.9724,3962.1943,3936.673853083333,3936.3096,5.838784186541494,-69.4612367344804,76.08421702491722,0.0388034775453402,-0.1271080780874502,18.68443605988513,-104.3276603923827,75.61827467991932,-0.0874910090575898,-0.1813329516037001,21.03695882355008,-142.4205205069931,31.96071869507554,-53.01960037545518,-53.04084734221038,23.76083883095486,-44.71040695421635,152.5356930212708,55.09009920443284,55.37315822425145,26.21327355002116,0.2294629113195485,0.2222093219960333
893,E893_processed,-16.227905,71.108971,1.930295323755833,0.0,7.290146485796981,-34.99049702632511,35.36347419115388,0.0001430500181823,3.892783321081415e-15,1.93573830700745,-4.99954839463035,4.622666875182339,0.0155195659460633,5.652566594688466e-10,0.1033354588662504,-65.103493,45.202549,-12.64120559816393,-12.7868775,14.82410954518883,-52.12852194751461,58.17454407172229,0.0005941910603981,-0.1210842605721605,14.82308951081126,-63.793831,42.476746,-7.408878103525845,-7.51932955,13.9292084217049,-58.06385574589362,50.13874655821876,-0.035350108166174,-0.0415538709218041,13.92430415150021,3838.1045,3864.6709,3850.544244711111,3850.3789,3.381980296071123,-36.83000344604036,26.46615777967126,-0.0173400536534671,-0.1227744639547694,8.122700989816076,-42.90252355106565,73.35361009856173,0.0537116073924296,0.0617283017570984,8.01636911447398,-20.0939329751914,46.17359250405813,14.56971941643877,14.54706269085497,9.863831982313826,-96.24120072388672,0.0,-60.54681624372569,-60.55786754720895,9.610961301932582,,
1041,E1041_processed,-16.227905,71.241501,1.915574166414491,0.0,7.285561094329087,-35.20814745741799,35.20475411848808,-0.0001815982839242,-1.234865142805026e-14,1.913847333290261,-4.999776014510909,1.2718626550665,0.0144311730526095,2.807595771615813e-10,0.0786581928721891,-259.5029,267.71194,-12.52942020801621,-13.4854375,73.50149497207765,-246.7731282607531,280.9643411160316,-0.1275478132439169,-1.040247006633198,73.55521796028616,-279.38,331.11963,-9.59757237319259,-9.2187724,86.90321090647062,-270.1436587471998,340.610273421547,-0.144207499095851,0.3660613545638343,86.98188885541028,3743.5085,3933.7202,3842.815976569619,3842.459,20.41009812295858,-168.405509702501,157.8336712147625,0.0768802066032564,-0.0868474991277628,46.66004716090821,-295.7176797841857,361.370170750873,0.2434552019425092,-0.1421436802226417,61.87090133051616,-322.8671416763066,39.99545518667249,-134.2235476803662,-132.3188807151597,56.22180085624027,-467.7910652206102,74.58008976914199,-200.8325639849517,-202.1954546460743,70.1578930748138,,
1068,E1068_processed,20.735043,24.225868,22.35024528592066,22.369987,0.4116802832187702,-1.597289879174882,1.771114453512143,0.0009461939726424,0.0076141455051879,0.4114453224292348,-4.724206900876899,3.86695256805112,0.1828017884538989,0.1691341843676942,0.2036217166109615,-242.72647,212.21991,-8.853805079853762,-8.2614074,66.10521377185094,-233.3716792932789,221.5614903955822,0.1153641558665108,0.6597576851249807,66.13415929631105,-287.08484,304.77637,-0.0970097390743583,0.472253825,78.86184604109596,-286.3145467124231,305.89986467888,-0.0274828280108764,0.5511325404607832,78.81110756548995,3759.5466,3943.4619,3867.928189298811,3867.5774,17.43371550674086,-131.9013341709472,134.6615532794921,-0.1395333669633077,-0.4281742303532674,41.00799836840789,-217.9328707505327,183.5996470925498,-0.1021767255850642,-0.9801889486277529,56.42103580648099,-28.60363107529535,276.6345138908933,127.3551947055481,127.3304916387661,49.91583213298971,-213.8381156640933,184.6675003122857,-22.48588959967289,-24.03876636618132,63.99761835608361,,
1050,E1050_processed,21.221111,23.739803,22.44370176755556,22.458363,0.378762122722858,-1.214651484920476,1.308376522677617,-0.0005195453393262,0.0034302706717991,0.3780021156592766,-4.772229476647575,4.997857097281491,0.1794564734797004,0.1623979534273845,0.2579113141013598,-212.24112,158.21655,-15.97811174097098,-14.09339,58.99487115026403,-195.7912797169615,174.9079077150416,-0.0055432121371287,1.878122561859788,59.00202668501834,-243.96773,213.66615,-14.81574902829021,-13.3864915,68.1903031667126,-230.7645893820313,228.0010618227376,0.1521093743811364,1.550949250728462,68.26483085439898,3761.7427,3900.2654,3836.314860777777,3836.6875,15.21319019111529,-108.3603296057989,126.6463033056926,-0.009529887163135,-0.1319418112386062,39.15759496127099,-219.0567303895591,163.3780264904739,-0.1122602625522275,-0.2434257897875458,50.32877485696914,-116.2382055984954,161.2759035381443,24.83887769734304,24.26872295813978,45.88979105990572,0.0,450.199789055963,252.4200165123391,250.9025792633989,55.9195554555522,,
1085,E1085_processed,-16.227905,72.147377,1.923742058897889,0.0,7.270050497478223,-34.65327392943023,36.25976220643009,-0.0001873148593272,-3.427959443330622e-14,1.939156214709842,-3.105700708160817,4.999997040875836,0.0139089360707822,2.373768113064189e-10,0.0784509594428811,-168.40869,135.73883,-14.12458703393015,-14.3486145,50.07961037329245,-153.8871261174113,149.6807002573256,-0.0263198448462134,-0.2600975219085161,50.11504642908332,-215.02408,199.77466,-1.756843026284155,-0.6362645,61.07197438928232,-212.447794812313,201.2596479478036,0.0043441760066928,1.049984486598232,61.04698340016886,3763.0229,3917.5088,3853.878692644444,3853.6702,13.1755334230351,-99.99966723147402,97.44798014054908,0.0101605010740003,-0.0698937734044102,32.30683690608089,-162.3017455753142,152.0906812909357,-0.0103884942896029,-0.6681885787623729,44.44692349008526,-75.56060218292481,151.6261233518543,32.59751785534233,32.32232575286407,38.77976308279315,-156.7575449542517,190.3461971409719,3.258181399981077,2.905317832417734,50.12498693921498,,
857,E857_processed,-16.227905,70.79966,1.964086600094055,0.0,7.43246584647027,-35.20506037821689,34.72299413572622,6.882637496868411e-05,7.814446853054335e-14,1.888305038809555,-4.999602639454085,4.998996432196359,0.0111234216963523,1.107562436356253e-09,0.0956834213244736,-113.20501,63.479939,-19.62079653925197,-18.9385405,25.80634982634152,-93.63658711507048,83.52615305970743,0.0154994935087173,0.6933561881308596,25.82089389376433,-98.475372,72.12928,-15.5240923819646,-15.139792,25.39817646778777,-82.8836949782576,88.09876455769731,-0.007513845261939,0.4099483791891192,25.41573262987323,3815.7344,3849.6218,3833.032910061111,3833.4968,3.618611023397326,-42.82668200588746,46.01510640188407,0.0097900475611998,-0.1126097418601865,13.43618116344281,-49.35883155707494,59.18542791949162,-0.0146147974433154,-0.1740902367397729,13.31134821083953,-58.893297330294,48.64572227132824,-6.826965000241743,-6.633978022690098,18.07796062280548,-46.84767799785558,71.00839820528691,19.92288104856507,20.14959394754435,17.92089695967548,0.234961394813476,0.2327403674188212
1039,E1039_processed,-16.227905,71.374069,1.918064286549728,0.0,7.290200862458939,-35.20484020327526,35.33593419099966,0.0005088379992955,4.7697816725969055e-14,1.913877882218036,-2.590852181477307,4.999935498020943,0.0144352816878977,9.804024466114828e-11,0.0808977761988579,-242.52136,260.03384,-10.51452576085085,-11.910534,73.13518902547473,-231.6436587314207,269.5067155650759,0.1190093254586352,-1.399745716771085,73.21126542499304,-262.492,287.42078,-5.708680672938866,-5.6318047,86.81440431911814,-256.2015622338465,291.8134712019323,0.0393147543149889,0.2853576673486282,86.80383919553883,3744.3269,3940.7217,3849.574461240138,3848.8628,20.24878412945984,-220.4621708899286,159.7149626463845,-0.1526516765996757,0.2663635696995357,47.38319879332717,-201.6779706586001,183.1064543976965,-0.0695151929694555,-0.8099580372045816,59.42329443228093,0.0,380.6364233515018,221.9936041118293,221.5825478290533,56.38717758572903,-144.1101420570266,286.3723845940359,59.01086814278858,57.55531826864011,69.12835842554423,,
925,E925_processed,-16.227905,70.954315,1.909446151677611,0.0,7.284835729794303,-35.27033051421199,34.81769842520558,0.0002337493946832,-3.14150294547681e-14,1.897749916486217,-4.999992013599969,4.999982134950066,0.0144153971022233,5.067514162882192e-10,0.0991718734784817,-284.3746,262.88736,-14.40536780296334,-12.2247595,81.8809203602715,-269.2734008776515,278.2759499940639,0.0343520774138247,1.948921523383709,81.86735479013758,-274.2182,260.54752,-12.27637129823817,-13.4349905,84.07058960223569,-263.5327660141429,272.2574270057742,0.0174235664719706,-1.069649297758703,84.0177425529058,3735.4412,3929.177,3836.163500083334,3836.3269,20.99835469951112,-152.3886287355153,143.5291350550491,0.0265719277325328,-0.4750831818814767,48.92173312622963,-164.4474124349347,191.9450533347466,0.1111391501154969,-0.0902272747428742,51.20043355943496,-95.82133300778848,284.3742253641506,99.87368686930976,99.95474036047776,61.79382084839933,-252.0189084352911,110.4696521767566,-87.20373532555087,-89.52974343519352,64.09659340904265,,
1024,E1024_processed,20.933891,26.148029,22.39040395493944,22.392082,0.4062852992361357,-1.645714242630026,3.627891256527247,-0.000419655925885,0.0035439095267026,0.4049230848600511,-4.569940612721339,4.807160541272699,0.2038835556778582,0.1826632276810711,0.2614256566819034,-232.41959,214.91481,-2.255902581148511,0.071801059,70.60830103644842,-227.8913281189819,216.5422094603492,0.0587344429664359,2.360596121708835,70.64470528956797,-268.63431,279.62634,17.01840594074855,16.792557,82.37961869549905,-284.6405518853615,261.8870079810615,0.1537337338501022,0.0277688456337372,82.50975991543314,3797.6855,3979.8437,3894.974052505835,3895.0122,18.9400525962463,-128.814580653516,127.4979384609717,0.0521989503436642,-0.6937632835964935,44.11775285549635,-168.0346298083205,165.2609767436872,-0.0466011279581307,-0.8574188537440106,56.34007507201957,-162.2667167352097,135.2637973071764,-11.8130789773829,-12.90979394753938,53.40873779471305,-143.2380801548987,328.2215527601689,100.5567502417563,99.10324013776436,65.66543918548726,,
947,E947_processed,-16.227905,70.00428,1.956628307864478,0.0,7.396866184966239,-35.10329987666562,33.98916066164544,0.0003156975784593,4.306938931104865e-14,1.906410490198302,-4.999999992263506,4.999999999048848,0.0160796655736374,3.661737265272485e-10,0.6587137227112192,-235.29886,219.64764,-14.33865944958878,-13.553519,69.00745530922035,-220.3777485128411,234.6932265054743,-0.0761003458558772,0.6830307309622903,69.08848229444027,-273.146,272.07391,-13.81474998399149,-13.615699,75.7082570159347,-259.4163422793808,284.1036484314943,-0.0516791082126821,0.221907470793262,75.71211703893192,3734.5486,3927.3916,3834.697013980108,3834.5464,18.14547916941109,-128.8749180868048,135.0221166528664,0.0517053191862502,-0.5121502576421442,45.70084084340025,-174.1002266002414,163.8739535966857,0.08912949961381,0.1181306983680042,53.11038288103234,-189.955024427437,177.566863776246,-8.270031203435826,-8.969749769790091,54.19850894438911,-237.3575473031017,149.0592003400024,-66.82025584502769,-68.1286271536754,61.13919356858387,,
738,E738_processed,21.331577,27.71669,22.42414877177778,22.436268,0.2704149380767812,-1.511744165876241,4.886636588447081,0.0002787592768502,0.0034136542413393,0.2670127311435891,-4.704603205733722,4.976544878722191,0.2154378885552371,0.195711592815513,0.2903561062982298,-192.62192,149.40034,-8.917513663640323,-7.76977325,51.01095322200223,-185.2240383124184,158.5583186673963,-0.1088872793162782,0.9993943122356326,51.08168383963108,-179.56194,224.65236,5.548312571819527,4.18107725,45.87237473182112,-183.870375124342,219.7262232577443,0.074308744818931,-1.372025072609698,45.89412174679666,3827.8071,3915.3101,3874.132366311112,3874.2649,8.264258444967423,-113.6595612419587,179.8650826690083,0.138605683610402,-0.3100233528566598,30.77995185136365,-98.30855958322478,101.2729433916101,-0.0450170705131008,0.1612209476244146,26.56907419145707,-275.593999629659,0.0,-156.2073230636762,-156.6589893982965,37.92449058500929,-34.49213594204009,218.9636146889437,95.21286706248732,95.58200905384344,33.87689217557767,0.2283350077301146,0.2206808928611393
1092,E1092_processed,21.044373,23.275845,22.12241812172222,22.126968,0.2870662511399431,-1.076684860139703,1.166950491323629,0.0006938374831532,-0.0012458168093809,0.2872366909766442,-4.964792460315547,4.915131100639669,0.1794508141576108,0.1660643499330212,0.2529589167171006,-156.30803,153.00893,-16.61421205290733,-16.77688,47.46311788181945,-139.5899249730136,169.7501931691465,0.0031296760055768,-0.0596521831103853,47.4597188274294,-205.37724,178.67281,-14.1759726677373,-14.0551055,56.49230890289208,-191.3636486930564,192.3127644184655,0.1711222564593652,0.1833187656444653,56.62850479363876,3783.6555,3889.0298,3835.780664633334,3835.3516,11.89723303902002,-85.77888734333573,87.05149281950108,-0.0290078899481896,-0.1966482323293101,30.92767569227668,-297.4844375678557,136.8751456361157,-0.2292700195071738,-0.033115919195779,42.81244828158538,-124.3837276911122,101.6751717945328,-9.355828963358643,-9.5816519528377,37.01521190808437,0.0,421.2529632747188,256.3977269083316,256.3718993969619,46.83191537204311,,
1094,E1094_processed,21.221123,23.187469,22.15314079561111,22.149063,0.2732998215511853,-0.9323610785294004,1.064735882823393,-0.000339667248359,-0.0029323317967476,0.2728477123476865,-4.541573186411725,4.692125186118534,0.1833506877737587,0.1673903168239064,0.2517950542791553,-169.98068,144.12042,-16.77647532007434,-16.614708,44.08911206157827,-153.4351616159801,160.7357503692672,0.083043933684287,0.2122240469627279,44.09933431567465,-181.22658,168.91171,-14.34063369169657,-13.939133,52.72875230418074,-167.1843501198277,183.6146705651931,-0.0276035552823042,0.4369204818635262,52.75053545354036,3772.7468,3876.3301,3835.449164355556,3835.2698,10.4305515681161,-107.382002854709,95.83685610751968,-0.0242762275430215,-0.052006076504198,27.73611731348208,-122.3117958901861,197.9190423797044,0.1319244297916128,-0.1917402023484831,38.48046843635925,0.0,241.0726282373797,133.2247067598778,133.6034207769507,33.60812333884905,-237.5419389020784,27.64385647559751,-95.04162817545416,-95.07437396942048,42.76666238507083,,
711,E711_processed,-16.227905,70.75544,1.928847886880876,0.0,7.286974869256741,-34.97766921332836,35.00314070890123,-0.0003014425720944,2.54838261611776e-14,1.941165719632881,-4.999946538301084,2.140697000841882,0.0149861158110421,1.898833552229472e-10,0.0710591328198896,-276.15109,204.5269,-16.16526699904356,-13.00188,72.02193741881253,-259.0229436301987,219.7511184027519,0.0439848993648627,3.262691000232083,71.92885540165786,-248.75317,249.55733,-20.02525395518702,-20.207567,63.10442426059923,-227.4608994507886,270.0990479667452,-0.0197369105726184,-0.4408527283688766,63.04823973238561,3775.6182,3899.7151,3831.464601972441,3830.9712,11.51431633524502,-166.6189334980838,129.5387125714764,0.0335045723088595,-0.6715973008941951,37.79155049457348,-121.3304842247355,117.5107512849854,0.0488305518504304,-0.13042374437555,34.84409743714544,-104.5759104397827,209.7774112594888,35.89975729237548,35.55322511815685,50.60924376443147,-199.6499967935106,107.8018212240837,-26.23256540566571,-24.14650818759315,45.40018199819388,0.235241241923415,0.2272364920177606
724,E724_processed,20.624405,22.612148,21.79172144777778,21.795273,0.2431489700292803,-1.153582738963794,0.8207437070606285,4.071974255066681e-06,0.0003765424387691,0.2425570335367516,-4.993254410163318,4.816472046295565,0.221785100633117,0.1987203686188505,0.3262172504959516,-211.95459,233.17656,-15.39303194181419,-15.510331,54.56607039015644,-195.5084527400094,249.419839567602,-0.0917456489420554,-0.1632240390737827,54.59720456814549,-165.00757,173.12184,-18.20319846903785,-20.024083,49.20927570574444,-145.8554395753685,192.0658183814619,-0.0082338427287142,-1.932446419223841,49.27774105254245,3790.7944,3879.1809,3834.5670931,3834.5413,9.386548584937495,-124.7919350503106,156.8586412667749,0.0925781212036821,-0.0448086435845667,34.10364588243045,-93.69006621289904,119.2727194443126,0.0726283028796227,-0.1026435449758285,30.72655159560021,-303.4505752475612,8.911298516774371,-142.9309552040603,-143.0747509916423,41.73603497473394,-217.6924632808205,18.00166039968214,-96.4472803912916,-96.0991108143042,37.74495485515703,0.2216893886122746,0.2177521854378585
1056,E1056_processed,21.199017,23.607243,22.40622655891994,22.414177,0.3253716065766978,-1.200000179764278,1.210650525475892,6.002500596937959e-05,-0.0026298251320905,0.3246810849220453,-4.413591599698228,4.830608779189006,0.1988707589115193,0.1790306316009533,0.2716965244099285,-213.02226,170.79393,-15.1045016448537,-13.518085,55.68604703417273,-197.0607542126447,185.3334902320931,0.0459710784433836,1.568019222171049,55.69737011831398,-240.99425,228.12378,-15.78040024472098,-14.991153,62.90818175970947,-226.2813510187779,241.8060431359958,0.1080225523840928,0.8986277566325622,62.99795918156593,3764.1565,3900.7588,3833.847272309573,3833.7217,13.63653891905214,-106.9797389239534,114.7198252742023,-0.0661522570529624,-0.5609040581500366,34.14280454814686,-270.4396975238628,153.3240418915886,-0.1809853599463922,0.1355753436031293,44.81397928918697,-7.624299139563013,253.8500812711366,130.2187643710425,130.1082784750394,41.26755445164883,0.0,372.5212726703694,182.5427615185509,182.9172875704179,50.37211252237246,,
836,E836_processed,21.798164,22.900665,22.34380753444444,22.344154,0.1579171173903358,-0.5267091245975173,0.5393634142730579,0.0001065063783914,0.0001901415159142,0.1534892925154243,-4.666198629016269,4.99662434071606,0.2205456472088604,0.1964364504483017,0.3659308443172545,-101.23422,115.23616,4.894392239629845,5.615931249999999,32.10006080819987,-106.1700094588099,110.2004866626121,-0.0063276607478902,0.6886411133712684,32.09327059754534,-84.949348,188.91078,38.35708962724821,38.025131,33.96450319114773,-124.2807223816977,149.0261161887645,0.0317938071662161,-0.1715254156233357,33.96925094745811,3911.5247,3968.6926,3939.876592305556,3939.8088,5.91399951866093,-63.02121781550721,59.95077025238491,0.0329573026051683,-0.1021849310196652,18.37907766770557,-87.16125536426321,79.92175463832822,-0.0512953878193267,-0.0035007470053898,21.1811122619001,-90.52443277869128,68.54655184432441,-6.115540277988849,-5.788024170534493,23.47554636773064,-90.69449227434986,107.8011714089647,14.74914048316431,14.90251021997686,25.99533588746312,0.2310581482765314,0.2161688750741669
634,E634_processed,21.618782,24.446049,22.02150910738889,22.015774,0.1109364418324728,-0.4042254485473372,2.320896367352491,7.639954050422377e-05,3.678630967272195e-05,0.1085361248113966,-4.946922014984191,4.941991362467368,0.2067215280538611,0.1896823908647007,0.3891038962309086,-87.313728,72.34034,-14.46136614504627,-14.2419505,23.00905288893786,-73.8434621023221,85.75925022145931,0.0007846637051448,0.2043089774381922,22.99258481060705,-101.28601,63.690063,-14.73407399360023,-15.011912,22.48919357786779,-83.8897773177673,80.7597120783736,-0.0329484522044611,-0.2295349123190736,22.40450679923045,3822.9348,3870.2527,3847.848502044444,3847.9329,6.761077028557962,-46.73741710440148,50.77934741808289,0.0137507056035162,-0.0943177117362328,14.85768612222817,-41.40852163117376,52.85882273351304,0.0400849779554889,0.1330169064636455,13.17215801023029,-68.13184559194005,50.61936725698886,-5.616494616642119,-5.674377872349485,17.73808212666357,-100.1313414461841,7.768342183403312,-43.15080443850448,-43.00695235860378,16.61642139885471,0.2216901871072604,0.2249806183225387
1012,E1012_processed,21.044361,23.032803,22.1571696305,22.149052,0.2810483829026703,-1.086919136451486,0.9251007467432952,0.0004797319533394,0.0004835088680788,0.2805090423842783,-4.779605048836146,4.73515640764088,0.2227635068657997,0.2063272047513582,0.2652173964048513,-226.27943,222.03502,-14.15739313581844,-14.7320465,62.32705240151316,-212.2821072049113,235.2532593210304,0.0223132032305975,-0.6370115537551055,62.33811360348167,-241.24768,238.2991,-17.82558048755334,-18.703125,71.06841799296338,-222.9316728453078,255.6105137849713,0.0880511991277019,-0.6888430923051825,71.10514171006206,3764.9036,3892.5725,3828.322441833333,3827.4011,16.19029695360126,-125.8505146160106,123.717493359683,-0.0893272772622532,0.1144862720427096,37.75826115231673,-143.7576635941399,134.9798456584103,-0.0677419121192559,-0.1372435556626757,44.82003594671652,-100.7481505386375,222.132632336132,77.72813511319943,77.44681341139163,46.83981441067503,-170.7760158259524,206.6194995273889,34.40755964175443,34.00725570179436,54.9130965129564,,
661,E661_processed,-16.227905,70.79966,1.939059212973611,0.0,7.370115661453334,-35.224028097217,34.70769976627768,0.0004524593318933,4.633990396963847e-14,1.892574202994965,-4.999823663035017,4.134869272831192,0.0127585512954365,8.430872991637647e-11,0.090168242922239,-87.607193,53.234737,-18.24176068667428,-18.42177,21.16387693954396,-69.08489396999221,71.47520341425187,-0.0018862606850833,-0.1252100229378303,21.19688665409818,-86.884125,56.184345,-17.07709198387745,-17.011402,18.7520728200169,-69.65796469866925,73.40535238904296,0.0509957689985671,0.0952920832165654,18.80559294061674,3817.8823,3850.9182,3834.395646200001,3834.761,3.915408965542478,-50.28237745207107,58.11631512740455,-0.0148269295633279,0.1892420250857275,13.84225045940109,-80.09268700382486,55.87634827944738,-0.0597129889275568,-0.0345590261717099,12.31925217652003,-20.11061678973339,99.30117543551404,39.07658340818292,39.10319116179576,16.47550644317612,-11.8230524022865,114.0469979009594,55.96909222758317,55.95834935328021,14.68716721046036,0.2222075965628322,0.2111348920004266
646,E646_processed,22.480469,23.231659,22.88379310211111,22.878159,0.1066871281117268,-0.4009477668148667,0.3438728350957687,-5.85631653123486e-05,0.0026459676902061,0.1051966101018793,-4.932943834409555,4.957613266720613,0.1965911747250005,0.180772896486793,0.3467591322829783,-92.714653,79.040123,-6.93173164435385,-6.67291405,23.53532694778908,-86.20069488187094,85.74813246245586,0.010229186983931,0.2038405532132042,23.54234713152682,-59.116219,95.408577,14.52260914968293,14.569441,20.46222984966567,-72.42485200220298,82.23813725436796,0.0429147732884299,-0.0515517029502706,20.44884150347875,3867.3481,3903.1877,3885.785377905556,3886.0908,4.739266119126755,-49.80825704930295,53.33523588769933,-0.0172463379321584,0.0021856789678584,14.91872218979572,-82.70693825375554,47.48120115900849,-0.0623871125507465,0.2419992523927716,12.7086182077769,-27.21432460382349,97.40226461743208,38.59418463296971,38.69773213446572,17.92438506624124,0.0,125.6093866283614,74.45300763391663,74.53916239742843,15.42622352180556,0.2227774826132939,0.2272004910469661
751,E751_processed,-16.227905,71.374069,1.984941489703,0.0,7.492810964868701,-35.20772165081036,35.29895976842322,0.0001152834036827,2.3201724326330385e-14,1.890307786116405,-4.998899656981784,4.008816146987205,0.0156287874742478,6.463452544677238e-10,0.1105857356980988,-215.67365,150.90016,-13.08733652303072,-12.1143925,52.30577040884071,-201.5343105033011,164.2464928576615,-0.0225846879507273,0.8529899104958447,52.30284774034939,-171.15921,178.65213,-11.93629603302769,-13.092469,48.6587824345568,-159.3584926884787,190.8381976769975,-0.0984878722006921,-1.380903221877475,48.73080354006814,3806.2847,3885.5779,3845.225209372222,3845.3838,9.253051379393238,-81.21964752840773,91.63442039274618,-0.0252567128779192,-0.0236106598297305,28.7361357516506,-130.9870163968374,182.6195075430493,0.1170831883644883,0.0519999482563909,27.96694599854182,-123.7809176238491,101.3933294083705,-3.071612404878365,-3.116717053105309,37.55246433326122,-272.5525913199411,0.0,-156.9359576691342,-156.3828395489967,35.63070455211308,0.2366636074889843,0.2288792862887372
604,E604_processed,22.613033,23.408409,23.02654232055555,23.032814,0.1100054313459754,-0.4313697226055199,0.4039091468109935,8.774595912766746e-05,-0.0004109538108957,0.1084283475118086,-4.979864876460586,4.974458329596583,0.2427625718469551,0.2152278707345485,0.443346313536353,-106.5489,64.94014,-14.00287113639783,-14.0104945,24.07769189913098,-92.50238051069128,79.19406411535454,0.0401050726933526,-0.0698560751062409,24.10063391591283,-65.593277,74.251091,0.5412852945932822,0.396720485,20.95981020871982,-65.27358944970179,73.15745348883331,-0.0406647859733129,-0.15515133757391,20.97771296645265,3846.1919,3884.0815,3863.682702450001,3864.0498,4.954728737758878,-92.7782400668309,57.10932123563268,-0.062228171564159,-0.1052720454834613,15.28269234786187,-39.73949738558331,44.77987584096226,0.0264783537950325,0.1626759146943464,12.00105661890655,-18.95414670856325,114.8876910006124,41.89085726037183,42.07267587987883,18.31073542374265,-72.35000061020723,43.48046825924487,-20.82512177642885,-20.8125493395892,15.49124260752951,0.230029857859445,0.2288704560923425
648,E648_processed,22.635124,23.408409,23.00049617611111,23.010719,0.1094892073247683,-0.3651699749650145,0.4229690435340916,-8.51863370383946e-05,-0.0009740915921776,0.1079027357686476,-4.987934393848999,4.98641356856562,0.1994829908343554,0.1843745209307742,0.3935629445613653,-102.39876,88.617889,-7.273107089713641,-7.1376331,23.94991321383889,-95.50956756454596,95.41916308453104,-0.0170586204631034,0.0695249856391813,23.94395479670665,-56.373226,98.255928,17.83977290679459,17.719653,21.24961352772467,-74.26097469649253,80.87882965512378,0.0128953506498388,0.0097206308666502,21.30782613967359,3876.0244,3909.0688,3892.956046100001,3892.9912,4.565233319307192,-55.26060259396026,51.38312785766695,0.0052349111602981,-0.2336334626566043,15.4623331503565,-49.07216443368612,42.26368011697408,0.0147030837185325,0.1939688805376909,13.20699977805141,-82.18001776027565,44.4895060130643,-18.87508498124684,-18.58802191959539,18.50779846133486,-103.7025845779115,22.75118032636808,-38.21153368559126,-38.32968697438128,16.40418403589925,0.2216944955460837,0.2188657845140371
904,E904_processed,22.281624,23.452599,22.85845383505556,22.856064,0.1560991267438491,-0.5584353299274184,0.6082910362415906,-1.389581428168475e-05,0.0001373262197283,0.1532487617818369,-4.9421853442937,4.941174444815096,0.2961011151389179,0.2652281341623047,0.466513688670899,-137.54166,82.817642,-20.51417580262629,-19.3574725,33.83360086528516,-116.9997523600397,123.381169543167,0.1174983692144094,1.157378479017584,33.93681526804198,-163.68706,116.91164,-23.2802782721063,-22.688761,34.91269327428266,-140.4373671687887,140.2780079319349,-0.0098339553697874,0.55854162110725,34.90158162509608,3787.1702,3853.2263,3817.321286972223,3817.4702,5.976883723574987,-148.552334269572,85.301034335292,-0.1191409690446945,-0.0383305927506905,15.18986468206619,-49.34879186420671,49.64643140336616,-0.0061553555325365,-0.0661360280059509,13.5866807943092,0.0,261.527720431862,175.4280199353797,175.5930050379218,21.16280799095498,-91.5011379859082,60.71657718738111,-3.296175658948923,-2.427125129897604,21.27684768163537,,
571,E571_processed,21.574589,22.28159,21.9218317235,21.928097,0.0935183919526697,-0.3565192933883325,0.3447878564449597,-7.097509198354588e-05,0.0006635602590634,0.0924049565070702,-4.965564243790089,4.978930202099161,0.3077708505925187,0.2837015106193467,0.5008473042716168,-99.657249,69.499092,-13.88079448455886,-13.900795,25.56545214505747,-85.66577950674856,91.57853709912756,0.0407260005821691,-0.0248215596415548,25.64398278811693,-109.75941,71.113846,-20.93401675231457,-20.5595445,24.86742756400534,-88.83224371946068,92.24421306509537,-0.0090853388581209,0.3333486698956105,24.87713188380597,3809.5432,3857.7539,3834.784848944444,3834.5413,6.232262294369701,-117.7991889177511,72.50533570555217,-0.0653911699611144,-0.0718900193027349,14.58582681798542,-43.81962732603281,46.35408751427954,0.0160043768546117,0.0052424772973984,13.53917324113121,0.0,179.1497321622062,112.3315741477537,112.3011224112534,18.63064429962906,-43.53199003248927,73.76057743792839,15.21802338894814,14.96742987956017,18.07958065200658,0.2322021223785207,0.2222178989739985
582,E582_processed,21.660736,22.235962,21.96384409283333,21.969463,0.0813459842199781,-0.3119120569249123,0.2846473231184365,-7.226711985973957e-05,-0.0003616584760811,0.0804298095217504,-4.998477862706236,4.95522103815386,0.32215018282637,0.2951594758981809,0.5681789352569543,-89.095337,45.69128,-14.9662829601006,-14.7707965,17.32481648710067,-74.05961002341652,60.65307668040904,-0.0092828721825624,0.1993256699898678,17.32424527836518,-90.780556,37.139946,-21.86680404312623,-21.71467,16.34500338648837,-109.3189034337764,59.95661804665865,-0.0417508696976255,0.1501992259103483,16.50573641000625,3813.1143,3846.1475,3831.89614905,3831.8628,3.647048846765682,-30.47267900464962,31.53294558587245,0.0011893037359325,-0.1115900906666018,9.240361415597302,-62.49081438382165,71.05303511426207,0.0224906278141374,0.0127162805188343,8.941959421081322,-31.28920295879505,49.16490193135704,6.711337297370626,6.606310298184097,12.22134107694799,-73.92861320859913,113.4145940701303,15.80851801490854,15.63032983545471,12.02536982459642,0.2416510684697003,0.2449859041783619
1069,E1069_processed,-16.227905,72.25782,1.931031241696261,0.0,7.326684220253004,-34.61509931452748,36.00939833541786,0.0001408367150364,2.540047373229456e-14,1.907795373023385,-4.999999991736455,4.999999959402456,0.0121818991690757,9.95420319027424e-10,0.7535626172162156,-289.16562,246.71927,-8.148065564871349,-7.5353265,66.31605117957787,-279.8419434234241,256.5995843472555,0.0680208272395715,0.633830294066966,66.34331996171974,-282.26678,273.69055,2.746192879983599,4.9792862,76.69105766474334,-287.6219069807291,269.6343074470333,0.0310292707411729,2.269778496653545,76.7283123186144,3773.8313,3947.1396,3871.98971603978,3872.1262,17.25231782261426,-142.5801748480204,138.7654898538703,-0.0436413248880985,-0.8347804592622339,40.21886080034072,-169.1895739273677,176.6465441019827,0.0637982902980204,-1.126810775081509,55.2344710272767,-183.3045897678023,150.1789520064062,-15.13865300141028,-14.88710616028043,49.77128405465724,-242.6094027209287,146.220918952308,-55.31868996996685,-56.07021033150571,62.50928388771089,,
593,E593_processed,-16.227905,71.926407,1.939679263326833,0.0,7.328109102775971,-34.58838050761278,35.87413477144836,0.0002321455438125,1.721501943177642e-14,1.918049919040119,-4.999847715703944,4.426841629329354,0.014416732856719,2.5332199210948927e-10,0.1315767941499971,-60.79121,51.10696,-4.429292430447479,-4.3065672,15.95811903510292,-56.23647805426408,55.09959522012514,0.0118533118826976,0.1270418911139694,15.95557806635673,-37.23291,68.767006,16.87439255517061,16.948259,13.53438640235828,-52.63353226100863,52.51665504399853,0.0094095442983505,0.0347763073927838,13.53194988696444,3887.0339,3920.1643,3905.378807172222,3905.0647,3.36564817358735,-35.98777507437458,34.60256675100516,-0.0086548517029752,0.0258216344291115,10.09361960780344,-28.27205942048435,29.54530536627026,0.0108081096951421,-0.0368771078010814,7.89371780045282,-30.93961356227089,52.83814533861024,11.21532435973295,11.18992109695004,12.06915535039908,-58.3359848857547,16.81860533694929,-20.20708591397304,-20.08789962433826,9.90869833983223,0.2294165667818384,0.2371951127553616
688,E688_processed,21.773457,22.767677,22.32733476422222,22.325802,0.1139612862801411,-0.5588576784505915,0.4751178659680027,-0.0001741593909331,0.0024710853390742,0.1118432918903506,-4.871487967044919,4.965160839574507,0.2544171244902764,0.2237937324251631,0.4569252119625516,-71.820297,49.582142,-10.09026005405626,-10.0569745,16.33252046405629,-61.77073872749108,59.54766086419639,-0.004912982754098,-0.0191184113233775,16.33508985841923,-39.377392,59.29438,9.29747358919087,9.2791753,14.05016010085943,-48.77698390980544,49.68581497593414,0.0306847105839447,-0.0016211724950043,14.05501584655453,3870.7947,3895.873,3883.843769866667,3883.4019,3.162849048240783,-57.65673138374891,37.33859460571617,-0.023223070048832,0.1544892039855865,12.20863457638151,-50.75038748835155,45.95845544875721,-0.0454397116091021,-0.1118039190403897,9.61536454391992,-32.17411146565509,59.57313996316594,11.75599202185643,11.85210423385196,13.15260797002794,0.0,78.84630207028258,42.93056851484524,42.78255802292426,10.87629095486729,0.2317700458861657,0.2322633267572952
858,E858_processed,22.259533,23.187469,22.72774916627778,22.723499,0.1242977317688577,-0.4340853827411185,0.4773762519725032,-0.0001107059234805,0.0012067299224842,0.1197148708346708,-4.895628956826631,4.609896176707578,0.1944410292635556,0.1735013199108587,0.422112432809964,-100.48682,61.563812,-19.67245782348224,-19.198137,23.67649187069395,-80.72262159276457,81.37373691749835,0.0070676946513469,0.4536671856121555,23.67783211464375,-103.50385,74.146385,-15.88629077645892,-15.5747965,23.50780945397917,-87.63747443097176,89.96534580339078,-0.0063384144076542,0.2757404507456614,23.55613356949176,3817.3982,3846.8103,3832.462584205556,3832.5232,3.460531390828146,-73.23365800697024,46.96235294495848,-0.0421306973217279,-0.090377467214935,13.02912344646936,-51.02953399428291,84.0479687277877,0.0440963067866929,-0.0458385499511848,13.08379212987966,-7.3818738504852,96.77817241633456,48.37282521293696,48.30476930919538,16.77035302464954,-123.7643073065943,0.0,-64.50530532301073,-64.263385447806,16.91260991581531,0.2377485596934421,0.2366424608240745
883,E883_processed,-16.227905,72.169479,1.904259006611778,0.0,7.214305603817229,-34.26694601305581,36.16219533299036,0.0001861756730807,3.1159473212316634e-14,1.935508259585127,-4.40062402587948,4.999931774543215,0.0160797239467459,3.626115052840095e-10,0.1345528103784913,-61.343533,43.041557,-8.026507932995399,-8.031171350000001,15.11210899824231,-53.83976879792613,50.74220724437144,0.011888915016148,0.0095496367101168,15.11551942722757,-51.983212,67.443611,8.225080404678668,8.39030125,15.24062074124247,-59.1505305161512,58.43736310771826,0.0030825896889854,0.2203696117748599,15.2487092768584,3865.5239,3893.3318,3878.943592794445,3878.9341,2.987538685770684,-34.1734800302255,29.11129689132234,0.005319035080609,-0.1140751338716992,8.960064392699731,-42.17207722782381,30.80286418933037,-0.0218783553918718,-0.0821956247855286,8.80921734343294,-38.22010665753891,35.53289558921551,-0.7493888516138417,-0.5571620107508054,10.91458530805254,-9.899723436881024,71.5780157180163,26.14507982703536,26.07711866393322,11.02877629922178,,
1087,E1087_processed,-16.227905,71.3741,1.910406606028722,0.0,7.236036208923986,-34.99730998493341,35.60193189987286,0.0010786927143686,2.842856979327175e-14,1.941530877376547,-3.443299493287552,4.999924879456831,0.0125627911046488,3.941626077241276e-11,0.077785556655041,-152.68896,123.26329,-14.80669728550839,-15.3883835,48.61096401182475,-138.0875406598419,137.8420940115777,-0.095779238735565,-0.8543685630471279,48.6527801766274,-213.94272,205.63165,-8.025306440973845,-8.022113300000001,59.42144980086231,-205.1836141382253,214.87734417648,0.1552810219256887,0.0567317673570499,59.46534494346701,3793.2261,3895.9146,3845.190500977778,3845.5176,12.52426361550497,-85.33360986006257,87.68513941047226,0.0460824110095824,0.0119125280852667,31.47277680187663,-229.261245149316,137.2533559872246,-0.1918942350342532,-0.4400348609590452,43.13871815232817,-200.8722103863908,26.24602229126168,-91.985951594675,-92.5373085271072,37.70729422587392,-12.15527502438449,280.8074130948667,125.4006186942573,125.1595814274844,48.27759688950827,,
826,E826_processed,21.106804,22.388828,21.78689225483333,21.791542,0.1903987731592078,-0.6728624826192396,0.5907806694887793,-0.0004346903826522,0.0041294355624626,0.1882196775295111,-4.333251680828513,4.862150418635842,0.2111331862784941,0.1867556435998008,0.3523471732360562,-151.86191,105.71822,-14.71956784837838,-14.1460795,34.89969186950077,-137.0023252055757,120.6541287171369,-0.0192448342952766,0.623287430649717,34.88707170999412,-141.35715,106.55562,-16.67940979712317,-16.3185025,37.21532966660241,-124.1432975961413,123.5449487380005,0.0063819714032998,0.39274255290657,37.19628003183647,3809.5432,3861.325,3837.633782838889,3838.1123,6.545468100962212,-66.70862038371988,103.8727410451211,0.073690613742842,-0.1900565594700976,20.5568568299955,-75.34255738902178,98.44194322586748,-0.0151602305313734,-0.261053771230138,24.42856150519972,-106.7042762434997,58.44293934910104,-30.12526327566817,-29.91695169875256,25.743648592433,-82.35331547579241,93.16026009482948,10.92805580071906,11.41436034298995,29.09927948967066,0.2317898052111731,0.2147507498483276
868,E868_processed,21.353683,22.193249,21.79169481566667,21.795563,0.1182478064243117,-0.4175057361583698,0.4260888979879804,-0.0001550839296848,-0.0002932716465775,0.1133307651915786,-4.942621792420809,4.991207568428714,0.184447692320433,0.1684771287392616,0.4478576231129702,-94.62558,53.098866,-18.61040462792519,-18.3803225,18.03125502670161,-75.93767921235687,71.7316270550575,0.0360970739689323,0.2772875662415659,18.04756090851453,-79.246597,39.541298,-16.65855751287387,-16.818285,16.59829679132391,-67.98652604482831,56.62368997281677,-0.0271994655521694,-0.1317503350660971,16.63322047285659,3818.718,3843.718,3830.973769338889,3831.1472,3.233995912364208,-70.79220172783803,45.22267228403699,-0.0611944941300338,-0.1045566402296894,11.98525702249339,-60.69378703317328,87.17754566036723,0.0475867114721532,0.0307520485550638,10.89137091163817,0.0,101.9452253105593,54.60939726622551,54.67677844569045,13.75069443070341,-124.0298354755762,0.0,-73.42766208524884,-73.2314701892107,12.68984197455662,0.2393872342735821,0.2310854916455068
589,E589_processed,-16.227907,71.256996,1.907497091100488,0.0,7.224913860757449,-34.98028690137915,35.50124301721916,0.0001103959325549,3.568034672056159e-14,1.936123946949223,-4.999716376406611,3.354845218108042,0.0121837295574618,7.139030630617257e-10,0.1259717236853766,-69.787643,55.638058,-7.998976500611765,-7.87604045,15.82989542385337,-60.95635557374543,63.73632678003491,0.0112242020543719,0.2643116929523039,15.82229122961335,-60.548546,50.36306,-0.6374097970803272,-0.67089352,14.51366883287072,-59.9175554376038,50.91474416881236,-0.001070043089278,-0.0412685882614206,14.4500582568054,3861.325,3895.2512,3878.371995144444,3878.2881,3.914527638854844,-32.65157368938223,30.48594558870269,0.0001560135924665,-0.0056859338886189,8.824389205318393,-26.66576448293933,28.52769335135877,0.0189619296001098,0.0578623439749024,7.41534959120787,-5.335101828959647,72.02546944640743,32.78157205177428,32.62625377804822,11.21322142224964,-49.35677209190905,24.03900058981656,-12.24591078786917,-12.23606616085998,9.944138516978612,0.2477712894551779,0.257674310671996
756,E756_processed,21.950207,23.673523,22.93301457617513,22.944427,0.234234932068561,-0.990504290229982,0.7145072387863709,-8.843986397823088e-05,0.0026160174560381,0.2321859155459088,-4.985251311641896,4.772507666467011,0.2517544308034361,0.2280721759349874,0.3458322038705948,-216.72954,165.30692,-13.45430540436398,-11.726741,54.59907480233457,-203.4513788493594,177.0944224764817,0.0498645728409596,1.935889480882137,54.61379209117766,-162.47267,183.37761,-16.81603701605319,-18.544116,49.98978179640226,-145.6047974562736,201.1209962188734,0.1386079284040388,-1.764831625286763,50.06725915963953,3795.2583,3880.0735,3839.021575480609,3839.0051,9.011168622652326,-79.82331020584657,86.52396820922824,-0.0455623601758381,-0.045740542722706,27.904306568654,-204.8135017916219,149.9227776770158,-0.1811910243521186,0.0750731534233732,26.98731656389066,-69.4081061198408,167.3122129681292,48.3752996310464,48.28883588817532,37.72045608854756,-7.4527704640152,247.5310295817451,122.1178931314946,122.9510281941921,35.17259545906884,0.2427681791759779,0.2417047902504623
708,E708_processed,21.795547,24.181679,22.82004078321017,22.811863,0.221736999046667,-1.009057249031174,1.305721461743561,-0.0001046975066067,0.000386964093305,0.2203397264237597,-4.862188692151103,4.957472345565596,0.2726263402358161,0.242004822465401,0.3456133451795512,-289.15646,202.6748,-14.92746368121426,-11.818443,69.858578854948,-274.188311552441,215.6684194564862,-0.0363178049538009,3.030550423981378,69.86407123072559,-207.21272,182.70876,-19.80282169003161,-18.675505,56.53597259042946,-186.8147592773567,203.6303946694484,-0.0195604206803343,0.946468392471452,56.5240117684866,3793.5066,3890.0105,3832.777882860159,3832.8096,9.709104811339015,-98.75915520073728,103.204508818322,0.053103364097357,-0.2532946151502351,30.99134102449645,-89.0663754353925,74.98173687811779,0.0222450499584989,-0.2087739246145546,24.86907971148808,-230.133232431742,86.83512057626085,-60.95745178122275,-61.53714867709874,45.59792048864148,-133.2972632365295,92.85807317523631,-12.2336731887554,-9.55543540000069,36.47877154634388,0.245653636340383,0.2466337662236889
586,E586_processed,0.0,0.0,0.0,0.0,0.0,0.0,0.0,0.0,0.0,0.0,0.0,0.0,0.0,0.0,0.0,-72.125786,47.339092,-13.03335347068961,-12.9224275,16.13684115682133,-59.01283132751514,59.68571571392818,-0.0141613997635508,0.0613838114565297,16.13310801220078,-69.604149,33.511658,-16.51132334195157,-16.629292,15.39961706962216,-55.11945134047498,51.76519252849923,-0.0399338170626152,0.0105355679922485,15.39368802736473,3827.3987,3861.325,3845.285612961111,3845.2546,4.184781492554835,-34.11454085754136,45.69184399621808,0.0312466055258751,-0.0953291950540156,9.058504593404097,-28.21201238949729,44.33696459992298,0.0395807142873629,0.1171545687178681,8.117412195149294,-73.27824916309622,11.03261851799792,-30.99844772719605,-30.90147527185541,11.43929954917025,-71.00170963010638,19.6843042901788,-18.692067497225,-18.60686807888398,10.756071962056,0.2560722639939251,0.2505568441338799
799,E799_processed,-16.227905,71.572906,1.976290537552056,0.0,7.457320347076013,-35.14424563576561,35.56649528003275,0.0003253926675009,7.922188884914697e-14,1.902075878765976,-4.916216664467777,4.99993938915949,0.0138580680335447,2.52165683785295e-10,0.0868914958567137,-179.58356,159.18045,-13.58182220362224,-12.5070775,46.99937486493272,-166.5182081559085,173.1532703418074,0.0470438078704818,1.054184466676063,47.03479217225674,-164.25835,172.04901,-11.9131075924023,-12.247095,44.54108888177597,-152.6987983478522,185.5515820899532,0.0410174169850798,-0.358998271789106,44.573430276634,3793.8013,3897.1204,3844.745239044445,3845.3584,8.441210569742555,-88.4776310615517,92.20779696648052,0.021891653816819,-0.2352354544341515,27.59409621036209,-83.32488144221098,82.87381928337278,0.0114239441353121,-0.3432226457205427,26.22098445485537,-130.3112571400947,94.04769576963352,-19.54491194480196,-19.80908514397455,34.55488520845975,-109.865705510966,103.2797418093881,5.031209910218628,5.368233447883469,32.82229290604445,0.231074308720565,0.2316061536365153
610,E610_processed,22.281624,23.143284,22.64244483277778,22.635124,0.1085121100558231,-0.4066057512612289,0.4466524297136534,-0.000150865442965,0.0003739550304161,0.1027467047891138,-4.982063955156128,4.965727269774833,0.2555761455113855,0.2320436381329866,0.4895499163320116,-105.53906,72.920914,-17.63431380184542,-17.4183205,25.03122388398596,-88.4252293891268,91.00797585792132,-0.0215206417072192,0.2099906799433107,25.03560705723667,-98.605972,54.948368,-21.79807279941943,-21.641288,21.22090415541471,-76.07357992058289,77.70324047068789,-0.0421063422296129,0.0570953583451947,21.2393752957181,3806.5815,3845.9456,3826.951113633333,3827.136,4.506627265678391,-49.33510369914379,53.96137863255572,0.0259232091867661,-0.0007467867838309,14.65435131785882,-44.35688483395302,77.75406409525874,0.0572052694536067,-0.1517958915985745,12.59232584055367,-106.9138441913251,18.67535896301393,-40.39297814413602,-40.6371363323363,18.40088876670714,-124.4520050282878,0.0,-69.94046207475401,-69.94224826700963,15.78317089689244,0.2327866356781977,0.2266657794326511
1052,E1052_processed,21.088547,23.916553,22.4629150588366,22.458363,0.375657887283122,-1.371319403264576,1.480499786490727,0.0012183200451101,0.0050200738134264,0.3757584963268671,-4.435326254145599,4.964239926898461,0.1801083783594181,0.1615629597291693,0.2394413129286677,-280.43726,192.85025,-15.66158707208982,-13.424001,57.44914391770185,-264.6128448107773,209.1368549819661,-0.158589989714795,2.009222837679424,57.59007890467213,-250.39122,211.25084,-14.83207745647702,-14.431211,66.77514863683633,-234.8929286883369,239.2754388636502,0.2112087441114668,0.4112375654929359,66.94811102963686,3758.2104,3910.0378,3836.505053297406,3836.8213,15.04299418401548,-102.963573944488,140.7589252196669,0.1181983193293501,-0.5979532797559131,38.29276265088192,-360.976270794487,199.5735633290144,-0.2797884734739998,-0.8979054302990512,51.72887949271814,-304.9744652517189,3.280725549192588,-138.4829464161444,-138.6873301643207,44.96252739699437,0.0,510.4952348117848,319.6933717064719,318.1229280552819,55.68907444729314,,
617,E617_processed,-16.227905,69.82753,1.907444816012833,0.0,7.277213045608931,-35.20838009874133,33.70984629552903,3.337114224773858e-05,5.83940552268376e-14,1.897399749150402,-4.999794532129495,4.999652966862916,0.0138667518677338,4.587569875029205e-09,0.0920797130028151,-104.26035,60.896133,-20.77875145028574,-21.017014,26.14971348039806,-83.22809676524764,81.75271414696724,-0.0437647897528514,-0.326938419144828,26.17294359485336,-98.013344,48.442142,-24.90863194285367,-24.839367,21.76937732817711,-83.49735035888608,73.42232410291247,-0.067934578440822,0.0194257203618684,21.84211147325453,3800.6379,3839.0469,3818.051905238888,3818.48,4.938324090896079,-53.55155684274431,75.14142914661834,0.0502344316155986,-0.0959863265322207,15.76943803877612,-81.46162785570881,129.0967205492039,0.0884748756909351,-0.0070842584415438,13.79438913216916,-118.1010213975284,3.923096841863708,-61.3599741851483,-61.28696877925753,19.50949716469121,-177.875203187369,0.0,-110.9391434558376,-110.6917907446123,16.5388044911023,0.2238891789463665,0.2249923666334113
664,E664_processed,21.883938,22.613033,22.2456795575,22.237438,0.0969745804959625,-0.3352187437458067,0.3617043272818796,7.87804782093367e-05,0.0008082554447547,0.0922541637624487,-4.983530153072982,4.994402574234867,0.2272401700346683,0.206400860368648,0.4605234662345979,-96.376282,62.938526,-17.91169274734482,-17.742804,19.94433545813118,-78.24838220762247,80.99364376686604,-0.0248275950187434,0.1500618352968614,19.95476706723212,-73.328094,40.481018,-17.39208623723642,-17.420329,18.38299786982704,-55.75312024502158,58.28810994257693,0.0430609163356135,0.0089911312907222,18.40696243365996,3818.5889,3849.0193,3834.382055233333,3834.6687,4.000849123278953,-50.18660514739465,54.91555259658053,0.0302815438775062,-0.1397880263573844,13.1143869945812,-66.52411528994396,37.84791521072642,-0.0610100519305586,0.1155812495228234,11.94613589278726,-114.4330429387812,12.06883868919555,-49.01107549891,-49.08672628024384,15.44894272699669,-3.642423830984986,90.62137828621724,44.93423630232454,44.99565955985781,14.3803274057148,0.2205278413696176,0.215557472032657
887,E887_processed,-16.227905,71.462471,1.916312403271833,0.0,7.243147211523321,-34.32358126552197,35.26267292668788,0.000425878133477,-1.119930211178826e-14,1.938299446316495,-4.120982652322698,4.999894306461839,0.0144278117941428,9.741261520400618e-11,0.1071643208698616,-59.329758,52.517776,-5.055368446721149,-5.00606705,14.38664390037082,-54.36686996059666,57.15839851228199,-0.0091256333781782,0.02764247154455,14.3755251274369,-41.669231,71.160301,17.04968859277844,17.0705405,14.48939494313016,-59.65028506444591,53.0683375822542,-0.0103418872689461,0.0332399246507467,14.44944261667391,3879.8459,3905.8367,3893.475298355555,3893.3931,3.448471744951561,-29.67471060368825,33.10998912409404,0.0044665067788447,-0.0357378086616015,8.565154232323719,-51.54615123216048,72.45802076219758,0.0436587335574074,-0.1455782299219698,8.643541768335941,-53.75058351049275,19.3153525747422,-19.89995359560053,-19.87625168681983,10.33799410080412,-88.53192436099721,3.924124852817448,-32.67830748384394,-32.60664461615233,10.45428763878794,,
926,E926_processed,20.779247,23.099094,22.09688706517029,22.104874,0.3074672518891139,-1.288829198176289,1.003936132710261,-0.0003801296162013,0.0018257011205479,0.3060528968217692,-4.834473213172148,4.89507290725635,0.2350129836710665,0.2136107494996395,0.2793853525376792,-279.86493,249.88889,-13.85454995027763,-11.50018,77.4822095483806,-265.7749504509263,263.3948875304534,-0.0978950900138458,2.242609697654213,77.57275224742477,-276.89874,279.84732,-10.73915331666241,-10.25141,80.73624368508109,-265.3929614788706,290.4641640412684,-0.1497777348695163,0.3050719577736505,80.8641452294598,3752.4043,3913.1067,3839.431786471471,3839.8979,20.171671771016,-185.7891438010791,258.3156827125574,0.1320261524450358,0.2848024689725008,47.47405763843639,-187.4824538577229,295.9089278986273,0.1314125477489841,-0.3274550631343871,49.37907939675935,-400.2940861463273,0.0,-206.8420160190849,-206.4314886801045,58.82043111918506,-481.6357553446431,0.0,-319.4762442774839,-320.9380204595925,61.5256535467223,,
1028,E1028_processed,20.779232,29.727226,22.55990787194445,22.546738,0.4509378683690924,-1.756422370995865,6.691751323380993,-0.0001548526120158,-0.0023741350907695,0.4425557260125627,-4.174651244240194,4.939115696729941,0.2100794112595886,0.1857915214794827,0.2501982276133058,-258.44809,251.28761,-1.782237044722945,0.74884069,74.42853380937768,-256.3790084205376,250.7567801916336,-0.0215280474884202,2.455319625030938,74.44299711947373,-310.49475,320.94772,18.53510977508244,17.863929,80.90455124731334,-328.3946340184852,299.345550610715,0.0894656916514164,-0.6774964179871947,81.0007504234717,3765.9878,3982.9988,3890.991317166667,3891.0151,19.43935824306808,-121.3978138819156,128.0960431118053,0.054406189179614,-0.5635476828416799,44.20122256721118,-190.0100370230876,211.2928595303566,-0.0767144974636546,-0.2432551120092104,56.15095792139409,-257.5227838679864,58.9589922240686,-86.17598064809272,-86.25083798255687,54.67113488214819,-214.8952237576024,222.4487120855679,-18.74029203057354,-19.12936067706425,64.94595930362046,,
946,E946_processed,21.309498,23.850285,22.67542451555729,22.679314,0.3690832963518282,-1.394002159682743,1.212704198880592,-0.0002093320078957,0.0035763489751078,0.3681311385880803,-4.996747155211684,4.966103111523092,0.2050048432517579,0.1845615619729755,0.2534256037080677,-247.2446,245.38762,-14.78510808102934,-15.485925,67.51783211862853,-232.0546663650518,259.5778022634634,0.0590074159411089,-0.6717737679466731,67.6032736723583,-307.4595,354.10114,-14.01987243531791,-13.145529,79.39013928740248,-291.6065426159429,367.6946894142654,-0.0684170752811287,0.8026200873352259,79.4607160822726,3696.1914,3964.9238,3834.534170207801,3834.595,18.90255759182865,-212.8653848566977,160.6666960200035,-0.1232880717868451,0.4006103399051604,46.2647829065625,-219.9068114295741,188.4176514420992,0.0528753316208157,-0.172998540384302,55.51815485980273,-21.9579824402856,336.2996789884824,178.4056902712865,177.5472260164389,53.73065760397314,-175.1643354005296,311.1321187221915,45.7640949330329,43.64997601262454,64.35610985764079,,
1015,E1015_processed,-16.227907,69.782104,1.908604028888111,0.0,7.283084282064566,-35.18916307226238,33.62540736900785,-0.0003513472920976,-1.3910742199252952e-14,1.89884214617291,-4.094135307455043,4.99997914267902,0.0155496413340339,1.630366465516783e-10,0.0855291478025161,-231.31964,263.41791,-12.29476098998573,-13.854941,73.03335138169277,-218.7513924450361,277.3829884898604,0.1344839599145181,-1.345326111800897,73.0916838589262,-293.24997,249.82538,-15.13091697092094,-15.253394,84.69818435925367,-278.044026477332,264.4694042468062,0.1687555922556332,0.2160101731722008,84.820707171611,3747.9404,3905.9646,3834.487827577778,3833.6484,19.70470281986309,-177.2691331467576,134.5309548739311,-0.0962504114716667,0.6032162889162986,46.23810098400292,-181.9843768181147,180.7343109420881,0.0175229301653117,-0.1993831354610048,56.59710044000541,-18.1901356484428,329.5403410500809,178.5262007693379,179.949354250996,56.25717748384591,-180.3134756489306,324.2930601000411,100.1946773375928,98.98623278770869,67.67344942862934,,
1078,E1078_processed,21.445431,25.068165,22.83864866542586,22.835754,0.3668310726033932,-1.415229320720464,2.154445779964994,0.0003847509545777,-0.0034826712333119,0.3661107485817335,-4.839608604750715,4.964147033301837,0.1928178327550459,0.1764509902753212,0.2533464150250235,-229.05846,216.05283,2.002823841520123,3.781059,59.48211310861188,-231.5244181186569,214.836344131125,0.0538580658514537,1.881381710491233,59.46752352750159,-207.04918,270.07147,31.99117286217317,32.860634,65.22918581385792,-239.0307350185597,238.9293367229845,-0.092944305299607,0.817607522033267,65.3089349666493,3798.1484,3985.7334,3917.814582021223,3917.9873,14.35696637360566,-124.6641441190647,128.2629827150984,-0.117326589540011,-0.6104240854721956,35.17216716592123,-151.5639934393899,145.2620869861367,0.0893777401498449,-0.7042249264253044,45.29455078330914,-115.250385820161,177.0039761216583,23.91047613545076,23.45692481604302,43.46860638779355,-182.3690791380267,207.8454055893709,-15.82117539281016,-16.30366660688044,51.82895618190836,,
815,E815_processed,-16.227907,70.511002,1.918172708520722,0.0,7.307023079212134,-35.23333968891674,34.37918845786378,0.0001736686765438,-5.399593263788976e-17,1.893865741432843,-2.762344335385849,4.999493788774564,0.0144158067067933,4.366152380324441e-10,0.0868075205274251,-146.35933,106.59872,-15.6435403281245,-14.9103575,38.19406417671699,-130.8550236724887,122.2510672327668,0.0745933705296712,0.7527129829771346,38.28665351194441,-151.00632,121.04156,-18.62942695138739,-19.1724615,33.87650075117742,-131.6606689227244,140.3826127068288,0.0160086916238004,-0.5543098147694041,33.90139043867898,3809.5432,3857.7539,3834.090011427777,3834.5413,5.7106916247553,-179.0938981802308,105.5982484289584,-0.1224111207938349,-0.1406089997086244,22.84658445140776,-74.9736976353279,74.2073525353485,-0.0310230419535402,-0.3505154721822589,21.40085797534601,0.0,252.848202938203,169.4411127261664,169.3512060046537,28.24164174028517,-125.453099211391,53.33193115195316,-22.32235708473882,-21.79331371466417,25.98604214943936,0.2288704259684376,0.2172316159457632
755,E755_processed,-16.227905,71.15313,1.975579240457,0.0,7.46882084156687,-35.21111494356064,35.08011564618074,0.0004000879073162,2.6001666105354592e-14,1.890739631115974,-4.99980431018319,2.638908919230363,0.0156166721961583,1.0136781164788839e-10,0.0999060795005393,-186.08321,170.81566,-13.66750873447821,-11.865097,52.26800677753275,-173.6821270816973,184.3116642125503,-0.0903710265528594,1.754033243850804,52.29431579156714,-173.76102,204.79248,-16.51301932998087,-17.619318,48.3248092127416,-188.200350249581,209.4251486520409,0.0526759454440169,-1.157147374410654,48.45041705697206,3791.6873,3893.4656,3838.826003405555,3839.0051,8.906702014630017,-88.89526810822903,122.3310224590465,0.0342228239052072,-0.4216842716650344,27.26040621872983,-160.3160681651787,256.9367844023158,0.1469220308247367,-0.1395266269837312,27.64460901995495,-265.2769810624197,0.0,-149.1785883704414,-149.3681962833357,36.41170399644163,-258.3917094063851,94.25545121183312,-65.92261140017798,-65.1452248074663,35.06776408974964,0.2439043999339136,0.2354926456686053
891,E891_processed,-16.227905,71.683411,1.920214406794222,0.0,7.264720820343667,-34.97926895975364,35.91533850470888,-5.791838621395209e-05,4.250162573731641e-14,1.937171752519236,-4.999397737034831,4.632431915600693,0.0138724150107561,2.385314233347831e-09,0.1147962654483838,-60.68602,42.302132,-8.937417512200184,-8.95344305,13.43531962124057,-51.17413121982229,51.86331176925259,-0.0361864352236278,0.0095124419819753,13.45321984748379,-46.293087,50.084415,1.272670271502767,1.17829645,12.95498918332536,-47.00770211350067,50.3770075387265,0.0218639670462838,-0.1813013100879632,12.91233671166885,3853.3665,3882.2815,3867.533228638889,3867.8875,3.673518780447253,-40.20499757811852,74.09860131093575,0.0560187094055949,0.1337348715560378,8.692417878851774,-30.0002695677433,36.58063624513463,0.0093326540506063,0.2106581510022376,7.337467872403086,-105.5321167863348,0.0,-56.4951215710251,-56.5140666625329,9.795073227869,-35.67698825112956,40.62808762041377,3.140888258437791,3.192420517357454,9.1964844039682,,
832,E832_processed,21.397861,23.828178,22.12904771966667,22.126957,0.1886937810071577,-0.7453553264159587,1.627925318427915,0.0001795138282809,-0.0004057507938402,0.1856065985328922,-4.940686849479803,4.656786251019023,0.1971978552790626,0.1817562901784744,0.3276810934269157,-153.82343,118.27879,-2.775970591289878,-1.6505697,34.38767211728408,-151.1647793621718,122.7152605808072,0.0827140157967504,1.059443493308621,34.45036916340957,-100.22736,163.60353,19.93657977610532,19.753809,37.24596842620185,-120.3533991631756,144.5725069573004,0.0874191505865257,0.0554205555808775,37.23497566769523,3883.259,3939.9773,3907.189889844444,3907.0129,6.756480577021142,-156.9362809796556,103.6366063055324,-0.1164699861969457,-0.33637688812995,21.24826527929758,-90.31042373667852,76.91104390387281,-0.016968970017119,0.1834522041973643,22.89615726962738,0.0,197.5324708248405,107.4873223531012,107.7086693300614,25.73044079084282,-20.99280814232266,174.6264062273742,72.83511855962627,72.94397150998083,28.30019781261432,0.2299659470986892,0.221319602554069
1095,E1095_processed,-16.227905,70.954315,1.9126810539985,0.0,7.275585924217426,-35.20537724419558,34.90077417439642,0.0005755192625325,-1.8964379762842265e-14,1.90706516077249,-2.91288734730177,4.999759980474964,0.0144248961373209,7.271454791754814e-11,0.0746209639644214,-160.95683,129.98682,-16.76923730814573,-15.707231,44.50763205244544,-144.2714294944729,147.0265432649867,-0.0744682047829083,1.001654372310762,44.51044716452979,-200.32841,170.54868,-14.47498532634261,-14.768779,55.2217999634369,-186.5716752699231,184.6479141086212,-0.027958609989841,-0.3111385732902385,55.19171057431857,3782.5513,3877.3337,3835.434429316666,3835.3245,10.88499049249138,-83.63143993419189,100.7919361579807,0.0325390663973011,-0.1608238613539736,29.06862974100864,-141.2318255269643,129.3740888339723,-0.0592682311173268,-0.6113146746922178,41.26666202676925,-226.6450291561957,0.0,-112.1215977620409,-111.7061118055597,34.39016889755999,-166.2300244677725,110.9732913720893,-30.59105680002329,-29.97096386554978,45.60385450180123,,
726,E726_processed,21.000103,24.600292,21.80099891877778,21.7954735,0.2429095373442188,-0.8039894125153205,2.673825128065338,-0.0002009040081426,0.0039203934798554,0.242101598090342,-4.228766056520818,4.359938862461981,0.2144516382282332,0.1967771637940058,0.2736865767606301,-176.14046,162.65715,-15.13683042575068,-15.007328,51.23242996824175,-161.7732683482731,220.4033089267413,0.1260269033876644,0.172534396695969,51.33792123312242,-151.75946,147.94014,-17.70826694830828,-19.3249985,47.97500903731186,-133.9102744295634,165.8485205989019,0.0500114540300949,-1.643948313421034,47.96359583300001,3799.7222,3870.2527,3835.3365296,3835.4341,9.22609551172566,-276.5679158074265,175.6539902188716,-0.174367959749924,-0.2342784872252226,32.88317411285382,-86.10727058013151,77.10599368401851,-0.0220308498311131,0.1534020264288479,29.07246904976074,0.0,362.4627030348198,187.6875271540823,187.2828787663694,39.27942003959976,-105.8064726593112,102.6530707561812,4.434887616300193,5.033248329186162,36.44977198863651,0.2255366312782302,0.2105177401842283
940,E940_processed,21.022278,23.629349,22.42392482159129,22.436283,0.3902846448901449,-1.407923914333105,1.229499976886193,-0.0006756971936971,0.0094408302975045,0.3898668272037301,-4.991829875396626,4.884818841161904,0.2000757834099003,0.1816419972626719,0.2550055166735218,-251.5106,273.53741,-10.17778886027775,-13.450017,79.63246938358209,-240.3173261610635,283.8518340076254,0.0014584988438275,-3.601850990160341,79.62155323056496,-288.98672,335.10135,-5.391489574063247,-3.4908619,90.91959278059734,-285.2404951961643,340.8877803446378,-0.0603298373751539,1.884409032223429,90.90778691432072,3724.165,3951.1689,3849.656336104011,3849.3188,22.1881873815276,-162.4192503707314,157.0945954891339,0.1149895015790634,0.4591215621947669,54.29729115372147,-193.443217213587,182.1017062977504,0.1270820091982171,0.3383355852188987,63.25356393594595,-247.9881517010646,100.6679418598435,-62.76174572565514,-62.6041208979883,63.28974543627805,-287.5064718145578,150.2984346042204,-98.50712115606665,-100.5690311798327,73.22038695772169,,
640,E640_processed,22.016487,24.689838,22.38864513361111,22.392082,0.1259361733369138,-0.3896542999787618,2.229715052159975,-0.0001314509096392,0.0008092669030714,0.1234140254108931,-4.821648018011525,4.978051058932929,0.1999809004772316,0.1820376631778353,0.3427852777707385,-86.835945,82.233437,-2.922294450610895,-2.93560835,25.46856228508529,-84.08450174539549,85.14677312903504,-0.0330660493313149,-0.0389634586236145,25.49325434549894,-65.35202,132.39766,26.33053708485634,25.969202,25.89016157886034,-91.21138812856682,106.3427256073021,-0.0259220130956298,-0.4064326513814637,25.87761967715278,3902.0413,3945.2239,3922.853955133334,3922.7571,4.986934248526861,-60.07754862192209,81.61569080323409,0.0540353633570084,-0.0741462072521228,16.91521169319854,-55.79194866902571,50.41643489972448,0.0293908193262541,0.114180995293326,15.31518385348819,-130.5820851389473,0.0,-70.45787360167576,-70.5297050378009,19.85074124569357,-71.61766581595253,68.3481710808325,1.637472842442912,1.844091731028161,19.46134346295738,0.2183200693336324,0.2177689520896477
938,E938_processed,21.044373,24.844505,22.40111778347594,22.414188,0.3611056394424829,-1.341601017033522,2.379309012310526,-0.0001854302964045,0.0063975259242902,0.3602847773969581,-4.546339145254103,4.80211278420082,0.209450900511451,0.1905733748840648,0.2463641058519816,-223.38312,257.33658,-8.815323777756973,-10.066002,75.63103810617194,-215.0277171177351,265.6349186291021,-0.12458450196614,-1.543600751326352,75.69999547330679,-283.62164,303.74408,-1.622803266301633,-1.8545558,87.3419621259508,-282.3654837387691,306.1816215900852,-0.1572859231529995,-0.1790965877229267,87.47605583531822,3756.4353,3954.4829,3857.015752078009,3856.4404,21.56138351275886,-143.1942590200568,226.1879801290968,0.1590645865557688,0.8585803564658434,50.67378436979799,-179.6124349438724,232.6554227101666,0.1836561453092981,-0.2967316409334462,60.12020554797429,-357.6786905238455,0.0,-183.0579067940629,-184.1579905455895,59.76165995704554,-303.8002525229662,136.7295937272115,-114.0586687896216,-116.82897706278,70.37894101883947,,
881,E881_processed,-16.227905,72.257851,1.91737905165,0.0,7.302203724526567,-34.74962935896524,35.92188801372336,0.000240327340939,1.039270724719231e-13,1.893718474384761,-4.999606862603038,4.563278896904677,0.0110911929370294,1.96269909023326e-10,0.1031236651042907,-74.372223,51.017857,-11.03475333621041,-11.051234,16.43652975715158,-63.37929033920864,61.94234797892831,-0.0218332005327387,-0.0401571049622808,16.44789337642711,-61.009258,65.927628,2.324677769990904,2.40309285,16.69314018209501,-63.19053950069215,63.75059601124336,0.0098679126922341,0.1213812525587285,16.65086946412325,3854.3774,3880.5027,3867.130780905556,3867.1013,3.531007528396846,-40.41555800141774,36.0379118612146,0.0166507925566074,0.0298524223182465,9.851739305489506,-33.34769066448409,31.73159485635351,-0.0079270026983307,-0.0246198688578497,9.170911645114748,-51.0297557849917,38.05790247170808,-2.894659074388503,-2.803449191032612,12.03668500039037,-55.80367078632378,26.98445625634735,-14.31679400280521,-14.14891764593256,11.88406251035218,,
747,E747_processed,-16.227905,72.191536,1.963471823970333,0.0,7.382918568769043,-34.49556326455149,36.27608120817684,0.0002099430526405,1.734275359949863e-15,1.928815060303897,-4.999999095135003,4.837093406695584,0.0155311675367098,3.8054135220831305e-10,0.0985554556536987,-182.83513,149.12166,-11.65240598000284,-11.199411,52.2083298244385,-218.8235838334718,160.6033468885133,-0.0933314139549184,0.3740938306817991,52.3852025712476,-145.664,155.33618,-5.578298310345417,-7.6725404,45.82131875468145,-139.811772757275,159.2833378715312,-0.0206912727259126,-2.088599503610852,45.91489188153407,3815.4929,3895.9102,3855.110579027778,3854.8347,8.75226316477229,-110.6603880599098,134.9534295118203,-0.0444077738323408,0.0187333919296597,30.20912942315758,-117.2457996495839,185.8216119029922,0.1021343930764254,0.234187883090084,27.34768709715089,-166.2518264081893,204.4285119254506,23.12251782419826,22.58650149351937,38.78940102593021,-258.0074598119741,0.0,-111.6580589207069,-110.9776944548466,34.14440992516386,0.226610235404178,0.2238497184090533
907,E907_processed,-16.227905,69.672874,1.950412356319611,0.0,7.381371086012388,-35.08730646534061,33.64726735948696,0.0004736066279922,5.867382927286969e-15,1.905166739081213,-3.984578891488295,4.999480017726231,0.0171944985951658,8.893679037287048e-11,0.1245900055916361,-136.39769,89.149345,-20.01349970772139,-19.4510825,31.12785042214833,-116.4202343568351,109.2926832467267,0.037790982337677,0.560168841993459,31.14216866351642,-145.08441,99.975716,-21.03546791600614,-20.511286,34.224416705147,-123.8408864841311,121.2424014166233,-0.0124184237618763,0.4746152287250567,34.22039718814598,3793.1953,3853.0061,3821.452499005555,3821.7024,5.821032271282477,-49.72843866910657,51.88064111062236,-0.0454778240346187,0.0563374729775083,13.18888898264421,-42.65844671111471,46.97529515396898,0.0269057061941995,-0.1245818070667003,13.52815287408611,-50.74287999330468,80.41734583537587,18.60971252085062,18.50439076268113,19.46540830480709,-73.14945638055639,63.20877362171649,-0.1726710495530331,0.5768439494006181,21.01863510496795,,
1008,E1008_processed,21.464142,23.430492,22.43319127394444,22.436268,0.2822150801261351,-1.01660563722727,1.005850828106123,-7.977950167224567e-06,0.0052623785615375,0.2811521261654344,-4.840066569204573,4.846155420989195,0.2149176246609771,0.2004465368783239,0.2855660914452559,-205.06216,159.62282,-18.23510460249859,-16.6723555,55.73889178292085,-186.4385340103972,178.8956176394102,0.1243288509781637,1.623758297007349,55.80688938013051,-212.57515,186.59087,-22.82845037298067,-24.086658,61.81058818146283,-189.9141137119174,209.3522635263383,-0.040933882754053,-1.230407136910244,61.84263033827123,3763.2209,3870.3425,3819.810786427778,3819.4741,13.34122639065307,-143.281820138905,105.1040582972657,-0.1016585624938788,-0.4275593792854926,34.30183758356351,-115.3869383054719,123.7530627881979,-0.006032198142531,0.3268564932017344,40.76184187216771,0.0,281.099426347759,158.629000803869,159.1746117520898,42.02743249489084,-148.8046780398363,153.3920272086818,8.058545727988262,7.822960962412663,48.70401618063343,,
933,E933_processed,-16.227905,72.257851,1.930992276334815,0.0,7.346711309451043,-35.1078133777313,36.04341547301065,-0.000355415080195,-7.062707646392995e-14,1.896107656142741,-2.5868323905912,4.999823366472397,0.0161598626973067,1.473402558036912e-10,0.0807174673858828,-289.41483,255.99019,-9.905980310210811,-8.765164850000001,75.43330163302915,-280.9159964302781,266.8448261538064,-0.1686395474247861,0.784184556595878,75.53511206150448,-284.13617,287.08475,-2.538863296890099,-2.11539315,83.93512589236562,-281.9888284819717,288.2165738204205,-0.2227389355940026,0.0043336253892167,84.07730298227257,3752.4043,3954.1753,3854.260398899877,3854.1826,20.56328154366054,-149.9532377177889,205.9299921431117,0.1293191588295711,-0.282342154927965,49.49036115451158,-209.8398669127696,269.2975342192896,0.1667966039729459,-0.0324810505167887,56.06081452652414,-344.8278886549852,0.0,-178.509997925152,-178.0762661434779,59.2504202580844,-463.808455010673,0.0,-288.350286679828,-290.6865668400146,66.59144566905493,,
766,E766_processed,20.292839,24.270012,22.1375925258683,22.148876,0.4910987466981426,-1.985897553006888,2.124491030492269,-0.0002454820150829,0.0088798857861349,0.4894539112011677,-4.764324064410056,3.059542307556014,0.1850061988820869,0.1719150047990062,0.1799857168759997,-335.04208,381.73047,-12.66126996269691,-10.533417,86.33307324804304,-323.1305281527548,391.2127084425676,0.065888390181555,2.075816140383413,86.59618833047412,-238.2991,268.32104,-21.01289715361728,-25.100935,68.55475119163239,-222.519646722572,291.1065290633914,-0.0918314847964931,-4.211498755593345,68.7818221193176,3722.9424,3920.2493,3829.724835187552,3829.1846,15.82039046902947,-210.3844247570331,202.6974518248091,0.0704321909128228,-1.354254842800525,56.97379997399018,-149.726103252892,154.9880493314406,0.0110372567524122,0.5849527894725597,42.6672906936379,-412.324076506378,117.77151221895,-137.539880800201,-138.4099826597733,67.5836951128985,-164.1045353393641,242.3449916552208,71.46589321119068,72.54717224418677,52.00007307073594,0.2211492612623512,0.2272689387008035
913,E913_processed,-16.227905,69.694969,1.910955278793945,0.0,7.269482025237931,-35.08770101585195,33.25494238550229,7.304770789294249e-05,4.105158528891131e-14,1.914323365050306,-4.999818496821621,4.999724875678695,0.0172020325380545,2.107670186194225e-09,0.1347219342054743,-126.02253,78.986755,-17.67645484443145,-17.3709565,28.05467149109067,-108.1602220467665,96.1228571186902,-0.0563421463950389,0.2391955165321349,28.08324410344997,-154.27829,117.073,-18.97863071316033,-19.1906685,36.70151282119667,-142.275593797538,134.0074619283365,0.0897261096545192,-0.1612960346644359,36.73099313915846,3795.3521,3857.9687,3825.521037855556,3825.748,6.891617808067745,-59.61731229979769,84.29239440765514,0.0674256445363382,-0.1610526977109268,12.30125325366686,-99.7600873898246,76.62329309469979,-0.0930163294151018,-0.0741479508704907,15.00936212728745,-144.5286892222999,0.0,-78.17791740833464,-78.35510663160628,17.45691108465854,-3.116130727458628,172.588610256085,96.67528755929663,97.58846780065198,22.47180406550467,,
1002,E1002_processed,21.640892,23.518867,22.64603318872222,22.657207,0.2627782267959846,-0.9931064744903052,0.8944041647535115,0.0003849407695963,0.008226640361416,0.2620796809000828,-4.694297567174886,4.964515211907638,0.2347132299364045,0.2085891835388554,0.3207612229011165,-198.96472,157.62465,-16.13214301281691,-13.3882305,53.72382963770404,-181.0875764013644,173.5212746664707,0.0530308302702092,2.826811374020702,53.73839414514148,-201.045,212.31117,-17.12000060939521,-16.61444,56.83544553788366,-184.9070538194142,229.5015870665235,0.0271223950445019,0.5441455265566288,56.85093601539578,3774.0552,3882.9937,3832.06063153889,3832.0728,12.15112297890829,-148.035673792106,123.4822874596648,-0.0945381149835734,-0.9017367621366812,31.51884065798244,-122.0629744010627,115.0003016098458,-0.0194866119255144,-0.3625685556531959,35.7451607745744,-45.48432768833487,192.8798074794452,87.43446386342171,87.3758664992483,39.39072623903037,-48.42601987224029,240.592624813889,98.7048551231786,98.62063769510296,43.4720163506381,,
725,E725_processed,-16.227907,69.937729,1.892120154720722,0.0,7.235267337702655,-35.21677781396483,33.7871284314144,0.0002356246860755,7.382036684851351e-15,1.899850296594547,-2.690893417427924,4.999207980257475,0.0155762298138396,1.958486622255143e-10,0.0867830872555974,-190.98053,180.63498,-15.32210844188536,-14.985158,52.61243827643347,-174.7976885291419,196.1125746568995,0.110571974485623,0.2532065904118634,52.68095261125391,-160.81543,173.54936,-17.94458447215932,-19.83235,45.82906146870996,-142.9852567032014,191.9424662365499,0.0013748770257881,-1.926122190009171,45.82713214934822,3800.615,3874.7168,3834.8821494,3834.5413,9.03472168742993,-182.5821494394023,113.5742164419058,-0.1320808561311106,0.0211943228472195,33.12054194750526,-119.1872044426269,105.1217055120525,-0.0690257060236138,0.3323134653042299,28.20578290827523,0.0,278.3666269968264,157.7941920429103,157.771485214212,40.32160917426853,-81.81985765725338,154.6275810352651,36.23190289045699,36.79659407406053,34.9065310403567,0.2221940692844326,0.2193724941658205
985,E985_processed,-16.227905,72.169441,1.929499731370708,0.0,7.32577559768386,-34.87972582226247,36.02288091284586,-0.0004683719928921,1.375083205935937e-14,1.911397594735734,-4.999793697261269,2.473901917305224,0.0149755038067861,1.3473677778594518e-10,0.0872628128498121,-187.40408,207.78156,-3.641676146356473,-4.2835474,59.01507164919624,-184.8971610239241,213.7627911318991,-0.1048748995830799,-0.6564254019286873,59.05449881640704,-233.84483,261.4664,8.721348064378674,8.74968625,73.10780599469093,-247.3718458275755,248.6672366949468,-0.0327011477541657,0.1218288560176881,73.00206068115034,3809.0898,3955.0186,3883.352639104346,3883.2407,17.57720228295749,-126.0010041170908,173.0854796524511,0.1434889052444408,0.1656130834328717,38.97702102918863,-159.6363594521161,168.4757909677593,0.0915383202531654,-0.2642881206359302,49.94398075597016,-253.9547854464624,50.37813579571673,-96.03471395025932,-96.00743593715356,46.10062040117653,-222.2817936236702,133.3478397565907,-54.12633161127774,-53.0434716908149,57.99608797457785,,
1076,E1076_processed,21.596706,28.35741,22.84988754158564,22.856052,0.3423779145829543,-1.253885212965697,5.228921989079538,9.17954421429479e-05,0.0019839863310836,0.3406875587021997,-4.837571658486405,4.847034343684239,0.1999759302495512,0.1793622182561923,0.2748880305155597,-209.93892,197.4128,1.063718939404939,3.5198274,58.77401310829513,-211.0218342687381,198.0438471237293,-0.0185730558691418,2.36484982197689,58.7665054391843,-223.93813,274.3577,30.80169616877686,31.830812,68.3441565158474,-253.861817077817,242.7580442111315,-0.0289502160478033,0.7575665784042052,68.41087832212649,3811.4812,3977.6221,3913.978826362576,3914.2046,14.9676565986991,-109.1410529411745,186.108999980082,0.0978346547821356,-0.4676880916813566,34.82637814098722,-146.2919323347855,166.9709643751626,0.0922478996160068,0.0937622768742123,44.87956526273484,-217.7903418962908,81.29862296283902,-52.99548914329928,-52.49144211626359,42.89486988497724,-326.058630138878,31.85850564340803,-155.8932153305963,-155.8968677759257,52.76693788846283,,
719,E719_processed,-16.227905,70.335655,1.902039372316333,0.0,7.262533485439164,-35.24403007145039,34.19157270935153,3.337296377657963e-06,4.482480047253717e-14,1.899170031499154,-4.999999999895842,4.999999998959362,0.0166375560769116,0.0001685463887975,3.887120681719173,-184.73306,185.87666,-16.3088596281005,-16.6577245,53.57294557823383,-168.1919226816283,201.6468362500614,0.0461969762066335,-0.3929679647971556,53.605654842211,-175.35719,179.61105,-19.00358616823845,-20.7210565,51.01661071055641,-154.8957485024653,198.6498553231866,-0.0371968829059905,-1.926551142556189,51.02835065933544,3780.9736,3881.8591,3832.027097033334,3831.8628,10.13915090658244,-117.3526387990303,113.7941681101222,-0.000383889620158,0.2621518618274113,31.73025608230224,-103.7255009632001,103.8374427668641,0.0161397162315455,0.4199576031482231,33.29236794111397,-162.9854861901824,111.6356314357479,-31.71037678535971,-31.91041024950563,40.06279773414566,-144.1248315130507,107.0609431638179,-10.8786429623072,-10.95054672844214,40.05811821578473,0.2288621360149771,0.2105641192319884
936,E936_processed,21.199028,25.08754,22.41683408383333,22.414188,0.3458798437041232,-1.358943902929003,2.545112151577193,-0.0008399183882066,0.0019829699792481,0.3452737534557764,-4.942647101572561,4.826946002950499,0.2211024291944004,0.1963209809580085,0.2740949980102204,-247.25729,261.58334,-8.195330282378823,-9.22247645,70.8915585697429,-238.7400172275147,270.1891793030068,-0.0126769178607694,-1.097063808773384,70.85656976673442,-272.35672,293.80618,-0.9889668165705888,-0.1124011815,81.18346370463189,-271.345593099308,292.2789113946224,0.0090810301750013,1.122633653310087,81.17178157453264,3759.7524,3940.145,3859.212578583333,3859.7886,19.86872110915838,-173.9596831124811,230.9649163632805,0.1571167197171396,0.3036865286673169,48.18913698154405,-184.7908419395026,165.7638424006015,0.0510526372555213,-0.5432557315979551,55.3172901699529,-228.167299391164,98.29772091495497,-54.25374584814228,-54.70587655539822,56.4642396444421,-212.703832504234,225.4131498052078,7.252343283265275,5.532939300097163,65.13165313465325,,
657,E657_processed,-16.227905,71.020599,1.969247360893167,0.0,7.444599869601991,-35.20671748761951,34.95322101177168,0.000274409515348,1.2823709691408141e-13,1.889657704149065,-4.999773483506875,4.843792679955493,0.0138359826636292,2.1576600243076808e-10,0.117871044233512,-98.998344,73.669868,-15.51401682706716,-15.234308,21.18423648155783,-83.50129020220528,89.2940335137305,0.0261596823192353,0.2975898172686304,21.18902967559874,-80.328468,59.090355,-12.12492361469395,-12.1724225,19.36341436343084,-67.72768541762731,71.7518667789711,0.0212961243386155,0.0231024828866137,19.33993494560167,3828.0574,3860.3445,3843.455773922221,3843.3237,3.883088518944427,-45.92142231433555,45.38228877129401,-0.0176236943235707,-0.1174749573519764,12.71167286419488,-44.06303494958188,37.33449868624817,-0.0346698438353244,0.0541771566658328,10.81442115840952,-35.78102874758882,79.88224263124451,19.28891730813778,19.29916658452386,15.75461514331236,-42.96102254913887,55.77981577378976,11.01387452675619,11.01906079256104,14.04615330787678,0.2243688407138171,0.2333440609078637
720,E720_processed,20.867611,23.627167,21.89729637644444,21.90176,0.2882440608733218,-1.025943486361252,1.710380164967371,-7.393870151892819e-05,-0.0047316484721483,0.2875056431633293,-4.663935778728654,4.902501812800087,0.2049702839352757,0.1860296769742592,0.2520969262347998,-197.75146,183.43828,-16.31334991950981,-16.295933,54.16017500615796,-182.525915800629,199.4222940656709,-0.0790863989133753,-0.0718936232234088,54.17474908211346,-182.53629,188.42709,-19.00912965688678,-20.3664255,48.71653979642055,-163.2136839717701,207.654466816496,-0.0257347377427217,-1.354114738330804,48.83121010475816,3797.0439,3870.2527,3832.477109405555,3832.7556,9.497750067970276,-107.0583206184765,102.6712510763448,-0.0118506933569401,0.2345546442624311,33.32758627812873,-120.4559814303514,194.3981412559251,0.1003646975993993,0.1100903239886524,33.20011780572127,-190.4257562708862,53.72264920951766,-68.38026694672986,-68.39955311611587,41.35294895169002,-282.5186244849468,0.0,-128.5097226820389,-128.0764944758407,38.87461229789761,0.2189849754668322,0.2066312552078896
939,E939_processed,-16.227905,71.749687,1.935310139241903,0.0,7.356013320001538,-35.25190288703733,35.61494514955955,-0.0002214049515142,1.94767293963902e-14,1.895701937444991,-4.999999996655057,4.999999974411609,0.0155199366828349,4.78095325398162e-10,0.5833490176044769,-258.94156,275.11673,-9.438286481672874,-11.82261,76.08288158989303,-252.2446847007495,285.0086204963147,-0.1489395522734357,-2.530832796624978,76.21631855694388,-286.58554,420.8974,-3.448880532300072,-3.5537229,90.27353502077116,-284.2292963754836,421.6622913422933,-0.2228622915625327,-0.2127763735761419,90.45263201847904,3753.7595,3966.2922,3853.222883954664,3852.8884,22.14338592691439,-163.13678705309,155.5964476572765,0.1290510141710112,1.012625372794325,52.31529108664254,-291.5639790446209,403.5762773570627,0.3059620582561223,0.312367549126165,65.40151049225435,-273.41573604336,120.2571286440349,-84.79160468622042,-85.34646670751431,61.18600770923133,-515.0350210634499,1.789090090067694,-302.2613696670323,-304.3359528472854,74.06017722095925,,
906,E906_processed,22.126968,24.247974,22.75221567177778,22.767689,0.1694334342927362,-0.6055229740161444,1.39767971796439,-1.804559985417299e-05,0.0060545235165373,0.1659335497129477,-4.989259174938539,4.809746931813304,0.3116466730689077,0.2746949982329556,0.4359107201811057,-133.23184,75.528198,-20.00700930288598,-18.9969255,33.79515568694087,-113.3415602008896,95.33085758869416,-0.034886705127148,0.9750977452395792,33.84929592400285,-149.89636,133.17551,-21.3534491990815,-20.780111,37.0691381093371,-128.5274786023012,155.0768100199859,-0.0339353742494183,0.4731711155978449,37.09189775854284,3789.7217,3849.3052,3820.555319894444,3820.8882,6.398509736584566,-79.54515090133575,144.1986763941773,0.0968531519522585,-0.1187356198209693,15.34004773891649,-50.36461289995233,44.29182383674696,-0.0084819711259322,0.0298673057846245,14.56610834291704,-183.2920644192283,0.0,-106.0098486052158,-106.148745168664,21.25621751638534,-78.19869395314652,71.50533857157156,3.456315359358899,4.244493805689468,22.73145837161931,,
1032,E1032_processed,20.889702,27.78297,22.52469766898161,22.524647,0.4296067173466332,-1.772352879953516,5.107230340649156,0.0010767303746573,0.0056056532557034,0.4269870691817362,-4.857098801386321,4.832218034768635,0.2043997969842985,0.1848403448322701,0.263206778467483,-232.76428,264.08273,-0.6279864846089227,0.87149954,68.6395570174199,-231.4429569712946,267.1141232705502,0.0538412524488004,1.527750834390951,68.66105104011713,-230.10649,316.19501,21.36070880727985,21.561373,78.39530492896844,-252.2876758373677,293.3692979068248,0.0681304471376713,0.2006775246083592,78.31381805083987,3801.6553,4002.6357,3899.25741124507,3899.0183,18.54007474950525,-147.1443912376788,148.1161475508312,-0.1021337464705405,-0.874251076849994,42.90319742728541,-174.3292357056815,165.5138580875501,-0.0466840346620135,-0.3038588527170063,55.56444072907888,-42.76487560126165,264.1855508848689,127.7534004279004,127.1547941910596,51.63503149894503,-152.472466834466,228.8121087813312,24.42281378978317,23.5318337453803,63.61123382362221,,
852,E852_processed,22.590939,23.518879,23.01643316888889,23.010719,0.1249377733789961,-0.410627996549866,0.4839413949193607,7.768145936780496e-05,0.0002766196971901,0.122015206035411,-4.958010457228516,4.714514784052263,0.1938862634319473,0.179274630799983,0.4048294611632407,-123.23428,67.89695,-17.72092055185921,-17.0910865,26.01682270608472,-105.4079584183253,85.3405925224376,-0.0454095869837357,0.5992286943412941,26.05342258262361,-100.76099,77.129196,-11.55637635729271,-11.464799,27.33482099361872,-88.72360531038143,89.34390911942924,-0.0188825401058899,0.092225526614095,27.33771868793563,3826.3408,3858.6895,3841.511430905556,3841.4915,4.230599754157248,-58.41956505626395,103.8978964802904,0.0708527012124309,-0.2232095352771472,14.46446713952217,-45.58250051042244,48.92090716851948,0.0194566412818045,0.1466954418930764,15.20954734088388,-148.4791083034107,0.0,-85.77028169618042,-85.68676987681941,18.49693088045884,-53.06144212789935,66.6832570175539,11.09355864574161,11.40197348922171,19.8905930607432,0.2405495266734028,0.2272151497319309
903,E903_processed,-16.227905,70.026375,1.972489002925833,0.0,7.4547145284744,-35.14642070722233,33.95553681575329,-0.00016244377611,-2.9327351106784545e-14,1.888577924037371,-4.999994538460318,3.813668697380724,0.0177309867860829,5.265924231811176e-10,0.1126538865754498,-124.98467,79.226128,-20.96630370792986,-19.8443535,33.62100366245276,-103.7509687256801,99.81126526875094,0.0140012216923114,0.9426372120996164,33.66683854179178,-144.30482,119.2504,-23.83229923968838,-23.051675,35.69911153412796,-120.3144262223326,143.4615386081413,0.0297811113063582,0.7436118324237505,35.70485042266405,3786.9951,3847.7292,3815.515859361111,3815.7295,5.966811806617492,-66.81664866397944,70.6790702191492,0.0292856003634924,-0.1843831378669271,14.07804815701849,-47.30630504887667,45.33944895524888,-0.0169832306081824,-0.1848566453473314,13.92277820611448,-138.6638378165201,24.9075561357213,-41.05840218951043,-41.03446540348111,20.89227970335053,-68.34955452829425,74.48898918696769,12.58088134574732,13.47679114597915,21.84301515724871,,
982,E982_processed,21.176922,24.689838,22.49372386897088,22.502552,0.3564469750078318,-1.390570380754349,2.139696723387203,0.0009497798236654,0.0115603483467905,0.3560051493652889,-4.316725092587241,4.959706119192775,0.2017161967214122,0.1830582547138901,0.2458695528439961,-226.08382,213.34372,-0.2103080539869304,0.120273275,60.1837176602245,-225.8964089080372,214.6777246550155,-0.1045790241771766,0.3182437362214108,60.21577304992117,-211.81764,297.36475,18.26477046494818,18.1328725,75.52528869675321,-229.1719943273839,279.8792938314557,0.0768002939201792,0.0041386299704928,75.521416453878,3813.3003,3980.2996,3895.837971693709,3896.3191,16.4331794483916,-121.2682358589403,118.4034260999341,0.0269918872806925,-0.3109767319737653,38.67183936407892,-158.8395907293344,181.5831324694667,-0.0879477637505682,0.0880518525890066,50.42120077528488,-254.3220626086424,34.47687536225052,-104.3736746109999,-104.1103212805565,46.32685683754176,-174.436098057031,187.0515970556036,4.289078722561502,3.881800574312679,59.35901137591281,,
590,E590_processed,22.038197,22.657131,22.32869033716667,22.325607,0.0864588358557483,-0.3213299435919678,0.2899137472768872,-0.000100146849868,3.667838148924997e-05,0.0814230492767584,-4.957099450123539,4.984375884235654,0.3222552571525676,0.2926184070013255,0.6077925345851616,-60.268108,43.246223,-7.469097777870173,-7.2704489,14.87029459651136,-53.00721441618398,50.33503730208282,0.0244691361309336,0.2275775812823081,14.88951649566911,-47.297852,53.694355,2.613219791455919,2.6050062,13.90041367065705,-49.89612290177992,51.96076466824373,-0.0132698855584463,-0.0759358130973912,13.82727846588586,3868.4673,3898.0134,3882.888228088889,3882.752,3.877758549864058,-31.8838441761009,30.01734037166295,0.0037290091716873,-0.0160146101751429,8.460366356960664,-24.25377818685454,22.89125009251573,0.0071929424258401,-0.0366623992815158,7.104202885572851,-38.83070725377096,43.82839596967516,-1.697031948735882,-1.891570150226759,10.70253280735851,-49.19739994131776,14.24401745107197,-15.80256021251668,-15.72852372522012,9.505924031741436,0.2510588104695897,0.2522253472402907
924,E924_processed,20.933903,24.601475,21.96880913852308,21.972313,0.284081577208626,-1.041055820702816,2.580406783732727,0.0004732985484063,0.0069355723195287,0.2819103820103916,-4.907603590488112,4.962279577951826,0.2456860612247655,0.2185331968039212,0.304597166716821,-271.11087,268.19293,-14.86304777283203,-13.337659,74.28635677587305,-256.4515647458594,283.6542319300302,-0.0585623215417824,1.247406756807784,74.27593846330304,-268.85715,253.57813,-13.69206902424025,-12.666474,77.47728415586144,-255.7249897290792,267.7101507603959,-0.0089269426505364,1.1442547685525,77.52197554011566,3739.9053,3916.6782,3834.133158865367,3834.5413,19.11168091822546,-138.9496829130812,125.215100763594,-0.0132057162210262,-0.5990147179899097,42.25163454241725,-137.4078933720695,125.1553732820198,-0.0429598363371841,-0.333537077761791,43.85471483117014,-243.7571669513067,112.1253776753577,-50.67381813513032,-51.42697862610893,54.76850175552855,-104.5935704920615,252.4886316100229,64.86579631637561,64.52863342968651,57.14969576766382,,
627,E627_processed,-16.227907,69.624947,1.888587325061333,0.0,7.232624340247365,-35.19980017690905,33.47539258722255,0.0001303984484158,3.3524441690389324e-14,1.897066530990094,-4.999612024926952,4.307069307320265,0.0155453485288594,4.273308455222876e-10,0.1112514786444627,-115.40515,80.483055,-17.2235931169647,-17.204236,25.45211735427665,-97.9416901648382,98.1299684660986,0.0241270852706157,0.0010237119144309,25.4478498755311,-101.85714,54.344349,-20.10174535355255,-20.3368605,23.06061484250433,-81.73804190151577,74.47697732791364,-0.0533629450201644,-0.2210819656962488,23.10774091840549,3813.1143,3845.2546,3829.126525927778,3829.1846,4.848125471774496,-57.74906920133487,65.83072004863311,-0.0348435121218351,0.0337522462659063,16.32291442706102,-56.08004864040456,101.7333254260328,0.0543602945068799,0.0141253329307609,14.85871566826276,-66.67352432414211,79.74462447288228,3.145645182156946,3.240556350764382,19.70400113417255,-156.6747889263021,0.0,-102.0564268670766,-101.9738241236814,17.94147645134621,0.2210978091265461,0.2166539147904859
775,E775_processed,-16.227909,69.507172,1.890573548702462,0.0,7.233262046487006,-35.18544680863836,33.30634871863678,6.156376135454798e-05,1.147951649269955e-13,1.901720450309728,-4.999905001719264,4.999871680223999,0.0144351370231272,1.412957883290521e-09,0.1292024215392956,-334.51154,330.7977,-14.08702577321267,-13.574486,84.91151190498331,-319.4819037046825,346.2264597755425,0.0756085100794177,0.4351602474928105,85.15745656150602,-249.55733,312.5498,-22.01035309580347,-26.846512,73.09757269073545,-255.8751252891666,335.2513042623053,-0.1474153410217049,-5.176668815036479,73.35964440461935,3691.6946,3987.2085,3829.732841981551,3829.1846,16.63711139624275,-200.6983052492315,224.0488316573467,-0.0121759148073461,-0.1027115641065848,55.35427719303015,-232.6084020968613,178.857851419177,0.0418705029308736,0.8043418240311055,47.03636923538681,-387.906745260265,134.5450286338785,-129.0122439662242,-129.9320828584505,65.956399407864,-263.5231288474502,249.9511590603385,-4.791769068150784,-4.837836251790405,56.21451536197471,0.2278252025995208,0.2216901733055683
1072,E1072_processed,20.558296,23.982838,22.654184614,22.657207,0.3792442685054999,-2.135324800166221,1.324613239777064,0.0005775513685119,0.0002523309982031,0.3781136139214464,-4.142454586924472,4.935974661249347,0.1910989197106299,0.1735042024743114,0.2492408073667411,-264.78906,215.453,-3.737615368252788,-2.21001755,64.62502237713703,-260.5997689933212,217.985707738716,-0.089269174222046,1.270602745902039,64.65969247552633,-229.76636,274.80466,19.27135570554536,19.799351,71.51212281301476,-250.3414656518146,256.7961877158883,-0.0299513654102711,0.5239813161729181,71.4850159808463,3808.6392,3972.9504,3899.671013694444,3899.6196,15.80754838831251,-148.107633919076,154.9198980601778,0.1217865421403372,-0.4278736154468881,39.11811077084929,-185.5304084951674,167.937528597548,0.0725473417592796,-0.4593546583368573,49.07469973841565,-297.7904885360082,0.0,-154.2816171386879,-154.4705815675269,48.08733794095782,-229.1856304368793,169.6499326155466,-34.31912825665547,-35.84892598286507,56.79705450348391,,
923,E923_processed,-16.227905,69.82753,1.892837123038611,0.0,7.22484692346278,-35.14962024838925,33.74456103668493,-0.0003621261387499,1.3785958124764852e-14,1.909857304666316,-1.915076142554833,4.999896962240559,0.0166806429205504,1.2451376824979218e-10,0.0792914201005983,-314.35098,321.51343,-15.03610010279142,-13.8668025,74.84546852160778,-300.0081179871162,337.1635802984572,-0.0740031695060076,0.9818866143661836,74.95445508909454,-262.96014,211.22592,-14.52454159741554,-15.182973,72.26540426761447,-251.01555536163,225.398634102803,-7.341230299215024e-05,-0.4237474974918403,72.29200840631026,3749.73,3903.2947,3832.537441061111,3832.769,18.27541840578268,-191.8443127283943,281.1007188941933,0.1816937720641223,-0.5431713729486427,43.57855403801782,-150.8066726244924,213.9763512053915,0.1144322471443668,0.0682245592337622,40.83601575507151,-438.800609674166,0.0,-217.2600936664709,-217.1861523355452,55.24204536140834,-242.8183192337652,112.8243641366991,-68.73856036717332,-69.5918842262747,52.97810984755452,,
1021,E1021_processed,-16.227905,72.279907,1.911757578982778,0.0,7.254921873597061,-34.57640740162617,36.14450104630198,0.0016645333626259,2.561093661656673e-14,1.923795548144991,-4.913557160074179,4.999993430413725,0.0133220081082358,2.522391899379333e-11,0.0885469951671425,-265.00955,250.15416,-7.042706142640328,-7.09194825,75.37675290403212,-260.4686828218605,258.314641491174,0.1396935890728572,0.0820908651423639,75.47981764213817,-293.24997,318.17889,1.628650282790811,2.9244088,83.84020436406203,-298.9649415275301,319.8160385287616,0.1881687915513616,1.451363518671847,83.94286835677838,3761.3323,3963.1033,3867.194609488889,3866.6816,20.16688006560977,-227.7069859282072,152.3229159366819,-0.1689205110062149,-0.2801133645949925,47.37371316912805,-408.5768605847484,249.6828362441335,-0.3103047401952266,-0.8770778952543825,61.46216540274674,-116.2982617100498,318.9921341509144,112.1013758846236,111.7553807665449,57.38261260193379,0.0,547.15531100385,274.7263318275192,272.6772378065209,69.05522505024048,,
862,E862_processed,21.906029,22.767689,22.37237283955556,22.369999,0.1198221281044833,-0.4045113448197859,0.3839314583560027,0.0002733401861375,0.0005236869953743,0.1126011402898353,-4.925277594288749,4.909191181300391,0.1744076359352595,0.1606954316038868,0.4348631572142144,-93.086815,46.715809,-19.47455942543976,-19.318386,19.64501122221658,-73.53752742062795,66.21200343116635,0.0102153059096569,0.1521155418938637,19.6487228146359,-88.766426,55.458855,-16.71009586659411,-16.462772,20.13582301653538,-72.09498883046027,72.4295162979708,-0.0300743674566987,0.166244428683894,20.14610886993347,3817.2725,3843.1741,3831.1227723,3831.5161,3.199022455182872,-34.4803179865003,34.50284143877155,-0.0016445196271184,0.1490545033011277,11.23329068287024,-39.80830576614964,45.60094383966298,0.0295408220717119,-0.061721466008994,11.56288183372734,-10.8715749300784,76.49431824152902,32.60302965802443,32.69710450681898,14.17976369157024,-94.77420905181918,0.0,-47.96948390324904,-47.82391277521128,14.72568136004892,0.2411293375289773,0.2283752411858956
596,E596_processed,22.369987,23.143272,22.81518207822222,22.811863,0.0985038565713088,-0.4398863167874182,0.3350197143957104,0.0002239758482407,-0.0007228437869604,0.0965960689645569,-4.975746383004483,4.976639367668216,0.2690894089102256,0.2444926281745593,0.555949477260453,-75.904961,76.520943,0.3221631061839778,0.23174067,20.18407044869353,-75.64947570509597,75.96337661623582,0.0462366253113005,-0.0979018832071507,20.23524773858137,-28.06517,79.464218,30.02756129659033,30.161954,16.57463399367746,-56.98190059761454,50.55568800671931,-0.014891071263897,0.0397542381498945,16.55280598115957,3900.7129,3932.939,3916.986593416667,3916.825,4.182082891895714,-109.5346680886827,65.48078100899689,-0.0789773329512743,0.1156852608726005,14.3034387550205,-36.94117790379177,31.60901812048622,-0.0088971917352608,0.0084686769799164,10.33890326503773,0.0,156.9380482386045,98.95822496987952,98.82438985021966,16.1394915852517,-57.18981802660035,23.88056349480713,-19.23436408939467,-19.31276685192562,12.68853677964696,0.2233202459386467,0.2220394357350872
1013,E1013_processed,-16.227905,69.937965,1.912516298606179,0.0,7.293569976900831,-35.19697575374813,33.79098366453729,0.0004732442520002,5.4610659826566685e-14,1.896546288332215,-4.999976780100308,2.44821018851223,0.0143908458407493,7.555867059270574e-11,0.0779431075249825,-232.64603,236.62514,-12.66844045144239,-14.796016,69.78568350120482,-219.3241617080325,249.1096227154944,-0.1039385260089047,-2.047225085794564,69.92322493584203,-305.04428,268.85715,-16.49184767273867,-18.2425705,81.29046087742645,-287.8097236874372,284.811669726087,0.0151633417585239,-1.681989968656965,81.27730735009659,3739.9053,3906.8572,3831.118201083454,3830.9702,19.04355266256361,-128.4561779669422,145.2019127041839,0.0592762011157574,0.326215859313713,41.92001597467977,-163.7283369628216,151.4742042600332,-0.0294305521229299,-0.0482479323518134,49.21074012378875,-185.3689532753979,173.124274751427,-13.54395604154336,-12.53585022643933,52.7682414791884,-198.2866068376103,204.3438493097449,0.4740804219402433,-0.0925749963072677,61.63256090832897,,
613,E613_processed,-16.227905,69.606598,1.9323721667095,0.0,7.344435091673572,-35.17067128458853,33.50666738826901,3.651646352811846e-05,-3.7926024503518126e-14,1.891499537800081,-4.999974457879922,4.999998055376022,0.0182959355375253,7.948842259913621e-09,0.1681899380251214,-119.02621,76.220406,-22.05210744884497,-22.2676625,28.29935466157545,-96.89707031546538,98.21789791800428,-0.0036935307105862,-0.2899340825982659,28.31207865469023,-95.835976,37.339748,-26.4176119482552,-26.1566495,23.33639792907384,-86.30079252936636,63.77884713035795,-0.0831192237313206,0.2305320768656549,23.42277725226902,3792.1611,3835.134,3815.074439516667,3815.4104,5.139557380728479,-53.48682907741825,56.67877360798067,-0.0044801722176404,0.0601102194438523,17.25533766910415,-71.244753379414,134.0833894252809,0.1049889198112491,-0.0186345691315572,15.39419601952178,-45.828010302233,91.23544287427876,23.26896662956987,23.30190185331099,21.39648471287823,-170.5664017182201,0.0,-110.3810645249896,-110.4867895661876,18.21196515812598,0.2233317725537407,0.2194457026247759
895,E895_processed,-16.227905,69.717056,1.951091751286611,0.0,7.385006828321691,-35.09331552132973,33.71033194282484,0.0001775187467348,3.3078346170612953e-14,1.906269963347173,-4.999905360901639,3.194460900019447,0.0166399484014795,3.690574294384421e-10,0.0950144695442351,-112.1676,70.529831,-20.8303974059489,-20.752144,21.56181998694312,-91.438844609651,90.66441994739752,0.0300219766905768,-0.1097530590560338,21.53812615342908,-109.57959,69.57605,-23.47735108721125,-23.5236305,19.31315119857016,-84.57527890930808,99.72146060674427,0.0032774480388077,-0.2446539798583587,19.22052848156177,3795.3591,3842.7207,3820.259174444444,3819.4712,6.218376154399622,-33.21014633765931,36.66954403198157,-0.0155201984724667,0.020333246209955,9.44661239611234,-67.43810354391414,40.75871456602124,-0.0361737950362417,-0.121775623231071,8.786321854744811,-19.03260402363494,71.70677933456516,23.35520596104977,23.29843945612809,13.06969178309053,-7.224004218827167,93.1655192255428,43.9229132372915,44.04929286713607,11.9468836088134,,
796,E796_processed,21.751362,23.938648,22.95786769127778,22.966522,0.3110707351302412,-1.225276656006762,1.007355956770251,8.544889401439443e-05,0.0040590429430896,0.3101276994436757,-4.985887727291816,4.88829168712637,0.1871852071752174,0.1719604725024217,0.2550876139030764,-198.98985,156.03882,-12.14442072591081,-10.8680915,50.44965181404894,-188.0592800985642,167.6796734459619,-0.0231443779369667,1.181589930780008,50.4161435836313,-155.0657,169.28694,-6.050265709545033,-7.761771449999999,45.08507124941821,-160.2409731906349,176.6751748786078,-0.1041704024021097,-1.799631207559187,45.17830625308982,3816.4395,3898.5903,3854.19598225,3853.9431,9.085771051391957,-118.7544234974707,111.9726186150423,0.043785394077371,-0.0919738226889874,31.61831300321543,-119.1631487843191,216.4512901204502,0.1417876382651196,-0.0437949771265477,28.65272020181629,-168.728471462361,80.38066131890086,-32.83639574079461,-32.17543233178819,38.19157310002156,-302.1796606838878,0.0,-194.7058853090236,-194.7157500989826,34.0515141586218,0.2267290301496143,0.221117915779635
805,E805_processed,-16.227905,71.131035,1.976555051688444,0.0,7.477245619195635,-35.21172749683853,35.04453778334729,0.0002399034904679,3.335900717997457e-14,1.892257197105329,-4.997685674999738,4.627713057598744,0.0133572529810327,2.410945263340851e-10,0.0878770365350316,-207.17964,131.94838,-15.95423963080019,-14.6483265,44.65959400379723,-190.5251602329064,147.9368401639723,-0.0085337619640561,1.21999077770469,44.61849792738111,-160.84767,148.72899,-17.54859672282967,-17.8338825,43.14835880250443,-143.2104923662927,166.2656210842844,0.0317543220405013,-0.3676616360129898,43.15650484592879,3789.9016,3870.2527,3835.322696866666,3835.4341,7.66984226094118,-122.4562356474609,102.2979853368557,-0.0792292435054869,-0.2707528874876308,24.94820888476318,-90.19170681582015,92.78085933432314,0.0496849298691519,-0.1416783818408898,24.4252951840182,-73.57972925839114,135.9293579789122,25.10020018044833,25.17085079991765,31.85140236973887,-112.6744136207837,101.4929218041749,-0.994796976475022,-0.287281327233082,31.03130318761634,0.2379203873966114,0.2361710243211947
1083,E1083_processed,-16.227905,72.103188,1.951117101221389,0.0,7.399631277060702,-34.72542396594609,35.83742927159358,-0.0001532082359172,-6.853389453097881e-15,1.89404472528078,-4.999510763182025,4.999776576421738,0.0155192570175656,6.545949065215108e-10,0.1001484530437029,-173.44504,192.60143,-10.97935305130937,-9.8490801,50.98924664985116,-162.4140196380258,202.3984622685436,0.0146434387090978,1.162986864763971,51.09847378940655,-197.3887,251.02534,6.732782510752512,6.39761015,60.19295555446748,-206.6647497977521,240.0664035288709,-0.0904065295340006,-0.2277778519779003,60.17989405482561,3777.54,3941.897,3869.892419588889,3869.5448,13.43035970954465,-130.8383334917011,115.4215657081398,-0.0572136062439426,0.2279170319393407,32.84222034462087,-172.827197053932,253.3236372828027,0.1856949025183253,-0.0070559873902871,44.17592113065332,-8.69908999414736,286.0422353532692,129.1348494740978,129.2435749924806,39.36321301099293,-287.8107662744483,72.35578836948633,-120.7449412693138,-121.4477128732354,49.06414477173247,,
697,E697_processed,-16.227905,72.125259,1.961352658892,0.0,7.374313274155893,-34.41465383312174,36.19719727433791,0.0001188220241108,4.1963471726536064e-14,1.932172973336275,-3.161592020015943,4.999984644368086,0.0155525838009669,6.338774801163866e-10,0.116897251718177,-95.938103,73.617233,-13.4545156723768,-13.210499,21.96936110182672,-82.18703041440173,86.89511370974725,-0.0047240609382605,0.2285203338839445,21.98696632127881,-57.558853,77.883224,4.673246567436355,4.04064775,18.37186819389123,-61.20386490115211,74.18816427946152,-0.0140924888946584,-0.6390792267744428,18.35685007013211,3847.7598,3883.4207,3865.5104751,3865.5596,3.648339842710871,-42.78054566750771,44.95680859085736,0.0148950006855181,-0.0947044530811209,11.74353981744103,-30.90833027581004,29.81728494725095,0.0113233158185711,0.082194859186736,8.908663823407624,-100.8143490451486,12.2050379301412,-42.41667781656486,-42.63907928602539,14.71288909355057,-63.92502937707358,14.28705956329421,-23.78872536438826,-23.58289010322513,11.97801342295706,0.2733194458395743,0.2666684781293374
918,E918_processed,21.221123,24.22588,21.83763392338889,21.839748,0.1750731003807305,-0.6424801586532095,2.335716435622107,-0.0002031014113778,0.0003875826284283,0.1732178318263524,-4.975263387363962,4.9765860734679,0.2705740295238354,0.2443073386312634,0.3747858825721198,-144.03033,105.64319,-16.57016657759992,-16.220742,36.89801804231269,-127.9184721763176,121.6264444701391,-0.0036064222653063,0.4139567236569544,36.89651128704303,-139.76115,133.55135,-18.14915716901676,-18.661592,35.5818508246291,-140.8551595718847,151.8694615910917,-0.1000387297944086,-0.6192832264780163,35.67849350603996,3791.6885,3857.8015,3827.099094433333,3827.4016,7.425685874620124,-50.09833299211737,48.53020218842176,0.0059614665406484,-0.0109510437986623,15.14522914754959,-135.586784357139,194.9004658451317,0.1461141318418667,0.0108337549412698,16.74364292482355,-101.6815767065614,41.47440262907201,-24.63718178255431,-24.52518881115144,22.84545765241321,-296.6494887510058,0.0,-159.4233525182871,-158.7760956095091,22.50261792517856,,
602,E602_processed,22.679314,23.430504,23.0508492635,23.054909,0.1083708284696135,-0.3703035152506096,0.391252799831288,-0.0001895258114531,-0.0004486263296185,0.1077921128536192,-4.810674642118371,4.998316167736502,0.2394391631440624,0.2161063671816177,0.4519671448969349,-96.009392,75.147125,-10.96781819845723,-10.6113665,23.64145044448282,-86.23909005071604,85.16636781977364,-0.020444303128606,0.3247328171955339,23.62714380463114,-69.368263,90.340065,10.01074291366513,10.0482845,21.03894169631559,-79.26726325825757,80.46072537128538,-0.0352520954682659,-0.1135940907685721,20.98315291818064,3863.2925,3903.5415,3881.975392055555,3882.0576,5.551286935911792,-55.00409418987636,58.07765383776353,0.0073803458001212,-0.353476292633113,14.09369587710722,-40.23198189027974,49.22058817402777,0.0283773479687881,0.0407215406317114,11.87656824099802,-105.0745636223438,35.51305368385098,-36.13727378571557,-36.13088476559278,17.50739897653829,-88.12742998759929,17.6031785805564,-38.51430118860206,-38.56221188385113,15.34583170234938,0.2339034919479943,0.2294988869134537
684,E684_processed,21.616741,22.436268,22.032821918,22.036915,0.1098715930029597,-0.4397747269877514,0.405125058507511,-0.0002410409916153,-0.0017666673859038,0.1080760399539994,-4.967034478956157,4.977042900644277,0.2496698747451814,0.2181816753728176,0.4743987412564399,-82.39286,44.334732,-13.86061066296595,-13.7621905,16.58794624616069,-67.67361068760977,58.66989660030437,-0.0268963460164483,0.0449518585122128,16.58774494422098,-61.301384,54.528931,-6.756430968273741,-6.8150203,14.5857599412171,-62.55359427331628,60.86776944746627,-0.0082450060593739,-0.2484647359619689,14.56779961515584,3843.469,3873.8242,3858.713105272222,3859.5393,4.533239811882265,-41.74554258238166,44.59042647607185,0.0224577120426546,0.1295303903756921,12.49541758887679,-37.93557838080044,73.89017720225863,0.0277744319413199,-0.0184918625225183,10.0385607360176,-77.24719530950439,19.6518379660408,-30.74489003751377,-30.8471447687747,13.52781352279215,-110.9503156035283,0.0,-67.22875367889833,-67.27365859184363,11.46606385668702,0.2299811282131563,0.2327593272630031
1044,E1044_processed,20.845516,23.806087,22.29001970033334,22.303707,0.4160915580072949,-1.458619908554955,1.459754581854024,0.0004513717112707,0.0104719241607261,0.4157263899349922,-4.819615961649196,4.859636896310549,0.1821827730843021,0.1653975537340261,0.2243328968208573,-249.93137,241.70645,-14.53656582604029,-15.1801265,67.28684322469142,-234.2025657251141,255.6588401303051,-0.0317128680348277,-0.6170923443869132,67.3371973407502,-268.90274,232.97757,-12.81016949638274,-11.189061,77.90831460171839,-258.5413125320889,244.5664242702663,0.015366525638505,1.469202993686252,78.02092638221228,3752.1479,3910.2004,3838.867329449999,3838.7793,17.8757418413242,-174.8317573135338,160.0303623186994,0.1211008782390483,-0.734678380119945,45.11553008102599,-193.9335849511158,170.7565590757018,0.0838350046311252,-1.134681491005884,57.99028576212893,-285.7366783273519,49.39941222151184,-120.8993470037871,-121.1074047337476,52.64022196472269,-310.7116889379147,84.63330614160756,-125.8830073484393,-127.6966634757583,64.67264437584858,,
802,E802_processed,22.171143,24.115398,23.12127475538889,23.121178,0.2762446411871174,-0.9471042541063772,0.9960853602477144,8.295191686731631e-05,-0.0031226521929124,0.2752388694070524,-4.825115608616381,4.818833561239494,0.1964390813322534,0.1759164191736197,0.2897851891552289,-191.43205,161.05615,-15.15017398478104,-14.058356,48.10058994618923,-176.847093538297,176.4164030872331,0.0724037335218952,0.963881240487412,48.23769899068834,-165.05786,167.66502,-16.17152700433911,-16.521468,43.52687288588903,-149.1743366044116,185.1324621593699,0.0771284440133889,-0.3588083602994785,43.58272681996714,3800.615,3875.6096,3837.824028522221,3838.1123,8.283936561677178,-201.0066494054161,133.9656496201854,-0.1201698626042366,-0.2349042077878458,28.38249772960396,-91.74391209524418,81.09457544404688,-0.0549120102885702,-0.260097801443246,24.82348597746672,0.0,319.2660089083893,202.9695266774035,202.8973774501557,34.99515375705887,-68.94366205491221,154.7851255785097,49.12222581845539,49.7210635531619,31.59595416646003,0.2422083332609635,0.2344120413319709
952,E952_processed,21.154842,23.960754,22.86901949611111,22.878159,0.3791545665495871,-1.81000420239381,1.10041407417538,-0.0004712739567819,0.0083934394763282,0.3797090188029798,-4.800807494907405,4.62469896998739,0.2099709642175197,0.1897563408226096,0.2611183168679163,-243.25703,194.42506,-14.16827271659733,-12.1915245,66.52037042676585,-228.3669365128299,209.1578036275188,-0.0839568148287014,1.908977751828536,66.51926723694943,-283.60004,299.95135,-13.48889819446038,-12.2766455,78.17777067446177,-281.731464890202,312.5693283941837,0.0069706350651969,1.290953360928476,78.3753511804804,3712.2288,3929.1782,3837.080936677777,3838.1123,18.37732620314119,-123.1436436255626,153.6094841900586,0.0406712195613177,-0.6838972251801856,42.52639352656713,-242.3739482374817,202.5994129739983,-0.1483364887019741,-0.5536323855343035,53.0059845935013,-291.4731500718054,13.14716616624635,-130.3157912318184,-130.8721640284024,50.89690958749693,0.0,506.6054157164087,276.9100026872172,275.9694745373104,61.75749468018947,,
628,E628_processed,21.486065,22.215302,21.83200496472222,21.839062,0.1004314535904959,-0.3599048786815301,0.3743121956140703,-0.0002256893099421,0.0015435247231789,0.1000658604253638,-4.964937346380766,4.981889262907917,0.2294650214999491,0.2060873252796578,0.4250556201823469,-95.617821,65.11055,-17.10238746263562,-17.127941,23.29353782629515,-78.41293574249985,82.12487323584357,-0.0018307065993764,-0.0647913433978317,23.31846011658386,-101.69698,52.59597,-20.03278624579176,-20.138464,21.72563709787437,-81.38961839249043,72.52137626278528,-0.0307605201574372,-0.0883212482341578,21.74851640519228,3815.7925,3845.2546,3829.616924238889,3829.1846,4.355882207887908,-48.26683472946897,56.77520354114938,0.0200315667780723,-0.0059284573073088,15.01632812870464,-42.6404374654823,70.72298845568534,0.0421584965236244,-0.1658228563122557,13.41742808023741,-102.5177935011396,13.48311298996588,-40.42795330095527,-40.44827016337389,17.97564638349278,-120.7360170448421,0.0,-60.79094763659332,-60.7098108019507,16.52761043729711,0.2188636362683237,0.2172027346269393
789,E789_processed,-16.227905,71.617096,1.930448935703444,0.0,7.288077781459872,-34.24559089106743,35.44198983357682,0.0005741829832551,1.6358567307359222e-14,1.935298218460172,-3.252807078269695,4.996346890654809,0.0133514248481424,7.714188003414535e-11,0.0763836800894197,-208.77243,187.79968,-8.793982671692705,-7.2708163,55.1822407454116,-198.0368426500875,197.2274514914368,-0.0301771496587352,1.569197683810823,55.26244876819132,-165.07684,177.91901,1.280590639135583,-0.8814843,49.45510995494634,-166.9406912144763,176.277408713789,0.1119685006612275,-2.036325668951936,49.51944557071284,3816.7065,3918.4854,3868.100495011111,3867.8135,10.08061933486388,-125.8630992521375,116.3647669849919,-0.0431557903818058,-0.5633167875585059,35.26182963869731,-159.227564246239,99.69121120151732,-0.1281827884690062,0.1264308896035002,30.10116719796705,-77.17668388177626,210.0441626146277,65.85905877098888,65.41434558934708,42.32986096548387,0.0,253.7374426620608,137.2870371731221,137.7300050472472,37.00178979429226,0.224975160949852,0.2222763034148905
595,E595_processed,-16.227905,71.815941,1.943368922290222,0.0,7.324265854265481,-34.13877129967672,35.85762218150579,0.0002402437905813,-5.754501558551481e-15,1.930981973206914,-4.99966908001195,2.51083406022118,0.0138578642164742,2.197438161523852e-10,0.0884558256883793,-61.747486,58.023037,-1.239259711604017,-1.185624,17.70631428090774,-61.11315198253676,64.24806322632597,-0.0203282141356248,-0.0083854888730363,17.74219655543801,-20.040312,76.803391,26.54656837402777,26.479515,14.00301575798696,-47.34620229784764,49.4972891013902,0.000301327229844,-0.0420267535766382,13.95579349082606,3899.2463,3929.6133,3913.6120089,3913.5356,3.599778865644202,-49.75036075318246,62.34324209967239,0.0419952842111492,0.0698793310779148,12.09110674072313,-35.00084611036266,46.26922364394292,0.0263259451905126,-0.109072362719383,8.632039486538917,-141.136327351184,0.0,-69.31766550410225,-69.31550982259603,13.95056738361517,-72.54039756605714,2.934810224725139,-33.27939808906755,-33.18186265453873,10.51749878489519,0.2311092072061605,0.2310870504425557
588,E588_processed,21.852913,22.470325,22.18244631211111,22.183178,0.0794508154763583,-0.3048811548284137,0.2833007265995046,-0.0002037086694245,0.0001337120269086,0.0781914711607807,-4.94630187945045,4.975882511848574,0.3277807135716539,0.2980562442453805,0.6269653853644077,-76.196289,50.744022,-10.5013310179507,-10.579964,15.78268689133601,-64.63001617931356,61.7954315927767,0.0182839136368507,-0.1205970359189976,15.79504147412478,-64.631798,47.244362,-7.58092213499451,-7.45148945,14.32084319302844,-54.04436894445605,57.96188117916266,-0.0352160501948209,-0.1727303156216505,14.1844334478773,3843.469,3883.6448,3864.899826716666,3864.896,5.799986131974941,-50.40953676179256,38.50065696981261,-0.0383416880176134,0.0312323919568912,9.295879025722474,-29.1915353266481,34.39589643598144,0.0279855737825132,-0.0166938625904915,7.645883329796887,0.0,96.05095406011864,54.60897784458906,54.63565696996265,11.44645960769707,-71.28900471840676,1.417071410524817,-35.82028976140796,-35.7957730036076,9.97571794521949,0.2466522993369859,0.2493013618239903
1007,E1007_processed,-16.227905,69.739128,1.9392165180905,0.0,7.368196169739925,-35.11990048906519,33.10499863266645,-0.0001509908785093,3.88442180240158e-15,1.893360612393615,-4.666782064150732,4.999442577423182,0.0149765191886087,5.097764771852557e-10,0.0936596159832934,-224.70052,175.95619,-18.89259645341287,-16.249665,56.52909171750044,-206.5555089055773,195.2295405874703,-0.0477512112924203,2.561556143435924,56.50728856763332,-213.9166,196.6983,-23.39615347416732,-23.2532655,58.34502955605755,-191.0971788185821,218.9850450295412,-0.0895590629708123,-0.0203248103436504,58.38700200017826,3772.2278,3868.6538,3819.072332811111,3818.6812,12.41097605484596,-103.7800091890635,99.52604565001393,0.023109211556784,-0.3800139408686264,32.61440940129602,-154.7330105621758,179.8157027339892,0.1327348265981237,-0.3890769155003611,37.27345968129227,-177.1329873111621,66.54520258691385,-49.98579320370541,-49.35741605811916,41.39347311376093,-277.6523892999278,8.847195274325587,-131.6544465460315,-131.270394661601,44.8974312143309,,
637,E637_processed,-16.227905,72.058968,1.901584818742722,0.0,7.206562738513346,-34.17474183287573,36.0514485427653,0.0001041189993662,5.6835458681011513e-14,1.938050919773819,-2.95719901917204,4.999563968905406,0.0144373108125137,5.440303443146883e-10,0.0886695177408471,-88.617821,83.621635,-7.220766005437645,-7.4548047,24.20000714792711,-80.799089183554,90.9311455850235,0.0097441655595307,-0.2214645009923123,24.2198802061663,-70.605263,85.847824,8.694012445261295,8.656498899999999,23.66101934499701,-80.15521635121753,74.30340140963543,0.0554670257518896,-0.0254492468969514,23.63672397095618,3872.0386,3917.0962,3895.307801116667,3895.5212,5.813542185357527,-60.29547672716964,63.27568531993353,-0.0336957054786547,-0.1518733626378292,16.49148022550717,-109.7282404051829,76.78671550211241,-0.084217776499369,0.2594623699230976,15.33686039834957,-15.31757091097244,111.6446955784221,52.3007325899091,52.49651612247835,19.15498018011077,0.0,137.6456000255222,75.1667524380045,75.19101887789535,18.25305881245448,0.2172078018285664,0.2171916747025736
1082,E1082_processed,21.442497,24.756729,22.72333879772222,22.723789,0.3354736387168019,-1.291265586427687,1.936032893141204,-0.0009846939420773,0.0055403925776112,0.335442130751329,-4.913745342422958,4.335581865424222,0.1921855604485899,0.1767939749631321,0.2351857588008411,-201.44618,160.97986,-8.078569994454753,-6.80180955,52.76801822601686,-192.6600242086552,170.0095495768239,0.0334586701950229,1.091693626999394,52.76753807077237,-185.21391,217.77,13.63171707732808,14.174839,62.2202730521029,-224.4526246536078,205.4573109704737,-0.2273496282635895,0.2553154903320365,62.45373218099853,3806.1248,3958.8831,3884.22972325,3883.8813,13.67809184280951,-91.84992890853312,105.4149300963785,-0.02585976872075,-0.7899743225062492,32.73833480180583,-164.7911712075918,320.5687641982645,0.2702569321991123,-0.6199321929086086,45.73969324553496,-109.0335405000594,130.4248198671729,10.37419269028895,10.7614458428261,39.87545122757868,-405.7608058223718,0.0,-193.7040355552949,-194.0470527242924,50.90613910852682,,
808,E808_processed,22.060444,23.717472,22.84331254216666,22.833839,0.2428930889217241,-0.8121227891284328,0.8975576810631956,0.0004518156941528,-0.0041143228230531,0.2415870131734144,-4.156559542572279,4.893661852757389,0.1988794867737801,0.1780438422696055,0.2843268501875537,-167.05611,106.41811,-15.81783208150192,-14.386081,44.637267589438,-151.5420367632005,122.3737128697296,-0.0658720964395764,1.420961205540829,44.69522646312104,-144.90717,142.13908,-17.86183246553909,-18.223756,42.26224756671714,-126.9819926787546,188.2089665723517,0.08656304563504,-0.3754688222074412,42.44092980868712,3803.2935,3872.0386,3835.408208344445,3835.4341,7.238995019192816,-71.88247593785775,68.97641473791705,0.0118349662357147,-0.4229151698198947,23.71239174767076,-112.6042857805543,81.76284642345053,-0.0233203428349087,-0.1602972480884229,24.109161785372,-117.263883888852,69.24613681365022,-22.54914277857553,-22.79320128345639,31.44842109755213,-160.0874307178428,153.526112685556,-11.41163517256606,-10.9484161044258,31.11626497538609,0.2416403289764424,0.2355279661253004
981,E981_processed,-16.227905,71.595009,1.934246687015223,0.0,7.336296060290152,-34.453170546621,35.14243141176769,0.0005787698764637,5.87421657473736e-14,1.908093994263054,-4.999999994455957,4.999999982870053,0.0138608066493287,1.4948889718850218e-10,0.5984615852005144,-200.8497,190.48378,0.1992323165912051,1.9628857,61.0201090545301,-198.8429336875981,190.1732098241098,0.1408153628371344,1.671844810785994,61.07439829374268,-236.4659,259.80292,17.91843856349904,18.606115,70.05738625342552,-256.3153978630855,243.2358242781291,0.0154959014137751,0.7783266081036482,70.06486013672853,3793.2725,3987.0437,3898.15009501639,3897.8918,15.54682981619126,-146.8800044360526,124.1117660973514,-0.0672194134405894,-0.5616373677714988,38.53041870126492,-180.8486257149096,188.2397864572267,0.0985721166995922,-0.0488298005685905,47.64440202158696,0.0,290.077120873621,158.8985744723967,159.3396093327142,46.62313245550897,-220.223948648195,140.6438176398493,-57.12601397550313,-58.31626233001825,55.05676318823436,,
665,E665_processed,-16.227905,70.644997,1.916312408738611,0.0,7.303253141814503,-35.24379414061661,34.52845610940819,0.0003799541213406,2.157870020259024e-14,1.895868517619074,-4.431240905755238,4.999754356975506,0.0160721517457951,1.313498404451511e-10,0.121580181386867,-106.50533,59.903221,-17.82845673773079,-18.131401,21.89814829785941,-88.60881002499738,77.89558628352633,-0.005937027259818,-0.3282175338862289,21.89997195227065,-82.43663,56.09478,-17.35538526590245,-17.5964005,20.54491838751815,-65.06296591074378,73.25539264773478,0.0187327244556428,-0.1974444603274436,20.54447195378079,3818.4829,3850.6238,3834.131903055555,3834.5469,4.47598228793284,-47.37321987931932,47.18225700782773,0.0193577103253868,0.1943300654005005,14.0202489590435,-41.13702957356128,38.83984548803895,-0.0248678223552001,-0.0076130213185699,12.76746559458664,-81.53293493112258,33.02232345792396,-26.71663077643521,-26.67453054776234,16.81816286940636,-32.45748221325786,68.79841801912946,18.92930347177351,18.97664606002508,15.8237836383481,0.2216259713934778,0.2177707604372451
743,E743_processed,-16.227905,72.213631,1.946395149271889,0.0,7.336223663145062,-34.47707364538005,36.27797136077816,-0.0001968555172386,-2.85588462804731e-14,1.933727311703404,-4.999897899607947,4.334450672788382,0.0160812460412021,3.5526089002018264e-10,0.0924627996210898,-188.15358,186.36665,-9.44374893764825,-8.94277475,56.41535260786933,-177.6276123613251,195.7882632298218,0.0367198879102615,0.506633694301597,56.42266398165933,-127.06204,158.70105,1.044251868132667,-0.47878656,43.54671018227505,-126.9968435176658,158.4406637896669,-0.0843935006967292,-1.688922749129004,43.59620532887415,3833.4043,3904.8396,3866.646881283333,3866.4431,8.134255164698734,-99.62537677214968,103.4169595047953,0.0099440768789036,-0.3603104230594871,31.92509609345199,-92.53922315738262,131.3437264487063,0.0924447190604388,0.2071358983713918,24.61147326712586,-106.0135443884035,154.184390671336,20.75122643446075,20.57423285881921,41.15732178392538,-215.384278247252,0.0,-117.828806655879,-116.9730508466853,31.48043599061206,0.2272620640069365,0.2272386281870893
867,E867_processed,-16.227905,70.092659,1.895554680267834,0.0,7.244476484301431,-35.22641497571233,33.93509992719465,8.879672441488304e-05,2.0868309123268133e-14,1.898622608608159,-4.999961545226342,4.999978962221495,0.0149823641039808,1.114528557898587e-09,0.1072028535550934,-92.494064,53.310982,-18.67757658506265,-18.7990875,18.27867618591812,-73.57204252699108,71.76257152530496,0.0288876949131581,-0.1132227498002185,18.3101533944826,-82.82074,46.719269,-16.6968862192087,-16.790493,17.12773993841379,-66.10108414799845,63.35841747874112,-0.0319647325202764,-0.1217285010792504,17.14595588521027,3817.7258,3843.6755,3830.784411866667,3831.1343,3.238746761987777,-39.89224998541441,39.52854606463718,-0.0225350624137709,-0.1869537400878434,11.53892460083297,-35.38194826446481,47.62935803561588,0.0296517427000282,0.2592448331389694,10.65501759168169,-47.20919326956854,56.66376866021533,7.555080467841061,7.787840932089061,13.76621643195455,-82.21616465322666,5.694789809693965,-38.0015041510154,-37.94625425296307,12.88640556897494,0.2505553590609996,0.2322144458890394
594,E594_processed,22.369987,23.010708,22.66043727294444,22.657207,0.0941540668167245,-0.3482269002794035,0.3548724577479915,3.7248938723924e-05,0.0006350558642379,0.0896394358079312,-4.988760390096186,4.998817407371422,0.2860897451878185,0.273026772691673,0.5898071222061698,-66.031929,54.830349,-3.639667391299266,-3.4511812,17.33910393704205,-61.26046473110952,58.05968700138247,0.002705520525851,0.2747058084597342,17.32190439437987,-28.388144,68.281876,20.57153870786659,20.7263855,13.90052057803678,-51.39928004140233,44.58505745505909,0.0085965069080869,0.0569990113818541,13.82368319052092,3893.4211,3923.3252,3908.424260261111,3908.6494,3.871404179312898,-43.42112433892116,44.30706540981053,-0.0171616258862537,-0.1379887840074618,11.43613148315253,-51.78135240503095,30.65128393914374,-0.0338784406281613,0.011889345794122,8.580073676000088,-36.06151530407898,57.94443766990677,7.825830182059655,7.950378231188149,13.42704639394804,0.0,68.28567144773974,36.04142913669043,36.06528587394926,10.38749319664281,0.2284114089044517,0.2410764441860421
855,E855_processed,-16.227905,70.888039,1.973172692186278,0.0,7.459809442796497,-35.19465991870742,34.8164710974794,0.000236702702573,2.987641720279948e-15,1.888859261910097,-4.999266698407133,4.999869096387311,0.0149665482294693,3.406331656451674e-10,0.1189120648331593,-138.53339,80.480797,-19.31266102990092,-18.531907,26.29733352694716,-118.7086853707221,99.992824647394,-0.0387460577036358,0.7243811732675485,26.3045330312786,-110.25102,77.7481,-14.45819412765576,-14.162502,26.0881715334387,-95.54017087976956,92.4866553064812,0.0409447897184706,0.3405217726897911,26.10240861879192,3815.8962,3851.5464,3834.913673205556,3835.3345,3.739492302138707,-51.05200045981461,55.31623909114626,0.0486549375986655,-0.139045251656876,13.70968679584361,-66.25615596812264,51.54457173745089,-0.058490631030155,0.0429272619351128,13.59474469007652,-103.4652067281288,25.86810314705209,-38.12401252701282,-38.06826113025895,18.29159302533631,-8.705699059482633,115.1676380953471,54.76275668834205,55.00306364825641,18.2414941593497,0.2427809174058835,0.2388037720671562
1074,E1074_processed,21.486237,23.960743,22.79018062420134,22.789772,0.3442882113662438,-1.253081195586663,1.181285926420386,0.0008191494928262,0.0010270620952158,0.3441953543348241,-4.649375030447839,4.665394863497186,0.2005440175575392,0.1800569254478626,0.2877962712316153,-215.2103,203.52698,-2.393059974876656,-0.080269061,59.62759923221316,-213.4636971174527,206.7309462310961,0.030623917480443,2.231370668781681,59.62180459541194,-179.95485,276.98584,27.13500510787756,27.984768,65.79850866438905,-206.7664648741141,251.5862507031817,0.1829720578643519,0.9815484752456493,65.88543968946011,3838.5083,3967.1165,3908.007307600422,3908.3083,14.52702545103232,-120.5641936024707,109.5039584093632,-0.0698307629769191,-0.3266175828220028,34.9514975068258,-335.049715586784,221.9470974718643,-0.2245305615158498,-1.296272937549205,45.55027861949775,-117.780395057491,166.3233619467329,36.02922918686099,36.42473581812114,43.53179693875246,0.0,465.814917686187,292.3266440927858,291.5768625018285,51.58537296668154,,
800,E800_processed,22.060677,24.071213,23.08141383338889,23.076992,0.2718867515501741,-1.054927785414143,0.995672945515389,-0.0002151779866245,-0.0026592316205355,0.2707098594947555,-4.693619609343855,4.803365499889163,0.1938715976222315,0.1793958910512141,0.2852520396972871,-218.59576,140.90149,-14.08643597671186,-12.4394535,49.69240041996597,-204.5575991997502,155.0864244799649,0.0544050810198816,1.590255996490563,49.70082509897699,-165.8692,181.72772,-13.86190588280486,-14.847256,46.18215079751984,-152.6138388850038,196.3947945784703,0.0053185577308692,-0.8890746553959543,46.18954067831529,3796.2546,3897.292,3841.793324911111,3841.7495,8.516058520810676,-86.84073285847954,95.8676973020663,-0.0432431379544374,-0.5579208767503587,27.90794561589327,-123.6191018586925,86.83401411970493,-0.0772712358730175,-0.3735686909927308,27.11660251996573,-122.2983549767294,102.1437314920112,-13.05858978668006,-12.6047732130878,35.88864629112022,-45.21802654228071,175.8775021362022,71.45089665863047,72.11680290192915,33.87603994923362,0.2333189632676335,0.2277571448027619
576,E576_processed,21.484592,23.318924,21.89121213555556,21.883923,0.0898997530065035,-0.3793813397100314,1.364034304607886,-8.851798013071158e-05,-0.000606148174743,0.0887423144157811,-4.994520942462466,4.876201523699567,0.3105726532538947,0.2874285940637956,0.5527328265215452,-84.41404,59.706837,-14.3344203192068,-14.032928,20.31741561034517,-69.99806509914927,74.07550685024455,0.0309195065221375,0.2672027747954993,20.32275480078487,-98.310379,46.736401,-21.52695833500729,-21.204292,19.1840921596525,-76.85507959406712,68.41776327893092,-0.0190676364761322,0.3150953825804191,19.18376711310701,3816.6853,3848.8257,3833.0804304,3832.7556,4.354897026747472,-47.06807332747312,41.59356303517124,-0.0036716484549024,-0.0773744028961176,11.05516097175215,-36.81463946733681,67.72843314017673,0.0501025068744129,-0.0305100391087718,10.56805427299255,-59.91714292979715,54.87633214795645,2.749184764801605,2.831516322965324,14.55200696597873,-84.57141717586134,14.73375149272201,-33.6766640618505,-33.69542850087359,13.72718509569403,0.2366312269960297,0.2344125568921983
687,E687_processed,-16.227905,71.705467,1.921837671262111,0.0,7.297467043444861,-34.40961974889853,35.26868110145418,0.0003744538088687,1.401671199603274e-14,1.907256658455849,-4.999863955421221,1.317763816984598,0.012758255099576,1.03109342033472e-10,0.0909052362775593,-72.190948,59.396606,-10.86976432454691,-10.9452215,16.329976754869,-61.81961351223076,69.9987504771633,0.0045477045150509,-0.1110216815222849,16.31630505219603,-42.759808,64.177864,6.265936573024372,6.01263595,15.01213167990329,-49.92017462750974,59.06101778028069,-0.013348759541251,-0.3336424276031091,14.97410020744448,3864.896,3893.9824,3879.505024488888,3879.491,3.826969219429185,-44.93303238265079,48.27392936342448,-0.0214854019307577,-0.0830121249447453,12.72963130753518,-34.54087390101299,35.19874570444842,0.0187946707415174,0.1141273560705139,10.23293741208694,-35.16951609329099,59.91873727847662,13.4118548225114,13.613591515614,13.49647198798809,-60.74160828465467,14.37457369721067,-23.87553989486755,-23.87664640963308,11.74179484151162,0.2243493027911884,0.2216913594883485
616,E616_processed,21.773468,22.502563,22.0913037865,22.082779,0.098772060348084,-0.3108294205138133,0.363107868488638,0.0001372658765955,-0.0004004681475412,0.0956565568182663,-4.876721910412178,4.814847695116259,0.2332714312208115,0.2206798372738157,0.4332869354885686,-106.49507,74.597092,-21.39074707754022,-21.309654,26.09739363598402,-85.23460694874754,96.27341231938313,0.0393199791645965,0.1028505410425563,26.10607790369066,-100.29835,46.049603,-25.33948983713776,-25.296368,22.02311633295725,-74.86914502431105,73.7659785761194,0.0135061489067399,0.0728364906848412,22.01772624647973,3798.0488,3835.5061,3816.949408788889,3816.9146,5.054325924679342,-58.32468127239418,58.51804526063027,-0.0256470685035403,0.0951091526101008,15.6337261407666,-77.5603518353816,42.08196093498207,-0.0241302989173693,0.066052557306938,13.14051589953398,0.0,125.2258533904284,64.47190379365613,64.62609271323682,19.47908605989781,-27.95669757841125,103.7947014248406,25.80916966840044,25.89383588154372,16.5854675398635,0.2267157001735435,0.2211634225051411
774,E774_processed,19.959679,24.75238,21.78814835972662,21.792076,0.4954037881536865,-2.535783280360087,2.827553503621832,-0.0016786378148622,0.0064302778199457,0.496757671323617,-4.619683123965955,4.354854882075203,0.1816908331404871,0.164795252872665,0.2000810541395077,-308.51462,333.7157,-13.96623950824199,-12.758881,82.45096369111614,-293.4111171113499,352.0906675486095,0.0448652941304315,1.018429189153622,82.41830181648862,-287.35281,321.39554,-22.22964834477857,-25.422205,69.66256752703056,-263.9236040480555,346.7045461584589,0.0684959896926909,-3.15733937808366,69.66408147737704,3692.5872,3919.3564,3829.778795471468,3829.1846,15.93867729167667,-189.677031562748,176.7050383578084,0.0271728367145359,-0.8032252896557317,52.34119634625272,-154.0364778662248,156.3046212822767,-0.0937825594139391,-0.458742438449768,43.60616276729135,-161.223141505055,250.5631592347851,56.21625353647767,56.08661708998822,62.63591068828703,-91.6040591880148,260.530298693832,90.7814931740448,92.00534046246642,52.1373346946769,0.2317376983406181,0.2303739284517032
1060,E1060_processed,20.867611,24.932869,22.27563261258959,22.281612,0.3792310062863059,-1.397267287093104,2.584898190371081,0.0005932056745816,0.0027754561360543,0.3784928876677904,-4.786491632523921,4.980726634081782,0.1882875735613486,0.170297752346613,0.2283546725189107,-223.1031,181.97069,-14.01673705857435,-13.706619,60.13702698846877,-208.4145582420862,196.6338945094678,0.0289520368315894,0.3905171210912819,60.1261454188721,-238.5731,195.44244,-14.56136010231906,-15.235435,64.65405680066277,-223.7774228680561,209.6333686764308,0.0163907802264351,-0.6681232560285704,64.65628997916576,3763.1792,3896.2214,3834.554475854214,3834.6177,14.69151489449452,-109.8247380820033,113.454446610991,-0.0559556928071273,-0.0171857332481941,36.50101021794852,-143.6533467944268,163.9338710763449,-0.0062583423737256,-0.4247952352564166,47.8606442211129,-144.7188124337868,131.0229737285582,-4.121705568399944,-3.254384838527415,44.41661783476684,-206.3687381189075,136.9035433661637,-34.96723720069467,-35.6932020224398,52.90801119246753,,
587,E587_processed,0.0,22.185265,0.0012325147222222,0.0,0.1653592021294896,-22.43441347070392,4.09958990163045,-0.0151709329875441,-6.60590359139288e-18,0.6268320190831387,-4.999999998465664,1.044643709101736,0.0005519105286457,3.533949646070574e-16,0.0406231413749669,-69.626068,56.062546,-11.71916299102652,-11.561271,16.45439556625176,-57.8470310897964,67.81644610769047,0.0298166167674173,0.1905061419065033,16.47654643430752,-75.998711,51.328693,-12.92032167135712,-13.0073205,14.63526133157122,-63.2091961241191,64.01921775213384,-0.016003046060453,-0.0663286981460895,14.57941389266733,3832.7556,3872.0386,3852.820985616666,3852.3972,4.377109334061744,-33.64632946216717,33.20626470905863,-0.022023675683234,-0.0582333161711239,9.242513302314531,-33.52147734635029,42.10261161753779,0.033599467020489,-0.0389229677794049,7.88743593221155,-19.84353899492883,60.3317045982715,21.41646956176529,21.25564811495766,11.76138725198176,-58.22705951623749,26.21567768524318,-16.32386926841972,-16.28389401573653,10.22666729290675,0.2550138365668225,0.2561471307621354
1066,E1066_processed,20.757141,25.993374,22.26166278132815,22.259518,0.3890536763125419,-1.497046077697031,3.528283083855604,-6.985815290578654e-05,0.006743984407076,0.3877329325726342,-4.946498207967354,4.723962688996338,0.1984282893212841,0.1815329661055301,0.2414701356792922,-249.35834,232.64603,-12.8511778908948,-12.479156,71.6366256379277,-235.8543014865928,245.3380523890248,-0.0619840640825074,0.4320160214205373,71.76122210988568,-283.06396,272.87793,-11.34181501873792,-12.476713,80.48855068152521,-272.0136756861418,285.0781914737054,0.0782324119851143,-0.8815874317841121,80.56595918135565,3755.9756,3923.8203,3844.751867163101,3845.2546,18.38233913437172,-128.5124832039621,166.5015008719263,0.0331228024704022,-0.4648980165255043,43.29586592676214,-252.1118748446652,172.0905191792891,-0.1383085721399218,-0.0361033490412725,54.55214279388817,-123.306931686345,280.7667646193736,47.78051699525389,47.81874180276644,54.0100468158432,0.0,404.2577874311744,197.5706920746433,196.3818619810714,63.59135996073835,,
951,E951_processed,-16.227905,69.540306,1.963132697666148,0.0,7.419842444120119,-35.05179726855692,33.51866087715364,0.0003623400340793,3.2315860741646074e-14,1.902918930767633,-4.99999118359629,1.680645644868274,0.015016958923517,9.029948135639532e-11,0.0775818019595152,-235.83188,237.15828,-14.05304989676929,-12.965538,66.16699514761795,-219.823130419029,250.2296023521275,0.1088863610023997,1.188255513320703,66.19824116039952,-245.0013,249.82626,-13.40364260761881,-12.74469,77.24464360928117,-231.0048237249796,261.8505116293423,0.0922906034232729,0.789417741797731,77.30795137640683,3739.9861,3916.7205,3836.697608017112,3836.3928,18.02545206583216,-158.1344190290376,141.5352180301498,-0.1387568965385811,-0.9017742315256534,42.85901591458466,-191.1762559772494,188.0380332915224,-0.1159107451585487,-1.299629261204888,52.80447231587111,-0.422115090527905,306.1359325651469,162.1438272406656,162.6231989219024,51.00251777029989,-179.9618565941317,280.320955394958,74.35003856586872,72.96329237103969,61.39329515126927,,
574,E574_processed,0.0,0.0,0.0,0.0,0.0,0.0,0.0,0.0,0.0,0.0,0.0,0.0,0.0,0.0,0.0,-99.81147,66.753738,-13.9031393432376,-13.6005165,21.16276320360966,-85.62493023310361,80.89802429967696,0.0186450349361683,0.3142908137245888,21.17234567282771,-95.323853,49.690948,-21.23434630435803,-21.176383,19.28297698041969,-74.15131424825854,70.72563886181356,0.0165159066808326,0.0736538356155613,19.28645365684794,3813.1143,3855.0754,3833.835780005556,3833.6484,4.595895730703374,-55.95641874867368,40.80638358382708,-0.0406918058747257,-0.0291008905173306,11.41645160077416,-37.1472457166806,36.18494948544807,-0.021039129759755,-0.0901286799803302,10.41948382261174,-3.480179832525649,103.4242930344721,46.57030244420437,46.7651124619661,14.98835214891475,-21.71116791084002,75.6464412412613,26.72975581116868,26.85463713220352,13.8013804748168,0.2438656047528445,0.2366691500322404
818,E818_processed,21.264881,23.694923,21.92289189783333,21.927074,0.1900533891102155,-0.6843725898181088,1.711915847047159,-0.0002774252753441,0.0021779157286134,0.1873843747834773,-4.903094018886675,4.864661546964085,0.1983302700653853,0.1808620332338494,0.3069150164456451,-146.51486,112.76678,-15.40218904474768,-15.02459,36.08877319415922,-131.0204687178663,127.9787039002662,-0.0429702714661281,0.2803102488437059,36.09926201209677,-144.31479,92.770317,-18.57841520593732,-19.1629915,33.49749049407851,-125.340498002815,111.5480136864609,-0.0352566937841388,-0.7060995195130457,33.50833982754659,3813.1143,3855.9683,3834.165004772223,3834.5413,5.781155117470741,-71.78039476788933,89.21634461262491,0.0723847013658454,-0.0340356900277591,21.26888206019545,-70.52029869345627,73.12099072877808,0.0323800948041388,0.030726937706837,21.82048393338523,-148.9541214235567,30.92717988116053,-60.0342432127209,-60.04950844300838,26.72828064647733,-121.3027314050796,50.02152502449236,-33.82991040938339,-33.49393322656971,26.16677243788974,0.23064923366348,0.2127877119712359
779,E779_processed,-16.227913,71.658798,1.891075444124444,0.0,7.197576190267278,-35.12971102085724,35.71410597785929,-0.0006241043131535,4.1474515650821436e-14,1.931693958613377,-4.999992652251979,2.730134346872047,0.0138989591021983,5.965307002567129e-11,0.0758054249951209,-348.83636,250.68471,-13.88681945019508,-10.701871,79.51907638959433,-334.7300977048909,265.2311140244937,0.1775931909113367,3.258001325761231,79.64765139904287,-230.79361,325.41632,-16.23906695735539,-20.5715645,68.4985802507308,-214.4989048804088,346.4128113659011,0.0891974073711034,-4.394114554492822,68.50674055243334,3750.6189,3938.1052,3838.379913091798,3838.1123,15.10506263823502,-315.0433522084368,206.9893170669373,-0.2087655880798558,-1.386603576156652,52.66334228160417,-140.8591339896682,139.9687808157087,-0.1273656114276135,0.2451574689807537,41.83955954169042,0.0,451.5513707511703,274.2053413202524,274.164166575237,61.24532042135112,-46.01425327685878,307.1547152091347,125.1059356480751,125.3965295921578,50.83390858054305,0.2261535993475919,0.2295447468240613
631,E631_processed,-16.227907,69.512344,1.882867836973616,0.0,7.157554591124422,-34.92233559644178,33.51187541923009,0.0002406598753309,1.519812160689776e-14,1.940259277442421,-4.999715220107763,3.200117959423904,0.0150554165318373,1.6712189234253587e-10,0.1158408648068227,-110.00893,60.191051,-16.76885590956126,-16.8199895,24.17563257845415,-93.17067040958428,76.99750904747653,-0.0129939461908102,-0.0753265785485954,24.17639469532844,-109.116,80.627586,-19.51019322591946,-19.479352,21.88441999737314,-89.62722052618406,100.3561308603007,0.0096247829436289,0.0624683930349215,21.88586300596561,3812.2214,3855.0754,3831.1360721,3830.9702,4.385134077420741,-49.7485438511513,49.8873855581345,0.023379290390804,-0.3711952655022825,15.29443429340825,-52.96051361414449,47.38080834404985,-0.0040443090433781,-0.0370918044700951,12.81202076793316,-86.89569087007172,30.42952010331531,-27.83666414086185,-27.84256828895214,18.43693633130998,-66.39788117643076,67.94913481620948,3.205589907636175,3.330339204229147,16.2579008587145,0.2211443306388794,0.226647378495418
681,E681_processed,-16.227905,70.35778,1.8821179427165,0.0,7.179284865993358,-35.11225855729026,34.4179424588291,0.0001033586832092,-3.605031091686013e-14,1.92794041443788,-4.999990137694478,3.382646027591655,0.0132919957029307,1.021187052686854e-09,0.0851154824055842,-87.446602,48.165173,-16.59795007021734,-16.566882,17.56191879605828,-70.8164789279586,64.91033425768867,0.0132471939353244,0.034272890284938,17.59402751576836,-69.039848,41.816277,-17.44602060712892,-17.572539,15.85902081481842,-51.60040301053871,59.27958145796274,-0.0066910192542046,-0.1415829963030263,15.87005930603342,3823.8276,3850.6116,3835.702409566667,3835.4341,3.608502329505892,-57.81132386338789,49.15330009487802,-0.0170115821952551,0.0540471386410077,12.92308530256625,-35.53177702746856,31.4065365587523,-0.0010923840613968,0.0769284071148606,10.19430378302436,-10.26051628951847,103.0185979991889,47.97350274551855,48.01961219276084,14.10800036569879,-25.26653537418595,54.43483535351902,15.2282843551918,15.29956893400154,12.15082681987637,0.2349917857635505,0.2277529139232254
1033,E1033_processed,-16.227905,72.103157,1.921558547030227,0.0,7.263351076509812,-34.35861319085211,36.13508684527278,0.000273113278459,-3.9613642308044815e-14,1.939134578342182,-4.999999884304657,4.999999982166271,0.0144292791605452,1.9975579695421e-10,0.3576625342784145,-240.45058,261.42432,-2.952378038572879,-1.3534238,71.05622287914807,-229.5975638410091,270.864544905202,-0.0486869131729734,1.572733030919692,71.05503824780757,-269.79556,280.52237,15.99227215656569,15.324807,77.04715120597317,-285.4025962306812,268.7471046071897,-0.2038074505484767,-0.7969828332473339,77.20910873699835,3795.3613,3994.5305,3888.761282263711,3888.3005,18.87106644247776,-142.8601245424175,151.7507172550818,0.0803944208740612,0.1130319781254627,43.07740428469,-180.3236222481067,362.8379999404193,0.182274479552825,-0.3587142543951032,54.28138062158502,-290.9483004572772,26.76411583475068,-126.0051172341414,-125.6155722581186,52.86925915827905,-558.4322519144313,0.0,-362.6273286902565,-363.7563775502086,61.81343380503885,,
849,E849_processed,-16.227905,71.241539,1.961534151672055,0.0,7.372696935942701,-34.95089329169138,35.52384697819276,0.0005510726011816,2.7275775560575463e-14,1.930157685446895,-4.999621123570585,4.298880861622201,0.0139823587924339,6.65230681376325e-11,0.1020259516622405,-128.31723,75.824646,-14.0463800936331,-13.359165,27.47122742547391,-114.1504201572826,90.43834805062195,0.0760574532752127,0.7233101011503592,27.52711651819769,-99.951973,96.941948,-4.896031784516307,-4.6421161,27.51644852753524,-117.1245400533186,101.3323350660536,-0.1199180505190447,0.0332585959221523,27.61085515005483,3834.5527,3876.7078,3855.821880233334,3855.437,4.614403326921466,-121.5804042525753,67.03190429771583,-0.0928300377232693,-0.0732910116093492,16.29061969986423,-106.3502485337113,146.6235426515038,0.1313667288748395,-0.0685408282323121,17.01058306785634,0.0,166.8678006234613,97.2907451981072,97.29970399236564,20.18612588097439,-213.9340995214203,0.0,-111.5077995674624,-111.3213172652873,20.79298048413685,0.2255985550818009,0.2211027316854758
600,E600_processed,22.61554,23.367764,23.02668615244444,23.034138,0.1016650860256226,-0.3922631713506196,0.3410494850291937,-3.239492917228574e-05,-2.197798565173022e-05,0.1005966171434199,-4.87053895782075,4.905697442245467,0.2460269463836256,0.2282127053706902,0.4788213621814318,-88.088943,95.567192,-3.303621402010776,-3.1444247,22.19605948847726,-83.40782536298782,100.1525769087342,0.0034618085196707,0.0950323595231816,22.18908955425782,-41.8167,92.669029,25.3322380703724,25.278163,18.90019824582165,-65.48044862109657,69.05802373400611,0.0207015638417649,-0.0212642144041282,18.82610941136957,3891.9614,3931.2351,3913.163354866667,3913.3271,5.351873889561289,-55.48936157122155,55.55303904635065,0.025250574182568,0.2054648419620264,14.00766362372915,-38.36598755352927,40.98689629998151,-0.0065634578438629,0.0233823496360012,10.81947021276009,-93.86527204832323,37.14604271888955,-24.68713546986174,-24.58687315622819,16.9661524216,-19.11627099260513,85.86236699287484,34.95321846738242,35.03542610875044,13.91300384778174,0.2227239801195646,0.2266982506577314
780,E780_processed,20.284744,23.512585,21.99597321844444,22.00824,0.4615483082920213,-1.716752155665509,1.468548038144883,0.0002668604775624,0.0073273368816593,0.4609136011888424,-4.706895690923866,4.608481252698386,0.1777633949618524,0.1623855536177718,0.2065638986411319,-300.02582,238.48206,-13.35502944875191,-10.9152495,74.8174961798049,-288.4202959031012,252.4279694227417,0.2104428932624457,2.429607629043194,74.96004093767543,-240.97963,275.82654,-11.57823611558231,-14.796217,62.60867302553385,-229.2722196309689,289.4783984652512,-0.0353310549687424,-3.393490791362778,62.6011005214448,3753.2971,3937.2124,3848.191437683334,3848.8257,14.59213568054931,-264.4037582891438,205.7021727227147,-0.2311740301052469,-1.165962334992172,50.40860144675995,-137.2856250648221,129.4482677468533,0.0167555479405371,0.96973309485392,38.29996887195421,0.0,394.8151855980827,230.639645470968,231.1639528091853,58.40895690676612,-146.9038290334981,189.736841346621,29.63003385088275,29.51411509966447,46.75199017411327,0.2199608838114132,0.2205387175021211
957,E957_processed,-16.227907,69.644424,1.948056015415468,0.0,7.39471824083808,-35.10110966261259,33.14463051137899,-9.888693180202896e-05,2.345038112938499e-14,1.895784885010424,-4.999999980383809,4.999999838765985,0.0161445468492131,6.378977012337566e-10,0.4738765717314807,-251.21524,222.83084,-13.59985070790404,-12.117274,64.97939216350828,-236.9217164041125,236.432689876139,-0.0201223756044315,1.413230761110913,65.01288112050939,-296.46658,251.4337,-12.41702094639838,-11.837484,74.09543515005483,-284.979853684373,263.7453955225552,-0.0159478412645628,0.524048901664497,74.08373208570761,3740.7979,3919.3564,3837.871643730207,3838.1123,17.00947313364986,-123.9586157025893,136.4861637446126,0.0835576081878397,-0.6473506482426608,40.777350646282,-161.9082487365848,152.5246559824326,0.0028868020423918,-0.5568445772902848,48.38773436486959,-263.7294335387704,51.91280856672228,-92.9317909698388,-92.52995881722453,49.32039043628065,-190.3393606418245,169.9067528649654,-25.94648598883152,-26.53292839997797,57.384092702015,,
597,E597_processed,-16.227905,71.510445,1.9586441242225,0.0,7.38436290848558,-34.22540814108773,35.28446821025423,0.000322908840433,-4.400767641790046e-14,1.914581625009234,-4.999901358487087,3.767210215968764,0.0140130892977264,1.480018111774356e-10,0.1193170556514672,-75.089386,87.116455,1.660189164953301,1.72057035,21.59381160521892,-75.89786812967819,86.10021944733825,0.0393184875656217,0.0465512913478479,21.605228724915,-42.347557,106.23187,32.81093766827355,32.696337,18.17308338918986,-74.17655523002091,74.3713937383169,0.0170309600598667,-0.0441224407307874,18.15901882691336,3902.5828,3940.2424,3922.008438811111,3922.2393,4.694620248538897,-61.53137974812814,47.21898349650643,-0.0383880810646618,-0.2333866081906821,14.60915836823977,-46.81031061756515,39.15440947797827,-0.028350858472279,-0.0423525249707088,11.47803727950964,-1.651906880978234,118.6245691564087,58.31132736239789,58.45718617076683,17.10136644484955,-19.65993041236504,85.2903890867572,31.98990484212261,31.97423100249472,13.98844871261055,0.2188905621726886,0.2199871926348372
578,E578_processed,0.0,21.835831,0.0012131017222222,0.0,0.1627546748706574,-22.08105520174396,4.035018389935624,-0.0149319797999562,1.01494401598229e-18,0.6169589605562551,-0.41836066666563,4.999999999346219,0.0011074660842013,3.533949646070574e-16,0.0406117924809651,-82.527298,54.52174,-14.5715036695152,-14.335638,20.70854963337167,-68.11517106233649,69.10735117884772,0.0246475617555476,0.2458525725659165,20.73085533933413,-111.85287,69.95507,-21.87307717187312,-21.714201,19.00957703106036,-93.30352131880306,86.61790779240899,0.0646579456144424,0.1849954496182716,19.0863303419422,3811.3286,3855.9683,3831.962255088889,3831.8628,4.412557868382444,-63.24352767777534,56.47249004889107,-0.0306040731424079,-0.1109126901468835,11.61054325295709,-124.3268792329981,96.6868946550951,-0.0833917217615,-0.0940624994575527,11.29067433942737,0.0,113.6805371458091,65.89197114453621,65.8360571412135,14.9793622244516,0.0,178.8393502431528,93.31912272168957,93.3460850933038,13.78716182599771,0.2327821245808574,0.2338711790560287
752,E752_processed,22.303707,23.894463,23.07854411522222,23.076992,0.2155111868180619,-0.7812868753120055,0.7941793214450167,-0.0005388264124468,0.0027023998252549,0.2151318655491052,-4.963671996578216,4.661102100599358,0.2421756807633384,0.2181863824325302,0.3462775695602096,-194.84222,150.28786,-13.43445962930656,-11.867049,51.72481234935379,-180.7450697368029,163.9972128657291,0.0629551795243322,1.548442968418077,51.79946340870959,-150.19699,145.30455,-14.16353791271172,-15.203157,45.98683635847443,-135.466611840465,159.9156884989442,-0.0376592566167191,-1.211574770050073,45.9897677314663,3795.3284,3898.8943,3842.11088005,3841.8225,8.940429480113409,-98.82464733343032,98.39697022258446,-0.0235729927522494,-0.436231908566965,29.0515136847455,-81.44963288263048,75.75327338931544,0.0407375428181029,-0.0040247015372214,25.80342602955461,-124.2991788708347,129.066300076192,4.694673577864863,4.945007944302106,37.67284168436755,-120.1552432775044,83.12443849769016,-16.91499295116384,-16.52155598292975,33.61533923676687,0.2322123309568842,0.2249912054527421
1054,E1054_processed,21.022266,23.761898,22.44735708105555,22.458363,0.3585737246443356,-1.441244972722503,1.288551521341201,-0.0005724647943404,-0.0019990938889334,0.3578336180861453,-4.985921211478599,4.900737614283901,0.1855226236532994,0.1697620886187898,0.2652454174085128,-200.81689,160.57112,-14.73863466253741,-13.2766615,59.23927327165819,-186.4391273577917,175.7030174911812,0.1158322728497646,1.509101092948164,59.29616307228785,-247.95377,213.64233,-15.02798084689503,-13.8422965,68.58773733515386,-234.128346490368,228.3387122086843,-0.1362350362495905,0.980633853073632,68.67563168493818,3741.7625,3912.3459,3835.20670288889,3835.5073,15.27314265303581,-146.7982415144602,110.5919696105132,-0.0961140564797746,-0.8252510646322092,37.76870708723387,-180.223938999798,251.8064072419246,0.2032241579191912,-0.5139168193400652,49.41259698389307,0.0,282.2841756946782,162.3037016813591,162.1899619834275,45.10709416314831,-393.8431051931018,0.0,-232.4771063572191,-232.5659680491967,55.3568287802163,,
679,E679_processed,-16.227905,69.717056,1.887640795572278,0.0,7.23199466490528,-35.20753163072386,33.56570426858156,0.0001621827218429,6.402922695752578e-14,1.898495472931536,-3.350356873806137,4.999941783000279,0.0155174567982191,3.899444854265777e-10,0.0980247189076367,-85.825249,48.829151,-16.85080072054604,-16.7861575,18.23487060236432,-68.97045149881713,65.54057231317965,-0.0103122289106697,0.0106466647818398,18.23634748971766,-72.183731,35.850258,-18.1853467477281,-18.55886,15.74568167497432,-53.99672150269838,54.02664355355037,-0.02381711306413,-0.4278880640611636,15.7555590496792,3821.1492,3847.0403,3833.769426194444,3833.6484,3.566506730502482,-50.6122961169344,54.01309144435722,0.0206263180821563,-0.0441276647212749,13.08450501668088,-37.70960813416284,35.51084272280124,0.0138306781395588,0.0358233844332476,10.49239200069546,-76.45452068295334,37.96221041079559,-20.69127298049941,-20.70418191226292,14.58141501529519,-62.71707470168568,19.46228144671242,-21.69473027563677,-21.77652798943951,12.33730475519753,0.229433131573504,0.2186490299293181
608,E608_processed,22.303719,23.209564,22.79218220644444,22.789783,0.1116341458271204,-0.4612622918522927,0.4213806462195251,-0.0001513427324276,0.0013239318202146,0.1094683086175309,-4.95146002052918,4.979938957217017,0.2582392502581269,0.2291499183873801,0.5098252979862405,-101.17512,69.942947,-15.44968304069533,-14.9080315,23.16521517666175,-85.59616964221993,85.76592260503361,-0.0632696337218147,0.4718445133893068,23.21916079224563,-88.52562,67.4226,-12.17913105426346,-12.3023385,20.67529733090393,-75.97335403481296,80.29372248079223,-0.0305779990620416,-0.2171156143699624,20.67230376201018,3826.3481,3864.7456,3844.503806572222,3844.3738,4.374111917992448,-84.29115699404207,127.7829817022327,0.091891002885741,-0.095934895030215,15.11696046232782,-52.97492345204914,74.88075796918201,0.0588914731481599,-0.0801877464830949,11.84525827713399,-189.7165822747559,0.0,-125.3158846521929,-125.3532799820761,17.54589481352725,-71.6013540135326,42.25802240510034,-12.19124197273412,-12.14815194220068,15.13585552951548,0.2316509353052216,0.235576404984424
728,E728_processed,20.646603,22.833904,21.83374234877778,21.839462,0.2687164919200232,-1.206028059323545,0.9900893237478376,0.0005227511466353,-0.0008667757955797,0.2684443462525996,-4.24137714963376,4.725103904590355,0.2005307146396006,0.1832542617437419,0.2674529752262418,-198.29823,155.26428,-15.30296008993365,-15.3931865,51.45252877720809,-182.7871313748367,170.4592189387724,-0.0015907714593979,-0.1710610853844341,51.54885214296275,-154.82431,168.66338,-17.72033015275238,-19.2839785,46.7497564156068,-136.7608605434992,187.1023027927675,-0.0005765338962089,-1.764244768225507,46.78804262199313,3798.8296,3875.6096,3835.786396805556,3835.4341,8.907908628495237,-207.9025908820861,115.8954628312201,-0.1268848256078226,0.2712031901640437,32.33055769475143,-100.3228405714527,88.85404731226278,0.0479901923438032,-0.2168787445971549,29.94712932322356,-7.529229863557347,247.0075858745111,119.7209727847073,119.6229291353403,39.39055066839715,-187.3359763908175,37.65874636547528,-76.0926198232702,-75.38283026225652,36.13364707059674,0.2188475518755592,0.215526537100382
1070,E1070_processed,21.154827,23.695618,22.48687431344444,22.480457,0.3896165741658692,-1.336667082855993,1.198326967308676,0.0002880993884483,-0.0007144258570323,0.3883970129192635,-4.939294151394872,4.954577433086449,0.1938900946100429,0.1728962047586951,0.2434159309406746,-263.16672,217.00642,-7.650672353962123,-6.22786905,66.02703858791779,-253.9925566153314,225.4009839787441,-0.1140495903849694,1.285272262377193,66.05759100616847,-210.99133,243.69765,6.779522285385772,7.1293693,71.61731783095829,-218.4690353134205,237.1243407209976,0.0250148369506736,0.184978704528191,71.58926206201401,3783.176,3952.9976,3878.835186427778,3878.8696,15.91859925959477,-112.0907927969602,113.2552823356398,0.0323661178542142,-0.7550813690907656,39.63149573246769,-178.9671462088457,160.2944936987792,-0.0987556206475018,-0.3555030794624372,51.25806846704172,-283.1610818742995,5.039616688194876,-132.3933333229551,-132.7378845296056,49.26191891853888,-129.7131016251763,211.8923764095618,36.96187716072442,37.14719845247711,57.93467836597769,,
689,E689_processed,-16.227905,71.595009,1.918365457693889,0.0,7.255228859302982,-34.2522076016919,35.42366212550671,0.0003744927581923,4.915833887326402e-14,1.934677787135576,-4.999830501941814,3.258941519197315,0.0153164889760261,9.506041831958159e-11,0.1083386220147739,-64.566101,55.066021,-10.1007698822077,-10.1047135,15.74969412599731,-54.29654189914709,65.28376244230674,-0.0165744042803877,-0.0253067602811948,15.76155159976007,-38.892982,65.13781,10.66229351710107,10.400264,14.09679461743586,-48.86435010130815,53.67362211678079,-0.0118321167933149,-0.3360977640604578,14.08868589759045,3870.9446,3896.8403,3883.227005194445,3883.4075,3.140085603023508,-57.17045253468145,40.90978811879313,0.0284189684383401,0.0641208213490083,11.79053991785701,-39.66699688996677,29.88246448362315,0.015048967100931,0.1026052418887589,9.267445441225608,-91.96223196351968,3.691147485810524,-41.01718001187583,-41.28229715915223,12.72904565842399,-63.07890645575747,8.233002301477635,-27.00732557867412,-26.72972046960706,10.80558702996796,0.2366413744164204,0.2372164282835353
685,E685_processed,-16.227907,72.12323,1.897396307782111,0.0,7.195232055164674,-34.23897041910151,36.09503946662515,-0.0001280922355002,-3.5431290199308764e-14,1.936676417485792,-4.999616748612389,4.998705717558971,0.0166352209145593,6.907599336195388e-10,0.121200583436672,-73.538559,53.990505,-12.38727070104176,-12.524823,16.62706658539538,-61.07385228785682,66.14372052527477,-0.0368507098787266,-0.195174335758213,16.65044691531606,-63.182201,50.927502,-1.925790614097095,-1.86072975,15.39433963290208,-59.47714721854642,52.35305108600214,0.0129663705721273,-0.052472012365424,15.36609340679146,3852.3972,3882.752,3867.181377983333,3867.5745,3.961371160168265,-53.92409370862926,75.29090743643216,0.0441586714566565,-0.0796209775694838,12.96586444672528,-32.69868149957524,36.49658404886953,-0.0141918948797255,-0.0603667927609091,10.234510749231,-117.419227013662,0.0,-60.32309830244881,-60.15051835728539,13.72625104945218,-51.80087235058725,32.84149073347968,-9.71919898563651,-9.551444588375787,12.00458867619274,0.2266681490286725,0.2272118171102538
846,E846_processed,22.259533,23.275845,22.8429771385,22.856064,0.1347359412565236,-0.5762127024954884,0.4413070097372893,3.701598593892401e-05,0.0006087413627076,0.131079171259984,-4.658958467250245,4.983702926989919,0.1971819988551897,0.1779122311597961,0.3722271086966961,-102.26785,74.093636,-9.921171278882394,-9.3680944,25.64695853259712,-91.90439482420564,84.23222079749627,-0.0004406994366315,0.5786880290875556,25.66676120976313,-81.428833,89.657684,6.024127529837484,5.91196275,25.67279490802365,-87.82482951142181,82.57732006822621,0.0396850704748161,-0.1492964561492148,25.68750036953984,3858.7202,3897.2361,3876.328339794445,3876.447,4.522631355453015,-54.76626150318677,46.11349540619315,-0.0300117248245681,-0.235356764595568,14.64597135571077,-54.75509839490682,49.25787798495501,-0.0368877798909768,0.1412037936806967,14.94664648395054,-13.79749122010533,106.1504601979942,45.99939294479126,46.05787608883116,18.69337403070532,-49.1890716314735,71.9349615872053,11.08075227079537,11.29995302137012,19.08444639033074,0.2283120802610614,0.2272033488031924
746,E746_processed,21.950207,24.999153,22.97928767222222,22.988613,0.2409676783536812,-1.012021968187531,1.920576456579444,0.0001374186550692,0.0053872219512009,0.2400268739129222,-4.607674686366181,4.913994570621755,0.2222247056292068,0.2035400981841544,0.2913904460956187,-202.1736,201.90829,-10.61388069503423,-9.6008811,55.68645225167554,-191.3278795165826,212.2389575047148,0.0221880567275161,0.9723412400207858,55.77983854820619,-147.91963,170.79507,-3.815323427656017,-6.162259799999999,47.70191584527048,-143.2262052242624,174.3275730371911,0.0381564142119535,-2.402483003369464,47.78502897633032,3819.1169,3908.4111,3858.711594761112,3858.4065,8.934269027367618,-99.4927663823662,97.61878019962444,0.0292210305136312,-0.2571555957403091,31.25584868025774,-153.700813991531,99.26553008228473,-0.0728506410351684,0.3704282602704572,27.87252812355839,-218.644003493842,41.55895831637356,-91.6548166039094,-91.6723004464294,40.54206354599727,0.0,268.5690699943847,151.3446965733743,152.0619590470296,35.27218361565475,0.2288750936696378,0.2255505948954262
782,E782_processed,20.464401,23.444904,22.12235342802378,22.141624,0.4507061288730914,-1.645115296077212,1.347501579995835,9.727831593731654e-05,0.0079197618156609,0.4498760870166502,-4.381532270935396,4.878385102285872,0.176674137926913,0.1601049218422602,0.2143091840990039,-282.25241,231.5849,-10.05325227122135,-7.4297972,69.00869356738094,-271.4415794414929,240.5763078928461,0.0528774713566305,2.537164918086098,69.09855354757939,-202.64806,251.4337,-3.808305105470704,-7.4198956,62.03593993959704,-220.9200792536335,260.352787608187,-0.0445175818660532,-3.764992387161437,62.19533681878548,3797.0439,3952.3896,3862.051229462749,3861.325,13.1637668456343,-171.8898694259813,168.5452556711179,0.0833624034836517,-0.7587184961160744,45.93948693594601,-131.1932730919143,145.8138750526733,-0.0310864678730412,0.2713790011566708,38.37008255647148,-272.7127440417166,99.04062860217032,-90.23453815593342,-88.99523925348815,53.81066169370148,-78.82293952178372,322.5764951514176,100.7381122338239,101.1061534047506,46.86498188357704,0.2194257897188997,0.2211051832086712
941,E941_processed,-16.227905,70.998497,1.934743457317828,0.0,7.334973087057471,-35.18617434796636,34.97412296410289,0.0006550315361424,3.127153895451129e-14,1.908295609710607,-4.999946387850963,4.284113131952436,0.0144234473508029,6.304566168589903e-11,0.077171060727926,-295.80106,287.57416,-11.66531096930516,-14.3502255,81.07571440236866,-282.3665926085869,298.0076941571333,0.0631650805457733,-2.691444172639105,81.08632647209734,-329.45758,354.65613,-7.211251239111037,-7.7429767,94.36138113978102,-322.2432171656583,360.1506985607429,0.0589158734706556,-0.3034818265161512,94.39496809664546,3713.3521,3966.0056,3845.136043753474,3844.71655,23.22312417639404,-254.4894470337811,154.8002940270618,-0.150636764802557,0.3687851383179526,54.52536768569732,-215.817554717297,204.0777279432877,-0.132814826834733,-0.6764197704080364,64.32256101599154,-53.60017872013206,324.4112417053897,140.1215468628955,139.7811770588195,63.97302012684534,-39.03706448979651,431.6090356300261,158.8631980155336,156.2058944326389,75.3019813499259,,
715,E715_processed,-16.227905,70.600777,1.920144527536641,0.0,7.31796979104774,-35.23582672433685,34.47664205753587,7.729250772131516e-05,-2.166325678839097e-14,1.897712111768473,-4.999999998726529,4.999999997006903,0.0160750155769498,3.835573661942556e-09,1.231065287120232,-202.93523,193.36769,-16.44237482620821,-15.844789,57.52681904937279,-186.3427270859588,209.6338156989299,0.0951921755394507,0.5945522600853588,57.53892405714989,-203.98833,199.81053,-19.10880511448851,-20.184191,55.03664824969886,-184.5096828047224,219.4721277109248,-0.1477705596126625,-1.253337076814297,55.14782525951932,3754.1899,3880.9663,3832.358797038725,3831.8628,10.15514751101805,-165.327732219126,119.078045011746,-0.1543040722827925,0.1520450285255057,34.72526602795362,-194.8398560024161,280.4840193109078,0.2209496987378313,-0.137569078035094,36.00274810874992,-47.667541174283,230.0666925183986,98.45130441824809,98.59999629072036,43.09554053724079,-390.5237112045186,0.0,-187.9980541402189,-187.3296108231079,42.68513558358616,0.2255797776813177,0.2177594779804164
765,E765_processed,-16.227907,70.267464,1.922287495020115,0.0,7.321156338317087,-35.22285664400977,34.13476424684197,0.0003274679767079,3.5615805057007256e-14,1.897151894471881,-4.999999969999125,4.999999997112616,0.0143770726394141,3.500136815856971e-10,0.6743856648165738,-323.90054,338.49066,-12.44124197898122,-11.96508,83.27120565952461,-311.5576674544136,348.2026672794111,-0.0473664811717094,0.1699726912284731,83.26184071150148,-301.29153,258.93921,-21.66365858385129,-24.2941,65.76602913108661,-278.4119039043711,282.7664520420338,-0.0277901855606175,-2.68099935403718,65.7768199201401,3739.0125,3920.2493,3829.581409068178,3829.1846,15.01153424076216,-185.61251275231,166.5060411641938,0.0397837437360221,-0.218789331439126,51.039587307837,-125.6287067643065,164.657337319586,0.0665954328909737,0.1723054990856618,41.89157102613703,-292.8746241298535,133.9423654645298,-63.81098020977583,-64.06885026073385,62.78722817938281,-270.41707849145,90.71239726772514,-68.56346437528158,-67.3147601457778,50.37979977390105,0.2211614850936753,0.2177851337064935
964,E964_processed,20.712952,23.408386,22.10748691722222,22.104862,0.3548956679167956,-1.415262770121467,1.287528023497408,0.0008878055456285,0.0085954664894994,0.3548010110953262,-4.902725632947928,4.969157597321142,0.2016626170126608,0.1867272247679992,0.2638596744464983,-252.01108,231.8502,-15.50219778676558,-17.280736,72.74464471617013,-236.8041229609833,246.7960239557456,0.0534621604638679,-1.896239732774086,72.81813013112802,-314.42615,297.27075,-16.5223451953019,-15.2069515,87.46202785381111,-297.5992181792141,312.3009034237837,0.0319136979995615,1.257502724488047,87.48036417558966,3710.4431,3910.4285,3830.726000294444,3830.9702,20.07170576795854,-131.3228858744831,150.7796910017595,-0.049916402072281,0.7089769933804981,46.36901524433299,-282.8725457184601,188.9937569337021,-0.2039737653461813,-0.7576583644641648,58.32896908026773,-254.8863062429903,93.96065854658391,-66.2951307695108,-66.57472752224484,56.25755506692412,-34.93925325600619,361.331403984012,148.8061923793571,147.3908864026889,68.54683840679641,,
976,E976_processed,20.910431,24.839619,22.33076527662648,22.342167,0.3757599024068711,-1.414568906285335,2.325964662488707,0.0003139506538449,0.0056615867836341,0.3750172726700976,-4.675633966015608,4.719985086120221,0.1977680452491977,0.1792878240289967,0.2630902919022992,-219.64754,200.54776,-10.7213625054363,-9.3371639,63.81610440098758,-208.8878600371701,211.7643676097286,0.0878019207273333,1.21678149633919,63.90030053272191,-279.04315,305.31235,-3.198136557547175,-2.9980781,78.30803514432935,-273.1607008016531,310.1556723999648,0.0306498471547879,0.3314966979740559,78.31746920274375,3761.3323,3934.5337,3858.382691632869,3858.6465,17.34927708764932,-113.0273469528109,116.1773524716413,-0.1008801638294296,-0.9122697574454826,40.77435706798705,-265.153548455361,171.0150164009885,-0.1536031622257501,-0.8885840870295887,53.65740990871305,-123.7261896040703,159.3522288123166,19.97515849810222,20.05248974425398,49.33215604003095,-91.84843971663514,373.6617540613292,147.9322372298441,148.0860999724612,62.10810554965825,,
793,E793_processed,-16.227905,71.595009,1.962313736999333,0.0,7.411039476180592,-34.41418378718542,35.1593908834564,-2.740419324376599e-05,-7.010411309096625e-15,1.900936171621591,-4.999902344080443,4.999910307286223,0.0155565698084367,7.517768254926216e-09,0.2029154604153978,-214.11301,157.05339,-6.579450005793483,-5.002314549999999,50.85407518999619,-207.1133720240658,164.0303373698538,-0.0867177824431146,1.487445607233826,50.88562137124669,-136.77051,179.33434,5.117919782342057,3.7015927,44.43164205246624,-140.4936116359755,173.2188277295826,0.0483096898205345,-1.439668292171891,44.50522000913506,3833.4043,3917.3391,3876.409892705557,3876.2646,9.201798923085192,-111.9534030725068,121.8576544144031,0.1083170838178639,-0.6918888191095562,32.17794851176137,-94.03175876843623,98.44600245768255,0.0172294940631888,-0.3949971848771359,27.58343979900366,-266.5112488008214,0.1814162563109033,-131.4184104530812,-131.3081075084575,38.6161708552165,-212.8012750411585,85.59244050586535,-47.72908672361045,-47.69928360919928,33.74618207091845,0.2256220376694227,0.2210777050366044
1051,E1051_processed,-16.227905,70.75544,1.939048062048558,0.0,7.366887691499665,-35.22231298409061,34.65612360435804,-4.098175790096713e-05,-3.343605696181704e-15,1.89486761391811,-4.99999999563132,4.999999992898113,0.0144169115182389,9.937387244278382e-09,1.167159029784686,-206.67136,192.07449,-15.92602285560823,-13.771199,58.76919597225965,-190.3216721463319,209.0265535948241,-0.0025151315775233,2.046062022728256,58.77027528983006,-297.84082,217.15009,-14.96369690598302,-13.529595,67.67405363088345,-284.3478700987771,231.6724016432417,0.1031881287506976,1.540574843781327,67.78338904484468,3734.9744,3917.928,3835.851810545031,3836.6064,15.07999285584038,-116.4637353154466,111.9434070140869,0.0215040342527691,-0.7780633124024661,38.31343638734042,-159.8749246176914,196.5573067442149,-0.0829573294881419,-0.6372291548839257,48.29912404287164,-96.81849001079178,168.7337111777514,39.7857251121696,39.96656108292844,45.49068818794831,-144.4510229605595,264.1627506912624,48.12336152721458,47.66553648862083,54.65864049753964,,
1027,E1027_processed,-16.227905,71.46244,1.935115975442629,0.0,7.316347876901691,-34.43297808675507,35.09888135882439,0.0007460033346865,4.1117918531322144e-14,1.921711410413884,-4.999999955076031,4.999999998448381,0.015550615810516,5.908763808229999e-11,0.3747005129498192,-236.42213,253.40421,-2.291567316568112,-0.13861191,68.36996629442706,-232.6220717125263,256.8620614267778,0.0273986766129259,1.942504971862991,68.36229946297975,-309.41791,315.58481,15.53186408388396,15.296817,79.67036780773377,-322.9202400336497,300.7918902018371,0.194486348117781,-0.0080875965595685,79.83141727303511,3781.1167,3982.0498,3888.647716908374,3889.0317,18.65693055752511,-177.1387561200092,130.7069634163024,-0.1042667335588238,-0.2149270127574834,40.66690787620502,-376.3749031833996,193.4771921687676,-0.2763892962263926,-0.2899512309876984,55.07035637018894,-117.3002024216627,205.5484067331114,51.75547137394278,51.96842415381232,50.23455382077045,0.0,570.8046870654375,311.8915584550364,311.0997076493343,62.94802984399804,,
1080,E1080_processed,21.578579,24.027939,22.80483969431635,22.813599,0.3329201865123434,-1.239956287579731,1.25295555163402,-0.0001892542663669,0.0056384010830933,0.3316000631393963,-4.815604636680987,4.481086936442032,0.194998305156358,0.176540454084091,0.2622775257282269,-218.69841,166.83777,-1.893796950398961,-0.60107273,53.38798737411364,-218.1709564162918,169.1823561793102,0.1715828343605081,1.45412881790495,53.49977829786743,-174.17946,220.7206,26.79383161278597,27.429836,62.14477321022405,-201.1768925525336,193.1208728166401,-0.0029362356487742,0.6279370455290767,62.13214162605576,3830.2522,3992.8235,3909.877722467916,3909.822,13.11746766026162,-178.6264654356611,101.3783526490817,-0.1096772933311609,-0.9609581273957648,32.88710706148473,-132.8719940247729,148.4179990637626,0.016517250243503,-0.6457271903670883,42.79638763699031,0.0,320.8036371714143,206.5540952824204,206.5647897514384,39.8722036958027,-225.5080892909234,133.2387611885363,-34.64558225963393,-34.23792749166902,48.98881949008213,,
712,E712_processed,21.442047,26.567814,22.51384231901534,22.502552,0.2973640390610533,-1.034698304988829,3.842289522863564,0.0010225140511887,0.0011776847959016,0.2961151526925153,-4.797200007207115,4.290140738274818,0.2161540594943159,0.1996390974244772,0.2593055540132944,-275.62054,183.83136,-16.6855763840723,-14.8372625,68.73571613289593,-361.1814597412388,201.4306572238501,-0.2540677446870683,1.678612100931275,69.01308561234897,-236.42273,227.84505,-19.86067580560455,-21.2062605,63.83084115536433,-215.3441163082163,271.0931728597327,0.2092297084655572,-1.209636611485319,64.02449616031465,3765.7964,3888.1086,3831.521255162258,3830.9702,11.56591306677012,-248.7141960927074,384.1422027730637,0.2547604255265293,-0.6152310278407462,40.58103977808032,-278.7877135667411,160.6979408481427,-0.1858422489010091,-0.3034603010440282,38.3622679467904,-590.9863269151319,0.0,-401.3410629594569,-401.7702219927258,50.49878108592915,0.0,449.0930044554445,314.1169260134582,316.2332510203074,47.72515635674049,0.2317327941249489,0.2184147174019446
1017,E1017_processed,-16.227907,70.419327,1.903431324215517,0.0,7.251854946516426,-35.18337259131651,34.35981489247491,0.0002026967332464,5.099301771123372e-14,1.9094158301427,-4.999999518157427,4.99999981400585,0.0144521332143235,2.426494641783562e-10,0.2691870486567541,-254.39854,257.31659,-12.64101990407466,-14.782719,72.22512577209842,-242.5986810980289,270.1001927210559,0.0672560931472429,-2.119487941881196,72.31071637505067,-316.83862,259.74335,-14.54569189435191,-15.007167,82.79360578028175,-304.2344539214508,273.9891600452509,0.086661927025509,-0.304000315849621,82.89820246146782,3732.7629,3929.177,3836.467402766821,3836.3269,19.52416232178874,-137.3468001804354,152.0104023844364,-0.0603223355442964,0.0793164569011075,44.3608908748689,-185.2607735281533,217.0589627039817,0.0142072311520416,-0.4241378483971161,54.36930779063876,-201.8753827356913,145.8030363701033,-17.97034783832614,-18.03832006259129,54.9110243950246,-261.0292764429584,253.5715469636661,-4.385980624937821,-4.996664179267214,65.46724244453722,,
638,E638_processed,21.839737,24.756119,22.23456177222222,22.237427,0.1185961717551454,-0.4103600313992597,2.455891629896929,0.000150444925621,-0.0014107044836107,0.1160883213035575,-4.97565901869862,4.549392523335692,0.2055303746940338,0.1841578476405895,0.3571821185986622,-101.02542,74.372581,-6.057917821540502,-5.892841349999999,23.6310196306104,-94.59282421784052,80.66829644098756,0.0376298340715469,0.2070037403441003,23.66311883883567,-62.816257,100.93251,14.26070841421517,14.149186,23.62442027243944,-76.59983914082879,86.21248600316778,0.0426290465328208,-0.036031753294871,23.5674862620911,3885.1157,3922.6968,3904.241616122223,3903.9424,5.059590967073954,-49.76131488993445,48.64366674859303,0.0013605341573384,-0.0430780608205703,15.71625480090443,-47.36537018510738,45.1003710979284,-0.0324792543224834,0.1159735359315917,14.36397895945136,-62.59111774512805,67.99539472854589,12.07409637510651,12.15563867625064,18.57447600783676,-25.91043922536397,86.78271048790235,29.1121762259199,29.00542856825509,17.91885389040882,0.2188344785515382,0.2188555478626019
851,E851_processed,-16.227905,71.086876,1.973381345424278,0.0,7.444824418719951,-35.14433044247452,35.10567567537692,0.0003896138236082,6.501966978241154e-14,1.902887847916579,-4.528599703376235,4.999819225271665,0.0144165299092746,1.2454203984696068e-10,0.104057453705788,-113.47288,68.535942,-16.7570956865661,-16.030845,26.78698929036211,-96.12702200286672,85.36917186103085,-0.0027468041535928,0.6823809359955298,26.78121083302253,-91.782585,76.189522,-9.734237995434194,-9.588758,26.3593245433935,-82.05006388129124,85.43626555164454,0.0167148042730906,0.2076095365652522,26.38711997652854,3829.835,3861.9866,3845.086106027777,3845.9082,4.025636341905686,-76.4540561024285,47.51717792887499,-0.0274145797171544,-0.2544969543613442,14.64925386890198,-86.53525788104193,51.89345140452356,-0.0478496415582545,-0.0355486065839123,14.81305625351527,-56.87821933979798,78.64859372003535,4.58638817704287,4.331222551639053,19.11483837619992,0.0,122.1953074637806,67.70825263727238,67.80433999327988,19.11254972189901,0.2328371313979196,0.2305358969046702
739,E739_processed,-16.227905,71.617096,1.926959347569667,0.0,7.278083557453606,-34.25454632327266,35.43908859797071,0.000609512449705,-6.842545955267607e-14,1.934951970082688,-4.999935324864451,1.388357216017915,0.01445277671898,6.535827833428763e-11,0.0771386603705814,-187.84952,177.66699,-8.029150817425595,-6.225839150000001,54.14273042073401,-179.5046367841091,185.4800639764165,0.0133061722791221,1.855619593553669,54.25004863236385,-127.98915,177.08163,5.769831905920728,3.50011,47.00808894703081,-133.0834032811281,172.0178549321551,-0.0052965413182723,-2.391670653318846,47.02254747943472,3844.1108,3910.1919,3874.172734727777,3874.4526,8.375648857842103,-109.9068656313901,120.2672886853204,0.0555353090744393,-0.0366169988229747,31.50015177056463,-98.0753277356522,72.87780050470545,-0.0047679074538251,0.1159541653476195,25.98266987106063,-268.2749603697731,23.35678798857454,-97.4288406625798,-97.99706952922617,39.81156524984239,-55.94456010565067,164.803650583723,48.58157399639082,49.43760142738851,33.91316763376852,0.2266408991341509,0.224976128200621
759,E759_processed,-16.227905,71.020569,1.957059201180788,0.0,7.416978288039926,-35.22228447008118,34.92797974131136,0.0007462819530259,5.1448548637743524e-14,1.896116066665988,-4.99999842595919,4.999998233861389,0.0161741471250458,4.932828273971149e-11,0.183114369712326,-226.01413,189.24254,-12.61725371145521,-9.9505568,63.36035595041651,-212.9950432133428,202.4531211526269,0.0692763925001012,2.44278805908411,63.46639441579274,-196.40767,192.20793,-16.78600706665246,-18.027889,60.15745799806745,-178.8307243003243,209.3038687943678,-0.1422180432267727,-1.483571942452526,60.26261507804908,3790.7944,3893.4656,3839.672951791767,3839.8979,11.06054409580316,-126.1280921931926,108.1737394391968,-0.0792557366443914,-0.6707302600368905,32.18694444121173,-195.453117107609,289.3503645788325,0.2216954993639343,-0.0762056710039242,33.17021274334758,-213.2333094944796,121.8626366787247,-46.38993040146146,-46.33227351629497,44.04649375112674,-394.1757973793388,0.0,-210.5083902664616,-209.420947821423,42.39104104256166,0.2411273446720378,0.2383068851786909
816,E816_processed,21.394505,24.574821,22.07899932944444,22.079662,0.1987206888068075,-0.6826726851117986,2.435150221904354,-0.0001784303861728,-0.0012789859545168,0.1961378912649112,-4.787739086594543,4.93669090278151,0.1911020625310921,0.1734259100675625,0.2931409933207998,-133.02937,117.33818,-15.60227759696873,-15.6147355,35.06037115737522,-117.4258130965735,133.315064734262,0.0728900685259347,0.0759302504276542,35.14006730077352,-128.21313,89.918503,-18.52446577078583,-19.158327,32.58415920961183,-109.7432401400108,108.4243553267416,0.078361674151314,-0.6231290802776763,32.62746277313573,3813.1143,3853.2898,3834.178055222222,3834.5413,5.306812958019543,-78.66743404815935,81.28446699565471,-0.040084865328323,-0.064990855873519,20.02656020875305,-119.0029820414248,80.79110517638277,-0.1033473637685954,-0.2102796465462093,21.52968835095896,-67.3084606058179,130.3952452077923,42.18812323682033,42.18713321607663,25.76033819772367,0.0,174.2881816086787,96.97437227382218,97.81575731997027,25.33225923600851,0.2293791116686786,0.2199859705126729
971,E971_processed,-16.227907,69.688438,1.91280742520948,0.0,7.292609264988944,-35.13630388853355,33.09273140678961,0.000263169665877,-5.222935154724055e-14,1.901462945203046,-4.999883738182432,1.49254357534075,0.0144593173072011,1.804971849629838e-10,0.0868669955466297,-220.44336,213.01569,-16.13690696539437,-16.3636395,70.5549361096509,-208.3377630776353,229.3550112312706,-0.1151761296306411,-0.2103508818833689,70.66797363027958,-334.79816,317.10669,-19.69093582872184,-17.258088,88.96891715066293,-315.8095794321787,337.2092832583316,0.2470291558843622,2.455346560312176,89.22798572539743,3718.4783,3919.3564,3827.99696975439,3828.2915,19.87407434684112,-134.9088977937812,129.8209119181753,0.0293767625664107,-0.4160270613977914,43.86658557468471,-496.2072647797701,214.9504726797798,-0.3820162408676866,-0.717833330362061,63.50384775211619,-205.1563485498725,143.0656395386233,-23.86002208863768,-24.23310746032398,53.6772084274431,0.0,672.1123340814249,441.2418053554574,440.5418195693449,71.22982611028087,,
1038,E1038_processed,20.116421,24.689838,22.26183942029227,22.259518,0.4143382615057392,-2.159447799555891,2.38441837932068,-0.0006436637308409,0.0028788683384437,0.4135735504690205,-4.917294185110129,4.582734918987358,0.1927852167352579,0.1777613725682292,0.239378743842833,-239.05865,271.42532,-9.69780976339598,-11.624909,74.69025982668967,-228.1371353263906,282.3154299997065,-0.0048596421500166,-1.893185828101807,74.67371939946614,-311.53149,324.40506,-2.976188274800956,-4.3010335,88.21191437471911,-310.9890574376283,327.1878481946733,-0.0433687448900061,-1.185499133920569,88.20760427871313,3755.7327,3956.7043,3853.89535838751,3853.1069,20.99633658095186,-140.4879807788467,194.8617405022302,-0.0025818599952937,0.616657400589327,47.75168238490994,-212.021618133535,185.4068680895716,0.0859177345981446,-0.3756016930133015,61.05055611370757,-102.9264220899588,280.8597801109441,81.07135998788213,80.63210305936302,57.4931604606443,-284.1792117291548,207.1165657702906,-57.703618478052,-59.98787304998042,70.82530071833999,,
764,E764_processed,20.889702,23.960743,22.34444952994777,22.369987,0.4019971026933615,-1.450013060423124,1.498002466429115,-0.0004000772385605,0.0181107690582732,0.4001946926033324,-3.586060707541221,4.870128345090641,0.2096306285954112,0.1903329313340085,0.2122777779063362,-309.04517,317.26868,-13.09088421600883,-10.161351,87.48823024962341,-294.4151137197669,328.3054823012885,-0.1075765587770542,2.73575027276436,87.52822956352308,-233.47415,286.54865,-22.20945320489557,-24.455846,63.55264638200046,-209.0376651557469,311.5468772896755,0.0366255832502852,-2.208363205898465,63.53797658483735,3762.2249,3923.8203,3828.088373285921,3828.2915,13.99689220670581,-150.5673670726663,253.910912888336,0.165775882665173,-0.6633337823992242,51.49122997768163,-128.9314364134499,115.3979630254062,-0.0077152773891997,-0.1401710539881735,37.29617569363715,-355.9167088856018,46.8862778348929,-133.5310799712417,-133.14880210614,64.81966824185078,-125.0812326168074,193.2613581809241,40.38160672796576,41.03580797790772,46.76522417170795,0.2266877361365676,0.2287899282241986
652,E652_processed,22.590939,23.430504,23.06994309183333,23.077003,0.1085411786646148,-0.4805458232001597,0.3684346645400578,0.0003194544714179,0.0001635294698927,0.1080291409500181,-4.836960627746982,4.960933081105124,0.1994474725984423,0.1811562754349634,0.3996852020020026,-92.291893,71.859276,-11.9662478484778,-11.8957955,22.57300695085317,-79.66299344795735,83.40022267694869,-0.0038260611410948,-0.0275622466417038,22.58582974087996,-84.439529,82.611481,1.432817402989606,1.35613325,19.89704834846173,-85.10698649543725,82.09724503810918,0.0079421229160411,-0.0226641512293008,19.88729680374714,3846.1001,3883.1746,3866.843187144444,3866.863,4.620922445044262,-52.12842892918734,46.76969883489528,-0.0162250653899542,-0.0914809579058151,15.03537730722807,-44.09091849019072,48.08872723746249,-0.0171230747347772,0.0434654117381752,12.1333683744349,-25.32427167813055,87.67703047504769,30.82768724679499,30.4473329128238,17.6587409273616,-35.19393058787399,83.25530127067047,22.9163241608736,23.03198780760945,15.08026277661196,0.2188568079225863,0.2227502030463956
680,E680_processed,21.353683,22.259533,21.84527110305556,21.839748,0.1068526514544565,-0.497288333210456,0.4017614758943092,-0.0003690763603189,0.0016590189900859,0.1062517986493374,-4.893861512586519,4.858338519068183,0.243268818803174,0.2212957025278257,0.4799534855024247,-77.214027,47.792099,-16.74727233558369,-16.9140075,16.91396785866647,-60.35616773254617,64.65527577115262,-0.0047948684736174,-0.1548263091020375,16.9094511681972,-70.78968,32.223545,-18.05257472601574,-18.0350465,15.08806467415297,-52.5576426997287,50.29291833963715,0.0021517431711184,0.0265253270928865,15.08737368987961,3821.1492,3849.7185,3834.373897072222,3834.5413,3.382731002473727,-47.49974729037002,43.84797386086321,-0.0100522947889407,0.1324588744877182,12.42690166143461,-31.83119070227774,32.08862949807189,0.0101735781409583,-0.05778971086194,9.981044694307451,-46.38633309835733,49.26360117990595,5.510485949636053,5.701954656351516,13.63177958415333,-43.84441033388076,29.23427459597995,-4.888649595449012,-4.788879333382651,11.69870524578213,0.2316423781561629,0.2289851457403385
839,E839_processed,-16.227892,72.052704,1.929855660069118,0.0,7.281218932341681,-34.43334040739161,36.12409358795264,-9.640609919733036e-05,-1.583448659163624e-14,1.937091837823668,-4.81292832790538,4.99972060631173,0.0138757012468558,1.093483180966307e-09,0.0969731819406361,-99.218651,106.21825,2.341001799393572,3.2199403,30.39618174109353,-101.9647501461205,103.4920071012222,-0.0207063226505695,0.943804025903599,30.40021166611116,-66.802734,152.18867,34.13201118171673,33.7102945,29.81642096229817,-101.1249214021696,117.8011584392041,-0.0292352684328467,-0.4800276644440089,29.82709478502755,3913.2446,3951.1196,3930.456892583334,3930.4214,5.234616780635219,-58.27206783782912,53.38713800904958,-0.02430466225035,-0.1029391000320078,17.7040300684379,-78.66211227739964,69.84298967125956,0.0411666041732997,0.0612363488723421,18.34725905018932,-49.06957101618611,87.09283927932196,17.88066072479062,18.10114374722919,22.48529126538945,-89.75564699058219,89.24273499912188,-16.335653674115,-16.10174587578086,22.65414948944282,0.2266235364716232,0.2211271774613399
716,E716_processed,20.955986,23.209553,22.17237016361111,22.171143,0.29702180807583,-1.253021053315494,1.048493573679168,-0.000822831612654,-0.0021612715342496,0.2961782508382059,-4.558127292055146,4.930042803185984,0.2033546235755086,0.1859770505059145,0.2670880514436744,-208.77129,170.51643,-16.10034220974942,-15.741327,56.21169503085075,-194.0158460719619,186.0523975030261,0.1116984866687966,0.3023720938109746,56.40357576410053,-203.98833,162.1678,-19.28922785056069,-20.801674,53.24978116756869,-184.5198226811935,182.5663530721414,-0.0867783291542097,-1.630590562105772,53.30555366152268,3787.2234,3871.1455,3832.428902788889,3832.7556,9.61993289883111,-137.5111122613395,99.536609794727,-0.0322620106038153,-0.0083072387108531,33.42424018759831,-101.0816266624683,164.6590055606392,0.1281056611695174,-0.1847902868753568,34.69943195270851,-166.3129981711966,199.0209415042139,4.320834216849775,3.791914523315906,42.33466454425984,-293.5562761906116,0.0,-152.3313388819367,-150.8408988380992,41.43821773501094,0.2216584304583289,0.209977125166677
663,E663_processed,-16.227905,70.75547,1.929904417572167,0.0,7.338950462245125,-35.23713653169119,34.64785670468032,0.0002064840866674,-3.475356433780556e-15,1.895291080040453,-2.252656491045128,4.999650749675936,0.0133066001273671,2.4674884576779807e-10,0.0844446682086108,-90.214027,58.635132,-18.08347202403462,-18.0979885,21.36783916100377,-72.0464568714055,76.78840235659794,0.0106430762696068,-0.0218480471451127,21.368513510892,-86.771362,42.846703,-17.28480896426975,-17.3299845,18.98520028018249,-69.97664358514075,71.31449929111662,0.0063445779439357,-0.0423592555466214,19.05060028567583,3820.4971,3847.3096,3834.232335344444,3834.7476,4.064020417925325,-42.08542468307803,55.18376706565606,-0.0342732129324792,0.1207480903742494,14.06486538338433,-50.43888350244284,52.49927961131137,0.0070151705884636,-0.0055094118499345,12.20916964626687,-20.25200383614806,81.02281451321461,29.43402852913529,29.41091149202746,16.59979855880578,-124.9476419579989,10.9052459278664,-43.76620868279965,-43.84808878533621,14.91915753184115,0.2176539684048349,0.2172026715745272
723,E723_processed,-16.227907,70.091385,1.882275029677445,0.0,7.196896420826773,-35.17921063712908,34.01570233903188,0.0004448128826159,9.1350469957893e-14,1.914194831187534,-2.579030539878809,4.999856655456853,0.0155391855798771,9.569935641559116e-11,0.0794050868202252,-181.22554,186.08784,-15.33360383369124,-14.937866,53.47651108438716,-165.8637114213008,201.0646534585548,0.1843857545268422,0.6205478101360473,53.65123762035132,-195.6956,164.49504,-18.24812066828986,-20.6927145,50.18982723195337,-176.2346020169379,183.501152984034,-0.0078920404075708,-2.421099576356706,50.19123415834678,3780.9736,3871.1455,3834.139890155555,3833.6484,9.594292471215594,-278.8335003507462,159.4861820768812,-0.2084839252861129,-0.2325445471791983,35.20210333303181,-113.5870760224073,106.1588549337752,-0.0156703056101646,0.092170770878578,31.74109008613883,0.0,428.215142407161,293.8245420197919,293.7761868034602,41.59489128783927,-126.5610846391534,141.797503915152,8.10171332392012,8.654916125257,38.87952652845593,0.2155855381368674,0.2122022132958662
819,E819_processed,-16.227909,70.26136,1.895822023236822,0.0,7.247033377715105,-35.2357943015576,34.11067125587259,1.413435835115346e-05,2.142466675391685e-15,1.894431849011952,-4.999937655856241,4.999942671812951,0.0171989720455144,3.226784397153554e-08,0.221048242744716,-143.74603,139.88976,-15.41004071183322,-15.0547315,38.34822546586881,-128.3571625448114,154.7976978016389,-0.0142002096936348,0.3408778948574122,38.349174608118,-139.79852,102.95598,-18.51746832561999,-18.943734,34.54311686546736,-120.7699757173938,121.6336473760486,-0.0598388079361205,-0.4846507284547319,34.58972273689457,3813.1143,3857.7539,3834.05216805,3834.5413,5.758666985629096,-64.94296432570769,66.0975662533165,0.0099364277876757,-0.0002890176213785,21.31264066456372,-84.87808367267719,145.1153486613513,0.0906999557692211,0.1710718280587032,22.32424730596018,-92.88424884639588,76.84820947528965,-6.804946699684631,-6.840442130723178,27.76082777356023,-199.0978272316959,0.0,-105.475624421231,-105.0508457330089,26.55043802897006,0.2317281501594717,0.2221944501871871
1022,E1022_processed,20.668766,23.563053,22.27566384164027,22.281612,0.3743366396272816,-1.591203027908247,1.309071692753935,0.000750426572392,0.009890851975568,0.3740486544408818,-4.970931012960445,4.946594456028879,0.2083570752418212,0.1902158034154505,0.2673622178770489,-246.97086,258.38641,-5.409611869597727,-4.9034834,69.44736829112243,-241.5550012119569,263.7931578421897,0.1411509373801143,0.4844956347133795,69.52939327358304,-339.8912,352.48965,7.445418246984832,7.9333868,85.25820011509587,-345.2844456550727,346.0591376181073,0.1347471257740957,0.3327942473879517,85.35401345998315,3756.8682,3989.887,3878.562021542479,3878.46,19.90625562919682,-377.5000365219332,201.893443015946,-0.2744739370013073,0.1587432193044798,47.21168489927241,-215.4412695978526,198.9685609730883,-0.1558364496924764,-0.6077386866123184,58.66657778828492,0.0,426.6604752101095,230.2639544900726,230.683087558279,54.13922502984298,-173.1058583571779,303.1274751433518,49.34355952137999,47.54389340081796,68.57989908061116,,
968,E968_processed,20.690857,23.054897,21.97984426830759,21.972301,0.3585460376591738,-1.286855369616747,1.073701904052214,-0.0001256571095623,0.0043722658656026,0.3587675907920045,-4.976941855625196,4.545976892781637,0.1977274911123457,0.1841783873028815,0.2508220934762229,-215.13788,242.19591,-16.17013718417647,-17.731827,67.79704790568688,-198.851274310529,257.9473176020937,-0.0046419138925052,-1.686411292032157,67.78697851327273,-287.62085,297.27075,-19.60639319174392,-18.2218,86.24275631380611,-267.1427682239411,306.1371406172527,0.01562474398022,1.41170505384228,86.2331608599396,3732.7629,3909.5356,3826.049508295366,3825.6133,19.51673066691992,-120.2755616590082,115.0863610445039,0.0378675304741711,0.7271175779537984,42.45379486013486,-164.4144007399483,168.4913564980027,-0.009435088074775,-0.8888718900016777,55.56717772493872,-144.3469098993435,158.6849903029099,4.762884300267923,3.498936067617219,51.58384536953805,-228.9945742981035,186.5726872258682,-33.63901801889894,-33.36918903172456,66.39613409848388,,
987,E987_processed,-16.227905,72.147346,1.935062358801767,0.0,7.353886965028648,-35.01869551948865,35.92787241259578,0.0006942067641316,-4.755762650439737e-14,1.897110088458843,-4.999999998454137,4.999999990200674,0.0154567078689591,6.911840075770672e-11,0.3172801076899804,-180.35547,189.8735,-9.85713517061694,-9.9270067,54.89015753733199,-169.1305650776952,198.5764461479013,-0.0281123861689703,0.0839066473593179,54.86851968995182,-230.03816,264.63904,-4.442738523486461,-5.8188434,69.45432962735633,-224.9125163221566,268.6300722194679,0.0010856332358202,-1.243463635643003,69.47347524561754,3772.8125,3935.2439,3858.693296583143,3858.491,15.18948031223457,-113.0857400550783,106.0735520069595,0.0668090462611161,0.3814616669367077,36.18029170668156,-177.8776954798033,158.8767682679202,-0.0312299465874285,0.0325350763845051,47.26509904612494,-157.4684467827687,99.89731550850703,-25.13246647258795,-24.42481153887909,42.69520807347912,-121.2158539558847,272.5035402023179,64.71236652367813,64.70326377136672,55.02963116634292,,
654,E654_processed,22.635124,24.557289,23.00406067083334,23.010719,0.1082084610733524,-0.4185127444473621,1.475466318603049,-0.0001193152397839,-0.0004525758462756,0.1058447774534732,-4.566464648174077,4.958561615444459,0.2028185737988487,0.1877803505633633,0.3894948025867123,-91.121719,70.316696,-13.79926382032849,-13.693424,21.77932391380271,-77.44355454990492,84.01068194764096,0.0381721966645582,0.1251328365264679,21.8042140040384,-69.493866,71.940475,-3.943455418187339,-3.8266325,19.27863738471367,-65.63915471207201,74.87082760414607,-0.013632035194027,0.0145830099892707,19.26402478825394,3837.0813,3872.6965,3855.559617638889,3855.0776,4.002616738552033,-50.28387589582663,50.02679568791754,-0.0214034592572162,-0.2067059395632302,13.63235014290563,-39.11626158060736,35.4126688005057,0.0246102644789047,-0.1116442714300452,11.25700846603065,-39.8781133045025,82.4369553323912,23.93659033028042,23.9604682142454,16.58192664922118,-60.67034697625134,37.45073306867,-8.031350686765153,-8.048108483936556,14.323408294185,0.2255145301881533,0.2267231473922093
674,E674_processed,21.353683,22.104874,21.73848557938889,21.729279,0.1038537225147043,-0.3823354889536391,0.3773857121520426,5.687418823812064e-05,-0.0010480110868947,0.1029734875012735,-4.978315914670414,4.906726320003452,0.245002542165817,0.2170454339302657,0.4805728697955292,-88.948639,66.871078,-17.10276762397385,-17.0088615,19.65821239002355,-71.65777896068734,84.21969025065385,0.0163932898179658,0.0984754098195364,19.65371901273767,-81.037308,46.173748,-17.90315618397996,-18.049688,17.54770602221893,-62.71839357915338,64.07975929302263,-0.0234855415011344,-0.1612486159255671,17.55345864482794,3818.4709,3847.9329,3833.842333744445,3833.6484,3.892857775796872,-53.99980380085934,47.07420111379879,-0.0251526347198397,-0.1000175065554796,13.66313202536815,-38.63151920783574,56.37265465397005,0.0431642655550084,-0.1124101910196162,11.80805784312761,-62.95643819607603,56.62325722629357,-2.341333988704784,-2.238492345842167,15.60180189743404,-81.19392930476936,16.9267083722905,-32.72079179442525,-32.83139875148595,13.86722255837821,0.219443536218437,0.2178398124890486
736,E736_processed,21.262981,26.743694,22.29365179,22.2813,0.2827169101213569,-1.281440395095811,4.152796298153985,0.0005751989878046,0.0005509049622738,0.2809649236445965,-4.570379788952994,4.925133197512416,0.201094183347765,0.1842678751722733,0.2953873666342668,-217.79062,177.4241,-10.33199767807521,-9.7026925,52.55762110268623,-206.7703596382021,188.2202168806999,-0.0707512717806826,0.7118749348720925,52.60546786619025,-157.23978,178.95267,1.761954480175778,-0.212125665,47.0581479343868,-158.4890663008453,178.6300365140694,-0.1481578438758995,-1.929186189285522,47.20533132672676,3833.6484,3904.179,3869.674235733334,3869.3599,8.647595307943464,-97.60471817015043,116.5677404640179,0.0436873861797005,-0.1277907237727911,31.57124890423312,-177.1431568816234,236.179041537581,0.1696775271103835,-0.0682054036093333,29.53672755455039,-171.3939606046044,102.5483750809938,-38.81999722861737,-38.86493077747683,39.34330379468064,-352.5992213596032,0.0,-225.4410604287415,-224.9110959801448,35.47574825931044,0.224984320337125,0.2233252842164112
734,E734_processed,21.087475,23.824356,22.13590734638889,22.145386,0.2926211426149483,-1.084368832576549,1.665797894143902,-0.0002923729832959,-0.0008483992754821,0.2912212832831478,-4.627451125612018,4.889785780418104,0.1967081695076122,0.1785973695470506,0.2612158018607367,-195.26749,157.52953,-12.32570406611917,-11.294628,52.34303351024209,-182.9758984822152,170.5313346853352,-0.0291729051822425,1.00092673282621,52.33992476638577,-177.10414,210.9577,-5.724838055554723,-7.2841661,48.34067261761916,-169.0507489913039,218.6522503634604,0.1157819212803061,-1.647986596727559,48.42164892250879,3820.2566,3905.9646,3857.909331205555,3857.7539,8.74231910921481,-97.4161452225781,129.0243003457494,0.0737964914448754,-0.0879349967446812,32.16262959038347,-211.6760111710579,120.9290920810247,-0.1466080734711175,-0.0791408463467385,30.47893567101582,-147.4699165842732,97.56393606948365,-18.28683213969945,-18.1957642324267,39.50454512916752,-34.2086888211911,258.7483766234895,107.5113382835551,108.1597222700142,36.84294062922624,0.2205680521590121,0.2266940044482285
770,E770_processed,19.650898,24.22332,21.82555250444494,21.837818,0.5027350574258732,-2.152447358092556,2.320742068273309,0.0006808345929539,0.0075818191627285,0.5017983437454577,-4.586805458507292,4.74772715288955,0.1727687827128629,0.1583993133735513,0.1992998655168441,-381.19992,353.34604,-13.74947097640846,-13.5718435,81.78786822013782,-368.196600180409,368.3080141889338,-0.0238398810552378,0.009216798413778,81.77145421857881,-217.12291,335.33429,-19.66945770970945,-22.735299,68.77745684413456,-190.184501750123,360.7582883866584,0.1610122919367616,-3.229324058654482,69.01380214523367,3740.7979,3922.0349,3832.197257178575,3831.8628,15.91223548946555,-185.4062903821902,189.4116617885817,0.0284626114621335,-0.057027668344304,54.66567674557712,-187.2371834681558,182.3261726985632,-0.0665495778666235,-0.3474543601755533,44.25371861644411,-219.4301945205609,221.3704662049238,-0.5315114125756222,-0.258342243831764,63.41712683589403,-179.8662161074779,287.9995720287502,68.56097340656727,69.60470922848279,52.77514661902772,0.2211764761734483,0.221652308279561
873,E873_processed,-16.227905,70.203125,1.887414950504389,0.0,7.223820054357878,-35.23448543724825,34.04511833930317,-2.202777253069265e-05,1.840290733553548e-14,1.894632958317875,-4.999999344665174,4.999998233440786,0.0155294304644128,2.0944752663637133e-08,0.3530081385089718,-97.887222,49.927803,-18.11058545197389,-18.1014635,17.40322765458711,-79.22760702526804,68.14402144142419,-0.0223796535935885,-0.038922358216442,17.4132706757459,-79.771973,51.254189,-16.47876391343554,-16.8459305,17.16219254436272,-63.58424220980289,67.51543771724573,0.0396677454091784,-0.3599353361552402,17.18735927312309,3816.6946,3846.157,3832.175382794445,3832.0139,3.419760856798489,-42.3504298817566,50.73094178391369,0.0223178478614534,0.0850240478415564,10.5777925126603,-38.85605830537746,35.95924376675099,-0.0173702665015488,0.0284053615196027,10.20207743090876,-61.22061170487358,42.70257534675221,-4.194566822157108,-4.30828377017747,12.73810362045535,-10.30253339539968,79.20556553748385,33.0734367955413,33.05341036831281,12.71206660890644,0.2455396720336135,0.2342625899276844
645,E645_processed,-16.227905,71.595039,1.969459302331167,0.0,7.444193297992637,-34.43904808921844,35.09184286743123,0.0002819172450728,9.255017630485417e-14,1.885957608244522,-4.999894878812431,4.464985082274342,0.0138637317929178,1.7350844614291468e-10,0.1021584945735586,-92.932121,74.734131,-10.70202158342523,-10.221947,24.38002664182146,-84.32145450513582,83.25692154211757,0.0116545854600196,0.4584841824132805,24.33507612510332,-58.874893,78.634476,6.790251184986467,6.72015475,20.9517842863637,-65.71524604162589,71.45461199593167,0.0393662792846352,-0.0314265881171368,20.84813228704638,3849.8599,3893.2502,3872.283577377778,3872.7495,6.356183728958166,-67.71659634835035,49.1786643021508,-0.0393572393161732,-0.0745156508756794,15.524773461207,-68.05719233942548,55.92336231220164,-0.0524327583585153,0.0660442972542876,12.82782573591081,-12.30587801003465,108.5698330736354,49.81972335544302,50.05505572361557,18.55258803198096,-15.38592583224436,88.63144853731241,37.06288943273541,37.33988242155485,15.77652348366099,0.221075766433008,0.2222624376428641
1065,E1065_processed,-16.227905,70.998466,1.907059352770431,0.0,7.225765290557173,-35.00890827617443,35.21076218515742,0.0002463153394924,1.6303808438246352e-14,1.942827558902127,-4.999999966840238,4.999999998840293,0.0160965302623405,3.356517102240662e-10,0.5060230779055308,-253.60274,273.23309,-13.38907908752013,-13.976148,71.76932081848834,-280.7072066282279,287.1163258593155,-0.1717668468210794,-0.794753249014958,71.88449187732394,-311.74564,273.6821,-14.27090362013927,-14.76564,77.29829516971118,-299.0789130127203,287.7709841911089,0.0468421247239441,-0.0334581268915581,77.2859306391563,3755.9756,3913.1094,3837.04452905717,3836.3276,17.7109945591989,-187.8994842607366,285.3950011274314,0.1976495460764765,-0.362523732045009,43.41610616973258,-173.6880804094399,180.4003174697396,-0.0969494255942864,-0.8734855633138316,53.86222399726898,-482.928246342065,0.0,-279.3066698383435,-279.6046301546077,53.46311083856805,-132.5550515501112,281.3889281479588,52.02891700716641,51.69411411909521,61.96768143793819,,
919,E919_processed,-16.227905,69.783348,1.889705951204278,0.0,7.232705770640174,-35.1521682120793,32.93784754948986,-0.0001930208135185,2.2523582025067952e-14,1.89832158921191,-3.229839725284029,4.999740067564193,0.0178345026674878,2.9919265851548536e-10,0.1091129835086651,-181.45961,145.30603,-16.13527689812398,-14.886025,41.93615782968722,-165.5854900409198,160.8422174996219,0.0781486193669903,1.442371297354277,41.97510860903482,-150.7755,138.38336,-17.81092785905338,-19.2621105,39.82179064685115,-133.510259809711,155.7155216181308,-0.1027064994732915,-1.4513671448692,39.92039213990346,3772.0459,3864.896,3827.451851994445,3827.3987,8.811819009718855,-67.49664796648207,55.07355477557691,-0.0597018123305804,-0.1016677693462467,17.96567395302733,-70.41634484015046,68.68619487797167,0.0555887269358322,0.0111591465975298,17.00471254195423,-22.50208438763115,167.5889745674364,80.0511574302636,80.47761465974355,26.54774302623469,-184.3621803710419,55.63081072594294,-56.34713200941263,-55.72523222597829,25.39203683381629,,
1073,E1073_processed,-16.227905,71.595009,1.943758577859318,0.0,7.323541284526281,-34.24264464016012,35.44573490982627,-0.0001696413284755,1.960578653804322e-14,1.931198463209655,-4.999969327284283,4.999942674439461,0.0127664798914776,3.875244367089487e-10,0.0955260028193911,-236.94699,239.86572,-3.272642321579603,-1.25852575,61.81220134569892,-234.841126760788,242.3711107129936,-0.0364962822822346,1.925207478631269,61.82750981775176,-200.83858,298.96246,22.17273490896653,22.6619735,68.05278164576973,-244.0342471263587,271.9662584365723,-0.0793768541812281,0.3093104601751127,68.05391975233749,3808.667,3975.0342,3902.818962379153,3903.1785,14.85574235784123,-118.2338462484929,123.9639150388095,0.068510453132478,-0.891536113480889,37.09323622204234,-157.990945521437,197.296917565595,0.1173924315108073,-1.5489082131293,48.84261455532239,-239.3271718874748,66.803135073111,-80.41832614696726,-80.27919401577208,45.5987932763099,-335.3422637732147,42.64052995292585,-148.7425319235898,-148.2996500257848,54.72109534092728,,
690,E690_processed,22.082767,22.856052,22.48648033511111,22.480457,0.1068444040399651,-0.4085818843692849,0.402358843314678,3.942388838312863e-05,0.0017757336718317,0.1041800706969976,-4.936055222348996,4.967042950881589,0.2494159799040586,0.2284873411383165,0.4596971212621385,-70.235451,50.574329,-9.606575272327738,-9.7521653,15.3344299130322,-61.00467829435939,60.32928261196868,-0.0086278279827379,-0.1570608344956632,15.32666116162438,-37.985359,75.191353,13.13960356217844,12.8447665,13.95146625699662,-51.3529107155034,63.10056080820988,-0.0137049264825609,-0.1782156706474045,13.93853102929351,3872.8271,3898.7236,3884.8595966,3885.2046,3.176021116333411,-39.05673085128731,37.90429577115505,0.0046139181398149,0.0565017409364561,11.09117968717957,-30.5876715850203,31.90484571563261,0.0159003482146382,0.0177923318619832,8.972318422763793,-45.35932630985865,36.77669891979791,-6.839326006114954,-6.871410034706663,12.14332487494917,-71.80726990132882,3.487603924940906,-35.96676556165624,-35.70105586305591,10.53778856408456,0.2399320462859461,0.2366666392671388
869,E869_processed,-16.227905,69.960098,1.886554519725833,0.0,7.22165739014325,-35.21870724958393,33.79323238666022,2.311852247358458e-05,1.915270602454595e-14,1.895057946095576,-4.999996577810041,4.99999446622995,0.0144227384392206,1.6644857598436942e-08,0.2907252586635902,-90.709839,44.052353,-18.39485409161864,-18.4630115,18.60513324130523,-72.38836797615667,62.53704413997468,-0.0009630646151214,-0.0452636603700196,18.60956893641312,-78.35437,53.380775,-16.53205855409532,-16.6085665,18.19235553723,-63.64567587004413,69.62884801796463,-0.0499073466027801,-0.0904057966229306,18.22579099824141,3816.0945,3847.4307,3831.183381161112,3831.2812,3.672202523325999,-34.82695237843038,44.70625597363339,0.0017811006734761,0.0206550889551224,11.98268815059381,-38.44572241964983,73.66270251563964,0.0322191136877396,0.0058386570861546,12.03498304305608,-65.89372279956774,32.95545984585727,-16.58783653622243,-16.58027176001905,14.16973179651644,-123.0000094104992,0.0,-74.28900660463941,-74.24626270815182,14.17837023526395,0.2388519624069802,0.222234960272844
894,E894_processed,22.171154,23.187469,22.63610764488889,22.635124,0.1291314208772378,-0.4744992566504479,0.5543748877111174,-7.134395211740195e-05,0.0004854380733289,0.1254786464175218,-4.982563823348081,4.981664862152029,0.2788929044612854,0.2506830750264655,0.4930854563841373,-80.162651,49.832344,-16.19715978716374,-15.988684,18.71628267604304,-64.53946754087406,68.160994661475,-0.0075238403552624,0.1308147517277518,18.67089349594597,-82.158318,56.322536,-13.15958076185048,-13.355693,17.3754775053987,-64.15530271488205,74.16307332837471,0.0134114384774617,-0.2257645049703972,17.13425110661249,3815.8635,3858.7273,3840.432615911111,3840.8071,5.969282546698289,-32.1374152719581,33.55255839485896,0.0213929562350979,0.0429363396277073,9.244507889519015,-30.35800621219832,38.34592054428759,0.000280691664865,-0.1417636367559884,8.289537295755627,-49.05201442556802,33.00194974784664,-8.288206800258466,-8.458008172065117,11.98327833199715,-44.42255990625686,41.60589775362638,-1.82680288963917,-1.67714898603208,11.14536612549477,,
1003,E1003_processed,-16.227905,70.269379,1.953359618309111,0.0,7.405417746218338,-35.19209470259742,34.16098110863186,0.0002198490440145,4.456619970606252e-14,1.891557171901444,-4.430313544420066,4.999834369679687,0.0160874385255365,2.62547014265592e-10,0.1069161661995489,-198.00578,143.70071,-16.79319075189671,-15.213343,53.60305404516824,-180.6390750531248,160.9000042110196,-0.0540252167328745,1.386201585206277,53.62953600997376,-220.07974,193.92162,-18.16024380390518,-18.174022,58.84686928038642,-201.7120929608666,212.0432967399217,-0.1185191312598107,-0.2116550539576743,58.92270193420671,3773.0798,3896.2192,3829.9101768,3829.3738,12.41782831976543,-110.0880310735992,156.4936424887688,0.0925285882392912,-0.5353192941584144,32.48507976158846,-172.1580161683478,216.3102434916161,0.1522814880061958,-0.6508777886996331,38.52988636115582,-225.1216581504146,32.52078262651724,-91.80783463454986,-91.48520234580268,39.84200785461867,-300.3649249714478,1.071848618540617,-160.8426316935677,-160.8655843413962,45.7534353294612,,
948,E948_processed,21.309498,25.418949,22.78651505755555,22.789783,0.3797223035203315,-1.632101405481118,2.538819188864404,-0.0009699745191221,0.0032525193587383,0.379272685428507,-4.967910856445413,4.79690542781609,0.2111831890576805,0.1887203062890206,0.266978203752892,-215.93372,250.94998,-14.26303501173122,-13.537037,70.0695312086919,-219.4060723910998,265.2920818560776,-0.1580070741148102,0.6883095918228452,70.19787521560865,-277.97095,263.22803,-13.85624231121367,-13.109959,77.13613277180352,-264.6641887459216,276.5436164309757,-0.0491433977468069,0.9115388889111558,77.12440406426235,3741.6907,3945.2473,3835.133168694444,3834.5413,18.37417570626976,-201.7006863900942,336.3495076101843,0.2374856386936973,-0.4898629721120003,47.26677893996533,-182.2658044515007,179.3073756019877,0.087128173492775,-0.3608929590307053,52.9209238210566,-425.9749928199411,0.0,-246.5339554897443,-247.0978021472754,54.71398254633316,-190.4922141930407,208.6146551577226,-19.03910227969375,-20.38502919429175,61.73687313575592,,
997,E997_processed,-16.227905,70.821716,1.947728759767,0.0,7.391048093075425,-35.22121751240579,34.7318798993708,0.0009113918826877,-8.23164433709608e-15,1.89486210875018,-4.999850370955732,1.272274392244404,0.0139233979862339,4.942723332980148e-11,0.0865464523810079,-178.17003,137.25423,-15.27823061655381,-14.6571615,49.59064343547676,-162.2704149699593,152.8421026829174,-0.0191931379866362,0.5479825643962251,49.64433609306057,-221.44942,191.56787,-15.98241892098349,-16.408846,57.7708191279909,-205.6269528730155,207.8483396403489,0.060036411836945,-0.4790355991271849,57.80230807020941,3781.3477,3885.9846,3833.634312933333,3833.4075,12.26999651191341,-103.3095991168353,127.3552716642607,0.0399488134590241,0.0689727914618503,30.41077970030191,-136.2264699299133,152.6232213710423,-0.0902529202745408,-0.1174179985690937,38.47213140267881,-262.7346632088174,21.40249493293495,-89.793199677565,-89.82612626277363,37.40244266068023,-175.0466192452793,158.6476978377482,15.93990214528804,15.17718030500456,45.38718667994422,,
959,E959_processed,-16.227905,69.739052,1.940281710828,0.0,7.369493592361385,-35.09633899840821,32.96438069279787,-0.0002520965136449,-2.0817942177778588e-15,1.898799602957918,-1.097383294194921,4.999956938397877,0.0160816978778193,2.893428340619574e-10,0.0834627231036519,-259.70404,241.1348,-13.74237197670806,-11.7863945,61.95455853133651,-245.5615580568867,255.759146281629,-0.124530745198114,1.708420367367547,61.96559031064294,-258.67111,239.37131,-12.05225044046801,-12.349929,70.13612322408312,-271.3602076845422,251.2458641436844,-0.1307602364679588,-0.3404089904881022,70.27835673355,3775.6169,3897.9294,3837.713882288888,3838.1123,16.1066980388455,-147.4411970883048,221.1954751129824,0.1448596729091475,-0.5844912808203286,39.11364464766439,-151.1199046982676,179.5184326963429,0.1083844998681928,-0.2843532454317845,45.74025724412375,-373.5784211398647,0.0,-197.0038087245859,-197.1637602555565,47.09088799635346,-246.1897520990822,188.620993646109,-88.06043051928481,-89.0484861667654,54.7017368051602,,
842,E842_processed,22.153053,23.147949,22.66283235122222,22.661556,0.1438209692548804,-0.5190083251815901,0.4807955823404238,6.887946081426476e-05,-0.0004484530998227,0.1399771490986593,-4.863009596449731,4.52189955037022,0.1882774204400959,0.1735582726363795,0.349660911787889,-110.17734,91.175743,-4.028607326970719,-3.6510925,26.83697558717236,-105.6194417464795,95.76222985671264,-0.0148164719607147,0.4376679787336414,26.83898225720874,-61.743103,129.48369,24.46561859578459,24.1756515,26.20586137638683,-84.37403106096724,106.4302907533844,0.0110499973727713,-0.239780252086806,26.13805540034634,3888.0686,3930.9553,3909.03353318889,3909.5103,5.690756907811781,-50.80321724076837,55.29054527450958,0.0161955329772802,0.0535357863275258,15.79501540278202,-59.49257518333818,53.26396639366759,0.0216585046480694,0.0505305075417101,15.99438558648538,-110.1345969636864,24.35776818625164,-46.19736637478078,-46.47470619838593,19.9120888114505,-84.1864124309308,53.41700763653386,-10.78103039757657,-10.55720645950806,19.82248293555138,0.2288764650232838,0.2216237601357019
1091,E1091_processed,-16.227905,71.108971,1.910534269987611,0.0,7.269179324415619,-35.19903401584084,35.06394987524637,-2.822259980549565e-05,-2.231387258054876e-14,1.908184065976064,-4.999955520195873,4.999960780127431,0.0155888768922642,5.032610049017883e-09,0.159789399186483,-169.34418,134.75691,-16.43047031900005,-16.455882,45.42917938192132,-152.9943487125766,151.258153607197,0.0423475891399749,-0.0093771658318047,45.42976872963682,-191.06412,163.85902,-13.90762068938211,-13.760904,56.90802801514231,-177.6157427913095,177.7654239473829,0.0228109683645038,0.0330321068632213,56.94729972752715,3790.7327,3881.0332,3836.186871305555,3835.4897,11.84175949035845,-81.36537657516004,82.45401977446811,0.0076423332108417,-0.1967278001548554,29.48280397175858,-128.8050239166654,122.1707867212657,0.0071662665788754,0.0660652264751098,41.27144888194294,-75.370714878917,133.202995504631,35.78401702719775,35.38966977318796,35.24856430035006,-184.7548035952935,105.9919475452863,-41.59580421976167,-41.72618002309324,46.55486767986935,,
1071,E1071_processed,-16.227905,71.617096,1.928049926383722,0.0,7.263626891687816,-34.13856091864869,35.62353387316743,0.0001843186774033,-2.0764211291303352e-14,1.957110723217142,-4.999966262192908,4.112176063599329,0.0138617480568193,3.64511356613737e-10,0.0899660444905382,-224.46048,222.33792,-5.713804007120389,-4.035471449999999,63.70875937734809,-219.2073285651834,225.8328634997688,-0.1158640671675281,1.497118743222051,63.78080307544161,-233.51353,287.93747,13.47192330454209,13.960514,72.07470385393044,-247.5652878049295,273.5811575929706,-0.026154713978659,0.6117792192216189,72.08369651193274,3799.4722,3965.5576,3889.732177394445,3889.656,16.08324577379494,-170.832624603618,220.7385843045458,0.1486803979418834,-0.9182836276234578,39.32638788868805,-160.7242243642837,167.591020966844,-0.0159335516969465,-0.3697495986698094,49.63811557857707,-297.1092376121085,1.832837924895553,-141.087534108379,-141.0028726729441,47.76078565103633,-139.1243520400915,218.8263166189377,30.34897333133943,29.38701962125466,57.45184565599327,,
979,E979_processed,-16.227905,71.705467,1.922292148940664,0.0,7.263346096329019,-34.24303969508676,35.54650070096477,0.000159675494014,3.682400075601978e-14,1.936454548587401,-4.99999999996755,4.999999999409853,0.0133020985951922,1.114387199912744e-09,0.8479006359535618,-195.06213,181.3837,-3.532483719757356,-1.93038,59.2079757503883,-190.1868034508009,185.2434960675759,0.0541688580525536,1.621592104782717,59.19054373553396,-225.46506,269.40237,15.9674051499919,17.160566,73.6828617108821,-243.2726208913475,255.3517854940181,-0.0576539928156411,1.233243519860437,73.87811329631938,3810.1567,3958.1729,3889.192309717207,3889.468,16.1503683705454,-146.66811074279,120.6905969688212,-0.1218122224519756,-0.6792601056381322,38.53648561445395,-194.2335152975919,285.5489618351215,0.1487058055867165,-0.3915412246456427,50.91886321961056,-66.05931430352067,206.1159035366653,69.121760351898,68.48379117388292,45.66016486679119,-405.9117599317608,0.0,-248.0570626884922,-247.4888333902423,58.4883584081706,,
970,E970_processed,20.646671,23.651428,22.0281489408856,22.038582,0.4298826304531496,-1.40413446389768,1.631046324486961,-0.0012333682020221,0.0091936933934996,0.4302026118214106,-3.814107039196633,3.815220005518454,0.1927699609312361,0.1752406912917303,0.2187864610147428,-237.68623,240.60426,-16.23099321708375,-19.221062,73.48599317687881,-220.9349141180876,255.9038180372354,0.139112922229434,-2.845273546189045,73.50934675845676,-349.54111,332.38568,-20.85670116294789,-19.337173,95.45622310668224,-328.1461615608132,350.1797037050424,0.0995699420243953,1.656587536024972,95.50400318908012,3707.7649,3923.8203,3825.92354355242,3825.6133,21.82526294945036,-167.5432481465417,131.7892939236841,-0.0486681144404814,0.6380621070660197,46.36215710121953,-219.1402099725501,188.8959544803051,0.0012974269030934,-1.009713442674752,65.21461301913774,0.0,369.6156972705368,209.8970178131991,209.4437167231871,56.11561074262855,-216.3991427030151,322.5372211643499,58.96318730215457,58.11329616137893,75.99235034400526,,
821,E821_processed,-16.227907,70.112587,1.889059280513555,0.0,7.228599319211464,-35.23295676214216,33.95647591294509,2.004066181726068e-06,3.71241920525599e-14,1.896054937448246,-4.999999999829392,4.999999999339412,0.0173018182539492,9.350939424821024e-05,3.81136149062763,-143.08284,116.72687,-15.24526357579875,-14.5644715,33.71014918441097,-127.3817307648679,131.8952652370249,0.1034774972440758,0.7298159312574796,33.81132974522688,-134.26234,99.619934,-18.29395499924098,-18.75064,32.71747513626568,-114.5508970788323,117.9933681887915,-0.0738613909908373,-0.4963674680200625,32.77523195322474,3813.1143,3856.8611,3834.19873575,3834.5413,5.618877414423619,-140.2995465914663,75.45691468270506,-0.1246044471845198,-0.2531741550537703,20.7974499017188,-82.0737088706222,150.3971073786896,0.1092457261097818,0.0367044633271056,22.05038741267973,-17.21884079341564,184.4364858911719,91.89679023891928,91.67315421010495,25.3650510233948,-197.2701574175387,0.0,-111.1897455639035,-110.8188409024133,25.66225815037869,0.226669173323353,0.214953928713215
861,E861_processed,-16.227905,70.556625,1.936500636529055,0.0,7.337844317343177,-35.16086791046037,34.53598032992556,0.0002847949087453,1.829765722144416e-14,1.907177026198259,-4.99983828731512,3.186011302834136,0.0132833352365024,1.4991297114603059e-10,0.1110050686614421,-98.225716,52.597256,-19.52142718327025,-19.2273205,22.55557640185982,-78.91131250181255,71.95116602895942,0.0172172669551608,0.3573686027155923,22.61579392318405,-91.85833,64.547928,-16.53849111512408,-16.250477,22.65268747027546,-75.05961929298648,81.4714737118624,0.0036697841997006,0.2095646408312634,22.67373311964529,3817.1575,3845.8787,3831.110005655555,3831.5071,3.367306800401413,-115.1732024081004,79.62944485510688,-0.066376393056795,-0.0244412914268485,13.48096940691516,-60.67984655649706,55.00017882967515,0.0241569673603211,-0.0756175593824688,12.7988183626612,0.0,162.6099662642771,84.35827636327582,84.18914569020089,16.51540126471737,-121.1415288245022,6.068204357664223,-51.03457098195375,-50.90355221338167,16.49443704614176,0.2349774145603137,0.2294206946103931
607,E607_processed,-16.227905,70.93222,1.948101729369722,0.0,7.340482547705102,-34.95145434699255,35.21308565725528,8.617902664819743e-05,3.2023602881562784e-14,1.933882376159842,-4.55288514098186,4.999930614158059,0.0156771591240867,1.052653340335466e-09,0.1037848162970672,-115.25457,72.9786,-14.83303927083719,-14.567342,25.25665990022996,-100.512398092747,87.93272192957573,-0.0176462253297974,0.2605222979512167,25.26119581384005,-88.016701,76.215843,-9.656143263758956,-9.98623135,22.14957128432741,-77.75064686056024,86.42358651233262,0.0011482652516433,-0.284206865670348,22.1994489251401,3830.2659,3865.9146,3848.155689383333,3847.9807,4.591145831004888,-66.90548474641596,68.54547077687388,0.0085693029676734,-0.2377829984243863,14.7760361016198,-57.80782660545293,50.38012441681792,-0.0185646369591007,-0.0382058638767839,12.41336569395547,-80.71740256700303,74.5223000086963,-13.47819349777932,-13.47538926229899,18.51597593010056,0.0,136.198254555389,65.49254043997207,65.80095844494952,16.16165504336296,0.2349860773110204,0.2322090555392275
767,E767_processed,-16.227905,70.114716,1.908766600097061,0.0,7.283659494868764,-35.21823744787356,33.98264509882171,0.0001265158607163,2.259137995444775e-15,1.906728659053342,-4.999999870188604,4.99999999204361,0.0149974414126771,7.006154123925001e-10,0.574669047805159,-292.59811,326.55328,-13.32834188327285,-14.795533,90.47246266605954,-276.4962178417204,340.920872386435,0.2197052366142107,-1.654192578710189,90.6017297356279,-250.62953,298.34299,-20.2105382535162,-25.692038,71.76623967370865,-228.3535434514925,319.3613879322102,-0.1866441584340709,-5.230212595285803,71.88665263647648,3705.0864,3937.2124,3829.716183065726,3829.1846,17.30563850666395,-445.6738729307928,255.0061574037961,-0.3521453177162343,-0.3582333666766715,62.3030547558275,-221.1707482015096,381.4724894094711,0.2867174311287906,0.4941630328334981,48.99931219503245,0.0,564.6114635824432,313.2189734788798,313.0036714065067,70.89724269827077,-572.0444451301383,0.0,-347.7296899756194,-348.3962299477542,55.52930063702119,0.2216484533320741,0.2194351353940025
710,E710_processed,21.486237,25.109619,22.69126489164861,22.679302,0.2973606764140955,-1.210014204991445,2.403322075565544,-8.133717789793176e-05,0.0011255551823422,0.2946853665624789,-4.452635556599315,4.817520964509912,0.2374762709551635,0.215215270395628,0.241110622616873,-306.65787,219.11713,-15.50986079095204,-13.031029,74.36784466880702,-291.1780607672472,233.9972207802645,-0.007840027918403,2.70051628459089,74.45404690503861,-234.27936,240.71182,-20.4681936112422,-19.356976,61.74697053774262,-213.9179289633488,262.0423137629247,-0.1326599934025004,0.8634949852824683,61.82257720269779,3782.7622,3886.3271,3831.551537472912,3831.0369,11.15671036756532,-161.0270597547602,123.2504129324293,-0.0591028930162988,-0.0024152980160661,37.66471032507799,-125.216326713016,185.1549791490265,0.1267454599588117,-0.4917730617882512,33.17504550103255,-34.71159247392842,274.7883811026572,125.2579480738097,124.7978317117463,51.61221126959651,-334.4696333364297,0.0,-176.6411153763397,-174.7646465188659,43.70924651447446,0.2372427332056101,0.2328589073665077
824,E824_processed,21.082943,22.324284,21.73953177572222,21.74688,0.1896077678422936,-0.646722561048412,0.6047587116638891,-0.000148214285737,0.0017530448384649,0.1877784752035853,-4.820589532952505,4.919457564485826,0.2028347130801312,0.1859009270040932,0.3305476925500514,-145.2926,108.19082,-15.04489812909341,-14.745492,35.09073065862721,-130.0711015392268,123.3292535115242,-0.0058888199388606,0.3124489863437536,35.10547305547977,-145.65863,112.41285,-18.16820624102882,-18.686375,35.5603074807465,-127.014900086473,130.7221456906135,-0.0120768972077448,-0.5446962203808919,35.56237140812691,3809.5432,3859.5393,3834.86003855,3834.5413,6.197819833168487,-68.4726267300079,63.79659975881526,-0.0084064005236418,0.1427958181773823,20.66336652379583,-79.62527556465625,77.90926159500333,-0.0002498651682844,0.2076926526730469,23.68554712904909,-60.77742168854088,100.839026621823,22.71164936468331,22.61738194727621,26.09510858936288,-93.41367398691156,89.95820531929647,0.377971944308753,1.054880766528796,28.08086750622464,0.2294175059644869,0.2106482283196691
872,E872_processed,21.265308,22.126968,21.71078845922222,21.707188,0.1197437117366182,-0.4407802933269439,0.4227133988615513,0.0002518051405105,0.0013721655857439,0.1167342943975239,-4.985477712496578,4.984684852951014,0.206090398494648,0.184784525706829,0.4939924318457218,-83.29142,46.207985,-18.19391707773599,-18.3630985,17.14060241628465,-65.10616065543527,64.14606186769743,-0.0182470074932738,-0.159741386317632,17.14479376640464,-82.093811,45.912369,-16.68488608567018,-16.796145,16.63792665787413,-65.36841498757414,62.84138491186479,-0.0167129312326019,-0.132697717856924,16.63422618748104,3817.6787,3848.9272,3831.719667311111,3831.1685,3.266846005011609,-34.86944589241388,38.19766831177246,0.0105776189993151,-0.2084452652771321,10.77592631642841,-32.93055304889278,36.94641241075212,0.0131628139239728,0.0751172379077543,9.82446283350168,-57.65498033015295,27.18045669867806,-13.22271183971353,-13.20885745136413,12.72947106371449,-59.86053772445861,24.893577973438,-14.85013370125611,-14.67650331746178,12.19640872867053,0.2516202377429048,0.2371601569628386
630,E630_processed,21.464142,24.115398,21.87869782561111,21.883923,0.1100877790727001,-0.3901417586267464,2.140204757348702,7.670739991745646e-05,-0.0006486685929192,0.108325710030632,-4.891791799838542,4.95636152228485,0.2206879078548599,0.2013931444601456,0.4197292053411641,-95.88533,57.690014,-16.90586357934028,-16.745285,23.0372643563574,-79.07933767323048,74.5933841641648,-0.0071876293292512,0.1958019679587022,23.03472732711919,-99.333939,68.750725,-19.46491351356282,-19.3703855,22.61878098660079,-79.7857179897032,88.38980925829503,-0.0041092655332347,0.0839917006691184,22.62086036403341,3811.3286,3848.8257,3830.741652844445,3830.9702,4.523078756402702,-46.45138051680178,50.13103151713227,0.0223796509470407,-0.1778960881153606,14.94542408269967,-43.75221234526011,44.62434839839037,0.0043982880442158,0.1397281609404388,13.4548815319017,-68.80417561751317,42.875688666107,-12.85920750464898,-12.982312755924,17.79113924467987,-79.40989968518839,30.6491213901079,-21.76627003387532,-21.62554545458107,16.9920011045246,0.2205688755194779,0.2216721007433804
682,E682_processed,21.508343,22.325813,21.92102592061111,21.926792,0.1057691788124802,-0.3968958332592903,0.4064940369716775,1.722891368934923e-05,-0.0013290068314926,0.1045163423249775,-4.998813639407135,4.941627282160966,0.2598942988760073,0.2362507621893793,0.4836716156121847,-85.50441,48.031685,-16.27358341841751,-16.40384,17.77669835924962,-68.74097117957474,64.15276554196416,-0.0343505771362333,-0.2154718370363582,17.79745433076651,-73.528252,37.061131,-15.33989703327678,-15.3126655,15.89171159702223,-56.85875572420741,51.61218365125637,-0.0121214743308284,0.0757290165130275,15.85640559598406,3823.8276,3856.8611,3840.861945283334,3840.7908,4.266068942410484,-46.64459838009015,76.87336956584033,0.0538371947658616,0.1627284198509869,13.40472664162692,-35.83300364062015,35.34782017060012,0.0230865814714075,0.0134830597609211,10.39643284176213,-107.4023356393265,0.0,-59.73658870855178,-59.69287787166058,14.541003002266,-51.51846113153384,31.26998108702112,-10.06168444482057,-9.772377797611608,12.27795196129675,0.2222010747008405,0.2316707376386742
911,E911_processed,-16.227905,69.628685,1.933831581091833,0.0,7.350887203924266,-35.14302666986615,33.28870748880646,-3.141365632487414e-05,3.899014370185581e-14,1.892814132117782,-4.999872485317381,4.999920701772846,0.0167367538505529,6.621405958058008e-09,0.1534580980889634,-121.02073,78.906898,-18.22816638509326,-17.9878915,29.8322596405514,-102.9389206024874,97.23546906451249,0.0025059542418359,0.2879470819739511,29.83042155325997,-166.88609,125.00328,-19.60960195710656,-19.706659,35.35352869382056,-146.7304283514874,145.0568160518657,-0.0414078389815587,-0.1190021098132172,35.36963913041013,3788.2517,3854.3206,3824.165388705557,3823.9819,6.070470923019432,-42.10690543083595,42.33198462436147,-0.0058823147308069,-0.1450884578365357,12.84099471706611,-50.44085798358249,53.4648793613741,0.012107708611599,0.0363424602827731,14.22368440023501,-59.37182424970301,59.07608263151012,-0.2450318766563769,-0.6134685389568701,18.88623864048691,-114.2065290878609,43.25297561418898,-20.04590947154186,-19.11185755438295,21.90217525639838,,
843,E843_processed,-16.227905,71.975174,1.946442221140211,0.0,7.350505766556555,-34.37151648763061,35.88720827259323,0.0002620180923571,6.491525854701147e-14,1.919327047466031,-2.451251784933728,4.999617388841083,0.0138505034734935,2.16871421880059e-10,0.0851792557558614,-100.81108,85.533195,-6.534011754286673,-5.96367455,26.80703028745278,-93.671003316697,91.03649688075345,0.0261342308017187,0.5057852345844234,26.81714886121877,-74.784996,126.04001,18.81780124402606,18.497344,25.42241518339235,-95.01367717574482,105.5949106515839,-0.0512588884238321,-0.2381511191147858,25.3871664290999,3876.8796,3920.991,3897.272782288889,3897.4434,5.274029663427538,-47.38446266119097,50.18299140463983,-0.0027321161540761,-0.0337048093877809,15.33023795477857,-49.30710147107876,67.5403237925535,0.0332261805726478,-0.1414251251878444,14.81832928859442,-73.41724312090203,50.50585236791941,-10.35031113616786,-10.2261220068826,19.68425674249702,-110.5865746139622,32.78615304904111,-44.77765180753741,-44.60225658134286,18.79478010495135,0.2299580943201458,0.2232111610737083
833,E833_processed,-16.227905,71.307785,1.903105407885167,0.0,7.209544488807141,-34.39199419060748,35.07653671395343,7.484414100099065e-05,1.8175832071257516e-14,1.938986561790312,-2.762368616222962,4.999484859366233,0.0155925091993477,9.18515920409495e-10,0.0940169780079116,-130.38622,107.08215,-2.114367723228018,-1.0421239,35.9087740124949,-128.0172853258817,109.6426583524943,0.0368237726186867,1.151317979296354,35.95483121573162,-92.369316,159.22685,26.86232005811633,26.9634695,37.54776684515969,-121.74856926106,129.592474378101,-0.0033899177743073,-0.0423631473976784,37.45401952374453,3889.9028,3943.8289,3916.505138522223,3916.7537,7.040410826691686,-145.1227459052277,95.5540281857123,-0.093235588036285,-0.1438354031436405,22.24445213169017,-93.30296092579697,76.7923879446771,-0.042658646802545,0.0662342113594698,23.20833236716347,0.0,212.7301517650332,135.1067533026247,135.2528277953012,27.07835226562428,-127.1255974949505,57.57396813752379,-33.44354510428087,-33.36507957748638,28.5711456797019,0.2227609930738715,0.2222425169338661
955,E955_processed,-16.227905,69.606598,1.951407806434167,0.0,7.386844338447032,-35.05548381870977,33.33427169502419,-0.0001720640256925,-2.484981659440483e-14,1.907488627437635,-4.997586954730343,4.832906356919059,0.0199983892723024,4.561226400787536e-10,0.1341486862406797,-226.54469,196.27896,-13.95765033561658,-11.1666925,63.37002816061844,-211.7770061666733,210.0220188699745,-0.0224032212847833,2.644860107718437,63.34959554089483,-220.0715,220.33954,-13.12463282325125,-12.214225,68.65455720786278,-207.1928664687799,233.8329519150645,0.0261770155960427,0.9618119612512296,68.65051797776076,3744.3694,3913.1067,3837.853305444445,3838.1123,15.44873474328819,-112.8229661480328,189.9261829073874,0.1246183054071553,-1.334297804905807,39.81731455862312,-150.691070406744,132.7006275807338,-0.0379719768810156,-0.6258978625977949,44.92029035661223,-175.8053536005766,103.0039272721374,-36.14230856338383,-36.33702000752737,47.95928714229168,-111.6895754450997,236.3054657808901,63.30517273411046,62.40313516488889,53.17621873246568,,
721,E721_processed,-16.227907,70.202896,1.894136969579444,0.0,7.244361659722581,-35.23247315902088,34.05388245079716,-9.850195697936526e-05,3.1119513776180045e-14,1.899419010930861,-4.99964126755995,4.999794729646656,0.0166346921312362,1.954930055331338e-09,0.1123505398134324,-219.64754,241.66536,-15.63095842378642,-15.35253,54.72640086355518,-203.6356398049284,257.3748223537829,-0.0454144739730376,0.1327828612839586,54.73894059812513,-199.21344,180.10378,-18.91132752389595,-20.6675825,50.65645844675558,-179.0537420599755,199.4779901104081,0.1045056513584045,-1.835543434428844,50.72580832186365,3779.188,3889.0015,3832.845689544444,3832.7556,9.867357560031028,-137.6983650595005,131.9136000457227,0.055343629526108,0.1921867216924671,33.54520495231135,-240.1254321256548,119.8909550623934,-0.1718174279500154,0.3322140454095512,34.06206687547758,-181.701813210415,150.6371801356162,-17.52113783406738,-17.11895932255228,41.66611460652473,0.0,325.3490569629504,201.5693545923789,201.9161374276055,39.9700730791164,0.2227683500769718,0.2116338850980135
977,E977_processed,-16.227909,72.224983,1.934379561326963,0.0,7.351535688676957,-34.57556446855068,35.88077936368346,-6.654359542781905e-05,8.320014100658418e-15,1.896665734404927,-4.999999991526805,4.999999995204962,0.0149743292318112,2.763424228199647e-09,0.8154667880679031,-209.83238,182.21205,-8.816082242305017,-6.3249049,59.54202662262537,-199.5371990569478,189.9494442939468,0.0891836399449533,2.532646606078522,59.58723799276119,-242.3199,241.24768,4.294189677902789,4.4555368,72.69080442528366,-248.2540122402955,237.9899949460415,-0.0595988357696476,-0.3683851158623241,72.76295378581152,3782.7593,3945.2473,3870.453954603034,3870.2527,16.05583153579282,-212.887475675979,129.8548350472978,-0.1679827645748449,-0.9318093551620144,38.61082061884692,-152.0274420349272,156.0313026902622,0.0080167429600834,-0.2860252634961018,48.53002218686242,0.0,304.888433101564,168.9229827293331,168.9213470880588,45.67039174431611,-123.3675839280264,229.6246866291309,51.46731571197971,50.90845066688632,57.11352231372206,,
609,E609_processed,-16.227905,70.335686,1.9550852004105,0.0,7.413030034585425,-35.18505333882568,34.26301824802725,1.592462815403679e-05,3.385933838062024e-14,1.891234872379991,-4.999998879727756,4.999987882126024,0.0149720058703572,3.968296936578156e-08,0.3232781125400709,-105.56487,72.787651,-16.17165266704866,-15.903532,24.65364268194923,-93.19973581249836,88.13718857748722,-0.0572241864614862,0.2014054669206751,24.72469509589368,-81.807243,53.764538,-16.69566465453491,-16.79096,20.91317466921901,-64.43185232570742,70.62042419841757,-0.0100051880378514,-0.1694461058208586,20.77738407905432,3814.729,3857.5291,3837.058542805556,3837.0654,6.029089939031699,-68.64187510400201,126.9467552460773,0.0785308893491021,-0.1480265055894334,15.81685655451138,-50.52319191875225,68.26466804865223,0.0391456968616976,0.1084922210706447,12.514275871219,-186.5123946965537,0.0,-130.128737228212,-130.0628014610389,18.74091990911417,-79.67378668770807,37.91679353615127,-17.16882415698198,-17.10770879390461,15.59277387614451,0.2288857629488077,0.2250530898767863
905,E905_processed,-16.227905,69.82753,1.962208619535278,0.0,7.431867980781985,-35.14002138024113,33.73756269777576,-3.919540869166549e-05,1.990393398731907e-15,1.893074031985403,-4.999921206467187,4.999899361566739,0.0177598934245795,8.815112268755609e-09,0.1528123740271136,-177.71341,102.71728,-19.90890027697447,-18.511529,34.72572232540251,-157.4869001090867,122.522313969798,-0.061396641395423,1.344121755407256,34.79810670908312,-151.67061,125.94414,-21.65001608214543,-21.3312,36.2594027830219,-128.4189779071355,147.3097026643605,0.0595400142667716,0.2754679443532251,36.26912030433216,3785.1025,3860.1079,3818.977093733333,3819.1152,6.53805863520489,-58.68905784435407,63.77373317213016,0.0195786533259802,-0.3316027909615629,13.9207544088073,-44.72175972449128,46.59976265823833,-0.0296767058171066,-0.0928928369140642,13.90797257187131,-109.8046595589747,66.34118171605046,-15.83200125270585,-16.00383916660082,21.30364501029834,-9.983071753242257,136.618563902269,66.80962402912496,67.72326161084209,21.92893067530456,,
769,E769_processed,-16.227907,70.068703,1.881704950671502,0.0,7.168274812796881,-35.0533509257837,34.16586464940792,0.0007070886550418,-4.681438049971587e-14,1.939204672635542,-4.999865148706996,1.26022443630862,0.0127769678537135,5.4897787381918725e-11,0.069923244071601,-304.00494,282.25241,-13.5707441617483,-14.4990805,85.47842300232023,-285.9644591849895,295.1454970990847,0.0117088535983381,-0.9312047451256468,85.56071142303107,-246.07263,312.01367,-19.65989070125088,-23.5276545,67.74177999788768,-227.8284800059914,332.9763951519013,0.0655656943130869,-3.802802234671769,67.75221811583144,3746.1548,3937.2124,3831.114362793153,3830.9702,16.54668411741144,-226.4489152069719,185.0188209193725,-0.1335025607693028,0.1530555397743143,58.40414563924595,-145.4029736836451,129.9393451687741,-0.0913681424783565,0.3768729980693557,42.72685293308513,-40.79711950755102,406.7028351523619,172.0898229536452,171.938589621042,67.13458209868493,-54.32827584802098,297.1702752568365,103.2870847638072,103.2241003097523,50.73185078324629,0.2167116885214795,0.2261607326342414
1043,E1043_processed,-16.227905,71.15313,1.921238895288278,0.0,7.298097578814216,-35.20118259482506,35.12177782287739,0.0003731433871048,3.664774660888196e-15,1.912569145733231,-4.999858231391967,2.344129269325597,0.014472470468842,1.3609946876947e-10,0.0744301582409404,-261.60974,256.3064,-14.3030203711873,-15.088119,65.9677447518166,-249.7610173210136,267.0728925035905,-0.0847883759814866,-1.016896287335533,66.00654370258306,-314.22055,336.46921,-12.27871432644379,-11.9993235,78.1131641387422,-302.9377612225668,347.3984359121442,0.0978678158999794,0.4224505632090279,78.17982303626322,3721.8962,3958.4844,3839.536852555555,3839.6973,18.32377538765117,-142.1505896413667,126.6856599331933,0.0918666654764763,-0.2602233511631216,44.09414872327616,-241.9737395833573,203.2650088076336,-0.174026006550276,-0.1708450847809364,58.31847901083496,-240.1083853656598,78.16117852970937,-82.23922854880625,-83.90004560281912,51.68407731074828,-21.05521658658659,458.9671250187882,193.5925823430705,191.7861493180157,64.88691055890895,,
717,E717_processed,-16.227905,70.446129,1.909782031730056,0.0,7.287843390783456,-35.23526431740061,34.3144956546064,0.0005292094203773,7.615006794508316e-15,1.897345128095364,-4.999981342300552,1.910316054011535,0.0144627902265518,7.351180695770166e-11,0.0733750905493095,-212.48512,204.52689,-16.27069035824426,-16.72758,55.73422569373046,-198.1670824532418,262.4027420193194,0.0217497166550399,-0.5803565679269922,55.7476696862182,-224.6284,202.38,-19.05859657905874,-20.8554765,54.44781960585142,-204.7580907324422,221.9323411694052,0.0265751245026532,-1.745586890161866,54.4400753127485,3779.188,3873.8242,3832.242163016667,3831.8628,10.13624489755373,-313.8584253708726,227.4222201823409,-0.1789604116582251,0.2328983736432555,34.55931641200674,-104.0544091690608,113.4928487252727,-0.0276964491411686,-0.1527429975888354,34.5244899633964,-13.83501549420123,361.3186511632497,136.1461182574931,135.4706358761487,41.65863231440434,-122.136500723706,157.2738456503281,36.03786429632328,36.64555015813842,42.0030130119568,0.2271782036921942,0.2170336225919472
989,E989_processed,-16.227905,72.213631,1.914309414114889,0.0,7.243680718687945,-34.69630539404316,36.29815632820712,0.0003458571555226,5.1943570855407424e-14,1.933097728816289,-2.689863182553616,4.999891190747149,0.0155519364592861,1.1188201863487748e-10,0.0898521394077186,-190.36316,207.22708,-10.37877661886639,-10.44578,54.63040978842878,-180.7267118622289,217.9343325265108,0.0175827484107484,-0.0364861010042874,54.6258867061883,-224.68124,211.81639,-5.045562559061978,-4.52461265,67.16514549476517,-219.264411213421,216.7587224412584,0.0578152800821039,0.5704650927157546,67.18729482414558,3781.8538,3914.9104,3854.358189877778,3854.1758,14.65654570880243,-111.4138749602628,113.0800729749835,-0.0428804636618955,0.1687216281950992,33.95877091683084,-142.8606749993177,153.186823811187,-0.0936563958216256,-0.2491357712926594,43.77942439631911,-135.6929721111734,153.3229320292705,24.17598406617206,24.15504550819276,41.47589623826076,-40.72463748152732,290.8227990841287,109.310801587108,109.3453076547238,52.09608136448867,,
718,E718_processed,20.955986,23.342117,22.02169158388889,22.016487,0.2904297047012465,-1.054560056509057,1.270059269900214,-0.0007300963694364,0.0033776374845199,0.2897670472811377,-4.911241045112763,4.711301467566386,0.1989229756162858,0.1834313350626872,0.2474735311731918,-202.93523,187.69917,-16.2542919318707,-16.593461,52.57564858682871,-186.1849879798077,203.1508211545109,0.1206206997790544,-0.330456032712704,52.62285148304881,-159.35402,173.35695,-19.05400118463717,-20.8294335,51.13832693421237,-140.2135432176003,193.0489144091679,-0.0210720572490314,-1.852648523621987,51.15247010823629,3789.0088,3875.6096,3832.100355716666,3831.8628,9.889688587023798,-137.2054174467775,114.6383715630551,-0.0849158903726135,-0.4118222871219448,32.25806265823248,-101.2626410991167,96.83435659565498,0.033165938403421,0.1004697619035149,33.07489852585547,0.0,301.5790153394361,164.5853580743466,164.4588924716936,39.79277451124221,-200.9112812595234,35.29850757978005,-83.0921977356344,-82.90681804713785,40.0358032356031,0.2212123222212274,0.2111107093757668
1005,E1005_processed,-16.227905,70.00425,1.950171359384111,0.0,7.394673889394123,-35.17042846975281,33.89319525811632,0.000622226021632,2.7184348131425237e-14,1.892950420107035,-2.260305415365525,4.999836715392311,0.0139825194897712,9.053696277261126e-11,0.0800584104948201,-228.67119,166.61397,-16.23702593941156,-14.124476,53.73092759597708,-212.1301237979557,182.074446393571,-0.0686129835874778,1.933622633858672,53.75384880095101,-223.0273,193.81039,-18.49468505921886,-16.7743675,61.53818254457061,-201.0193661767675,212.7638096663177,0.0529304966355698,1.695094984590508,61.60864019104291,3772.1899,3881.0247,3829.083123994445,3829.2778,12.87734098488255,-119.7905663275325,122.1488827351025,0.0784716959691623,-0.7671831266516982,32.42342529416752,-208.7085985753036,119.6166642046042,-0.1506263073865959,-0.5490515894246117,40.4868793944789,-230.7060037909606,27.78316554934121,-87.00383761526429,-86.74488877485203,40.05344372833209,0.0,310.0152970509889,160.452632277667,160.8182907764171,47.9625036344442,,
1004,E1004_processed,21.685081,23.430492,22.63932059614423,22.657207,0.267444585146342,-0.9584704227904796,0.8246886049158418,-5.834774297210099e-05,0.0106280728836696,0.2665213031424422,-4.925185939021735,4.980038320118994,0.2161824181121301,0.1983727083174852,0.311462424080301,-238.22195,164.51292,-16.61586664196361,-14.496525,51.91208684908108,-220.3885235282356,181.2385036811486,-0.0358100775601037,1.810024456147183,51.91771068611454,-204.5331,171.82675,-18.52098963779292,-18.483219,58.830035820295,-186.6868619103228,190.8448138485037,0.0645577403963479,0.0892583651583036,58.88881292096045,3777.5247,3881.0195,3829.561604855825,3829.3252,12.40356779737154,-102.3878480461509,104.4134508537508,0.0446115856329526,-0.5050910221630538,30.72120325243849,-114.0148988287781,122.1836307843883,0.0079643578678765,-0.2877892129601847,37.79938402363017,-164.6260526123092,87.30587469978242,-40.37634851169221,-40.5519140893234,38.33334018147911,-122.1196514538748,149.068752660025,11.4262560107509,11.62747301236926,45.707605203646,,
694,E694_processed,22.215332,23.253742,22.79561804827777,22.789772,0.1216718562178718,-0.590586117963086,0.4399941775855933,2.135103157528335e-05,-0.0003002715168015,0.1195466334084009,-4.976260900202043,4.686551830233595,0.2561112225390599,0.2335429654575734,0.455866673837738,-61.456917,57.118767,-6.098186610443744,-5.8281982,16.35116150960006,-56.2967774601767,63.39823108948603,-0.0360964028878048,0.234030965851304,16.36241444036364,-25.781378,71.507904,15.91454440374086,15.528335,13.77662888658297,-43.42076711449289,55.69886295658689,0.0149314568061951,-0.2755483965471637,13.67082390885582,3870.1941,3897.8425,3885.380841944444,3885.3445,3.741710063416259,-41.45291343074875,43.23250514903962,0.0268255005973199,0.0224533978714536,11.28780983055831,-30.58295708769357,27.08661300806072,-0.0178727642209482,0.1489041078896496,8.526627646944828,-77.69925577262946,12.88709138606256,-34.79422550203961,-34.86684216284081,12.40654179335097,-7.300842128472844,61.56810237322951,27.33903762194382,27.25223892476134,10.07294619113089,0.2633816702206399,0.2555708197413636
963,E963_processed,-16.227905,70.048386,1.916645179594,0.0,7.304456954041068,-35.06732680390478,33.10264881827706,0.0004158741851036,1.36000563035976e-14,1.900632347239057,-4.999970798149228,3.309498357290353,0.0138740188276388,8.852402505420945e-11,0.0775916969737315,-240.86954,242.72644,-15.84120487336344,-17.64017,70.62747567910286,-226.4947381987788,275.1283263502073,0.0708841178087099,-1.889550825061201,70.74205497155987,-326.22049,280.91953,-16.54212742094887,-16.284416,91.82762737283409,-310.0841069516975,296.1721367493504,0.2163095815329884,0.5309158718572751,92.0362261383208,3731.8701,3920.2493,3830.199999611111,3830.9702,20.58603417014589,-134.3010033542122,132.2141985437623,-0.0195079050431391,0.5631701088688637,45.67216940104322,-228.8891539765636,250.5974630733324,-0.1702546492761295,0.2610450398647366,60.39155578008224,-249.3177553830429,126.0168721555099,-81.12074235729678,-81.19182734638956,54.95893727738654,-116.6830982686033,399.5197871598863,158.5507920506766,158.7170934745736,72.0031833749727,,
667,E667_processed,-16.227905,70.512436,1.9136758898655,0.0,7.310645047557533,-35.28112635685291,34.31647070690468,0.0002330965412588,4.095638102218443e-14,1.881214584107776,-1.658781538118897,4.999829224163667,0.0160829946649451,1.94220218228605e-10,0.1176566880889262,-91.559143,51.232685,-17.57421628457163,-17.715381,20.29596374326172,-73.92115041632978,68.81794692069238,-0.0116796482980331,-0.137192283206127,20.30637206839314,-75.960899,42.254257,-17.33096030311144,-17.6004495,17.88740565277187,-58.65347556633654,59.52023433207974,0.0011574009439605,-0.3436010688235122,17.91087159780158,3818.4719,3848.8271,3834.258026955556,3834.5422,4.007119470002992,-44.14754745167696,43.36230628632605,0.021490504916291,0.0038217551188699,13.25151171243657,-41.00772988197079,41.74885164208979,0.0256434956033843,0.0929970339687028,11.48994138018368,-84.3980705828534,14.52466937830666,-34.59888626603664,-35.0250159664032,15.69704613021945,-75.10026826651998,17.21691185097217,-29.98922780549028,-29.92173393124828,13.96046067067785,0.2205641637387614,0.2155289073724985
714,E714_processed,20.933891,24.027023,22.34466874505555,22.347893,0.3113954536110757,-1.392273418371014,1.572387028600264,-0.0002399343191138,0.0073173193668066,0.3098389903144699,-4.956698519065933,4.538305150721055,0.2060623177419664,0.1900241634411887,0.2701205115031747,-224.95305,177.62204,-16.58074448142721,-16.7667725,62.22919093859174,-207.9343745464978,194.3005460135654,0.1224822483661714,-0.1548195361015843,62.38558118605532,-206.13275,200.25563,-19.21437901618739,-20.0369855,54.24910707545918,-185.3879599353311,221.8197973517539,-0.0750155705435613,-0.8335508454163829,54.42471274802462,3780.9736,3875.6096,3832.379054922223,3831.8628,10.39353047289726,-126.3759101659046,149.7353003637485,-0.0373647228146074,-0.0449979309844407,38.12010394000171,-97.88297365625697,131.1824935160875,0.0399824551805741,-0.0155555318146321,32.74995548063585,-135.0099301995431,218.3479334234353,31.05586153735545,30.79599407704038,47.67586226933496,-133.8598741615138,198.5381412700673,45.28790770415046,45.98166634655801,41.23562680877478,0.2182951001807218,0.22109600299591
810,E810_processed,21.928055,23.408398,22.69247864372223,22.679302,0.232900251197093,-0.8151494593294362,0.7494603684359022,0.0003475346385812,-0.0009143013547621,0.2302336527895197,-4.543116227819773,4.92053240731745,0.187193086151533,0.1742233533989946,0.2845395512854771,-188.13202,111.672,-15.79067055176422,-14.1537385,41.18138844391697,-172.6081082580434,127.4083912198945,-0.0173988099705059,1.609905235156248,41.17863576044135,-156.48906,125.66424,-17.95098197754588,-18.0936835,38.16576792834079,-137.4642600830001,144.1038833615718,0.0232993257688066,-0.3293012697216957,38.16321119496467,3802.4006,3860.4321,3835.177178616666,3835.4341,6.471394694256427,-68.46954768030153,80.27883687436568,-0.0293686952219278,-0.4883353264548909,21.7416706544412,-70.20414307551543,85.7391097412449,0.0078124988487027,-0.4840340207461008,21.93639481968531,-107.4363863982951,106.470966984742,3.165741329578195,3.168557030488278,28.7880699818768,-116.6444227783867,80.09365097732679,-12.37354501371832,-11.74128306734342,27.70846054132302,0.2384557580236318,0.2343830308209024
860,E860_processed,22.038593,23.054909,22.57699073961111,22.568844,0.1235321386194361,-0.4950815453029223,0.4755905891760032,-3.585352284506365e-05,0.0001509738116131,0.1168888005106166,-4.930066759979773,4.907034292227792,0.1927535285650457,0.1718272039290197,0.4378305334573838,-100.45577,56.878826,-19.58240176385035,-18.938811,22.73550165371265,-80.6811064466024,76.54503037376031,0.0288227930382026,0.6603350263999538,22.74717244512754,-99.468887,64.197762,-16.40513081983936,-15.87557,22.54408519534965,-82.68265656808423,80.70166422390844,-0.0317178849390161,0.4806783951841656,22.55895995772957,3817.2979,3845.8718,3831.524676894444,3831.6194,3.284888271994434,-44.06905554289394,65.81030327202457,-0.0300898219603035,-0.4971507407065356,12.59138140563474,-45.21799119752363,48.74061518077928,0.0272683388577107,-0.1088331870026187,12.5231165255604,-34.9958544938366,90.92290184651296,33.69047149316096,33.58790755876574,16.19685559829679,-86.48710543486159,24.45615409936223,-32.11665370989533,-31.96979319759301,16.26080754145947,0.2333022176515417,0.2318013305192348
668,E668_processed,21.530434,22.325813,21.93813616861111,21.928123,0.0993680933613614,-0.3922006891125399,0.3653388040834769,-0.0001968861550959,-0.001347903122819,0.0963732371584314,-4.996192877560362,4.970475948305233,0.2277228894765521,0.2107590666624016,0.4762549704362066,-94.808311,68.738686,-17.42577277978703,-17.593393,21.42792986340206,-77.50226366540141,86.3018787205877,0.031362217445327,-0.1243622613321871,21.44264961765209,-88.543556,64.673889,-17.32075324899436,-17.410693,18.88813355861241,-70.99132750365669,82.15293390194135,0.0257522690249522,-0.1147779901135629,18.89931399456862,3816.7187,3854.2163,3834.644618555556,3834.5747,4.278546150300096,-48.18525623677004,47.75861008718653,-0.035292759647536,0.0039936297880793,14.13661499106446,-49.72213646016663,44.7328107929667,-0.039117528764815,0.0169740450676583,12.08681285235086,-20.30868904643139,94.93356547925976,35.82658753092414,35.88431360139166,16.70197566673164,-30.9256901611773,84.77790790849865,25.52298666958066,25.59277562525372,14.70990451738352,0.2222489762144624,0.2178206742235974
992,E992_processed,21.221111,23.297928,22.39684941533334,22.392082,0.2806392604966983,-1.13846305666521,0.9250355999907808,4.822461132300375e-06,-0.0007107105239324,0.2798541490154388,-4.567958873671195,4.776339301210617,0.202757799871748,0.1852282781859226,0.2608442304117082,-176.55101,176.57764,-12.86701293095592,-13.435169,53.92647800751789,-164.0459668609267,188.2053245265672,-0.0756930955631298,-0.6809316537617125,53.99258333081099,-223.07286,178.18393,-12.5206809482536,-12.6570715,65.43211516896754,-212.3340684873812,190.9246600940685,0.0049047247260212,0.0706938853906926,65.46170984825824,3785.2202,3896.8479,3841.773691805556,3841.5093,14.25716944962817,-117.324232383977,180.7399614499788,0.1113869652699767,0.3846282760125392,33.45469017161415,-141.3194869270032,140.2288282990391,-0.0660817742870195,-0.6299493926547663,42.24020365021308,-303.2657574255032,0.0,-175.4613999847866,-174.790939161554,40.72218472053854,-49.81940341208946,273.4334795221335,93.46052160474238,93.4567489722703,50.62481371132723,,
944,E944_processed,21.309498,24.004944,22.57024866014778,22.590939,0.3946538805119484,-1.271593340934355,1.455358318344912,-0.0002171124224067,0.0135135523924881,0.3936403045027388,-4.141037702275199,4.638908876564463,0.1930518631278308,0.1779044629040141,0.2421192740174773,-247.50827,248.83577,-14.14126873443745,-15.551748,73.94091123469298,-233.4172011012841,263.0296559262021,-0.0771920008648705,-1.550247682475769,74.00420975693866,-296.47186,274.76816,-13.54898503687755,-12.555576,87.65627967732358,-283.8624775811791,286.0513472854381,-0.0287373567605138,0.7750264359807311,87.67417180007075,3733.8437,3935.6248,3835.064571070615,3834.7156,21.11786212988605,-183.1911066574501,265.9550913428248,0.1834591553597897,0.0169958666201495,50.68321461851195,-199.7517934267358,203.7832096076707,0.1256588140719641,-0.9277307186516736,61.32896026730278,-353.0325677441562,0.0,-181.285088512649,-183.0906742324521,58.6484264183275,-281.3214496662905,129.6704267222901,-105.9740403428276,-108.3127469988087,70.86844711989797,,
693,E693_processed,-16.227905,72.169441,1.945926274669611,0.0,7.326391648450734,-34.44782101811337,36.24562298375506,0.0001080040242734,-1.625946095689362e-14,1.932779769981018,-4.999652456976237,4.999915749375696,0.0149546111089487,6.643316445863643e-10,0.116981176408371,-67.070572,56.96191,-6.827343436414337,-7.173158150000001,15.52545270899356,-60.00437436454223,62.43193372836095,-0.0039938921152419,-0.3628961395787331,15.51073158220506,-33.764999,73.552765,18.2883149533515,18.1759655,13.41618161923672,-51.40005226603456,55.43845928175801,0.0170330724251044,-0.1479266550035137,13.39990918919823,3875.3738,3900.3762,3887.147401944444,3886.9819,3.032404548712297,-60.34407960033813,41.43059085041331,-0.026673072662246,0.1254954638457688,11.4589795172525,-65.4869130939016,34.38675280278024,-0.0493037818425564,0.0127146335889577,9.01142516020002,-34.61940250569432,57.88463138952794,9.864603190558798,9.788685534262502,12.31019718987995,-19.568904244934,63.79774974994631,18.02966521767593,17.95222582397669,10.24667157369044,0.2416193300899488,0.2344566302628608
754,E754_processed,22.259518,23.806087,23.01822516551839,23.032803,0.2246592315559357,-0.7743947984071118,0.7948723308407081,-0.0001030079594626,0.0032729002835694,0.2238128533764421,-4.889709259482561,4.921350901282612,0.2510698206181028,0.2251044874649215,0.333419205501877,-208.77136,186.14667,-13.71190229128413,-12.776358,52.17470652173718,-193.8386204717248,199.0607298406933,0.0708893899755952,1.016346096480624,52.21883962515773,-185.03015,201.30801,-16.45937209926276,-17.5693415,50.52859284859593,-245.6462712311553,219.5016726614584,-0.1811362274953315,-1.248160682955173,50.79171030169087,3794.3762,3897.0408,3839.140424174909,3839.0073,9.265754970733555,-94.433406404109,98.65971556259274,-0.048065690830215,0.0584373356210896,28.03560744850206,-123.2159991768603,182.3605501117319,0.1792688176325096,-0.0514665795840545,29.02412758506911,-182.0542994350232,125.6092582498098,-19.29637855832885,-19.52472802476233,37.27058587759691,-323.3412450447848,97.54518869396094,-96.66228066324211,-96.30390399980053,37.36552330867241,0.2349984361191279,0.2333512889780119
773,E773_processed,-16.227907,69.556198,1.892125422997422,0.0,7.236418587299823,-35.19740906204822,33.38685351817409,0.0006964743623662,5.03904215941331e-14,1.903897175407718,-4.999740041422861,2.775221602284214,0.0132896908624651,9.451760365394515e-11,0.072856791503,-320.452,285.17044,-13.83563478121071,-12.5775615,79.17761176934356,-308.2881143767529,299.018714090089,0.0299739368670183,1.231232417370475,79.17389534861906,-276.89874,326.75659,-22.14821862665971,-26.954631,71.4689106189961,-253.4885606968759,350.2735337157853,0.127772393872799,-4.668149577409781,71.53604450194287,3735.4412,3932.7483,3829.674445610624,3829.1846,15.72975057268375,-184.04091215336,187.0816294295119,-0.1195884456524452,-0.3818690238574067,51.51225549967454,-178.2351249911498,148.2702733305113,-0.1077073363263178,0.4596388532948774,45.76279267915204,-145.2336485394175,262.6347287063314,62.89392253577557,63.24496342442271,60.50019162964219,0.0,403.9120228567796,211.7402424861921,212.559710217425,54.19942283922337,0.2249969889319781,0.2222599085181977
817,E817_processed,-16.227907,70.398247,1.905252168689333,0.0,7.271234488420659,-35.24401073850328,34.24689146631421,0.0004213540345877,3.25826013664395e-14,1.894203816659996,-1.222186219711678,4.999895098286796,0.014894183578008,1.2811556972906729e-10,0.0811273510579188,-158.98531,101.38039,-15.45489431120073,-15.1544685,36.23424385720391,-143.267728052164,116.8047050736184,-0.0063966802721771,0.3071834287189721,36.29665767798038,-156.72566,119.88223,-18.5282944662407,-18.7755515,33.50554297647703,-137.872963723339,138.6740616043715,-0.0039310236398812,-0.3354900357099402,33.50179565607382,3805.9717,3859.5393,3834.065362616666,3834.5413,5.627470304406054,-126.8113037315427,91.20608142275626,-0.0766167327496659,-0.2583290018131393,21.21437798949738,-68.5464396993757,78.24868686244321,-0.014459707262904,0.334759141654799,21.20311244702307,-16.59438570726945,157.3716147431803,65.73289787002597,65.44488980624655,26.69606125429641,-119.4192907030674,56.8518544542276,-28.44158040120288,-27.8338970237761,25.71505210154371,0.2360619454260203,0.2205412091250907
896,E896_processed,22.060688,23.275845,22.75634842016667,22.767689,0.1512971340067998,-0.6360971037171192,0.530404372754236,0.0001686887938283,0.0040871615384619,0.1469715853811199,-4.982538327755414,4.920340944274928,0.2888594801092036,0.2609106232312815,0.4800479815127027,-114.90752,51.347881,-23.42018276797816,-23.4123995,22.4483135235734,-92.01386403908776,73.80805165793771,0.0130522843487425,-0.0406439771693369,22.44397490805484,-104.65931,65.274361,-27.04918607242791,-27.7708195,21.11441568351566,-77.48623947863034,92.28946194282469,-0.0373963014958365,-0.737097302372973,21.12730828615404,3790.6404,3830.0723,3811.150689777778,3810.4851,4.343784400621947,-35.70016401842214,38.3906744427471,-0.0209678601224355,-0.2223987375533869,9.632791072486093,-34.4853493414257,49.7094443172403,0.0412026660050475,0.0109884081839561,8.901948791584406,-41.19646304473564,58.45765273205229,11.19757808152552,11.24620262605064,13.63453490364053,-87.16458242089095,4.48074900227483,-42.16409011394455,-41.93153507336783,12.76873562761622,,
1040,E1040_processed,20.646671,23.518867,22.21026961227778,22.215332,0.3971583545817252,-1.540068212896864,1.313595367867833,-0.0001263460921733,0.0102156225452147,0.3965646686205511,-4.994317865858015,4.817333048636022,0.1943185341422831,0.174971288814663,0.2354792131114664,-235.08617,237.4687,-11.48758444514188,-12.596071,71.74855849129861,-224.9901483039285,248.7810797101367,0.0689086256210192,-0.97556832371474,71.74212709260162,-286.62491,287.69739,-7.814756981618499,-7.27606105,83.86091421674797,-280.0498707104957,294.45446543283,-0.0425482325290498,0.7336448115571745,84.08913582546751,3749.6733,3944.3457,3845.950641283333,3846.0583,19.64985048557667,-127.4515852976298,130.4065126906743,-0.0280877175302746,0.0506983086686299,45.80300338369918,-203.5904362063732,195.205485656154,-0.0686949344049895,-0.4604800337249699,59.71241387369088,-136.9459048203187,178.477655852583,30.3981745775346,29.86486269565047,55.12040372531072,-74.55680352792928,456.8760117532495,175.4505800623707,174.0039178545153,68.42389216324247,,
945,E945_processed,-16.227905,70.22522,1.94125782632098,0.0,7.33784514626845,-35.05008628672294,34.32600801696024,0.0003357579242492,-1.137906068073112e-14,1.92092509615425,-2.766227441898513,4.999660711800478,0.015584284486065,1.44824083655689e-10,0.0897813063664886,-237.16093,278.53885,-14.43527535168249,-14.9357225,69.71254632971151,-223.443102390745,293.4516729698415,-0.0094889907354829,-0.5747249114645232,69.72093551853456,-280.116,294.32251,-14.17024308424581,-12.0317895,79.06943481368026,-265.8637262429796,307.5400944380919,-0.0824260944227038,2.010110443658769,79.08368464076206,3718.4822,3943.4661,3834.287971191244,3834.5842,19.15529107542521,-151.9716952367216,148.3190950516665,-0.0197880171543367,0.07084189632881,45.98306300950914,-186.9995036339629,178.6293148560806,0.005300538696377,-0.125020423513508,54.72736082684828,-273.4390684514846,81.28069254257831,-85.73229844199486,-85.72392523807571,54.46026296026719,-247.3403524583672,169.5964287330083,-67.49608055480502,-69.70773018563538,63.45410328886422,,
889,E889_processed,-16.227905,72.147377,1.919632604890167,0.0,7.254388535026894,-34.83736346227269,36.32043459839642,-0.0001419418076672,4.882521408024453e-14,1.937688390110915,-4.999904627204534,3.505542362777018,0.0116377385088292,5.148766733144647e-10,0.0887993090069591,-55.283695,39.295326,-4.250481236623384,-4.2239921,12.60036971856184,-51.49959124581559,43.23535552349136,-0.026774753265301,0.0312811157882648,12.6100232256366,-31.31851,59.519081,13.22149805700727,13.056417,12.73244557472005,-44.25495268129039,45.65529739604157,0.0008113189918821,-0.1433108984733699,12.58202513542192,3877.8162,3903.6987,3889.871664144445,3889.4263,4.138810960274764,-24.28002122511141,44.11591404654253,0.0277389514863408,-0.0128875673951546,7.645219329547841,-20.83207017720593,21.81871660207363,-0.0094623561357058,-0.0045820579500099,6.85768709231478,-59.31468779949935,1.150819012757658,-29.47661408648724,-29.4467247417768,8.894754407963296,-13.7423009523952,44.41952255251685,16.29071902426896,16.35355142783829,8.741286347394265,,
993,E993_processed,-16.227905,70.821716,1.924554191242389,0.0,7.294226860242326,-35.1001570979095,34.9136335932874,-4.604959165297553e-05,-5.550681877689994e-14,1.920766734909717,-4.999998103331968,4.999996127581961,0.0149656666854137,5.655009260683832e-09,0.1691530705944952,-201.38251,183.2529,-13.99605718790842,-14.4380635,53.80436016773829,-186.8292047349318,197.5054679016786,-0.0755088814407223,-0.6909915228173031,53.82815547330055,-214.48512,193.88208,-14.08883545783666,-14.065191,62.58226245113429,-199.7615809977699,208.5817340207622,0.0487034576119301,0.1706631579794555,62.58316117677284,3774.5103,3900.4165,3837.217217466667,3837.0022,13.8151843917253,-108.6324485613302,100.1279208005388,0.0404918614552343,0.297448832757925,33.00931374657281,-117.5574597403818,118.4110686586976,-0.0026499468947174,-0.4927457347218791,39.72353692884515,-215.5083541534996,66.45832529379943,-68.01527587452577,-67.82242661621572,40.74803318289311,-105.0751877698132,180.0751942987898,29.3193538521786,29.76024880139229,48.03067719030305,,
983,E983_processed,-16.227905,71.572906,1.9291239368145,0.0,7.303807443519629,-34.37944827033805,35.24083066456004,2.075152757605462e-05,-2.257033050173351e-17,1.916020143665051,-4.999999570977534,4.999999868820575,0.0155183295297828,4.513071954762265e-08,0.5280054817467821,-197.96146,203.00151,0.4055269781073555,0.481230185,60.15631969617055,-198.952182932224,202.930987779569,-0.0434332252791731,0.0565318403401975,60.15586387335388,-199.04318,259.83008,21.27020391081498,20.9283215,73.18169481568299,-220.7342965187356,238.5947768514254,-0.0292492371387344,-0.5425474096210965,73.21326068739174,3813.4897,3975.1436,3901.708013388889,3901.8694,16.38359636039061,-111.2558866303299,123.2746594176063,0.0905465968195842,-0.0589411833104747,39.11360427135143,-160.3118620976652,157.9248571775866,0.0583199196045917,-1.09592309969403,51.35387924513704,-234.0006487032529,34.14747346253056,-101.8461107093419,-102.8267377238217,46.46065937676085,-288.4322009852505,87.23817908488873,-121.0209903790229,-122.1362551521521,58.84874301208931,,
696,E696_processed,22.436268,23.518867,22.92696447116667,22.922333,0.129835213859,-0.5229917119903437,0.5730583714686858,4.287899447468657e-06,-0.000589232455003,0.1282362268857556,-4.767252088778497,4.850211405804862,0.2766052719581963,0.2483753418187317,0.4297683403177491,-88.300804,63.690899,-11.86135447172023,-12.0536655,19.95421145986059,-75.68028616566616,75.44593940893778,-0.0035223954302949,-0.1654614209208127,19.94349852833421,-54.653683,81.26812,7.578503585531816,6.89444495,16.64732485218728,-61.13492942873509,74.71023098431212,-0.0190380939782546,-0.7542710704346609,16.65674605724049,3856.6548,3885.3979,3871.15381585,3871.0112,3.388374888417688,-41.4704818834956,36.81198651080621,-0.0067321166558684,0.2253487128828144,10.71220393185967,-28.0554788005909,54.49350321970302,0.0254909953464822,0.0181181221562207,8.566411615311873,-67.7127180861245,31.07762072391976,-17.85299152205639,-17.74388593207427,13.24594723614946,-98.64540676873,0.0,-51.60992816365687,-51.55294953280928,11.03235369338576,0.2766572716381809,0.2666515944634083
892,E892_processed,22.082779,22.988628,22.51094993272222,22.502563,0.1098386284682913,-0.4188157978433152,0.4728882227184178,-0.0001468532774988,-0.000235984110269,0.1062957087040026,-4.97975204169469,4.990224117396522,0.2363936865562577,0.2174236335909759,0.5115776851074914,-66.805222,37.858597,-10.92078756127085,-10.7403725,13.18414554712353,-55.32367435300061,48.96551694468531,-0.0158759624475138,0.1817237505583861,13.18233987792267,-53.444706,45.782337,-3.306512370600685,-3.5980787,13.05398223368859,-49.06551861469183,49.54293399785485,0.0034029400624766,-0.2608837827559009,13.01346901487246,3845.9309,3872.8247,3858.683208627778,3858.5273,3.529411795980212,-31.46143849198773,30.33401003204345,0.0194345427282029,-0.0973875866723387,7.696371081527007,-58.42749550976197,33.02530347033726,-0.0377096708502552,0.1718161190725404,7.49523286952205,-60.83520360437178,4.18721730005853,-28.95980407267516,-29.01321104118954,9.14404050613186,-7.981128247402975,67.56623893923697,31.68420461285792,31.64614789034496,9.108548565646265,,
794,E794_processed,21.640892,24.247963,22.86772248838889,22.878147,0.3258348596598066,-1.223895728942233,1.305854304744737,-3.996799844401745e-05,0.0038430576720385,0.3247974335977298,-4.854482952697666,4.293229386068434,0.180518997197632,0.1659651361036021,0.2425547525109605,-205.62277,151.71065,-9.295860666286556,-7.97745085,52.16462822272273,-196.7940899063688,159.1557411070821,0.0102016745220258,1.350623092609247,52.15031326662464,-156.27953,184.09935,-0.7142006201325309,-2.6009698,46.00398666607252,-152.5916402153182,185.2917225047067,-0.0448936368244005,-1.884450160570335,45.99939466277546,3826.2605,3914.6621,3865.5372339,3865.55,9.645709034818587,-93.04584995302088,106.6415799619845,-0.0164598031042425,-0.4557303603059961,32.83524330620295,-99.54505460412057,90.34040387243176,-0.0321600518579513,0.0279072943191536,27.69284882857591,-103.726787751195,147.265723890632,25.73823550502776,24.90017259278642,39.5059597824865,-121.1522256990163,101.2161458737522,-8.034026107448609,-8.046721280952,34.21862924702324,0.2261124232881245,0.2294068559533964
1055,E1055_processed,-16.227905,70.401939,1.932309125927444,0.0,7.330755848764295,-35.15611690921353,34.370574074199,-0.00050439906732,-3.5238868590080016e-14,1.91041344100015,-4.999983794356676,1.266455816982474,0.0127505036624619,1.20872386534481e-10,0.0798103132687212,-215.41034,205.06425,-15.0986942519459,-12.9556425,57.38830792408157,-200.5765881757897,218.9782430334219,0.0550692081503086,2.092623746165369,57.3938860078394,-235.89064,225.97469,-15.49359722673484,-14.7929455,65.17222943363723,-220.3344451026957,242.4558916090816,0.1007553279999318,0.6672431588902956,65.20805535789006,3757.8862,3914.9966,3834.216158044444,3834.5951,14.43749857609896,-120.5450401139277,115.80626640333,-0.0538898748892871,-0.722173988219197,36.27163057501082,-137.0672213650591,155.337640052754,-0.0469621855289031,-0.2531834256980854,46.69809882774965,-67.62356669291695,221.1966962740185,94.53637312842665,95.03330077089852,43.37920901940414,-60.02914541122421,283.5689497018564,108.5608800326277,108.2559310912849,52.62471659912286,,
790,E790_processed,21.486237,24.490993,22.618471178,22.635113,0.3377235330515923,-1.155688259216282,1.836620695082557,0.0004946591263176,0.0063403597058912,0.3371079737444125,-4.889972523687899,4.761821535777314,0.186699535411371,0.1683732783056641,0.2493294174884866,-211.96036,164.00398,-8.27605694524003,-7.957672799999999,56.05143681157681,-202.8179239871857,172.3881786560022,0.0409226384183536,0.3606213909782765,56.08757526339523,-158.19411,207.21317,4.267472162447116,2.0982809,51.41765724435778,-162.7390732387971,202.7030697920111,0.027466540812148,-2.264150206052703,51.48558065402072,3829.2888,3925.7612,3872.778598255556,3872.29,10.31313653067584,-103.5504510062284,143.3220246708613,0.0702251792432982,-0.1456664085876993,35.99897815214006,-170.6674439702001,146.0364845747538,-0.0633286173285921,0.2293241547200173,31.00088814650928,-177.9168524224388,80.66097875290673,-48.18867671627191,-48.07753872672534,43.16519234012564,0.0,271.8334193596898,126.6502614965941,127.1912404087834,38.44246674151682,0.2177225708112329,0.2210782083867577
700,E700_processed,22.679302,23.474678,23.08183129416667,23.076992,0.1144787710405114,-0.412165850796162,0.376084220114383,-0.0001482179226583,0.0012236175006643,0.1138580217320417,-4.915180523349633,4.966050715630023,0.2772643036285105,0.2453726110197125,0.4952276119180757,-77.927048,51.24044,-15.32069444204851,-15.171129,16.46756365846423,-62.46456397490407,66.61380836042719,-0.0106003375600137,0.1524676138341184,16.4986915316006,-51.052666,44.814701,-5.414604018488089,-5.5517347,13.16541592802528,-46.32519696947077,55.31833505920834,0.0287675758484111,-0.1218910690691399,13.19862126891386,3837.0205,3864.0208,3850.298088488889,3850.4255,2.974880303939013,-33.36350287686427,34.47757809449752,0.0042824800853711,-0.017813414219582,9.868391907896148,-28.45029294815361,29.88398788401706,-0.0265833708919946,0.1281824609863368,7.39010920819717,-18.32272584283132,74.60476669180574,28.96370469727196,28.85962163816619,11.60843906982626,-57.69359657560648,51.04937809229621,-2.784700612417036,-2.629235962168281,9.334934931089853,0.2772394349730646,0.2650056292377651
1018,E1018_processed,20.756485,24.18161,22.06855077970999,22.060593,0.3352776281722057,-1.299920692056151,1.795334005948156,0.0008878424336714,-0.0009448202086268,0.3342416574453099,-4.749101196228427,4.950931950655672,0.2160898285917135,0.1943506555150895,0.2481470052028633,-237.15567,228.6669,-12.26099331672676,-13.2789,70.6315949952395,-224.4208097828098,241.7876647559355,0.076498442577896,-1.142451641064659,70.71482983599932,-317.10669,301.29153,-12.42413511427287,-12.016787,83.95019030882303,-305.2731921272342,312.8999009070533,0.1626996720645506,0.6374525525153176,84.04087520480911,3739.9053,3939.8906,3841.32337094283,3840.7908,19.70047702091862,-305.5197786593467,161.7766489919757,-0.2107706461095752,0.0493249587365598,46.44966854571965,-418.5799841656777,254.7302555185968,-0.3004599044827983,-0.0800381462714625,58.02127157134504,0.0,396.3274375625597,193.4346618473552,194.023335443108,54.76386629144726,0.0,552.1618705361367,245.0293173115704,243.7524808051521,67.07253136404975,,
876,E876_processed,21.375778,22.303719,21.85426569088889,21.861843,0.1236422798498996,-0.4656644745524967,0.4589393164884533,6.414785136543452e-07,0.0006837931315288,0.1200887830278172,-4.9699959671324,4.999814264805304,0.2150106975820608,0.1854673293780027,0.4744414345449416,-80.351784,43.062248,-16.57026349555836,-16.399331,17.11294835761655,-63.3165888382408,60.03195889101815,-0.0079665452626133,0.1794421028400615,17.10561557785761,-71.84552,51.740601,-12.14332528849667,-12.379709,16.35025423440613,-59.60989532015165,63.85651504669752,0.0100306741439791,-0.2302028107373901,16.34358367190424,3826.5059,3855.9683,3840.471053488889,3839.8979,3.423548954431727,-44.75554368879476,41.43956891075649,0.0303281897943074,0.1351855472681346,10.50400638404063,-37.07950675138375,38.49954728630174,0.0175011088645201,0.0007998354615823,9.40860944166573,-57.80714791016857,31.47818484232536,-14.59257207328377,-14.59635458659694,12.52702390908859,-59.76493624058251,28.28926917707848,-12.87841898643727,-12.76213798989876,11.86700614010293,,
920,E920_processed,21.044373,22.502563,21.79594043680204,21.795563,0.2136428916588808,-0.7619661908292367,0.7390305904605037,-1.416311115365018e-05,0.0057485432102758,0.2124158445952272,-4.94161942093804,4.925166811171263,0.2565494687017655,0.2325780461725293,0.3305409926485515,-189.70131,156.18269,-15.7946615956265,-14.107047,51.30510635582795,-173.6731350238873,213.4655897313403,0.1891825617685547,1.83215867146532,51.56806376142359,-186.63777,214.44238,-17.29794459186909,-18.636972,46.87749558505392,-169.4731919969811,231.9143128575611,-0.0664398885217533,-1.51345087250976,46.90923490238716,3772.0459,3880.0735,3828.017106955942,3827.3987,11.43901922119475,-156.6002074165024,141.4478863455834,-0.1502165688316152,-0.3379011267452547,24.73017975938866,-105.2015329169116,148.2941725946757,0.1039586190597233,0.122572792840103,21.91521568724871,-43.20151238587973,338.0853743344604,161.1199313235731,161.6138199047022,34.67352354127468,-216.5288248329682,21.8588910993879,-94.77986123606637,-94.67720086915403,30.87550462813259,,
973,E973_processed,-16.227905,71.373924,1.913700809989944,0.0,7.280101752105212,-35.21843237432118,35.32664698038514,0.0001739691602992,5.90384351241709e-14,1.912497088311724,-4.999999994845223,4.999999986627947,0.014975303648519,9.496655661698196e-10,0.716574573823408,-228.6669,227.87108,-14.19486262177954,-14.592766,65.04885693429921,-213.5821022371152,241.6693139358147,-0.1657760345887754,-0.6141368258987541,65.15711055589506,-338.81897,310.40536,-15.81317631650629,-14.787956,83.68934033155152,-323.7797863627424,324.4215802118566,-0.1394829071542018,1.095057685753272,83.79969536449578,3741.6907,3929.177,3835.813893649648,3836.3269,18.70942497319605,-167.3165817343182,240.9903282343169,0.1833745882224063,-0.1010901321901958,42.93775833314963,-195.2556998938199,327.3081220956001,0.2070411968504596,-1.35895059526937,59.33875711020018,-376.9597812664236,0.0,-201.3872217550007,-202.2962853554142,50.58121011587028,-497.3004256251855,0.0,-283.6348930247658,-283.9891274287058,67.54099865010477,,
878,E878_processed,21.442059,22.436283,21.96958419616666,21.972313,0.1225936816095658,-0.5145162584865837,0.4543593281602198,7.263476279880959e-05,-0.0001059975136065,0.118617142555429,-4.976826023533474,4.830035617176593,0.2061305387969699,0.1829294432899571,0.4910082941734702,-96.415955,52.929035,-14.40932697933346,-14.234033,16.48681968147404,-81.70237167375825,67.65687313251357,-0.0305380951490346,0.1400345215920816,16.49691399752007,-63.748894,53.294285,-7.04005596710629,-6.852710050000001,16.46353947125136,-55.76991425427468,61.29615003188097,0.0010535318728042,0.108748362943335,16.45417544702833,3836.3269,3861.325,3849.864979516667,3849.7185,3.121443478745475,-38.32698128876795,41.90009422984033,0.020071196586235,-0.1018608748189781,9.674676812960971,-31.21447843041775,28.6206006656878,-0.0142008721017503,-0.0789686864498118,8.967790480500245,-80.89199092988456,16.45561563348439,-34.4955220145179,-34.53264835683869,11.79733170637653,-16.88675353563307,59.72555559216829,24.72181736507671,24.83028794198561,11.63974284429244,,
969,E969_processed,-16.227905,70.401939,1.900489200348669,0.0,7.246632843550326,-34.9491006487576,33.59853629235573,-0.0002757902817051,-3.710195724754794e-14,1.910251047552235,-4.999999997449817,4.999999985333357,0.0150029048618409,3.013978430946334e-10,0.5312495744046494,-242.99174,236.09459,-16.13030179158674,-18.966541,73.67897368318772,-224.3813675900406,252.2934283449632,-0.1464934485133758,-2.934437669905714,73.6929395670485,-342.83975,327.8288,-20.16599440606032,-18.502333,93.04250657717472,-322.1498626534192,349.3723679527516,0.1938388335181543,1.773969261295598,93.20718652419067,3724.7278,3910.4285,3826.22767459021,3826.5059,21.18806180908809,-137.1942786147858,126.9438175992306,0.0734110177230678,0.0091826565041364,46.10574588969421,-379.4439449321401,180.263407851041,-0.2675757111758267,-0.9054246306049478,62.78066076452377,-271.1795680699072,52.92684553068999,-100.3226540995807,-100.653873522364,56.1781675610513,0.0,584.0861213196258,362.7971417208554,362.5133286366621,72.96619039633646,,
882,E882_processed,21.751373,23.342129,22.16117059405556,22.171154,0.1188063947767264,-0.4098174298656517,1.13620770366777,2.401761055359818e-06,0.0013038635685441,0.1144655274232706,-4.974309279131885,4.965693509101171,0.1944332463181905,0.1760998901503631,0.4809806071783865,-69.480186,48.386086,-9.47153631995489,-9.30968805,15.41420613554076,-59.95461523085206,57.83305595318264,-0.0163831116250696,0.1324505969332445,15.40865818725554,-50.693924,56.983627,5.674226649188978,5.8521602,15.85759635122627,-57.01553284235708,51.16205311958038,-0.0187678270780213,0.1313463419092173,15.83598456141342,3858.0632,3887.7715,3873.830362738889,3874.3196,3.324006625162559,-34.4871356844755,35.03644273147364,0.0251441537918385,0.0575250018979346,9.330881329751664,-28.06893030821037,34.19656408585858,0.0089276571682177,0.037766210940155,8.728940742460837,-45.92279249774322,32.91678383609491,-3.934552772739709,-3.772416513548544,11.24378346805294,-74.68621928107902,0.0,-41.008473621643,-40.96455432371218,11.28810081187132,,
865,E865_processed,-16.227905,70.313599,1.908448243175944,0.0,7.28361992930446,-35.23171660360587,34.16781684499951,-0.0001407418291827,4.4005271787401776e-15,1.895397328590273,-4.49556364012408,4.999057696488116,0.0133206723298614,4.09259640612141e-10,0.112531122405683,-91.331474,58.422344,-19.01777819737971,-18.7751495,19.77226425846575,-72.1748648833723,77.42325864977785,-0.0013004647593435,0.2664548181275423,19.77548672756709,-86.668312,52.581646,-16.7056593122978,-16.6677675,19.7291193555723,-69.79578158432292,69.37212504758817,-0.0346372856869005,-0.0175274578812542,19.72874256486582,3818.0579,3844.8516,3830.929251283333,3831.3606,3.339690132516218,-40.80738250191632,44.25530880350886,-0.0065624932975779,-0.0518719372530225,11.7059713031233,-41.24227902050362,55.42808691061079,0.041945690877922,-0.0988504269506223,11.93668150960511,-38.02388434488591,64.51213666391907,12.73986114743063,12.81249389343105,14.4892401240266,-99.535203150446,0.0,-52.12606111527721,-52.0539279482004,14.68959754295901,0.2416373482433463,0.2295085207163018
961,E961_processed,-16.227907,70.023323,1.920550545388222,0.0,7.300480980940113,-35.00464753456128,33.18104349622737,-0.0008620392219306,4.369237103902983e-14,1.908037757395583,-4.99998382272326,1.493747905959166,0.0154743108414037,3.7968754997382255e-11,0.0807223750476168,-241.66536,219.64754,-16.1005340849608,-16.1703985,69.83410079055838,-223.9526936581946,235.9575356072979,-0.1090278907974555,-0.2372014103838032,69.84427169597772,-301.0235,314.96228,-15.36357056931192,-14.134538,84.08846307072993,-286.6175055660867,329.9744612214915,-0.1777739904905722,1.105276635809341,84.08260901970145,3747.0476,3927.3916,3831.623751716667,3831.8628,19.27578742409417,-124.2174928382717,140.9549114169656,0.0796999434401651,-0.2479217992087066,44.53516333719646,-180.5378673226177,208.6147582168679,0.1727803645783322,-0.3701156318913741,55.25858835330327,-282.8689601134776,38.59052746539434,-116.1997477144002,-115.7182862927431,53.62112879410562,-401.7884757914758,26.97807836594393,-199.9403207582993,-202.6214899408242,65.24605645550666,,
932,E932_processed,21.000183,25.242199,22.33971642213456,22.347908,0.3618528118568545,-1.330174840121629,2.755777430650873,3.57271368816283e-05,-0.0019425020819196,0.3591853531168908,-4.816216716769458,4.768985785719876,0.225567177270065,0.2010100158210294,0.2895625424680709,-240.33897,270.84558,-10.53730306760026,-9.1715841,73.95869827079288,-228.6577877820578,280.6214295839991,-0.0966085492554977,1.369281922742703,74.07840408925483,-283.332,276.36261,-3.930315209744764,-4.6668382,84.32470196504951,-277.0316844066026,278.8935076509975,0.0282634248677926,-0.4375311391420027,84.27226801996846,3753.2971,3954.1753,3851.849821034502,3851.5044,20.56516600220032,-150.1405767138713,283.3684718198868,0.1438395895441703,-0.1308180401957397,48.07259837179411,-163.2376827984363,152.6241681266382,-0.043052395143815,0.3350288223047038,54.01938611540663,-461.4897350243344,0.0,-289.0599823042718,-289.1310316599959,57.53117681816261,-229.6853191225269,178.686317070475,-41.43412052066035,-43.79211504602905,65.68459119744746,,
683,E683_processed,-16.227905,72.014755,1.896101504115056,0.0,7.235387740514659,-35.1576983838568,35.90648593588233,0.0001512158740636,1.2658977599807951e-14,1.90948773605589,-4.999862305388262,3.296919535528056,0.0149695236322207,5.020922570748398e-10,0.1065504146163909,-84.919777,51.727688,-15.14121221163568,-15.1396055,17.90099792411734,-69.58231721672368,67.11478137252722,0.0315536080366229,0.0568296675979093,17.90560046161135,-71.673325,59.069355,-11.69875341265544,-12.0802445,16.11362680566829,-59.41987734221352,71.33685605847096,0.0186055509757037,-0.3367350073246239,16.0703791820453,3834.5413,3868.4673,3848.551812594445,3848.8257,4.298875589609509,-47.59782330967479,46.58246347455657,-0.0300314577316153,-0.0190629198716436,13.25585213047583,-37.74843149517914,34.295706969434,-0.0092768910227537,0.0257627237810054,10.58172584128805,-9.803963015470968,99.04699715439652,41.44079842836064,41.47480704437864,14.58975514935069,-42.2045509552328,43.24328950908452,3.960890926002664,3.93326309188759,12.49617400208184,0.2266029592955273,0.2260750196524511
750,E750_processed,22.281612,23.938648,23.0953413249625,23.099083,0.2298403896523531,-0.8452098457550055,0.8440869528588268,4.544324681092309e-05,-0.0013015338684584,0.2292564152670183,-4.706965290957834,4.774034705344439,0.238427622063613,0.2135574850947823,0.324173074676342,-236.38126,177.07372,-12.42154280070701,-11.396334,54.31886556299651,-223.4563736947907,189.5659045204463,-0.0154577479352119,0.9966743992735044,54.33364276900042,-161.70477,166.5699,-9.500335536119008,-10.888329,48.46567229554386,-152.188051185194,175.7592824047072,-0.0293223007377439,-1.471315143833104,48.44767703519798,3809.7185,3903.4661,3849.005170348353,3849.0481,9.37998374334003,-99.64457976637456,106.748257295537,0.013393855043179,-0.5181522102156393,30.56801463618355,-94.03054682738924,121.087896505913,0.0830344606606564,0.2049086223565517,27.96435897983735,-205.871835047896,70.24068815200066,-73.42062333868694,-73.40794331764963,39.58509391448337,-163.7181066623206,66.76309365993629,-51.45620744209057,-50.82381316562623,35.70543760386094,0.23056747757628,0.2244784444231663
1011,E1011_processed,-16.227905,69.78331,1.921926247879938,0.0,7.317735958797305,-35.17549503105484,33.65368176211096,0.0001406874596772,6.718606699400763e-14,1.899449394839577,-4.999999997802126,4.999999995285762,0.0167331489782628,8.754243520051687e-10,0.7611330674434116,-228.66977,217.79337,-15.77119501001852,-15.867555,59.43790871691017,-212.8050452589643,234.8148808516469,0.0360176800807196,-0.1956810111875953,59.43837383539118,-246.87778,202.6506,-19.97964020022527,-21.155138,70.94708563433952,-226.856758288724,257.9897756239201,0.1687891553914062,-1.073146489333098,71.20856051340533,3741.738,3886.4192,3825.643858214346,3825.6323,15.51917649430147,-159.9243521900952,142.1764316284706,-0.0916516806320329,0.0943649530223247,35.99950480979228,-397.6388084923554,237.8682861683755,-0.2579438689943495,0.5357426214707814,46.87699961808244,-118.1739599308884,191.1576188064283,48.11859344382091,47.86836448743801,44.56418892654891,0.0,556.1969909283215,376.8351890212609,376.4394439467835,55.14643643211024,,
931,E931_processed,-16.227905,72.147377,1.927142944982388,0.0,7.334682897387839,-35.19442357879609,35.96708761307502,-7.336127935987833e-05,6.376074739633487e-14,1.897218081390844,-4.999995008971143,4.999995635967385,0.0177826031727839,7.447869558086657e-10,0.2475361577773089,-253.07219,232.91129,-11.3495622677448,-9.3297472,72.59321148039554,-254.0564179649056,244.9631480031022,-0.1437238665749077,1.970139707870969,72.75263068602037,-251.16565,282.7959,-5.277171930266521,-4.7854567,84.55350539533308,-246.5585613977062,288.423957661228,-0.0692022471278447,0.4778653504365451,84.7483408061243,3768.4746,3922.0349,3848.931767509306,3848.8257,20.17859695221495,-265.0417307121278,387.5697949989135,0.2428324859294342,-0.105456637406391,47.98474074082142,-222.2666177017892,351.0679505040613,0.1946074153479877,0.0568846038501611,54.13477286759186,-534.3005200196923,0.0,-326.6644733196106,-326.4366433549362,56.36486124942175,-512.8175268702811,0.0,-296.217549855493,-298.2245371186419,65.20857365393167,,
935,E935_processed,-16.227905,72.12529,1.938031778445827,0.0,7.3612650511092,-35.18980916046724,35.96122866797893,0.0003411412718338,2.5677592729810822e-14,1.900531795008788,-4.45477217171955,4.99994312488244,0.0144604680965012,1.257520642057753e-10,0.0800498782261161,-255.99246,271.37857,-8.810923844374063,-9.17996835,76.4313802563168,-255.4971927451813,281.4272281394517,-0.0669995817831059,-0.4981284762000628,76.68629440209624,-273.68686,342.30426,-0.3682005291598955,0.063733924,88.27350370002033,-273.7398189182127,341.9296141511558,0.0621758643240334,0.6679585483366299,88.3052131109537,3764.9099,3947.9609,3858.333909884431,3857.8596,21.47773595812264,-232.1976227564551,186.2439651610307,-0.1020221533557002,-0.0488327713288279,51.54389496463994,-284.4706541986015,225.3248836107879,-0.1673123814791709,-0.1459958178667274,60.68368342984258,-118.8727822538865,392.4811771668171,126.0603793384492,125.4884932826741,61.0445731145925,-90.47039852821344,394.8305045215953,105.5155188100943,103.3577634748027,70.93967932525648,,
885,E885_processed,-16.227905,71.683411,1.909550477852889,0.0,7.228397199412346,-34.23476841433146,35.51694916331891,3.511510925861996e-05,-2.592951565499064e-15,1.938347214754471,-4.999048989352596,4.999549178865784,0.0145036646216424,4.0188753893446625e-09,0.1301349617261596,-60.207161,43.44577,-7.049631950721977,-6.828243,14.55747793897384,-52.93037854103332,50.50547723819376,0.0008183953650705,0.2497590146264723,14.55000111104128,-38.174946,67.020699,9.820561010144411,9.98981525,14.91355844823151,-47.88078126197681,57.39664992392731,0.0146729167528243,0.2224191191955961,14.91259188000201,3870.9949,3896.8826,3882.484968972223,3882.5952,2.905122301676703,-32.93777564048097,31.16206903959182,0.0053422537075111,-0.0630339376102958,8.379420036823497,-39.7416594121601,31.53704207729552,-0.0236921048831242,0.0056376919834955,8.223875632342962,-28.18231495391805,50.66512156018495,8.17177333425919,8.270505085372129,10.32473678206788,-16.16064114945011,53.25499420299359,20.70808924442851,20.83937745964169,10.53554077996275,,
722,E722_processed,20.798794,22.787102,21.83365609811111,21.839302,0.2609238684563925,-1.049103428570137,0.9481988010698096,-3.348478729102517e-05,0.0036042682845385,0.2601756038920756,-4.311753215288149,4.542048400238582,0.2112099850004003,0.1949125860749805,0.2547573840617148,-187.74486,153.56833,-15.70116644863418,-15.2027535,53.90256033228867,-175.0868547978982,169.2155922155025,-0.0332072364313895,0.4395877465936375,53.88775674601077,-174.91354,164.42523,-18.57790989901051,-19.3796255,47.35361782269825,-156.0199588077978,183.6757824542014,0.1100782665304495,-0.7072408201887059,47.44183559125515,3794.3655,3868.4673,3833.516870072222,3832.7556,9.27491808598068,-114.2925782476244,152.1099532675143,0.0597911887668639,-0.2151832598131473,34.17308453167971,-194.813867919917,132.9332565658031,-0.1407105028105529,-0.0116975590047863,30.17007124524889,-272.1800301247078,59.20134143364382,-75.66497674013162,-76.00879288040102,41.58312468785942,0.0,302.6620111298072,187.2435728808601,188.0926476780537,36.46254780294792,0.2150754501059914,0.216096953310011
954,E954_processed,21.552528,24.159599,22.81327924533333,22.811878,0.3466191864862992,-1.242998992041232,1.300806281624025,0.0002447935062537,0.0059887366315483,0.3455111107995259,-4.635345560533523,4.629644056364049,0.2116153372211537,0.1930205753876775,0.2686558175513473,-213.28094,243.78757,-14.17235790000307,-11.7912785,63.79820284480834,-200.4090779073236,257.8944719610354,-0.0528055585871601,2.323376980246612,63.90663420685877,-250.09344,260.27945,-13.31903177606117,-11.699766,72.71032846846715,-238.3868167145377,273.6866247726086,0.0253661249540878,1.733565810575413,72.70753431261666,3755.0828,3913.1067,3837.834854305555,3838.1123,16.71112848970431,-145.3470722980418,128.7432696027105,-0.0621860369394164,-0.8721463462824843,41.37388864179225,-158.999877464691,155.3041499681037,-0.0449699697353633,-0.9622984083568564,48.00437354583897,-93.69970304522332,221.0094954239925,73.63108042816927,74.08500044695786,49.40550162264606,-145.6388974819503,225.3491393741869,17.06081631735373,17.0322982998982,56.7450556548557,,
804,E804_processed,22.126957,23.960743,23.08073875472222,23.076992,0.2694823533184792,-0.9481805417877044,0.8853706028121632,-0.0002869758310183,0.0065139732369104,0.2679087160270344,-4.908671796897685,4.898596868743639,0.1955783391569934,0.1771314066501284,0.2706655075747146,-175.14897,136.23586,-15.78005674296711,-13.7223995,46.32481876668879,-159.3436410087734,152.1084532422252,0.1250586400886959,2.106044501306238,46.42354461168475,-211.4938,181.78712,-17.41897598597641,-18.598469,45.01969687527887,-193.2742826993122,199.3227222324875,-0.0858029315237196,-1.30545454093331,45.09038653967492,3796.1511,3888.1086,3835.887534894445,3836.3269,8.443363252238871,-91.76202339875395,79.79980211800238,-0.0601506141284286,-0.2959312639526088,26.0782953600927,-96.78840934825158,87.34933016595122,0.0282225434540227,0.2082662399289683,26.1942320254273,-21.62113298854179,223.6738890808776,102.6467605892876,102.6976795008355,33.44971933416572,-159.8871179995613,78.81101672446465,-34.93538057335024,-34.89582236987892,33.16069230996933,0.2331258947629646,0.232736329257548
1048,E1048_processed,20.955986,25.838715,22.41831866748153,22.414177,0.4117111913568051,-1.452549192903956,3.302992061000806,-0.0010852033524264,0.0005246524828726,0.4114105673363978,-4.892699178191563,4.560477079347997,0.1766703644700585,0.1609354025724386,0.2417065428633457,-203.7598,206.41292,-15.24154355563221,-13.374535,61.10641214286879,-187.9656249616349,220.0124852683919,0.0590077831821723,1.853407001293382,61.15321230833779,-267.82269,269.43124,-13.99843015082644,-13.203016,69.02764722574135,-254.2185164659446,283.1372139203796,-0.0976723283532078,0.4959033984959742,69.06162330851343,3723.4778,3928.8384,3837.099636413134,3836.9082,15.8976615262835,-122.4957575781294,135.2060391295665,0.0426224528803354,-0.8770629996729369,40.88198388273466,-191.7040236111748,182.1435302958919,0.1436773085877078,-0.1354069410505518,51.7690805632945,-184.123573374398,130.1266822328111,-1.963657864213173,-2.605094149823863,47.69792906819059,-322.1974463127743,90.12893602789455,-134.5118236299446,-135.3323600694671,57.00438724050215,,
902,E902_processed,22.281624,23.452599,22.89661723916667,22.900253,0.1530730963560824,-0.6085891374671283,0.5849886191028618,-0.0001898156575069,0.0028320174096531,0.1504273413886505,-4.88184422129795,4.835807525016333,0.2649729452714402,0.2406460403641402,0.4082546473822737,-158.42566,92.421608,-22.3856648501837,-20.777571,36.03947059126846,-135.7334334071775,115.3612466420833,-0.0385509261118657,1.541963654647406,36.05517298521154,-166.85918,124.62689,-24.91567087659397,-24.22106,39.49009439500396,-142.4522306270109,150.7014428754018,0.0018249882868811,0.6482471064594362,39.47926840900952,3785.2356,3840.6523,3813.327268127778,3813.7939,6.423027648023308,-95.17411934536187,59.82170214558241,-0.04347560922372,-0.2511007897721966,15.12990238016506,-70.86619632878909,80.82183387737227,0.0451848125506699,-0.085928850554342,15.88677081879412,-71.51779184311175,72.1571251547319,0.6456939110831961,0.759841046204425,22.50950226266754,-94.98115388305877,63.66962435917641,-10.48392544146328,-9.201102940191028,24.42865296829926,,
735,E735_processed,-16.227907,71.592995,1.9057880010805,0.0,7.218309889839632,-34.28948653986642,35.39418552894619,0.0007006158970156,-7.8748880839563e-15,1.938295512839304,-1.522096018854854,4.99984188810209,0.015530726173278,6.830983307868577e-11,0.0852025146768583,-185.5883,173.4055,-11.06926594077899,-9.012279,50.8578280903587,-174.7644974677886,185.1638890524728,-0.0453491982992571,1.980511496812599,50.86918078458529,-156.67757,190.13602,-1.878380805624803,-3.03034855,46.24310999955215,-154.3820475036555,192.8449930294455,-0.0393020386926681,-1.408564305536915,46.22589918959418,3827.3987,3899.7151,3864.277558427777,3864.0032,8.628964246184662,-95.82890225203228,94.73438050053755,0.047974869284143,-0.2201431429132157,31.48490451507428,-95.19076333655492,96.57710087500386,-0.0297986514119558,-0.3324752864585054,28.42709023414752,-190.3793192497233,34.61593526342106,-80.21208225771656,-80.27240123142785,38.62794801145169,-126.3482978532643,103.4348367887818,-17.67459568611726,-17.43357662186466,34.95826701763684,0.2205483091926146,0.2205210966947607
888,E888_processed,21.928123,22.745594,22.358018031,22.369999,0.1104825909330383,-0.4109579137223216,0.3841719664325586,-0.0001478163048263,0.0007028398213573,0.1073377682297847,-4.984582357089069,4.998161986475766,0.2050078313752862,0.179589737612428,0.4992825515416405,-63.95607,44.109589,-3.863411590059086,-3.8618356,13.47318992473286,-60.31477692769205,48.30293225505706,-0.0066838319108318,-0.0135044324875271,13.46777446015477,-27.017271,65.431992,18.35733771470772,18.230931,13.19916020581613,-45.4872788221239,47.15502002543369,-0.0255270143428132,-0.1521875605082909,13.20581472548026,3887.2729,3907.8853,3897.177901394445,3897.2463,2.515912970962939,-27.50949876406699,30.27826616902389,0.0046024978430004,0.130974263311316,7.946927642020198,-31.06600946640088,56.71732454068071,0.0308935222266703,0.0250949261953912,7.653909884351694,-48.75685318568806,22.35279385348312,-9.824163857904049,-9.834754044378352,9.463345975475816,-83.08728443320132,0.0,-50.35453994444989,-50.35998299356922,9.356748657206294,,
707,E707_processed,-16.227905,70.976379,1.968506150751167,0.0,7.44695582004962,-35.20230680595671,34.89713336886838,0.0003193731434707,-7.129526255122421e-14,1.892088491899607,-4.999971199223404,4.093484790282522,0.0166423103395993,1.6331370820393018e-10,0.0974964753085576,-212.48901,182.01047,-15.37992812440258,-12.033883,60.801632499612,-199.3931566558772,197.8392509675894,0.0721344292816048,3.561923464486009,60.90112177915876,-191.54688,153.004,-19.2070619302913,-18.2346995,50.66898789625314,-170.7602042718402,172.8136593585379,-0.0935133052667962,0.797802669190494,50.73124980470256,3796.1807,3878.3184,3833.082485972222,3832.8298,8.813307986129988,-210.7361170123832,154.4464190962995,-0.1448372690011038,-0.4422697017807535,27.66961289140854,-113.1602167631479,185.2774710014448,0.135621355556333,-0.1296761832419507,22.50756975213156,0.0,335.0965234750192,191.2230955964019,190.7056888418668,39.2686432629379,-272.5035087335561,0.0,-154.1461023260808,-152.1507145968848,32.06577485266958,0.2555204229777247,0.2588574592631741
768,E768_processed,19.162994,25.152367,21.97646643331851,21.993198,0.5741765422416668,-3.134131684256683,2.767660488871422,-0.0005273654845205,0.017244118595792,0.571974377836547,-4.31293667339706,4.430803626844153,0.1678799539308715,0.1551461334883883,0.1723129264579809,-365.28342,361.83487,-14.152135658508,-14.0538055,88.89035287276646,-351.4412514489107,377.7775683999159,0.2140717029834578,0.2626868651828196,89.07384295322817,-260.27945,334.53012,-20.11525906218171,-24.0388895,67.1661755454787,-239.0272710281955,355.6108829710206,-0.2096730450744136,-3.884569312120198,67.35758001071217,3717.5854,3939.8906,3830.265857001556,3830.9702,16.77011927595387,-372.4091960942582,226.1908008358116,-0.2480476607562531,-0.9870563764434443,62.7110929740951,-162.9624191861719,299.4036682705263,0.1730006426313554,0.6200423011861673,43.78404623710323,0.0,593.7529315120479,364.3492159377394,365.0315329603991,70.52670211577325,-579.7584588103305,0.0,-354.6306866508295,-354.3741559463365,50.91384638108115,0.2150465890322536,0.2284057722790555
829,E829_processed,-16.227911,72.062477,1.884637622262611,0.0,7.158988190404664,-34.04855304064451,35.99661788765626,0.0003081307119073,2.5199172229402023e-14,1.936311583845431,-4.726663045174371,4.999220257299758,0.0144035873063423,1.271599897447699e-10,0.0898829810330439,-165.50967,101.81035,-10.04617115078376,-8.741520399999999,37.3824613177915,-155.5152163109164,112.2427257442557,0.0261002054638995,1.242650316130223,37.37602918017866,-142.94637,157.75432,-0.5532754812932468,-0.891689155,40.45069849297893,-137.762117768656,162.8938679319692,-0.0776311660458558,-0.6112618272045474,40.38910252551333,3830.9702,3908.6428,3871.083018983333,3872.0386,8.978793487096896,-67.49832651009707,76.66112051747518,-0.0197158342646673,-0.3691330523439478,22.02208800740467,-93.76957358769693,96.88908009082932,0.0584110011724525,-0.1049305197474695,26.14641546231145,-102.2090722286039,83.0326329238048,-6.088755442782105,-6.010999296534294,27.79620280505713,-198.5807727133566,20.94378705374255,-88.83147760595925,-88.46407994988067,31.53623836118015,0.2277569247868772,0.2185501238885812
803,E803_processed,-16.227905,71.219406,1.986291548556753,0.0,7.496814441568925,-35.19691706930166,35.15680037133244,-9.237266521918322e-05,5.429336103590212e-15,1.888611856979351,-4.999999991423037,4.999999990423268,0.0128425865513312,1.74785191471047e-09,0.7759829828403708,-189.93823,128.97144,-15.54705181673173,-13.865805,47.06752600992064,-173.9242635871221,144.111937755303,-0.1160159184359787,1.625506069190327,47.10453808509619,-162.06726,172.38319,-16.94407389584924,-17.114038,44.4789557422087,-145.1708616541527,190.283508483337,0.0347871858862537,-0.2140886117883465,44.47442725511087,3776.5098,3879.1809,3836.523011895105,3836.3269,8.086947055674361,-75.30585238039082,127.4553249468786,0.1038697262044861,-0.762141894173995,26.33083169405508,-79.07150771897453,86.90254130539424,-0.0596776674858844,-0.2696363623092104,25.85056683361407,-214.140871443962,0.0,-106.4413758663436,-106.1133544027456,33.67806335101276,-84.35338246058932,119.838434456477,21.688657864107,21.38420287183882,32.45452073061637,0.2444272511062854,0.2311150616889867
686,E686_processed,21.773277,22.635059,22.184322939,22.192951,0.1129603220018294,-0.4261446620842607,0.4127467433264042,6.055358347132541e-05,0.0007016749215238,0.1093667652944576,-4.990744512414739,4.992698718525841,0.2604572451207373,0.2289136972185452,0.4715184128896688,-72.580399,46.090786,-11.67930736025536,-11.693348,16.59613178082253,-60.93889421997638,58.22393935326955,0.0511436550007233,0.0518794306961021,16.63781272870309,-47.272583,61.058189,2.545574919799364,2.3407724,14.92201879154246,-50.54882785414785,56.53579520617506,0.0213743559896663,-0.4107181409530379,14.86903325139714,3860.4321,3889.8943,3874.252154638888,3873.8242,3.953707589890513,-65.70177293585797,44.10763740136768,-0.049809630789195,-0.0220389296030063,12.95886889266993,-63.37552850185704,49.78345315482223,-0.0435830197376301,0.074443670174026,10.25365824004042,0.0,97.01728901789524,53.50929677308503,53.61576218747294,13.78315157543288,0.0,85.81806375494345,44.82494359616393,44.72020736906207,11.61652170987673,0.229387693021195,0.2316402363855674
691,E691_processed,-16.227905,71.595009,1.932149563459056,0.0,7.290295710345152,-34.23061411913217,35.44090744559848,1.126940419251277e-05,8.82010000880981e-15,1.935130383954466,-4.999997628955714,4.999999704192136,0.0171756619181241,5.891024511870613e-08,0.4351608062018375,-61.457134,48.127777,-8.582198214321899,-8.598340499999999,15.24326595471265,-52.59138927535125,56.6864950733306,-0.0322837980861104,-0.0466297603346374,15.25211655922949,-35.486347,63.472168,14.95942762417902,14.709098,13.33543209410556,-50.20311251853003,47.95350640317756,-0.0111978410945769,-0.3342249688663196,13.30443762902942,3872.7517,3897.7871,3885.216237983333,3885.2646,2.976729292967392,-40.63962290594712,48.40831583813067,0.0342655667149226,0.0354501297341993,11.25785133926643,-26.75697782090691,29.54700670878179,0.0091260295681972,0.0215744731682803,8.612590302257992,-85.30604899284215,0.0,-46.66290602148876,-46.67881128354807,12.08632585820827,-55.26358977673065,10.82003131853016,-22.06334967554256,-22.05242140027512,10.07044637104212,0.2439401818622071,0.2383589939500043
942,E942_processed,21.000183,23.850285,22.49665066383286,22.502563,0.4174179099210722,-1.52806249117392,1.351985825794311,0.0002540610305123,0.0095381563478698,0.4167829596503674,-4.774699444642115,4.967547595475477,0.2022867133803915,0.1834180353400913,0.2431343431943631,-252.54616,289.15906,-12.90420170057985,-16.059723,78.15974713511446,-241.3078615748835,302.2970426347892,0.128792853125403,-3.155557886554647,78.25541521535115,-337.48477,324.62128,-10.14217377104317,-8.5805607,91.97483319882056,-325.9319646841215,334.0832100115905,0.070635335326617,1.663711202879572,91.98752481250104,3695.3318,3945.3584,3840.364047291215,3840.0557,22.46086873271548,-266.296747316948,152.8525276894104,-0.1420873040394986,0.924203262109058,53.73882485631101,-220.6616217180949,204.7882971939613,-0.0590083729714249,-0.5730627489362439,64.09296563421316,0.0,413.826641670488,245.5992253105856,246.345638107601,62.22793777155862,-72.46278492380284,392.7396035580243,129.9556194152586,127.9641441728806,74.12477317280104,,
795,E795_processed,-16.227905,71.771759,1.966908644098889,0.0,7.426242551367007,-34.30020009873162,35.39616300581947,0.0001047276365169,4.529605737753458e-14,1.904033918633341,-4.9999764836503,4.999980366592117,0.0160755227277485,1.784921632917892e-09,0.1604909451247463,-193.38576,155.42682,-11.53508249510893,-10.5456785,50.91792022616956,-182.0034424775742,166.7230387872794,0.0300141515634823,1.011402627064867,50.94971450550121,-146.38921,208.04512,-3.582515771256906,-4.5640211,48.94868192318646,-142.6945182289924,211.2742772589291,-0.0251864145857923,-1.094532257000584,48.92605543818238,3817.3328,3903.9617,3858.059209122222,3858.408,9.43430382558346,-113.9171558130197,131.6869981882172,-0.0634960728608913,-0.3429371227142823,32.29978818176475,-104.8136646991985,92.04331419364,0.0531079677322915,0.4327512540486707,29.68805192149637,-35.85192466699731,226.7691706881422,102.8236789346893,102.8087773224611,38.61697966458311,-139.2369457241734,78.71250938771699,-27.38681628420284,-26.79883654701023,36.59785509853204,0.2288639393610571,0.2261460740157408
1000,E1000_processed,21.618797,24.645649,22.64762887255555,22.657207,0.2631735652221972,-1.015119098377519,1.899009729721767,-6.983490077407603e-05,0.0021579999394391,0.2620713853353649,-4.71394777015896,4.997174354716503,0.2311267509512997,0.2099111088348194,0.3296836779843656,-192.69473,148.78946,-15.01217599477742,-13.5789215,49.32397584457644,-177.7923194927518,164.2249748956188,0.035306453106006,1.376282407719465,49.32537874202807,-203.19205,194.29698,-15.16317042704523,-15.260379,57.39470110753788,-188.0101367947244,209.176936386102,-0.0539875588236975,-0.1985260138494327,57.41455661927475,3786.4775,3881.1169,3834.463412738889,3834.6602,12.08037619550951,-95.02367878289968,90.57638451211068,-0.0744134844679305,-0.202552486853113,29.18339208974812,-108.4221274369985,116.7794055986471,0.0271191832567188,0.3389882422830857,34.42281416094125,-104.8796180620012,125.7028112606514,20.06594540582286,20.53782318045247,36.62081777457023,-180.8582633973486,83.44490540487314,-49.9268408497414,-50.01853433196321,42.91082860761603,,
1086,E1086_processed,21.309498,23.563065,22.41608779788889,22.414188,0.311952119003759,-1.113722571595568,1.184711300801649,0.0004080725805775,0.0040601049539553,0.3099379993310865,-4.867495660349411,4.642736665652166,0.1877566420713024,0.1714553382164253,0.2645854351302568,-179.24159,151.9691,-14.18471506394072,-14.496237,49.41910589536943,-165.689265050938,165.4647494874791,0.0193523233773716,-0.4263711776685457,49.417565231872,-206.44203,226.54669,-5.1843802506062,-6.036876700000001,60.34871299506014,-201.7859476656662,230.4320553573983,0.0887582378615604,-1.005564482187414,60.40030431364791,3787.0308,3920.9746,3849.388381505556,3849.5161,12.73076885733417,-103.5486954939282,108.1311025410927,0.0157784624471344,-0.169901428204575,31.89336128668208,-192.55454359669,203.9020058202268,-0.1111012851437465,-0.1946464733886408,44.45502841678992,-138.6700160420947,107.5189145786155,-17.98231359921895,-17.83939152742761,38.17904923010847,-33.92706306918242,307.3436730013775,144.6776978727555,144.9201254255381,49.45455040406158,,
698,E698_processed,22.458363,23.474678,23.03530038438889,23.032803,0.1274585197655182,-0.5784029523029736,0.4792456644080756,-0.0001234846622963,-0.0002488321050844,0.126088682765599,-4.989979661223827,4.973818121715849,0.2711230250010597,0.2476704170082177,0.4312954772456012,-87.794922,53.501877,-13.44278453265382,-13.2025825,20.59297653107432,-74.57916450394937,66.68239637253669,-0.0019040332240248,0.2711127582893702,20.58946344661137,-56.454285,68.09462,1.015397543387411,0.632382065,15.05774454056586,-58.15638379738469,66.33695568274675,0.0007123531637011,-0.2927286685133969,14.99344786374191,3846.8831,3878.2625,3861.131120544444,3861.1917,3.599719861270712,-41.68510095148412,43.26141748712654,-0.0093478414075546,-0.0727635638594117,11.29514816552445,-27.50887451471538,31.60308693389689,-0.0064490132774764,0.0967605158696335,7.909917084437531,-65.4334553132179,36.48968439284155,-12.52594376125424,-12.59385835662903,13.95401274627539,-30.29468051933113,48.5762989583562,14.8314004545858,14.9264808920164,10.18183798725678,0.2616822108567208,0.2616831151112022
1089,E1089_processed,-16.227905,71.15316,1.916336351420722,0.0,7.285118411213053,-35.19492238167896,35.12052301411651,1.563279531191195e-05,5.323142714909539e-14,1.912224669731377,-4.999998216575817,4.999999453188856,0.0160963411022367,2.845296511872037e-08,0.4266650981391522,-155.48175,140.87637,-16.00865890022983,-16.155491,46.58582542724697,-139.9443726505351,157.1312759512614,0.0742985956798356,-0.0638260075854004,46.6296647352525,-200.71629,171.52094,-12.3722201961558,-10.689558,57.4284832863755,-187.4713355507563,184.103976898436,0.0487611909961523,1.676224777052773,57.42331977367705,3787.1299,3884.4927,3838.656645877778,3838.949,11.89906074374247,-94.94101676889817,85.87657685782108,-0.0546530841862642,-0.2618046914754038,29.8390846473504,-129.25286690082,124.1385583097114,0.0086536532333721,0.0164941783892622,39.52975417316734,-71.42059844913253,157.2648201189996,43.37141552989637,42.95680183660382,35.94527439934582,-78.2768841398582,201.172400152776,62.89895540636574,63.04544973333122,45.62055235700952,,
856,E856_processed,22.436283,23.253754,22.87593009372222,22.878159,0.1200233898497568,-0.461432057178314,0.3929578835297314,0.0001578385645859,0.0010855809340603,0.1147781500840409,-4.994699675102154,4.964800704721478,0.2022433783390269,0.1811828698232034,0.4472621737522093,-108.54903,51.614861,-19.57351104167789,-18.951791,24.58917617737558,-88.65478708728205,71.11761572526189,0.0015344384781909,0.6270450247970287,24.60576556213286,-120.11876,92.858147,-15.06143664470942,-14.6678275,24.488483101435,-105.0252938728261,107.9244451078002,0.0038609222308836,0.3607724592347228,24.48935736400689,3813.9275,3851.4326,3833.843922661111,3833.5122,3.586519092080352,-39.53398755992936,41.71443831098345,-0.0077847867620585,-0.2659629278467506,12.98317918252881,-46.11187092906984,52.92889827148221,-0.0145863263964685,-0.1573906088886106,12.62116792500293,-14.55732712937945,90.87658270487884,37.49579761324616,37.47373294646633,17.27606399480123,-73.64755253551434,55.21678936255606,-10.96976151722019,-10.87146581883961,17.12689291562792,0.238317462644878,0.2350133301132716
1009,E1009_processed,-16.227905,69.562378,1.931340686641055,0.0,7.344176272431768,-35.15023261181751,33.40893319536779,0.0001789289614822,1.962916676439465e-14,1.898289611518665,-4.999726540498624,3.534543076600597,0.0163086740920215,3.502398543630456e-10,0.087681042752354,-224.42578,153.34439,-17.34576710628776,-15.958858,55.21772963209102,-207.2108354544554,170.5054240742604,0.1449619219467666,1.519860396361965,55.32878987295946,-240.4442,160.16553,-22.36636655997487,-21.747886,61.37093650621208,-218.232561054045,183.2221046906745,0.040251627097681,0.6314876895442478,61.48573404344656,3771.2397,3866.7036,3821.546902083333,3822.053,13.19573620796148,-171.8322462178129,107.6561808845848,-0.143760610509541,0.0825800787079642,33.52859218427228,-125.1664840659281,132.0014718150726,0.0242522617774482,-0.0016438162321201,39.29441705795954,0.0,258.476556903748,129.9906677672355,129.8615298174348,41.40275652179017,-254.9875122928505,79.53006389116416,-68.44509362981222,-68.3557588578129,47.77455901735407,,
678,E678_processed,21.353683,22.966534,21.76990055905555,21.773468,0.1034839472398047,-0.4223200975056615,1.154103282092119,-2.783373662804859e-05,-0.0022243388049795,0.1025616522794798,-4.971840429450362,4.856310769625528,0.2605394388931512,0.236110178591533,0.4798877720516854,-92.268433,55.802177,-17.12246204567737,-16.9243045,18.8464195057993,-75.37973115987438,73.07858024828258,0.0158824187800186,0.2164106013658041,18.85833984448394,-76.221886,43.835327,-18.13622701644367,-18.1250355,17.13753241676437,-58.19505195325181,61.94446938391552,-0.0016840970363971,-0.0329096106491283,17.14188277152648,3820.2566,3847.0403,3833.777409711111,3833.6484,3.817760972474995,-43.54680065628968,46.89171888536718,-0.0300433284267324,-0.1807258442569022,13.27975785058629,-37.43912508102201,34.07185106208095,0.01038024191204,-0.0137067423701972,11.07003478333414,-14.27029566555869,97.45938935177068,43.0189884841239,43.13379284582785,15.0241288802645,-65.14241429348886,20.89920522764263,-23.42850679976486,-23.32671211917781,13.26872659140086,0.2272289786255033,0.2244172989776318
965,E965_processed,-16.227905,70.00425,1.906999436957944,0.0,7.281231707977537,-35.08593549239738,33.03635292746822,-0.0004341845565394,9.604458878285846e-15,1.893936141772903,-4.999974202033797,2.145782870840728,0.0155204272391497,1.3859302363973738e-10,0.0852682276279881,-239.01262,257.31659,-14.82912450205139,-17.2513895,74.17133134191187,-224.2564661661252,270.5344747411091,0.1252809733482385,-2.195416435838917,74.3383071342626,-314.42615,320.59137,-15.37585055101787,-14.0784645,89.25619002144002,-298.6173564305496,337.4326814321884,-0.0767309170407047,1.34433347853038,89.31598318488156,3734.5486,3933.6409,3831.364793877779,3830.9702,20.77994110587616,-179.5450260368611,138.7730942064101,-0.1075892120938454,0.6782463991209395,48.88306845678549,-215.4504971371507,288.7865781554634,0.1682916884585848,-0.1601387629772226,60.97055428466958,-231.7596917668716,223.3633672105033,36.71368972082321,36.11954893755874,58.37701600789605,-429.0190500100333,86.99629240551322,-175.6587961869328,-175.6670426356222,70.79927343114528,,
917,E917_processed,-16.227905,69.739159,1.897888639381167,0.0,7.249611187590279,-35.15119432833655,33.0465859058465,0.0003639118597837,-1.681715276276052e-14,1.898267180933127,-4.999968663668973,2.564994985024644,0.0166425362002545,1.3443709885595838e-10,0.1014208478741078,-133.54866,87.416191,-17.10194439661606,-16.9359265,34.90892021612061,-116.4035549881673,127.9304880047248,0.0730195073404343,0.2180261475714466,34.96557140116552,-145.4597,116.2925,-18.90181261417592,-19.992453,37.34922421433383,-157.8976351264341,135.113318188551,-0.1700173305481484,-1.251447778796122,37.59340374168234,3793.5654,3860.55,3826.377882211111,3825.7595,6.989804885648432,-172.8992842227708,93.1136141001209,-0.1307471754347162,0.0476803643968255,16.24921887469475,-100.5710839729933,164.8438125387902,0.144955466787051,0.1282353961971849,17.16560473640423,0.0,214.5672541582474,131.6603879560939,131.8882803529244,22.09349047959271,-304.2342135309349,0.0,-163.9623398252546,-163.3130830615434,24.03535331953263,,
704,E704_processed,22.436268,25.264278,23.01506979638889,23.010708,0.1606942732860374,-0.5497912751797345,2.209163425782476,0.0001779215834359,-0.0004902976138194,0.1591021460882817,-4.81556614056562,4.886392073731852,0.2950377977585039,0.2696098698468979,0.4040887306838434,-147.59743,96.729774,-15.7104797010335,-14.744921,33.74414212585626,-145.4116386175136,133.443860455891,-0.0806012995338479,0.9714148334989056,33.83936188851963,-100.91516,68.065872,-16.95771105118698,-17.6117125,25.4833138097424,-83.82125908662323,84.32640984917131,0.0641178865323351,-0.6648460670871771,25.52517874793468,3813.499,3857.3479,3835.869726122222,3835.9453,4.895076431368037,-101.0923647651137,82.8421136076603,0.0520043724229162,-0.0593199301472661,14.71319464416946,-78.64700122852844,59.56452409298773,-0.0727340773959865,-0.0818493558019974,11.28464917923649,-144.5780298926691,80.65787909221119,-50.96107277882554,-50.80193492216331,21.22003631043411,0.0,116.2740043943329,67.58830035303652,68.18027442699844,15.98086154387442,0.2760325496572456,0.2699438410291847
1019,E1019_processed,-16.227907,72.124268,1.894894557835713,0.0,7.191952976087134,-34.9568939218287,36.29172220429367,0.0006919995522639,-8.122945375693922e-15,1.945324396975833,-4.999999169479691,4.999999193009893,0.0155082971593152,5.7922848278955134e-11,0.3253310497320864,-223.36139,236.62514,-10.3411289290514,-11.376218,73.90101407903481,-211.3210192604725,246.9877309016466,-0.1560376746765618,-1.218741330609896,73.98648012340603,-335.06625,317.10669,-7.345011786030513,-5.9549518,85.37599390299064,-328.542106591687,325.2648906172247,-0.0673262873557472,1.279648921171031,85.36881614935207,3745.2622,3941.6763,3851.282221667871,3850.6116,20.44626573421135,-128.3790827551299,167.078893029745,0.1449844632439433,0.1832904117629188,46.51580826523037,-172.4457345654332,163.8307577698424,0.0352861166129289,0.0696000610723217,56.98240649634257,-340.0510570593028,0.0,-171.6967411199541,-171.5587735634463,56.6968437222727,-291.1982422427818,123.4330594235712,-88.48898036790216,-89.16521702549655,67.85610498403496,,
615,E615_processed,-16.227905,69.739159,1.9164928408145,0.0,7.304022091159534,-35.18801398303791,33.62787349855504,3.524527709822767e-05,5.904615173144213e-14,1.895329908421485,-4.999855592499533,4.999884520525767,0.0149778209385913,5.4988708838412835e-09,0.1452339355196644,-116.44491,85.664291,-21.99161443380856,-22.054562,27.24512448818666,-94.33645256174628,107.9746360398592,-0.0241011884813296,-0.0451352725520171,27.23657214666888,-96.265999,48.038906,-26.05665087544223,-26.210382,23.26061216304485,-96.02195650737218,74.39253891112358,-0.0623896248811438,-0.1549003220724945,23.33780512312409,3797.3704,3833.2056,3815.500673683334,3815.3831,5.279408437006243,-62.50221461897288,58.83639267483994,-0.0032972082218382,-0.1372539014514587,16.92490982278589,-77.29512296906451,138.0469429710056,0.0903903515594762,0.0070837734955835,15.1518501400539,-86.74162752764857,57.04501198820088,-12.78594049254507,-12.68625598284404,20.77289211044055,-189.1434416073222,0.0,-113.186662781515,-112.9798871791364,17.98541141247109,0.2243362994281117,0.2166484891926447
1063,E1063_processed,-16.227905,69.893776,1.917271829546722,0.0,7.288134740103318,-35.12921545217121,33.84389564103682,0.0025818556298128,-8.199976536477379e-14,1.913280376993488,-2.196534867281867,4.999981493448178,0.0127715007413324,1.480300827746042e-11,0.0801117574829153,-215.93381,203.20059,-13.93669198994537,-13.805637,65.4572365435935,-200.9672363129127,217.3412088438245,0.061656490350713,0.1393256349177092,65.4837080914352,-265.37247,225.70068,-15.00920267077574,-15.157042,71.04905185263675,-250.5256384799564,240.6913511777169,-0.08071940241771,-0.3859197809304979,71.09325206593671,3757.762,3905.9656,3834.615248055556,3834.5413,15.7167968865679,-112.7973866248345,127.9922896415655,-0.0210944976103657,-0.5768183202538832,37.24179578352435,-152.6336577336478,154.5522942642444,0.0645468229219322,-0.0334370112178152,47.71169270933613,-188.2739900938612,127.0954927202592,-8.84376699065304,-7.869227434167652,47.72737104119104,-228.0489055930895,125.1415443919842,-55.6671675978971,-55.4550609003234,55.97281649190422,,
636,E636_processed,21.749573,24.358032,22.11622556222222,22.104786,0.1120307574737774,-0.3641315856125569,2.152597621912069,0.0003485808506073,0.0003789922148816,0.1110524833601989,-4.836380770196239,4.909834979515374,0.2066030035996972,0.1881984091844709,0.3889206798146673,-79.335464,71.756935,-9.551088597323467,-9.8093481,21.6208606402025,-69.2612892986416,80.86722748424893,-0.0237456388189556,-0.2458391067815553,21.61666284488088,-73.554558,70.761566,1.472172694363095,1.412702,21.46639424556409,-74.97374115320406,69.32802186817918,0.0488370373550466,-0.0898917302225662,21.38736178905363,3861.325,3902.3933,3881.93197245,3881.8591,6.170175655346572,-50.09007880030652,50.07908194756817,0.0230131957770012,-0.1657021137591455,14.74411608530063,-49.2910664936874,47.7685262716569,-0.0315547871744351,-0.0180496978170068,13.08039461490903,-100.1735569374095,8.73455775457526,-44.21918541978377,-44.04845981992788,17.02174878562566,-31.79464984970747,90.98126444222667,40.55221464907956,40.66750809017684,16.19447518621992,0.212836483498148,0.2215835772369418
854,E854_processed,22.502563,23.474689,22.97652442461111,22.966534,0.1310014554931674,-0.4532300717303385,0.4936837388036494,-0.0001041108143364,-0.0002771287373661,0.1271382778328082,-4.984352475142948,4.985739960183658,0.1893128707495752,0.1687789611664723,0.3922781605623157,-107.2727,57.919807,-19.1295668237005,-18.4888705,25.42641803483798,-88.03413727834456,77.1801271308217,-0.0551103033561773,0.5256072414316466,25.45872949881178,-112.80479,77.42614,-13.87515947395977,-13.9207385,26.82927543555572,-98.68623397972182,91.41783252782346,0.0722577451698879,0.0160606169587755,26.88799257513504,3820.2715,3851.6885,3836.55024805,3836.4844,3.946759603221055,-46.24384707294871,52.60124616139137,0.0522776185419501,0.0180762081488797,13.50256796539605,-79.86773037835277,51.90170796637802,-0.0754717565949635,-0.1862208886446679,14.47176372927735,-118.9583712897765,0.4565449412756201,-65.49525415655803,-65.56059691790944,17.85140715042497,0.0,147.3044164789017,81.84587016823531,82.00028741223761,19.04800285145996,0.2345292769210151,0.2335925279202506
656,E656_processed,22.524658,26.612015,22.90809262494444,22.900253,0.1420000177963965,-0.5293330865847631,3.467553576358577,-6.347928526496312e-07,-0.0030113357488833,0.133696543067262,-4.960035517173958,4.774762853050739,0.1860820225018821,0.1692861195060363,0.3399299264762478,-91.946854,67.762909,-14.12985652907102,-13.868462,21.43296941110394,-78.5998563408603,81.62588467875892,-0.0176375300392844,0.2372723461961013,21.43219252096471,-69.602295,55.004532,-8.850942848644882,-8.87435675,18.73144522941467,-61.75781824201379,62.98746880712712,0.0621292469887908,0.0338533760705592,18.76189539796104,3835.3215,3864.0613,3849.105038811111,3848.821,3.984416522810897,-42.03243285036624,43.13908537631256,0.0120809654508962,-0.2426113624422346,13.3313421944434,-57.98133578872815,42.97519472176677,-0.0484955489311153,-3.030361067324361e-05,11.02499474999258,-81.39914734063547,24.23553763464128,-28.97790662843681,-28.95038410293298,16.18369451029037,0.0,121.1397905669432,69.92847813109682,69.99041120000692,13.92600721807092,0.2233666130377225,0.2276409538693159
813,E813_processed,-16.227907,70.688095,1.9255183324945,0.0,7.311422431204493,-35.17322562761107,34.66190344255045,0.0001046366184767,5.4749101737174434e-14,1.908482009205988,-4.999378904233081,4.463030592403413,0.0155292001184746,8.186719478489921e-10,0.1007640797156866,-146.51112,106.24663,-15.89801747678393,-15.3414155,38.2477550237984,-130.8057342571047,122.3352493360122,-0.0619210455092038,0.3317546880607479,38.27724004208626,-140.36223,105.12929,-18.32257080748144,-18.0156995,36.29826053396943,-121.7711520433733,123.7944992628199,0.0262020548065159,0.3429268947941408,36.29457869746338,3810.4358,3855.9683,3834.286523127778,3834.5413,5.939152031772402,-70.05368027739188,63.33130916731844,0.019345471875533,-0.0854479791988849,21.29444757650979,-86.09258787998182,83.62432574028956,0.0355033512176243,-0.337504805652177,21.58939925300486,-124.6004557112296,60.67895402913678,-41.98538172042396,-42.1775671191371,27.67962231065438,-109.6091405219828,67.37643777375496,-12.81089292463209,-12.28380674296586,26.98270857213479,0.2302141202453263,0.2265012394147246
757,E757_processed,-16.227905,71.086845,1.9594255933085,0.0,7.409966363078607,-35.1686133025217,35.07759397582037,0.0002671028597648,-2.260547635794764e-14,1.904692710898907,-4.999121056232477,3.740147984621418,0.0159022608596811,2.7449741838874416e-10,0.1092838218772817,-209.30182,159.26785,-13.37107826149914,-10.7677015,59.6001979137006,-195.7637974263847,171.9004598789746,0.0433278808057446,2.665443725440944,59.60614307196514,-185.5546,197.39848,-16.70024278283859,-18.0414395,56.22701470325623,-168.0711736589575,214.6332727591568,0.008742274953824,-1.43687260332555,56.20512473827852,3789.9016,3897.9294,3839.190410716666,3839.0051,10.17111691239482,-153.0546305728682,98.09337023276537,-0.0975216753382411,-0.5111154279329968,30.38596942544367,-119.4549556037112,89.51595572264144,-0.0633670982666062,-0.336088944258349,28.40526973305154,0.0,265.5740992922312,144.1044597441992,143.8241947158116,40.88841924805939,-167.7383882361793,86.8922718844644,-38.68014130619777,-37.91079768079105,38.83101034190738,0.2433185159614946,0.2394696726764082
991,E991_processed,-16.227905,71.086845,1.916764894135389,0.0,7.250545699910978,-35.00709440331422,35.3201568992871,0.0001796912050779,7.586302763307762e-14,1.938127404896628,-1.749633264553928,4.998850208421222,0.0144767187970461,3.3891990685675236e-10,0.0717499274411954,-169.60733,181.81055,-11.04015821361786,-12.1270735,53.30674205758152,-157.4898791977613,192.1374960013038,-0.0215098456374339,-1.093330106545086,53.2820855791679,-203.75601,187.40372,-8.6465848262145,-8.99501515,61.45157422567175,-194.2162534249538,196.487309212726,0.0400088150945,-0.0114353520746441,61.46302941889532,3756.7007,3901.3611,3848.087021972222,3847.7505,13.95479516933237,-90.70434805610589,102.4642950468659,0.0709533453631546,0.4813308464837922,32.4648961325891,-133.5411514356078,131.6800979952865,-0.0182292384312473,-0.4044956867489908,39.95851115793729,-186.6213442496529,59.31717386095877,-56.18990429891191,-55.83366217119467,40.03251904542042,-148.3692440335788,169.1838671278017,2.022094101953093,2.811310663355747,47.78017621500806,,
730,E730_processed,20.933117,22.96524,21.91319889316667,21.924881,0.2921993521111857,-1.011204391560602,1.070977154184398,0.000207212654977,0.0041919242479314,0.2920044403599835,-4.477951327334605,4.932862581910944,0.1933088208560769,0.1725837096528349,0.2644474941020932,-210.89348,156.70036,-14.67269313895929,-14.2785305,49.49247025897435,-195.6937668814905,170.5787250136176,-0.0424311740143353,0.3265365732112193,49.51889831781019,-179.67737,193.86665,-16.63759802323132,-19.8802605,49.50874264456054,-162.3665648480496,211.4591720101485,0.0638535122795422,-3.252590956346051,49.53124544662892,3795.2583,3880.0735,3838.088361016666,3838.1123,9.03859546448312,-88.10696054269417,107.777218753995,0.0280146515600166,-0.3608351815065571,28.83732258713719,-148.0590220682437,142.582963427376,-0.0684859537007253,0.563276078712097,32.5963218636907,-120.9354659344572,139.2966330392767,11.07363815204077,11.32518471023799,36.54129485138569,0.0,274.7846257991923,152.5549707335916,152.8144167944014,38.50939141904028,0.230544435260824,0.2138714310399377
583,E583_processed,0.0,0.0,0.0,0.0,0.0,0.0,0.0,0.0,0.0,0.0,0.0,0.0,0.0,0.0,0.0,-81.462097,39.626381,-14.96021232223444,-14.6307595,16.84358843560416,-66.51831958546344,54.74669441314452,0.0085229375567689,0.3734969713039716,16.8584230095884,-71.536957,34.935745,-21.575461111582,-21.552477,15.27199014194826,-78.5497549529342,56.6749574948477,-0.082199137503649,0.0017229706509573,15.39576192028237,3818.4709,3846.1475,3832.203668483333,3832.7556,3.559900847682803,-33.00288798067255,31.42283881311534,-0.0052751053853471,-0.0097863477005661,9.461911748199212,-65.47035036850608,115.269606883638,0.0992962202001309,0.0610096741413048,9.793224871427446,-5.893143187659775,78.33045298255739,36.82005899132374,36.92579920808812,12.12499812185727,-156.1557117299655,0.0,-98.26687103147812,-98.33222741764422,11.3956447861969,0.2455608694253259,0.2461021091246077
606,E606_processed,22.480469,23.36422,22.92936524161111,22.944439,0.1084738355585957,-0.4195032787702707,0.4260170037320787,4.578046485986803e-05,0.0035069148096627,0.1061398284885732,-4.975651169124497,4.914043487751697,0.2560948190358507,0.2303118042688269,0.505690229937917,-102.42926,65.98082,-14.82340075217988,-14.5565555,25.65866594060396,-87.55691738853753,80.85675171600882,0.0416221603330636,0.3033228284333589,25.67977404119059,-88.124542,76.91407,-6.759084938008388,-6.9250114,21.92536660957518,-80.24790920230987,102.8920693051239,0.063521537355915,-0.1179653271958623,22.01121323465821,3835.2759,3869.1277,3852.217876755556,3851.7141,4.579027560773354,-69.50109888329894,53.94767182659933,-0.0444017862311112,-0.0452754907430943,15.2829599050415,-168.9241989082591,95.53209290341404,-0.1143178823932431,0.0792097814034828,14.10417498423764,0.0,124.603206187326,66.96477727975507,66.82904899812735,18.92878855838649,0.0,221.0109268343576,135.4063026955518,135.5309719183974,16.36952913726648,0.2244324651056956,0.2299738990973712
599,E599_processed,-16.227903,71.517738,1.967011523986556,0.0,7.380968770889941,-34.10604717356545,35.44333999769431,3.617396359296755e-05,-2.4348971760546063e-14,1.928948672667677,-4.999624608753428,4.999506381504501,0.0167486512385979,6.2194347351959235e-09,0.1617886677154806,-83.433167,75.875038,-0.4841870904953944,-0.1210056,24.15730694242564,-82.07390584181223,76.12071871185074,-0.0047069867403414,0.3038192290359232,24.14746927492097,-39.665997,100.36169,28.30677357847192,28.156047,20.36237952916984,-68.07755891910324,72.03169277533922,-0.0104000514975404,-0.1490014272357437,20.34964701852294,3901.7903,3935.0256,3918.772929666667,3918.8931,4.679749350916759,-48.07624007578817,47.48930286096157,-0.0026506594338976,-0.1001583131007404,15.43190280295656,-36.73816841024487,35.66476845953652,-0.0055895267015039,-0.0413799008350757,11.98572374677339,-49.75251551248923,61.48837854924882,6.990890319997973,7.079725292139544,18.62564011284477,-51.61723631501364,45.69961810211519,-1.250031212155304,-1.181843209392742,15.22226518095315,0.2188572061179859,0.2204921625831981
741,E741_processed,-16.227905,72.213631,1.938184231367833,0.0,7.307001965597176,-34.48764472660615,36.27645356303309,0.0004130430719443,7.549484876069453e-14,1.936785636289391,-4.99995481621536,2.161402312036692,0.0149655996894344,2.0240767276862135e-10,0.0801049239473764,-188.62596,205.88808,-9.346372239235166,-8.01421165,54.43556897300162,-178.2991261592271,214.9498064082102,0.0559493529070581,1.331578519729076,54.40773251773535,-133.50702,157.19254,1.466011957219417,-0.851395545,46.72100498163181,-134.8487138355618,156.3014644977822,0.0992175843174195,-2.199700120257857,46.77892422069078,3835.1899,3904.8396,3866.973797372222,3867.3359,8.585783809380942,-102.8389428508878,95.96371362985892,-0.0062744980170353,-0.3986267280806226,31.32445036485473,-164.3784917839817,114.9855652199503,-0.1053614041665144,0.6041320881488881,27.15099265429217,-80.82278226513932,177.4994868733745,61.87043771342063,62.15233080045924,39.82919319580871,0.0,239.4803065377762,143.6128538142477,143.9052107383645,34.29580836088797,0.2307949687523495,0.2272197634708227
713,E713_processed,-16.227905,70.689156,1.928634803773944,0.0,7.320310734962509,-35.16341075851938,34.68114942684143,0.000291798845679,-1.2895654804008111e-14,1.912615658218594,-4.999899003446087,2.847538938433388,0.0160801930200893,2.50412844760844e-10,0.0892807449311741,-254.66383,203.73105,-16.77519284716585,-15.5630825,64.29516223814949,-236.8565441326788,219.6665311604849,-0.0857483373722422,1.139951511444439,64.32458869180648,-227.84505,176.58279,-19.71143854556346,-20.937294,59.06731021440776,-207.0272660575104,197.5867677155239,0.0360342434410283,-1.295672789878921,59.10896065681094,3767.5818,3877.3953,3831.695773727778,3831.8628,10.32835029039737,-108.8128452410195,134.5207783687293,0.1129205302577132,-0.0903503743375955,36.4547975979645,-201.6752075927688,128.4979572644593,-0.1251841237797139,-0.116579020541888,34.50100152827663,-273.5672418225926,4.347393101678773,-139.2211918329659,-139.9303523610681,46.93761107041936,-2.363675765687901,296.4524077321939,130.1262825813185,131.9626278509982,43.54663784733974,0.2278021862865132,0.2216464860163874
996,E996_processed,21.596706,23.695618,22.54355843394444,22.546738,0.2527926670048792,-0.9536229824469876,1.167790475395816,-8.750272648407978e-05,0.006834905779745,0.2523567341735898,-4.931020223010396,4.885583083368478,0.2260817342611255,0.2043875891021237,0.3147185896397836,-209.34378,187.55562,-15.1052580179196,-14.7124525,49.13534675400997,-193.5241302862497,202.2334351814525,-0.0078296855808003,0.3527064707779006,49.12558783139833,-236.73389,196.14157,-15.41394300173364,-15.112759,58.03017263045172,-221.1480448300097,211.8590021838276,0.1464077661965595,0.3208151361708431,58.12586614622347,3776.3044,3880.8513,3833.927061594445,3833.481,12.59310016061974,-89.11805916657909,107.8933925110741,0.0869307878597953,-0.1061160910750086,29.96838810910176,-116.7772840009292,113.5760200326535,-0.0488628680901391,-0.1829606689723811,36.57848090567679,-192.1873901232966,47.72221514654306,-68.57831037882517,-68.30275914376824,36.94849010044034,-21.40750996284268,275.987002840303,132.895501822642,132.5959937925553,44.55869302489752,,
1053,E1053_processed,-16.227905,70.600777,1.937886839561309,0.0,7.363914750962009,-35.21054986113398,34.49761218558646,-0.0002389485209121,3.7032322587304015e-14,1.892511761891792,-4.999999997802195,4.999999994242687,0.0149698939222791,7.199758021335331e-10,0.8454105477684871,-213.02116,195.24384,-14.88275519505754,-13.3918,54.47436549002465,-197.6672619825043,211.1265596260586,-0.108918917990484,1.478227599030394,54.54280375405713,-229.19366,214.98634,-14.64347074356405,-14.129819,64.1055649774263,-214.6682284917378,230.1630539016181,-0.1184696409121923,0.4101941300693071,64.21268079686658,3770.3977,3896.4219,3835.941199066615,3836.4507,14.22340440904453,-141.8595594298201,280.5763560172811,0.1999334646929061,-0.6876035804580578,38.88717306780729,-170.936346487836,197.034402800428,0.1359035426040977,-0.6745483406121195,49.95788255604397,-349.9537603350149,0.0,-186.7831755032635,-187.1166768711163,43.28295603431976,-261.9973943181965,89.41301760943446,-94.17663811758946,-94.91596971587188,54.08908396527217,,
792,E792_processed,21.442047,24.513088,22.75142927527778,22.767677,0.3087366901140767,-1.297791697018976,1.694730946639957,0.0002896243598152,0.0052302621116759,0.3072246493508491,-4.233366974877584,4.896821763702433,0.1884039448445828,0.1741997993433124,0.2573092928247245,-228.17398,153.58685,-6.104187246079751,-4.7170932,51.04527667161052,-222.8942218025362,159.3800201007884,0.0578424766340777,1.219512959100501,51.06741426683563,-142.21169,192.39546,8.90146175085039,7.2227774,46.05078420231531,-149.8798758950778,185.1233796760125,-0.049604317732662,-1.774183237258693,46.0708716961829,3836.926,3928.052,3882.172545922222,3881.6165,9.044704166047577,-169.9267624092633,108.1218666260154,-0.1205593206628433,-0.4191766117898525,32.48323091924241,-93.6837526656787,108.2418091021257,0.0515052655891263,0.1468451675269016,28.25091768738093,-28.90584093528811,247.6339242111519,100.3832368678237,100.5384182167336,38.74846306471179,-229.8737172461458,0.8526588359247982,-104.1636554411936,-103.4219364636107,34.5511623648772,0.2255078224844584,0.2255356222496596
666,E666_processed,21.685093,23.540974,22.08011575383333,22.082779,0.1076533393035207,-0.374051408405355,1.383227382550682,-9.62582308320738e-05,0.0004997052062393,0.1038841099591296,-4.944370370351537,4.731983913758649,0.2316611351550122,0.2061039416187575,0.4560179208947265,-89.089371,62.432941,-17.76806193071489,-17.792476,21.38704926165337,-71.28109228858446,80.19505635903278,-0.0128122396489505,-0.0597897608217657,21.39222851227825,-83.054436,48.4081,-17.39679595054815,-17.163624,18.74802649626633,-65.46956349664026,65.94955808732625,-0.036060428588464,0.2207105288088576,18.76864540909266,3816.7078,3849.7546,3834.319304666667,3834.5637,4.121808780902668,-50.45956375825509,49.87931534101046,0.0075037147485803,-0.0255640810540654,14.00928059499517,-41.91487573704796,45.26101665751596,0.0243160850420389,-0.067493623456067,11.70207120115677,-100.3175283451245,16.4695159630004,-44.26612681189309,-44.27951484939324,16.60738358555376,-88.10592330668051,6.847033075031629,-41.70195332415526,-41.51195599097419,14.41548729015408,0.2188715780213265,0.2161146349335773
622,E622_processed,21.508343,22.193249,21.83509567538889,21.839748,0.1031212367097309,-0.3849939722319017,0.3432482426705891,-0.0001245685434526,-0.0009992399892536,0.1023645782268562,-4.898862099863521,4.9369664161653,0.2294287444390305,0.2149169347628519,0.4188905099781737,-108.34941,78.42231,-18.15625507581562,-18.232435,25.61000616375708,-90.37234709765178,96.577248464794,-0.0420792418783411,-0.0984558162535303,25.64537940231194,-116.44736,77.524048,-21.26788382457374,-21.128359,22.05361713937342,-95.0939830776232,98.80422387851202,0.0279362185459321,0.135587823829888,22.08496464225262,3802.4006,3847.0403,3826.574109266667,3826.5059,4.928747975757939,-51.84513026063004,49.78859411308157,0.0249139525019574,-0.0105870967072957,16.05985896166477,-51.37584101770273,49.97968504729759,-0.0130805351207418,-0.0297588586894734,13.66547259834117,-86.41335322544032,38.48585637866319,-22.70714788475672,-23.13191208723354,19.6722005022013,-70.12954679077048,68.79237094298038,2.011981472305574,2.006709124189271,17.04328973644168,0.2232923821386731,0.2166470593997069
811,E811_processed,-16.227907,70.798653,1.955857786056611,0.0,7.427382028095811,-35.24915304753439,34.63929041976309,0.0001081899713968,3.464828837422397e-14,1.877616145356175,-4.999413783636699,4.444818683220099,0.0149861743643362,7.173691608745918e-10,0.0928832980029326,-148.32434,122.01751,-15.83965600939061,-14.9023425,41.44631143431626,-131.988444819228,137.7833976418503,-0.0560644828327944,0.884840737026805,41.48683141682697,-141.17046,122.49332,-18.15140901927666,-18.910409,37.98861933128924,-123.1699019156807,141.2888349307221,-0.0124408294154205,-0.856970922783173,38.04629140933776,3805.0789,3863.1106,3834.646762261111,3834.5413,6.3769505973028,-66.89243377676553,76.6380920790206,0.0595662419581475,-0.3956614959319397,22.34160872367762,-72.09670808913184,103.2613109332843,0.0406629260716396,0.0892548143279001,22.09115966529507,-119.581612527195,73.1153327330834,-21.34879678736744,-21.27977108539039,29.41904131873957,-174.8883929296693,0.0,-84.63563199559054,-84.31386883877641,27.73657808389617,0.236098538143024,0.2321914376836635
967,E967_processed,-16.227905,70.401939,1.905982031513616,0.0,7.276680709589455,-35.01256587792233,33.49219003992164,0.0004696893922873,2.2951916515848293e-14,1.904996258799616,-2.433947975323564,4.999271245902506,0.0138973244892699,9.973088617182848e-11,0.0683651222405792,-233.17656,234.50293,-16.21815296209382,-18.0345745,73.58286518982825,-216.8269487327887,249.3958270212142,-0.0706405179110552,-1.971210101268616,73.5977181759076,-324.88022,311.74564,-20.57594422524105,-19.273885,91.04112923880288,-304.225847344775,331.6877685661964,0.0125700507574186,1.300286994067548,91.03596381524316,3717.5854,3917.5708,3824.922924713793,3825.6133,21.24676249331775,-144.6387675546124,128.9017515848758,0.0673451311271095,-0.3035190510508379,46.7682817505735,-189.8117552230985,187.8054434186663,-0.0302432985220183,-0.981461496225334,60.37620043929844,-265.0545703552242,71.47304683272101,-89.94794814282128,-89.99360199499341,56.46524351634338,-144.1463159730447,299.4088051254873,44.90752221795402,44.06420656502623,71.40312144224893,,
922,E922_processed,21.044373,22.701408,21.85513951838889,21.861843,0.2568133011705385,-0.8091624102518632,0.857591669024025,0.0004017219946406,0.0033634375813068,0.254957294984204,-4.92238403846123,4.878393768756713,0.2482489418653596,0.2208472049497438,0.3312220432103471,-246.44031,231.05437,-15.55694013577825,-14.372452,69.15294321711299,-230.6526830308184,247.3039821249288,-0.0821562271025077,0.9674540301773912,69.16438232342848,-241.51575,198.49263,-15.67310183668706,-16.3992565,69.38322959006814,-226.68381271613,222.2671880339274,0.0400138180575637,-0.5877771437511101,69.39300467287036,3753.2971,3896.1438,3830.922617944444,3830.9702,17.37130579423695,-164.4451663034118,118.8944223397063,0.0233892640456726,0.0360007372338131,37.55337342876315,-185.8676167336731,128.9922206248574,-0.054804654878315,0.0729834863639302,37.86646839530231,-275.1207565570049,81.13457898900322,-108.0970595581601,-108.0068803819961,49.56543833488395,-90.8000951695808,237.4684819482838,69.19466842202999,68.71944516374703,50.11460850596057,,
975,E975_processed,-16.227911,72.024498,1.92467773178855,0.0,7.32790422580211,-35.24324827535562,35.86867125227093,-0.000411636713132,-2.9672162150940946e-14,1.899995786633453,-4.999987796128687,4.99998963175465,0.0139092447760111,1.02852070499238e-10,0.1503102345758481,-230.78908,237.15567,-11.52962783447802,-11.222942,63.81208848657317,-218.5349004621599,248.2971351848757,0.0007847187257182,0.2222523270432077,63.86120150551595,-257.06281,294.32217,-7.529551820953113,-6.4864058,75.78206127666527,-250.4184363059611,300.3397972631274,0.0138099441693508,1.147011185137817,75.80751683621911,3767.5818,3929.177,3850.219741202289,3850.6116,16.64118216407402,-144.7386850095624,143.9919144630236,0.0119390300175025,-0.2346432845397537,39.04993396730266,-156.7954465806763,182.807753858259,0.0425944897708772,-0.4108786577979853,50.98960720854844,-251.3168597805347,81.17339019866755,-88.53652201387598,-88.3903864072689,47.98018118685822,-231.0928028572725,153.0153454835373,-45.43828062345197,-46.20774630526992,59.40985295534149,,
749,E749_processed,-16.227905,72.213631,1.981596113835833,0.0,7.464804332916501,-34.76643899896945,36.05266063701978,0.0004975062647045,2.3280683891740705e-14,1.899891901260162,-3.018637102751883,4.999892000429002,0.0160720284767991,8.821869180478896e-11,0.0886658753201627,-207.71919,175.40456,-12.1187582596879,-11.4494185,52.48589620631461,-194.0575466504559,186.7702832341172,0.1418070552224596,0.7440704219937804,52.56894249029412,-154.66832,153.86191,-7.724229213209949,-9.2759967,47.37529671849919,-147.0045172252627,161.4385914765277,-0.0681243862440111,-1.628018128546688,47.40631691914942,3815.2524,3891.7971,3851.470577822221,3850.873,9.03464334498754,-223.6500561770004,135.4790812817766,-0.1831535382427407,-0.3324573925104255,31.02974965125776,-99.98133643184,77.91260074047071,-0.0216844098777379,0.0294063162875382,27.07573364338363,0.0,307.2499491654902,179.8107343321929,179.8996177034894,38.47138973623634,-124.7632227996133,75.10028294932167,-25.13775148491765,-24.34327071518703,34.95064283712951,0.2300077800607921,0.223768898797378
612,E612_processed,22.104874,23.93866,22.4530040885,22.458374,0.1065367982219118,-0.3678154947437431,1.453504888127142,0.0003031354890941,0.0004610103906511,0.1026371014044082,-4.686016851525214,4.915384790759727,0.2339301715544364,0.2181754747109657,0.4085542088682458,-126.61417,88.965141,-21.11129977749331,-21.097927,26.72040155496806,-105.3794393406366,109.4126062697311,0.0392022999970022,0.0993157679878859,26.73165295182335,-106.21555,51.777058,-25.93385422628128,-25.7406415,23.8384710567995,-80.12582890772619,78.04153739207257,-0.0130499096089952,0.1335932439872953,23.87143160673132,3797.5811,3835.186,3817.040299966666,3817.2439,5.101930691841972,-89.6225390587072,70.40242296057812,-0.0686807339770091,-0.1899335045087623,16.45985665905559,-62.98487987908986,59.22532343389024,-0.0181324708616032,0.0260271566112884,14.51927603622861,-17.38475071731035,140.155537952727,60.86441123412718,61.00324024766775,20.14555028583168,-38.20625983678297,111.8757810689488,19.35542397689893,19.18672780230003,18.22841462587098,0.2244011861038771,0.2188660941582504
1036,E1036_processed,20.823421,24.800308,22.33038657753209,22.325802,0.4041959882066096,-1.492502606390721,2.421403899341846,0.0004561758536214,0.0033525479905003,0.4033487116589868,-4.730600493945992,4.304193353619387,0.1917295807424074,0.1763751536857909,0.237952825648908,-290.26743,301.97855,-8.383623215380084,-11.095452,75.13298727504876,-282.7145022581168,319.1611615987237,0.1075904684614376,-2.747296611587924,75.22864920239856,-300.81427,322.25772,2.748167625351853,0.98684359,86.39203583665838,-301.4892419576639,318.6688578930548,0.0194703168235806,-1.607170631444182,86.55893849190748,3734.3857,3973.6799,3862.625715756431,3862.1057,20.81933820808349,-387.7056505541616,234.4994552565749,-0.2442332259375035,-0.0763004163845648,51.17449552053078,-271.159686870947,225.4523022718768,-0.1063823251702517,0.6249030167105474,62.52025315852759,-14.24136124122172,476.1112594049409,206.2598864409292,205.6097917650903,58.97496171424267,-2.462216234479981,431.4481636316198,194.4330454847195,192.6125891424473,70.91056610007423,,
1079,E1079_processed,-16.227905,72.131363,1.9485417435566,0.0,7.337942944050604,-34.45695319153586,36.23566663531864,-0.0004615296307633,-6.007466754646774e-14,1.935687426949858,-0.8805403916835388,4.999476900232908,0.0150369095741327,1.0399989734428167e-10,0.0778217448910968,-204.37161,172.24515,0.5852678405628611,2.8896823,57.40614346381228,-205.2804793532479,172.7479417713153,-0.0794821265194856,2.221363426961084,57.35873622398639,-195.5625,221.79401,29.4401904569503,29.25885,63.89373614751941,-223.5385352410971,193.55691585174,-0.1547919646332368,-0.3172445570777445,64.00797750606645,3843.7295,3966.9351,3914.963434027778,3915.1362,13.62820580924284,-95.85769448862402,113.7128020786535,0.0126136850878825,-0.7420786000011126,33.37690808706441,-155.7110906662935,241.4020912684173,0.163291889517107,-0.2060370830987159,44.59532879620901,-154.076404990694,109.4177091916432,-18.88706978364349,-19.12700129941547,41.74762915760954,-347.0267130070364,0.0,-194.7765419775321,-194.8093143854554,50.66001709340495,,
777,E777_processed,-16.227909,70.10537,1.878003497942379,0.0,7.146280731325539,-34.97755617362944,34.31252187543119,0.0008568338336632,5.812719094064167e-14,1.947205098002261,-4.99999813784228,4.999998218568919,0.0144341213899118,5.856744069439841e-11,0.2644122234277159,-373.77222,354.93771,-14.53352135270864,-13.377304,83.70963630988354,-358.1126349585321,369.3187632129595,-0.1367022854562572,1.13443227214478,83.83882734608986,-240.44351,331.31348,-20.3029252287319,-23.944185,73.89296533919844,-218.7811743781499,355.2328076187834,0.0832855727292397,-3.694889360013917,73.94452711775524,3719.3708,3938.1052,3831.380285925432,3830.9702,17.02924810240728,-200.0760387688072,295.9672560910654,0.1683832792056786,-0.6432332262968572,57.04005086732761,-163.8242562775897,174.2391186910243,-0.0103613226529705,0.7588465909922739,45.41135539934306,-557.2210223607907,0.0,-309.2545790499155,-310.0016919874394,65.1831622873567,-188.3444472199564,212.0200401311054,28.7533454088586,29.707829164841,54.95778457258126,0.2233713277603216,0.2266451256640327
853,E853_processed,-16.227905,70.97641,1.970725173414278,0.0,7.441433554097562,-35.14171737024564,34.98961766227327,0.0004446369241541,1.612627831768666e-14,1.905163189465807,-4.360742341016754,4.996925583314792,0.0143926978541495,1.1684085677824369e-10,0.092045639435879,-122.57184,62.762531,-18.57851995783402,-17.7531395,26.210936777451,-103.5757649720792,81.54999015469805,0.0032625906106595,0.7895893850090259,26.23583845099801,-92.212303,66.753105,-12.86167441689547,-12.8236935,26.58534045231046,-79.05767301821126,80.02164911073382,0.0372721162227273,0.0759782256328178,26.60488291890546,3823.0564,3853.3247,3838.482823216667,3838.9817,3.903833517959583,-56.36456225515573,47.6210004819484,-0.0285140912935306,-0.1631161520606242,13.97120175956095,-47.02106123176159,43.66316667189016,-0.0116966668647756,0.088554417568373,13.85087899190424,-24.98800831254905,101.6477960644125,37.49175501384856,37.27918595977827,18.44624412336531,-43.77685555052548,83.64216469890762,30.657613554722,30.87327969524416,18.71214085531498,0.2388448667012449,0.2330354973747515
929,E929_processed,-16.227905,71.749687,1.905167585684927,0.0,7.223229501377706,-35.00745379875801,35.96517574440279,0.0010721762327239,-2.46871254152141e-14,1.943071350118499,-4.999999986053886,4.999999937667173,0.0143996873451486,4.117475411629747e-11,0.34356290465561,-296.57724,243.52228,-12.65827287889752,-9.4326267,76.81217033675321,-283.4137183206715,256.045214882426,-0.0222154746203501,3.068591306485971,76.79141082314126,-266.98077,290.30139,-9.187528647013448,-8.7070494,83.58731778955189,-257.1618991694282,299.690410493868,0.1328994707202603,0.5755540661615868,83.63008236714309,3759.5466,3925.606,3843.204387549308,3843.469,20.66808971754402,-171.397097997051,146.8697241748736,-0.0351581462631612,-0.4146084882664169,49.04208533511857,-174.6438966535118,142.2015178903124,-0.1476905970816889,0.0866778520609727,52.80373416498029,-233.6122900512684,101.9294143810273,-65.03539126547115,-64.00272836879948,59.79791294333538,-2.840249616397694,355.8316040350543,155.374147134939,154.3246179513445,64.64874671939948,,
825,E825_processed,-16.227909,70.388039,1.887605717145694,0.0,7.22595677489262,-35.24813100253913,34.23927685870314,0.0003134660392714,-2.573373873132253e-14,1.897273992289434,-2.45137940617336,4.999748871003187,0.0162640167025907,1.751821246952937e-10,0.0994152663471841,-152.28297,118.6403,-14.9656006814239,-14.333893,38.72679799197068,-137.4517306893284,132.9998711186088,-0.0693034026988802,0.6360332166532925,38.79014567034178,-142.69962,104.61906,-17.85169050393501,-18.196426,35.66589763462338,-124.8216445178723,122.8389016225539,0.0131398598332491,-0.3463040141380334,35.6633384129422,3811.3286,3860.4321,3835.376272211111,3835.4341,6.060678348610552,-72.99711851115643,77.61975139576738,0.0652303383377677,-0.2278930106324495,22.58075554361193,-72.26639043847402,88.10610862352546,0.0382996223089562,0.27377902936883,22.40661249259872,-137.7142533901722,77.63386002648295,-39.12119510844032,-38.68363765389493,28.72913757777912,-98.59026594839784,82.60844074800464,-2.665927249273405,-1.664930014205953,27.28514291689595,0.2266447878318114,0.2198847224541517
1010,E1010_processed,21.287392,23.342117,22.28831971261111,22.281612,0.2776450190725586,-1.027112832046383,0.9909499146581686,-0.0001123425106391,0.0007032453639057,0.2764579577146392,-4.940229184362553,4.70207313160885,0.218315962934711,0.199508457537847,0.2835851594603359,-210.63316,193.6971,-16.87615040175396,-16.638999,57.93964541181219,-193.4828316432905,210.23482171783,0.0345855259873304,0.2390297162341161,57.96625806816839,-264.84268,241.25346,-21.60598561242466,-20.4034175,63.39272116783003,-243.6101566331765,261.4599950834436,0.1278720394378957,1.294615863678391,63.44210936953052,3750.7087,3889.0947,3823.509920372222,3823.8567,14.05577074388271,-109.6147572943166,120.0011718055632,-0.0590742180785615,-0.6488361649474514,35.74701412979873,-194.5942435240898,141.5899746953755,-0.1648793132131102,-0.373764422790773,43.62990514653113,-180.0716197100594,110.3376834641877,-26.7180672312768,-26.69301253080553,44.1130381620922,-25.5978043131427,359.6066305487207,170.4780995042491,169.5151408725872,50.77644035716243,,
575,E575_processed,0.0,21.883911,0.0012157728333333,0.0,0.1631130420318513,-22.12967515736426,4.043903038547138,-0.0149648583095102,-1.147336657836902e-17,0.6183174335566172,-4.999999997611233,1.044643709102166,0.0005519105286457,3.533949646070574e-16,0.0406231413695467,-95.585182,56.409618,-14.08332867222339,-14.1550695,20.07638424670713,-81.42744473909809,70.80696654358431,0.0081831025687985,-0.1179780609182597,20.07830410247004,-92.043297,47.244411,-21.40764947791412,-21.3918895,18.72371009809956,-78.8056575045007,68.80899231385217,-0.0216825584847685,-0.0173404395897289,18.78869210241445,3814.0071,3852.3972,3833.4284717,3832.7556,4.345323344340978,-36.59260201609068,43.75704335040915,-0.0049036813866274,-0.0614587780284945,10.85286737798105,-46.42328904839668,51.09798708523043,0.0045540523475605,0.0919752494431508,10.1600555092817,-27.04552560120076,71.97037622590558,22.71529784688323,22.80999998798691,14.32189384599484,-38.24832092083781,99.03614328362232,22.24215827840817,22.36857672302991,13.55577194696338,0.2355572202219434,0.2322037525382726
827,E827_processed,-16.227911,72.020279,1.889754739168634,0.0,7.212143084819805,-35.16469558636538,35.90582059387837,0.0003221678177823,-1.120260123460875e-14,1.907292986428908,-4.999910347316441,3.527669832186866,0.0144282956936762,1.407529736634157e-10,0.0931953005748744,-169.17433,105.07782,-14.01895445659044,-13.0014095,39.97649832950331,-154.7422374579243,118.3242798875908,0.0118546403915601,0.9879649555846772,39.97701646218354,-146.08774,153.31367,-14.08972135620252,-14.3247125,38.98165989162984,-130.8838122416419,167.3594314650549,0.0773801704001765,-0.1959240147666477,39.02968984842833,3816.6853,3879.1809,3842.582120188888,3842.5762,7.259774060228177,-66.65518174633696,78.20262737117014,-0.0207880282607481,-0.4809694243467875,23.26612596495399,-173.8348969197261,106.3149128599705,-0.1164790384167461,0.2127153296633865,26.32032035004515,-85.02412727727557,88.16151185891694,0.9704356997553244,1.020757221994422,29.56506748670553,0.0,235.6405652497519,126.1083769773092,126.3046694736957,30.68078568594668,0.2227264867573091,0.2149703788489707
1049,E1049_processed,-16.227905,70.888,1.938105267006057,0.0,7.36233772753281,-35.23404999783216,34.77913269557648,-0.0002918916807707,8.867967796379883e-15,1.902519508887612,-4.999999993039244,4.99999994527688,0.0139477227680479,2.534039797412782e-10,0.5199836647819819,-227.6346,204.55275,-15.74979348106976,-13.405986,61.11697769251582,-211.252699140489,219.5201979368189,0.1281221388104137,2.274455430775555,61.32471810857623,-269.69513,250.39731,-14.54356459693687,-12.466715,71.19809626009547,-253.9996929252779,265.4910060770608,-0.0366807916628558,1.917460941038687,71.15683379563174,3734.1602,3927.9221,3836.591553570039,3836.8079,16.33947535153231,-337.5078781955095,171.0356564375689,-0.2287404637889113,-0.8013833653861795,44.38500949631008,-201.2943448548923,190.3827822753906,-0.0021292435336972,-1.057394100772717,52.94245312145395,0.0,453.2281313110516,302.6454683311957,302.9454391231374,49.24025755346293,-177.895344479664,240.0726689015777,14.57519087527992,13.06043245660768,58.79334186305002,,
671,E671_processed,-16.227905,70.269409,1.883193800069167,0.0,7.22301313401704,-35.25142822526507,34.12579495303068,0.0002763281524306,4.129102430262728e-14,1.8972112498727,-3.111097422786805,4.999999359874717,0.0166259485015518,2.04364067292686e-10,0.1043996995514682,-90.594223,59.926247,-17.3024266330901,-17.6394615,21.04646943176513,-73.16481219564827,80.35316520781969,0.0761830975760884,-0.2550590908114346,21.08298688525789,-81.842216,45.557846,-17.44371531063435,-17.4150325,19.34187629849604,-64.10789629195884,63.13681611574822,-0.05102511918745,-0.0043769417169661,19.3925040550913,3816.7187,3850.6448,3834.322155883333,3834.5413,4.423948982265931,-134.9307954882975,84.47084226346882,-0.1139415688431447,0.0764989638378708,15.70425014748443,-43.60450201322071,46.81015136751486,0.0210912777615505,-0.1062511296347033,12.80072262299537,0.0,170.9221238396876,97.0107850873766,97.07834445567497,17.16198226362637,-91.49131979041394,23.28502160826824,-40.66000619978566,-40.53187465879954,15.40584058871144,0.2144431000972603,0.2109580181076276
797,E797_processed,-16.227905,72.169441,1.958921311901217,0.0,7.373974549620987,-34.3669448364808,36.2161809091785,0.0006124112584944,7.475254274462732e-14,1.93197266552068,-4.99999999645105,4.999999967228939,0.0144062128603416,9.988920711597242e-11,0.4664901081197448,-160.50717,156.60307,-12.63228548246607,-11.038714,47.31611140170111,-146.4669207332614,168.8192520094115,0.0981478973422814,1.644775062610838,47.48305698693824,-150.47002,158.29149,-8.250492526120059,-9.1522713,43.91582605909472,-141.1811118528074,166.8950394707103,-0.0096933810378702,-0.895654832432367,44.00043892928992,3807.4436,3890.4219,3850.545984315796,3850.3716,8.504570870099633,-243.7545872205789,118.65196808763,-0.1473763291065598,-0.8358339133501893,31.66516362844616,-119.9608246721779,116.997953276576,-0.0595510434044078,-0.1784080711274134,26.9928642222319,0.0,337.1080827027765,228.9310522150619,228.5633954127761,36.52963637560228,-28.87636881355478,188.9504424374026,76.76272972632829,77.31761438744947,33.11329345334364,0.2227797047499575,0.2260967439410219
1088,E1088_processed,20.889713,23.408409,22.2722374725,22.281624,0.3140867319482318,-1.401215048799037,1.143621468121103,3.943357577200181e-05,0.0038205259368716,0.3130329707890126,-4.653713491250901,4.545715736946716,0.1810273039883136,0.1655263051916399,0.2234705002699442,-184.48294,161.94791,-15.45658812690291,-15.831914,47.9644633589615,-169.3055960857673,177.6979984938003,-0.0817479958105843,-0.538111628066499,48.04072382116789,-217.9691,227.62086,-10.63537851738776,-11.2614025,61.38798830686542,-207.0959723555367,238.3990497361599,-0.1534134359715143,-0.7578047619434676,61.43589676279256,3760.2925,3896.0022,3841.642888577777,3840.7222,13.00830290584423,-108.9255971635084,165.5368715390321,0.0998815835122643,0.0435233534749155,32.07804405074499,-154.6774761094393,157.0684980173557,0.0597049357022396,-0.2068835881511503,43.96608403712605,-293.2869249258795,0.0,-160.363387332326,-160.5361991827757,37.4271939668582,-310.6378078715182,9.06311460288379,-168.5780187733724,-168.550341445505,49.72231654488773,,
784,E784_processed,20.668446,24.003868,22.24908590088889,22.258503,0.3611157004508672,-1.600288142075154,1.734258358900775,0.0004309554722389,0.0116275773438686,0.3607790421825915,-4.994216731593101,4.676448937950069,0.1821930550329911,0.1685300173018452,0.2405416099136572,-219.117,190.23889,-10.88459202733244,-10.176398,62.73064839997701,-284.9182069079947,201.5154858602981,-0.2260435547148495,0.5332802034136923,62.98779926864604,-176.94508,214.71043,-4.223340196472643,-6.58510185,57.52576974087845,-172.3601284728479,219.797354129585,0.094997813881576,-2.275264841429502,57.55302387944385,3801.5078,3927.3916,3858.998186611111,3859.5393,11.98543352750216,-230.5179857885498,397.1965411888448,0.2786747095520407,-0.6503101460007246,43.29851592261038,-114.4445334240943,110.7306182908553,-0.1111852934028369,-0.1637268814782782,35.1179432941568,-530.0694517394161,0.0,-366.0469331774342,-366.0756135479803,49.10220939711515,-56.80323175266506,224.1403274778691,82.47949890448055,82.05445021487833,43.35147245635824,0.2227752787934811,0.2238902497739973
1020,E1020_processed,20.845348,28.51202,22.15164793471497,22.149025,0.3702833166653457,-1.295520388768839,6.061790248880988,0.0004747085599439,0.0025471680105324,0.3678501635487312,-4.838135006255052,4.798569225053527,0.2089626284875955,0.1882449121771284,0.2631655004750595,-235.29877,274.82471,-8.379873603258929,-8.261090750000001,71.13252893800222,-218.3482492765303,293.3806042775,0.0877317207517084,0.0792012772889866,71.26780963448655,-284.67227,294.85828,-2.611328127483735,-1.54886605,84.70747628969907,-281.476457729532,297.3253259346108,0.1305783186305846,0.9894526059678111,84.8642057594084,3761.3323,3945.2473,3860.367971157907,3860.4321,19.94334152578579,-193.9466106462768,131.2212273787797,-0.0031630522734749,0.002116173023424,44.54486790089211,-204.4911519948692,229.4472169345284,-0.0748308102855601,-0.6219219684221287,59.06373216390592,-245.068031642761,194.4413262187854,-10.43614672098306,-10.8282894816799,54.6021456021825,-257.256889764686,272.4955271893093,50.17988919302309,48.76440527518335,68.97042581298278,,
742,E742_processed,21.883923,25.904999,22.72155106411111,22.723488,0.251237547695551,-1.040716281729421,3.01915842888491,0.0004193337003065,0.0012406218767826,0.2488331794377758,-4.987136975559326,4.956911027329637,0.2299889089823594,0.2045610539189159,0.3112169410197445,-187.8567,151.80777,-9.621557737658266,-9.02835895,54.14849990940508,-178.7891800028293,161.5222657873322,-0.1038988127171318,0.4709971836646654,54.2154524742364,-141.89407,179.52315,1.528139542236556,-0.67362961,47.56266408120626,-142.9515643298394,178.5626180741794,-0.0014985727069879,-2.24779480417499,47.5532123064832,3828.9392,3907.5183,3866.913323877778,3867.3359,8.788088590260696,-114.5479992987549,193.2426542071853,0.1138649355324755,-0.1766662974158915,32.16726564322058,-88.66505105780277,93.37733501989568,-0.0012423202861141,0.1864013092354365,26.7366810894253,-272.7100186119712,0.0,-162.414864607823,-162.86326017716,40.02223054217598,-122.3974002847315,88.19128735313808,-16.71119653402415,-15.93804325292956,34.62860255023627,0.2294216899635788,0.2277934571529606
669,E669_processed,-16.227905,70.40197,1.893549658010611,0.0,7.220289315721439,-35.20383607389927,34.34126784082596,0.0001996288501573,6.191227214093807e-16,1.911195796016892,-4.999905306115355,3.134974151668738,0.0149706805382668,2.856731807494778e-10,0.1089549204255517,-88.601997,54.767273,-17.32058406242137,-17.440342,20.83099236781626,-70.9497286501955,72.3227895574531,0.0064426516858238,-0.0859452873478011,20.83734542268245,-77.32914,44.026951,-17.3414290841295,-17.4191505,19.1139544832185,-59.92760440934218,61.35152879655469,0.015784732019439,-0.059084955262469,19.12915071597491,3819.3638,3850.6116,3834.452720466667,3834.5427,4.290835071616729,-55.07131926137816,49.61242153157219,-0.0268544628948902,0.1427411043253586,13.75858437521706,-55.12799912459135,41.08765430349212,-0.0357580768476157,-0.0576262979682674,12.15736072992489,-36.22682328031662,83.65958762788318,23.32838511348927,23.38831228407523,16.22742884872829,-0.4134529987143223,90.71355546114472,43.57576831007486,43.78090591925918,14.83239032468235,0.2216270088636352,0.2160827088672349
863,E863_processed,-16.227905,70.424065,1.923435826830834,0.0,7.321332891651141,-35.22213007896824,34.30183770158636,0.0002096605350275,9.03138589872928e-14,1.896943036698388,-3.783246751262957,4.999385222018484,0.013973967006074,2.401050204331854e-10,0.1153257845185613,-94.525406,57.544769,-19.29204541966376,-19.0654515,20.49106342461631,-75.71620612180128,77.03926807334913,-0.0326209189382783,0.2126578695521419,20.51103995577618,-89.897072,54.599567,-16.67108349938018,-16.584121,18.66479958984246,-72.7569969586576,71.59451903158612,-0.0231729315062406,0.0403240031254376,18.66620517419923,3817.3145,3842.8127,3830.948278488889,3831.3262,2.981729647324419,-44.43133740528358,50.20383099899533,0.0331613958490041,-0.3363593957579156,12.26266661213271,-33.30754316068446,35.13223180787518,0.0191978858248685,0.0573625888476336,10.78256900531043,-84.21456201992123,23.20013772381064,-33.91168083741401,-33.99853199883442,15.09138202683437,-74.55352554510306,11.88866945509061,-28.18340464125334,-27.92408907439528,13.71349981229935,0.2371853129788861,0.2350919328157739
786,E786_processed,20.889576,23.828045,22.37006575816667,22.369904,0.3679336857944514,-1.51718157801713,1.447220158807716,0.0003853457298521,0.008762096505534,0.3667479457069199,-4.389301321348789,4.746723726361438,0.178251081001192,0.1661055303161256,0.2356530795910937,-242.99174,243.78757,-9.155411743862524,-8.09546895,61.7204698681069,-233.5700258175461,252.2742644122473,0.064007827853992,1.076277945520929,61.74176452171324,-199.3817,263.22803,-0.5857474051496889,-3.3327689,56.87952506758084,-198.4221930421309,265.7769731510416,-0.1285903686119154,-2.951449186651888,56.94172890583513,3814.8999,3927.3916,3865.587087305556,3864.896,11.76273816294842,-210.0680034356875,154.0139862708095,-0.1427654190695158,-0.3488153916441683,40.61578610259961,-124.6581055347219,154.4479000246522,0.0837584665889807,0.626588943835392,34.62018566551142,-20.23587010230878,331.9580439609896,145.3443587689889,145.2296947245071,47.58123660065585,-311.6949006068331,0.0,-164.9303120532047,-164.5799599440808,42.71339713745922,0.2244297747883126,0.2223209933539309
632,E632_processed,21.486023,22.34613,21.95224188966667,21.949532,0.1061742897813814,-0.4599840406158386,0.3944617484680902,-0.0002461170213065,-0.0021960188956053,0.1052434366877627,-4.931718781732036,4.993513341482219,0.2355438651776404,0.2112797755828311,0.4937018435309191,-97.637939,64.281349,-17.0636857557067,-16.7915285,22.80577871916201,-80.57584014621274,81.67487367751554,0.0273638482744201,0.2501120273882358,22.82137879568438,-101.39574,58.477909,-19.81515546245504,-19.677831,22.22986188678711,-81.54698329955825,78.29360372667269,-0.0215128603546368,0.1287206413008813,22.22489138643547,3813.1143,3847.0403,3830.411020105556,3830.9702,4.58069870820492,-54.09143644859709,50.99213217889112,-0.0415854235620126,0.0969390402174272,14.96104753166061,-45.2014158819246,42.44685345394426,-0.0023426258807356,-0.06758784091618,13.12308368507631,-5.780501827815237,117.6521096478406,54.61022257535545,54.42951440942271,17.61868216902912,-52.75248948291544,56.27398721041627,1.637109482581947,1.673956457349479,16.59226756592068,0.2261001014704637,0.2216179489546706
618,E618_processed,21.552528,24.358444,21.96829538527778,21.972313,0.1203259852020606,-0.4037259882617024,2.325323230126141,-0.0001453139734288,-0.0042322248862189,0.1178257493824077,-4.988562145004375,4.936108939135052,0.2327831867110885,0.2097720313402034,0.403866478823071,-111.65564,68.690697,-20.23010948845675,-20.2454225,24.79350286276129,-91.24666191575312,89.11819775899471,-0.0167836917227709,-0.0496755078226831,24.79558768322765,-94.329964,55.511932,-24.21780845794341,-24.221049,22.07511716692455,-69.9018110960157,79.69776205226142,0.0186138781593258,0.0165824007307916,22.08506733430906,3797.0652,3839.9194,3819.6900281,3819.447,5.030769122316343,-52.27271403796491,62.82611289594615,0.0172144610481714,-0.2610563963505452,15.50916373400668,-44.90015840886738,41.25523433138853,-0.0286434947028577,-0.0797143873326059,13.39636072576686,-101.8607517550153,36.01564185319405,-31.53199112687352,-31.53233441502501,18.96891877874261,-5.434129653398239,101.0403002769605,45.66043207805768,45.67674856079782,16.77041026776224,0.2233397864927565,0.2183389915940568
603,E603_processed,-16.227905,71.683411,1.972090677430056,0.0,7.418997474913211,-34.15026176377976,35.47896455447466,0.0001225426084699,4.105289017017351e-14,1.915638195886256,-4.999887316351496,4.511971166754464,0.0138613221339478,5.905258130181099e-10,0.102107543499606,-105.51534,68.612373,-12.79037891231076,-12.316128,24.11872223427779,-92.85364507445792,81.79290452042589,0.0120647385310738,0.4844532028661384,24.13604821122046,-69.600441,79.977333,4.953397660507346,4.712564,20.22096689027253,-72.88882967968928,76.6651504972569,0.0016069450613453,-0.1793726877508256,20.17489476671189,3853.7222,3888.708,3871.436254338889,3871.6018,5.046455475092954,-46.48711830378765,54.00095415876243,-0.0039751702381989,-0.2727639415071448,14.67149229942319,-36.16977617236755,37.96631852020911,-0.0075704807962938,0.02967205095527,11.35258770244692,-84.33172870645917,42.4307641431483,-21.01556281691759,-21.05404209557014,18.09324309820575,-34.81792965716573,67.11031375879212,15.27096894400112,15.29814706295089,14.69789941256222,0.2261153109755914,0.2338910685522094
838,E838_processed,21.954075,23.12582,22.47073977727778,22.48465,0.1628251078437947,-0.5165679275762161,0.6594791920709342,-0.0002520714985657,0.0028899069564728,0.1597086169051703,-4.780633183556485,4.871062866672807,0.1949283069147568,0.1784795101561812,0.3398881857491331,-112.79353,96.239922,3.464477361564801,3.82210215,30.70915111483106,-120.3377769818941,92.9694993912299,-0.027490367572675,0.3161063252186995,30.81529649284595,-65.780716,154.17871,35.87971863853083,35.4183295,32.19535593721659,-101.6140961478955,118.8936125585004,-0.0293019893565281,-0.5195093549512899,32.20210778899002,3913.1167,3958.7,3934.433028161112,3934.5586,5.590242194137154,-109.0331970903662,171.6736598848979,0.0958712138195065,0.0682553615708125,19.21671249904934,-63.59947398061466,68.14276131988416,-0.0277628570499113,-0.0070790282219527,20.07013515882926,-224.7919421459789,0.0,-117.2713631593974,-117.3759652423452,23.16298784679039,-82.25607308804001,81.01013432481618,-1.259628326668425,-0.8809930215389339,24.70632586322463,0.2327461669404348,0.2153700767612042
898,E898_processed,22.259533,23.496784,22.83993921427778,22.833969,0.1562412726447606,-0.5917127880718621,0.6212054095489234,-5.297674466103798e-05,-0.0026214302628305,0.1531594319148007,-4.957761355059524,4.664270973409194,0.2649648551317946,0.2407057027577767,0.4148045902904345,-191.22821,90.852028,-24.22048544598335,-23.730602,32.87127694245928,-166.9210608011227,114.6693262852587,-0.0488590470501437,0.4255400314855953,32.89124073957863,-163.20323,122.85271,-27.8268230909366,-28.414753,32.71936220208273,-134.4290887253199,150.9024442184189,0.0048148449986197,-0.5738990223620819,32.71762350568955,3779.8425,3840.5576,3808.171322688889,3808.4138,5.519839127754898,-52.03868153816914,66.1341827072463,0.0541854675209529,-0.0442476471956596,14.09368979194703,-47.09387661014164,51.43147483810915,0.004010162309,-0.0391672435808985,13.08400687564959,-150.2390213036776,20.78844001736146,-72.62236003323983,-72.93407776003738,20.5950866122408,-63.87279737556592,83.65927903705152,19.89982243615029,20.62385034167367,20.07888610984183,,
771,E771_processed,-16.227909,69.816803,1.890823309324555,0.0,7.234210493766033,-35.20432793022201,33.65282641095945,0.0004374750446215,-1.4561465498131802e-14,1.902946367608472,-4.999822244425754,1.715422727159189,0.0127423249836883,1.1222410496061708e-10,0.0655162673371071,-375.89444,312.49374,-13.67451558808142,-13.4960085,84.77884886765513,-361.8768507647197,324.7884163982529,-0.0448420665749681,0.1674254192116873,84.77739222467042,-231.06168,323.80801,-20.27429003506752,-24.911886,68.23172412391496,-208.7607112693183,351.3760809153966,0.1810252647461947,-4.658304722660805,68.36799646056402,3730.9773,3964.8889,3831.781111196932,3831.8628,16.64798088571062,-179.9250764859406,208.4612755693642,0.0058010684504711,-0.4507632111484536,57.1097394383284,-404.6168475739166,255.254569034944,-0.3041072733888619,0.2892202549857665,45.44676250732935,-157.4101851371518,298.971670320487,72.97133098851819,72.86008184729867,66.13458549744304,-5.601247949938026,466.5074408320226,276.4795223084727,277.098872777383,51.74731260094423,0.2256020047690971,0.2310972822514034
1047,E1047_processed,-16.227905,70.976379,1.940660390906495,0.0,7.386932870420006,-35.27032908196708,34.80844348387454,0.0005576370836791,5.210100016074579e-14,1.885968150241109,-4.999995841134377,4.999995993284321,0.015607015380635,7.427514008125289e-11,0.2888161946370368,-218.09181,180.48407,-15.06004393703886,-13.524797,61.42252138269559,-203.6362788679527,194.7974104783857,-0.0936952099519995,1.323711053499325,61.50164669398229,-250.13486,247.71599,-13.78094903616631,-13.634426,70.68066860539516,-236.904131573064,260.4609943642732,0.0946212005828202,0.2921373774592695,70.77756011397378,3741.364,3915.5508,3837.128988060447,3836.9409,16.14540079862735,-120.1725847746897,127.6750336628817,-0.0097743646879041,-0.3339861481823831,41.57430706106187,-256.5386844753025,160.2282724855941,-0.1923347464353264,0.485865404324997,54.80258191025361,-166.7322886076259,151.7055197590389,-7.004253977442986,-7.475591063459242,48.58076993014716,0.0,422.5102059304944,223.1876843222003,221.1541819578799,59.5299298953048,,
598,E598_processed,22.526901,23.298874,22.93003943783333,22.925182,0.0988789266224177,-0.4062044459685683,0.3326420884177698,-0.0001590887151755,0.0014818503343968,0.0974797891657006,-4.976817844321122,4.966474813949074,0.2416041100988306,0.2237400394247022,0.4712482818657589,-83.456749,83.030952,2.378439938386712,2.4896944,21.66785279066561,-84.87488198894556,81.76922912926038,-0.0092785043174497,0.1076516619291792,21.65991932336937,-32.726582,99.174561,33.11083446864595,33.019045,18.29341068331487,-62.79409546229279,68.93348169012872,0.0174178570263238,-0.0865775570295805,18.21486446654895,3906.1726,3943.7209,3925.981835922222,3925.8926,4.391346161203619,-51.86089670089716,52.80130230046804,-0.0074493093553859,0.0442101236900778,13.94601032798637,-40.84853077597054,38.95161983434444,-0.0131275388413792,0.062902556592236,10.96722214963457,-67.6098316357131,49.90365284731652,-9.282962997716425,-9.535608056628988,16.74850503720163,-35.95776438023067,65.90635878254854,16.52349433476647,16.47773724015097,13.76194595712906,0.2205039794095759,0.2219409588712294
986,E986_processed,21.199017,23.474678,22.44427989155555,22.458363,0.3246052185328972,-1.248707127934481,1.077756452812761,0.0003140994909418,0.0040408270923143,0.3238770103053503,-4.879982450342924,3.606012061863222,0.2005462023424099,0.1869184722439795,0.2497621070941319,-225.82559,200.35059,-7.979664146771333,-8.075530050000001,58.5778604576695,-217.6961324547293,209.3734982304935,-0.0070882343342907,-0.0017943144612432,58.56095803128451,-234.35799,263.31744,-1.6089291688966,-2.59215605,72.12050176082981,-230.961829532479,264.7298035636173,-0.0256875113801385,-0.7891695758716675,72.09008907372224,3772.3672,3941.2361,3865.805900872222,3865.3208,16.32009783550614,-114.4725487004602,113.51870737007,0.04000464309258,-0.4037842849066564,36.88914681615663,-136.3055559740664,145.5173575172341,0.0067528145888545,-0.101277170168732,46.97741847977848,-138.1773835531023,146.6071762867966,19.63738700394271,19.84771352404974,44.70426825968742,-199.6580876965627,149.6659090557345,-25.7813917486529,-25.48195646228575,55.88907068589082,,
801,E801_processed,-16.227905,71.440346,1.979941539576889,0.0,7.465798739015331,-35.14204564581511,35.43924384542352,-8.585365972685011e-05,1.530763457939299e-14,1.900699427761933,-4.998919941983662,3.930821462111635,0.0127600560930234,5.144497721972191e-10,0.0796918239560026,-222.0352,155.77266,-14.62765465767392,-13.0511525,46.99830829812745,-208.755947691884,170.6544703773428,-0.0407793964472209,1.528818406088666,47.0435186138306,-152.9657,211.22935,-15.21885309269402,-15.239618,44.06838664523566,-137.7060281108308,227.2463987352473,-0.0122573547567949,-0.110399063839615,44.0606523696093,3800.6191,3881.9253,3839.357405377778,3839.9009,7.978350765766628,-90.58912130550888,122.3246163207414,0.0169916280285885,-0.4239490271604129,26.33928853864353,-92.21257640576415,89.45666289541717,0.0375902493442254,-0.2614571759331952,25.22452148267171,-267.221179828357,0.340145698912464,-143.7742086075328,-143.8979400897282,33.61040390042086,-112.5087569569444,118.4657676992559,12.97285656741999,13.64445838423987,31.8555526575107,0.2461301146949305,0.2311693318853241
831,E831_processed,-16.227905,71.396133,1.892232013976389,0.0,7.183242178561859,-34.39739372803378,35.14550619844419,5.845560126114647e-05,3.436700212720417e-16,1.935532764193609,-4.999972777693994,4.999847630131802,0.0138751905191693,2.267393401557748e-09,0.1016215170533773,-168.58777,118.00346,-3.988143260100017,-2.63443895,36.4399509960055,-163.5083067607312,122.7460853050806,0.0764522272607064,1.305812685132421,36.48601759942425,-115.55817,158.36844,14.50693903133372,14.718493,39.2216318532932,-128.1826398129367,145.8035577896778,-0.0527654630013493,0.1164261042259121,39.23821074425526,3868.4673,3928.2842,3898.926953094444,3898.9065,7.113050321259744,-100.8223327472933,81.90143427055375,-0.0740344654845216,-0.2854618719513429,21.96605946848137,-83.88714975549297,89.71588911579242,0.0353574198841276,0.1553327007907326,25.15094014985963,0.0,191.8373360194515,94.88025262245348,94.86373195577325,27.2574596038535,-93.50034430705944,119.5578907303165,13.26097947995457,13.0867835011992,30.57228698764547,0.2327487560637282,0.2172030378398938
949,E949_processed,-16.227905,69.761246,1.964524066507639,0.0,7.44063841762121,-35.12789739825573,33.66340605023331,-0.0002049209312713,7.77658918383196e-14,1.885539628496096,-4.999999982202617,4.999999976367574,0.0144190434012332,4.005180627676209e-10,0.5138749253384031,-238.48206,232.38074,-14.38423600458102,-12.621287,70.36528230569749,-223.9288538117928,248.1125829485025,-0.0997620234883881,1.514673340990228,70.45035982912364,-267.24884,266.98077,-13.65365988918414,-13.03499,76.72721649243486,-253.146376806313,280.0327445888964,0.109591233043865,0.7519150540439492,76.75215353019661,3747.9404,3924.7131,3835.569849480526,3835.4341,18.16020552384968,-162.8876211942169,200.5267880640657,0.1546531608126898,-0.3947246321213473,45.87560822696924,-161.6113032446096,197.0132441841984,-0.0101882784788402,-0.4013642305899019,51.69418071422727,-398.0055184947055,0.0,-229.2006202252037,-229.4697520582375,54.55302363935365,-105.5620470696743,337.0537102720183,133.837876483093,131.4507730511745,60.63866854317819,,
859,E859_processed,-16.227905,70.711288,1.952886870409945,0.0,7.403199849477301,-35.20065759572313,34.62742885147128,-0.0002305116867538,3.513537869540793e-16,1.894519189323892,-2.31501221557084,4.999724171811303,0.0134465489022062,2.8606898310983766e-10,0.0916599476124766,-99.260246,55.975227,-19.56471777853139,-18.923089,23.92806856603147,-79.6777744923798,75.5215899085305,0.0431119083742435,0.6773073041006352,23.95931991607834,-99.466133,67.636963,-16.19020608216703,-16.0925705,24.25085497733583,-82.88158020466913,85.0742074317125,-0.0064324053945923,0.0778881273890395,24.24200569882141,3817.2292,3845.0183,3831.828482005556,3831.6384,3.404313758227985,-77.51162611065126,45.01895658356398,-0.0356888072871863,-0.0835780651927446,12.94205818757234,-46.01832506348134,40.26776164229477,-0.0124576010998919,-0.0317504066734792,12.73864781758664,0.0,127.7097761034485,75.84428961222983,76.09707232472178,16.84726653321285,-74.3214993372406,33.17145981606254,-23.73823410896989,-23.57838480677709,17.07586822728984,0.239443037559595,0.2355793161425669
733,E733_processed,-16.227909,72.2668,1.911836361540556,0.0,7.289304466591285,-34.97190742264213,35.98954206000075,-0.0001000929659395,-3.48569240313662e-14,1.892792392968939,-4.999949760468955,4.999925911635394,0.0149698662542455,1.798220592225984e-09,0.104654951292154,-205.05743,158.80257,-13.42462090268443,-12.132596,51.04737639305928,-193.4907663501554,171.1401685221736,-0.1317097887768572,1.333550623359266,51.15694155603685,-193.23099,267.78494,-10.02457549713337,-11.7533895,48.16406948454487,-182.9519625516843,277.7840312753628,0.0243140062762375,-1.654557050982542,48.21687865607075,3793.4729,3905.9646,3849.734776738889,3849.7185,9.01424463183045,-105.6802960161557,183.2576998692863,0.1412427598009493,-0.7439231013489114,32.12941580795691,-125.1240289920084,115.2931986968755,0.0475770050669407,0.12065171367904,29.44614572373778,-277.1986857613536,0.0,-141.7839158060146,-142.3194190861498,38.87102127493147,-206.3992183129799,62.38524682189168,-57.18285724721791,-56.49778416715651,36.34290025135002,0.2227597432791231,0.2221831981297645
962,E962_processed,20.86734,23.452354,22.23697693643738,22.237316,0.3783365767703644,-1.425979454231577,1.221684265150171,0.0001726341358816,0.0077911881129039,0.376494985688173,-4.844171737626811,4.455878484617648,0.2067828011856151,0.1857890324866984,0.2360473494760178,-237.95151,244.84865,-16.57449177116522,-17.68173,72.47833511342098,-222.4423303913605,262.4326071732826,0.0975246648084028,-0.9633268871338854,72.5212443368106,-321.66357,301.0235,-16.32476212429547,-14.6183235,89.25038183499542,-305.6025869610526,317.0219693625957,0.2298249329152921,2.125718921086468,89.45071772632738,3737.2268,3927.3916,3830.08249609401,3830.0774,20.55949131817714,-129.7027828889164,138.0490522500695,-0.0893398471305368,-0.7729773056442566,47.33076448263596,-357.1567119126905,233.5541128871732,-0.2230142491044041,-0.3145126588101821,61.12744701158102,-102.1856038101839,209.8369758013324,58.55729623074786,58.18607953933217,56.56065307806326,0.0,549.414069256441,324.7315912433035,322.9397013559663,70.62731431154855,,
1023,E1023_processed,-16.227905,71.595009,1.912552421724429,0.0,7.241414488952839,-34.29716195498287,35.39996193543371,0.0001982509700146,-7.177396241492527e-16,1.937611479049518,-4.999999944017234,4.999999806923158,0.0144002824450734,3.1810070270182136e-10,0.3909392940182567,-243.28265,249.66479,-3.939757151241265,-2.5075309,71.8926821022007,-237.4161518887475,251.8260149470898,-0.1303834421050565,1.227125079315968,71.97634257022658,-257.37015,268.63098,12.72034740276915,13.307454,81.2503195234868,-272.0893663489952,253.1773841635445,-0.0151943060792426,0.5033390053678923,81.20608177928865,3795.7769,3986.0447,3887.462934040781,3886.9546,19.33492568816839,-125.212337153244,138.0498346514486,0.0695284095329415,-0.5214704257467737,45.63766394098184,-212.3336510111783,175.3321012238302,-0.1223413653555686,-0.1143946025451754,57.38559430724571,-232.2417369382783,118.2992338073282,-61.78833657309875,-61.38573119431001,55.23921677929307,-164.6854856660788,238.5972268673823,35.48952048362761,33.01405342496041,65.87351612114033,,
709,E709_processed,-16.227905,70.821716,1.947291963153009,0.0,7.356382855229865,-35.07708314716972,34.9293919623381,-0.0004045308283607,8.861401016375989e-15,1.918216345826737,-4.999999686028833,4.999999881469576,0.0139249988189271,9.983266392163528e-11,0.2343888774694652,-285.96735,207.97609,-15.31848929374573,-11.641795,75.38758333125305,-269.590840195367,224.2308753833429,-0.0143109854538199,3.603345534624289,75.37516896633755,-251.16643,191.4165,-20.21711603158531,-19.379021,60.06273641969815,-230.0129241939955,212.3945606994851,0.0733540297375685,0.727226454442464,60.06353599714912,3769.3789,3889.9001,3831.259435657536,3830.9937,10.50630699036733,-107.1104641078496,121.4960876160662,0.0130115317858042,-0.0448040774402742,35.57926275997929,-96.30237569252922,109.5692393639783,-0.067671421873738,-0.0959291909175803,29.13742940101753,-187.05650135077,124.4149382151795,-19.97232843912308,-20.71562973144278,50.72438623673219,-31.57772887500402,235.2332731333284,120.6136822600642,122.2260242468835,40.56758436402782,0.2422650352695784,0.238957436457084
633,E633_processed,-16.227905,70.534462,1.889152515993722,0.0,7.170897544240996,-35.00709845732229,34.75768808611611,5.334648554385539e-05,-5.14387292837932e-14,1.940469328989761,-4.999973149641042,4.999968891901201,0.0144160895356715,3.32540138239694e-09,0.1546252342771979,-113.69397,73.083282,-16.58234687273373,-16.5323485,23.57375014648973,-97.6481311027032,89.07031233600617,0.0007721830323354,-0.0041530529802047,23.56953891325404,-97.337051,64.926971,-19.45085743597258,-19.45352,23.29219977582322,-78.08573743506301,83.74511497963668,0.0167676931426158,-0.1710253119693622,23.31360583020712,3814.8999,3855.9683,3833.6807694,3832.7556,5.370792702693657,-53.85119292681409,59.20975882365509,0.0029847083368304,0.047905509490961,15.0845515949674,-59.73231655133964,42.61761619931456,-0.0227131082005988,-0.0006659317069912,13.628955877856,-61.81329573630349,70.29783331679934,1.26640153977816,1.114378806091068,18.0768675186301,0.0,116.8186244368053,62.96217541066354,62.94586248116703,17.26521052168023,0.2238411513753335,0.2272158161892162
706,E706_processed,22.193237,23.563053,22.92433044894445,22.922333,0.1708526619471019,-0.7494277774458797,0.6374246840248976,0.0002160224634426,0.0019500914542318,0.1694949834053678,-4.97684731907532,4.96686560810881,0.2971493073619744,0.2659766981023959,0.4074630154945055,-179.01234,133.28159,-16.1121447918437,-12.521053,48.79758471401924,-162.1218056924511,153.2971010652015,0.050854135899566,3.551560159576553,48.90505040619591,-172.97484,153.32533,-18.6361067189141,-19.0048885,43.99058168034553,-159.1246743813153,172.2270226482718,-0.0834453691987071,-0.5782529405018255,44.10628507203168,3800.8271,3872.2544,3833.005931311111,3832.9373,7.673454243060129,-107.4547380764555,85.90662680097607,-0.0529315423089879,-0.675395233465067,20.65942996441526,-111.1435049774561,93.79675515722116,0.0792066167794055,0.1478570600840894,18.39243219031197,-196.3331016803186,89.18881087280782,-42.94298683031989,-43.11451426057287,30.86357714808176,-148.3509814197526,124.1100617626625,-15.85806614695889,-14.2714401326224,27.62609812151661,0.2600115424599717,0.263881497840214
699,E699_processed,-16.227905,72.147346,1.974287984131944,0.0,7.426590619331172,-34.57346790283735,36.09232930083076,0.0001554287560326,1.468202062747082e-15,1.916408799226967,-4.999900934416076,1.767172006812199,0.0144079015038677,6.160889911779257e-10,0.1169722950893349,-82.370697,54.753284,-14.44651174326761,-14.5765545,18.1789430057015,-67.13270440880653,69.49694422575342,-0.0118891796442224,-0.0961483162400508,18.17455606019964,-59.655228,50.406643,-3.094583646083411,-3.28602625,14.1247432087199,-56.39217519245882,52.99948686393482,-0.0044522844837083,-0.181939680899888,14.11520378370572,3841.0691,3867.4382,3854.522669172222,3854.4319,3.284414545563887,-31.95824966251891,31.37926987039738,0.0107206072329899,0.0585258489184274,10.35040243659194,-26.60077678804448,34.33027718850701,0.0198712082899425,0.0593254226784999,7.658774800236086,-65.69144238649638,18.53912676870982,-22.72517367084629,-22.86638550798824,12.38623658489224,-64.59655007111566,0.7600865315862979,-29.77162797881368,-29.69637922897056,9.654987364787011,0.2716426667539505,0.2649855104703753
1081,E1081_processed,-16.227905,72.083122,1.944776340475471,0.0,7.327153988523738,-34.42876534525517,36.15919815663477,0.0004571275405178,3.4950201903404064e-14,1.932037721281083,-4.999999923923597,4.999999948040898,0.0133899046247678,1.5473610562298766e-10,0.4357224730818393,-165.93683,166.76186,-4.642114703960743,-3.8773425,54.05157782425105,-162.4510281936055,170.5578427520814,0.057288467217395,0.9067614437585192,54.05739243976076,-211.87048,239.49506,21.83427448903357,22.912165,62.3757775617911,-230.975930672131,217.5679237576485,0.0551682323317154,1.008718563397931,62.58953435723213,3836.5085,3960.7314,3899.86724281349,3899.9619,13.68833208090911,-93.721204508339,106.5197123695308,-0.0638613078846194,-0.5053616977537452,33.444795778329,-306.4115911012155,234.0600471508897,-0.1789208192613341,-0.5248784617335076,46.1871014297772,-109.1217578094587,143.353591085958,24.41088304904133,24.28026819798641,40.77687507711354,0.0,414.0072103195438,247.1031871893013,247.1510631356455,50.98293151622833,,
579,E579_processed,21.571289,23.472595,21.89101409833333,21.882648,0.0902203533667386,-0.3744574799442348,1.502662986346112,-5.562584613611758e-05,-0.0016832427993868,0.0893246551878903,-4.914852844810622,4.987250856473787,0.305536750282468,0.2804998556300067,0.5277312309307032,-82.287697,51.302181,-14.75683347609585,-14.734124,20.02783196597889,-67.69388894744978,65.9736539212223,0.0131959145560739,0.019201728050736,20.01701709325372,-104.35392,57.860931,-22.10223910121115,-22.063749,18.18643403285464,-82.34591511257344,80.20702096879734,-0.0152870170479064,0.0800268148751291,18.19686947111247,3811.3286,3849.7185,3831.803638644445,3831.8628,4.226983347616263,-39.39554073634834,43.50145452949634,-0.0034252337748954,-0.0237609071673806,10.96668578520702,-36.0407676146883,38.93665617307003,0.0041043221345254,0.014072057640075,9.421743095872824,-18.38350855328924,81.93000107056706,32.48282882247702,32.53442636359419,14.3413672669877,-52.20530055720552,47.75624197688944,-1.54762365869951,-1.594394709158277,12.76827608214179,0.233896031603351,0.234943559198942
897,E897_processed,-16.227905,69.562408,1.954964310352611,0.0,7.37460840027845,-34.99219669000012,33.68146191106459,0.0002542919739188,8.12618205109662e-14,1.920504123401574,-4.999469857707894,3.110715133783637,0.0166485570017686,1.723945452144732e-10,0.1269924567763446,-113.62524,59.858765,-24.22535402999426,-24.2362345,23.06752315988516,-89.40007107479715,84.08602936140339,0.0039052296459242,-0.0207609178543622,23.09022394794965,-100.97553,62.370403,-28.00166852103812,-28.199759,20.35341134412993,-73.07396276482794,90.03995745950527,-0.0087100214029928,-0.2194427487654602,20.35197920359587,3791.4529,3828.176,3808.127294244444,3808.4287,3.939901513789843,-46.5262888187259,47.02836278923962,-0.0264510653349263,-0.1156722974000881,10.52455413383301,-31.36206978460899,25.87802473888904,0.0140720890049512,0.1031881671130735,8.431764545009232,-10.14070986412974,91.46873769226288,40.5401512810922,40.77177839052331,14.52586704046136,-46.57741411947155,35.35802670094586,-3.169373415734605,-2.853300305954823,12.40453085136537,,
1067,E1067_processed,-16.227905,72.2136,1.908938758415722,0.0,7.233473555665658,-34.92183577862056,36.38467278247251,0.0001883328105118,-3.288074764554528e-14,1.943359427918876,-4.99924808116368,2.634301550132866,0.0143439878145101,3.681697012873492e-10,0.083276477369096,-237.4213,232.1158,-10.98754659594872,-10.233515,70.10893876674639,-226.1998165804917,243.0103009866456,-0.1558506526983821,0.4983763606928027,70.28826052326572,-265.1134,252.50648,-5.406040475233712,-6.4312496,74.8786165095923,-260.380860239493,256.6470968192378,-0.0486444014845039,-1.264463144580178,74.94606307112964,3775.7449,3923.8245,3857.219954522222,3856.97865,17.21487474953567,-218.3626131436821,333.72019025032,0.2522047523800634,-0.3497524817832778,43.83388378890048,-182.7308515097932,254.0700456208849,0.1739510594741395,-0.6964600666255336,53.50066576191361,-471.3038075099624,0.0,-321.4714163812441,-321.6991947993432,52.64287787636212,-368.2499669463168,6.639430129556533,-180.8342619546996,-179.7748618977482,60.63975538521408,,
635,E635_processed,-16.227909,72.161285,1.896761696317556,0.0,7.190174186359727,-34.81434771634106,36.30273946185102,-3.87512645229323e-05,2.021187838870274e-14,1.939074060309909,-4.99956084435453,4.999337090809891,0.0155558416108743,3.259313696855704e-09,0.1234366337534105,-93.004547,76.88633,-11.66261602714563,-11.729771,23.69410517662347,-80.75216403389472,88.7330908514266,0.0117382876166704,0.0067436896357406,23.68511044420286,-85.162811,67.104156,-6.769068484346361,-7.0461817,21.74988433554604,-77.59534274952507,74.82180102754072,0.0036454847214167,-0.2183669939684615,21.62048429661611,3845.2546,3887.2158,3865.384419427777,3864.896,6.626840288907959,-61.15834813428184,55.82472057434491,-0.0257445873115858,-0.0930742570127696,15.50177146765759,-42.94454081898571,40.28492967838726,0.0011693577433072,0.0750280569036041,12.97870292695902,-54.21870758797367,80.90495795017259,17.98438506789365,17.7848107934345,18.34132354720917,-33.15291269040119,69.7372418052805,18.58399491356182,18.6203563640521,16.26581920016534,0.2166749643474328,0.2233565272722591
871,E871_processed,-16.227905,69.871719,1.8853166498285,0.0,7.216471052237132,-35.22377977956688,33.70239136440351,0.0003670905463556,1.2535900973595132e-14,1.895180873662885,-4.999954401487393,2.632040412592571,0.0127485334707229,1.1236263578674319e-10,0.0961480017239607,-79.481461,42.057724,-18.22660786561951,-18.1010475,16.94975943786543,-64.45126439912187,60.09058118205701,-0.0382583605973567,0.0750069790377071,16.99148951021536,-78.919006,45.696976,-16.59274795873657,-16.500845,16.2872120104624,-62.55345646254655,62.40039271949031,0.0150952015086365,0.0904464219014877,16.2868634175703,3814.1331,3845.3196,3831.367525877777,3831.0508,3.252462761093835,-51.29859089652393,83.37705253611891,0.0562752923436443,-0.2269793817368564,11.1236058672236,-35.8862832249407,33.80289981433684,-0.0103529753122043,-0.0071350685035187,10.07825020442472,-122.4776400482211,0.0,-78.7847954203857,-78.94542480908501,12.75822114140856,-22.3307813107766,61.73021178612245,20.72829288171859,20.75195716186726,12.25382578022777,0.2499927011098033,0.2355357020434842
585,E585_processed,21.725559,22.367577,22.06253228738889,22.057682,0.0851522779192101,-0.3348035010457004,0.3303327076902144,-2.572129824532343e-05,0.0005396499157124,0.0833509105325183,-4.974593919420282,4.962770900055209,0.3233143041606665,0.2909824057250436,0.6150064447680588,-78.534576,49.707397,-14.64326550668775,-14.541275,17.33159004712391,-63.70073696862362,64.29687390829623,-0.0568023364746902,0.0483593270274758,17.38667384803473,-75.651016,38.672047,-20.58472857063469,-20.450632,15.33450390100034,-55.50022516846684,58.84058023486926,-0.0184857653271475,0.1286129631436727,15.32921249360874,3820.2566,3852.3972,3835.961411638889,3836.3269,4.134573504222985,-36.85412827979805,71.81847794208957,0.0504594574644906,-0.0495115574428575,10.04597718994981,-27.22088122752068,28.55496437748913,0.0073720753568577,0.0177591123048101,8.027352545208386,-102.6921413598156,0.0,-64.56479319633394,-64.73461906232268,12.52989508084096,-53.72741924130365,18.59459651272194,-15.50663393102474,-15.42459747167072,10.66717596485391,0.2505961922641544,0.2495762775078916
727,E727_processed,-16.227907,69.847214,1.891035175117778,0.0,7.23614568200358,-35.21625613828556,33.6910078524709,0.0001355127229542,2.800750641980909e-14,1.900553921682881,-4.029898978832232,4.999718591309766,0.0149850737029642,3.9826198931356924e-10,0.0890779857280866,-202.40469,193.26831,-15.12441166883644,-14.944062,54.93953732608585,-185.5173747564029,207.0689825049795,0.0182253835571995,0.1694450391432484,55.06710343379001,-168.55127,154.52472,-17.85180993996178,-19.936107,50.0752477357534,-149.7845614351396,173.988223617258,-0.1004470687822768,-2.283910415417183,50.13305117667039,3800.615,3875.6096,3835.444308277778,3835.4341,9.363497768973216,-117.9494045381008,102.7236172250742,-0.0045940266394634,0.2403782636684361,32.68476993332617,-102.695145707791,147.8151094367757,0.0712909754947874,0.4891293987739121,31.56806948179613,-257.8369037825971,31.64744610723031,-110.4444567842026,-110.6070688871642,41.4564126369621,-268.0404605650994,0.0,-147.4468800987017,-146.6920583649338,38.48313505131114,0.2216555340108464,0.2155583055065535
611,E611_processed,-16.227905,69.915909,1.944017426577056,0.0,7.378546731607079,-35.18094058117786,33.83203210684373,1.191813136470126e-05,3.13874289721981e-14,1.89288228261717,-4.999999497712912,4.99999989146781,0.0149764009900563,7.898294340472059e-08,0.743943288775705,-111.9258,74.838905,-19.37030917379628,-19.173908,25.12781367439151,-93.14766861315044,93.3840839763763,0.0370709040503155,0.1957682256642095,25.17757216875494,-101.32214,53.443462,-23.21915903979689,-23.0526865,21.62621764704108,-82.39025554986911,76.81233992505139,0.0050305988626057,0.0780558480826703,21.61338082144663,3803.0173,3838.7593,3823.284771266666,3822.6873,4.855927277445706,-56.47336091176565,63.43077426065515,-0.0122427352274369,-0.0424323568005911,15.45629532318436,-40.5388940092316,58.6261579878924,-0.0052064331141417,-0.1549078797518273,12.8903166004848,-75.11986906119434,72.20849424571887,-3.285721995000943,-3.240251511559276,19.09913712140107,-38.25696677742965,77.42793750070675,13.8023477739898,14.05777534837937,16.29804654044572,0.2249747702744407,0.2211045336843436
950,E950_processed,21.309498,24.80032,22.85506970333333,22.856064,0.3856520706711142,-1.52915479055833,1.819653032557905,0.0002292574985918,0.0021679219937102,0.3843189446730736,-4.712870958284147,4.797149481560988,0.2055246279516113,0.1847916495571952,0.2552691490904215,-227.34052,235.82932,-14.32401186969483,-11.532419,70.34466764280444,-214.2213679708913,249.9312600380276,0.0112806938587846,2.784586177837985,70.35769243509918,-287.62085,281.72369,-13.42924318480277,-13.2285255,75.93105707583712,-274.1903870470057,291.6735389489095,0.1861336207304971,0.4430130942055959,76.07847456298143,3738.1196,3916.6782,3836.253644405555,3836.3269,18.31010030457962,-135.3159838881335,120.761362934957,-0.0126684778908841,-0.913308537723676,45.14124724709041,-314.5978500012706,156.328353360248,-0.2465207107033642,-0.7640409162244302,54.2841722663928,-204.731644267994,116.9441139885795,-37.19175888872991,-37.30009521148645,54.33582121261603,0.0,515.3004790354435,296.4928423584159,294.5264077500202,61.3141854828817,,
1061,E1061_processed,-16.227905,70.048439,1.921983334542586,0.0,7.319925667803881,-35.19917952593897,33.91717487169568,-0.0002336703211197,1.8287463201139032e-14,1.892954847639854,-4.999999998988233,4.999999945968641,0.0138645210726861,3.3852410449639246e-10,0.4978648471414385,-255.99471,217.53476,-14.03354379327066,-13.421885,61.24606568810356,-238.9765388904115,231.0834865215518,-0.0378983745310508,0.4811389051611181,61.24148123614376,-246.88113,238.04247,-14.68210508533138,-14.35006,70.03437206938636,-229.0011163498826,253.2741564809814,-0.0466457013150559,0.3033649481582756,70.03647767903044,3731.0427,3913.1755,3834.581203844658,3834.6348,15.47776043697824,-125.0361030385202,121.3637777563189,0.0305826972868174,-0.7192279970668167,36.75522116756665,-165.180563285996,162.0048982976643,0.0538494511155324,-0.5995661022804128,50.3894311566984,-193.5786007838227,86.50847063762453,-55.40807657626075,-55.67368891075826,45.09873693098161,-225.8423656102518,153.5029429668582,-58.19772860413646,-58.62708667294457,56.46798429420284,,
1026,E1026_processed,20.757141,28.136471,22.4946614021117,22.502552,0.4317306378260607,-1.732320580720352,5.349572436294699,-0.0006452957354602,0.0053497631180947,0.4265747570852664,-4.658806877277616,4.672934681252039,0.213611423359294,0.190276008644685,0.2589534467981747,-230.83511,247.28481,-1.122295443815726,1.8145676,74.48134031203716,-228.9547083722245,250.2349095222949,0.0325281620931871,2.980838736584844,74.46907558872252,-287.14417,312.88156,16.40653365736281,15.958641,83.40004638813365,-303.4289313516045,296.1219473727584,-0.0936393517313279,-0.690948280059354,83.65922947815928,3781.7598,3988.0376,3891.958012586831,3892.3416,19.93003901424154,-143.3457421605868,138.864027584553,-0.0698658898270865,-1.459030531048183,44.42030396061479,-198.8933896873766,332.7221144764627,0.1830669351545003,-0.1002500389641146,57.61398972589053,-164.8382491054739,165.2930141751106,8.053225175419348,7.892549197163476,55.02631979703884,-554.293201238512,0.0,-316.5005046969817,-317.527530627607,66.37730175488439,,
787,E787_processed,-16.227905,72.213631,1.921028832994611,0.0,7.262480357610196,-34.47427389982719,36.24890754474958,-0.000165961196359,2.725691076901618e-14,1.93340459520266,-4.99999996524788,4.99999997491922,0.0149962448727062,5.833335186984267e-10,0.5745651677008802,-220.44336,251.21524,-9.107775689862605,-7.3693647,59.77223201773732,-210.9653458342604,261.2699924774859,-0.0714251714718281,1.677980895669146,60.000471746984,-183.17516,221.14371,-0.4243919258098784,-1.9168116,54.08081989644264,-182.0936638624826,221.6033866003274,0.0375700408833989,-1.488289025983537,54.06821770477432,3803.2935,3913.9995,3865.318576732041,3864.896,10.86597137329047,-143.5629191764835,254.1546337676987,0.1574812173941198,-0.5840528174926707,38.92678170023203,-118.9522687588251,127.12244614606,0.0068871835711221,0.1962093971770216,31.49409186957495,-422.4203243465136,0.0,-256.7388907931413,-256.3077804212775,46.04203627259299,-121.5255371430966,175.7528992346793,42.07514122105618,42.63219979595204,39.78284458402022,0.2255608725761973,0.2272740276385158
980,E980_processed,21.044361,23.540958,22.463922515,22.458363,0.3439036082283113,-1.415298298882777,1.061021825996882,0.0007080724171663,0.0010585649731408,0.3433880301697051,-4.925073908900099,4.793143440636119,0.2054865329925326,0.1879632507047148,0.2595269261255884,-212.2556,180.64737,-0.941143644799255,-0.25233674,60.44362731810973,-211.3643170395749,181.6489408609345,0.0788676995957248,0.8461120332355381,60.50349397602264,-194.78578,255.76563,20.71949530910294,21.088791,71.10545698455792,-214.8787758354351,234.435201650693,0.080128377167884,0.4024694843702821,71.18281764322427,3828.9368,3967.3435,3898.525242438888,3898.5767,15.50522274431472,-192.8966252031086,142.2291475389319,-0.1252691481467945,0.0019517064060302,38.87359649549396,-251.8552929786624,174.5024978087793,-0.175449823391073,-0.2124949811783843,48.6828869244869,0.0,331.2931486131413,190.5626274786285,190.8167661314087,46.41988583942506,0.0,362.9159430204535,193.3262432390428,193.4566861673375,56.1686840255846,,
850,E850_processed,22.502563,23.386314,22.98169927172222,22.988628,0.1317577362924406,-0.4880088831013873,0.3999793963501376,0.0003046492059442,0.0015325857343288,0.1281194245794528,-4.838353773139604,4.952625898630695,0.1899790164390855,0.1709792921294311,0.369700122717021,-107.2976,64.649933,-15.58372180533408,-14.797309,25.36388642087631,-91.44099840869085,80.7386229536141,0.013091949229887,0.8663697292379974,25.36070882440906,-83.822533,76.482765,-7.547164652952189,-7.36777975,24.11190807313275,-76.8944901355862,83.5305827567927,0.0363868152903147,0.0744293506380158,24.08207469039834,3834.3428,3867.5093,3849.89493435,3849.6497,4.196457354787777,-62.30684795333895,47.06309686865716,-0.0387731718799875,-0.2955187100901961,14.64331893843393,-46.04111371122529,47.42101280423479,0.0070138431039871,-0.0092774212354882,13.92912700892225,-50.24492031220497,61.21417134555966,3.38298035745537,3.435962980102719,18.57613753638026,0.0,116.6544582586772,60.51200267257117,60.58343215050529,17.74916277483346,0.2273122031236697,0.2283599309305752
