Event_No,Source_File,Wave Raw_Min,Wave Raw_Max,Wave Raw_Mean,Wave Raw_Median,Wave Raw_Std_Dev,Wave Filtered_Min,Wave Filtered_Max,Wave Filtered_Mean,Wave Filtered_Median,Wave Filtered_Std_Dev,Wave Frequency_Min,Wave Frequency_Max,Wave Frequency_Mean,Wave Frequency_Median,Wave Frequency_Std_Dev,X Acc Raw_Min,X Acc Raw_Max,X Acc Raw_Mean,X Acc Raw_Median,X Acc Raw_Std_Dev,X Acc Filtered_Min,X Acc Filtered_Max,X Acc Filtered_Mean,X Acc Filtered_Median,X Acc Filtered_Std_Dev,Y Acc Raw_Min,Y Acc Raw_Max,Y Acc Raw_Mean,Y Acc Raw_Median,Y Acc Raw_Std_Dev,Y Acc Filtered_Min,Y Acc Filtered_Max,Y Acc Filtered_Mean,Y Acc Filtered_Median,Y Acc Filtered_Std_Dev,Z Acc Raw_Min,Z Acc Raw_Max,Z Acc Raw_Mean,Z Acc Raw_Median,Z Acc Raw_Std_Dev,X Displacement_Min,X Displacement_Max,X Displacement_Mean,X Displacement_Median,X Displacement_Std_Dev,Y Displacement_Min,Y Displacement_Max,Y Displacement_Mean,Y Displacement_Median,Y Displacement_Std_Dev,X Velocity_Min,X Velocity_Max,X Velocity_Mean,X Velocity_Median,X Velocity_Std_Dev,Y Velocity_Min,Y Velocity_Max,Y Velocity_Mean,Y Velocity_Median,Y Velocity_Std_Dev,X Frequency,Y Frequency
E571_processed,E571_processed,21.574589,22.28159,21.921831723500002,21.928097,0.09351839195266975,-0.3565192933876999,0.3447878564456509,-7.097509197351155e-05,0.0006635602594987989,0.09240495650709782,0.2099609375,0.2099609375,0.2099609375,0.2099609375,0.0,-99.657249,69.499092,-13.880794484558857,-13.900795,25.565452145057467,-85.66577950661826,91.578537098823,0.04072600056819413,-0.02482155970046884,25.643982788118453,-109.75941,71.113846,-20.934016752314566,-20.5595445,24.867427564005343,-88.83224371943083,92.24421306516766,-0.009085338854733114,0.33334866991161083,24.87713188380858,3809.5432,3857.7539,3834.7848489444436,3834.5413,6.232262294369701,-117.7991889119507,72.50533568043105,-0.06539116804727203,-0.07189099811785717,14.58582682047015,-43.8196263389608,46.35408752120218,0.016004376531620675,0.0052423035376039095,13.539173250549615,0.0,179.149732161,112.33157413442524,112.3011223946747,18.630644299615525,-43.53199003656058,73.76057743398248,15.218023386465495,14.967429879418596,18.07958065202018,0.203857421875,0.203857421875
E572_processed,E572_processed,-16.227907,70.487907,1.9007604041911665,0.0,7.255990759674728,-34.95973864431375,33.60611620995322,-0.0001512790745133257,4.350643331439102e-14,1.896048596087049,0.0634765625,0.0634765625,0.0634765625,0.0634765625,0.0,-92.530151,67.39621,-13.829178261946517,-13.754467,22.191385044330932,-78.74258683345828,81.2470898406732,0.004313953428683248,0.07312356609863174,22.19851392201798,-108.5225,54.742432,-20.88297662348122,-20.6129355,20.955693752183798,-87.36316994342963,75.70874531083754,-0.03875277684227659,0.19663014600671555,20.979414591885615,3813.1143,3854.1826,3834.5250064888887,3834.5413,5.076632174819547,-36.45708842281049,41.3429357693406,0.02321807365270585,-0.0004339194169388355,12.052505786346458,-41.46442669343948,55.30783317821153,0.04505920515217494,-0.04920383864726885,11.752779445114603,-64.94519160119643,36.3983466481487,-14.802483099587523,-14.807284542724695,15.910296728165276,-92.74606081744726,9.433542076736538,-40.26529889857708,-40.20983490467863,15.275842529680713,0.1885986328125,0.1885986328125
E573_processed,E573_processed,21.442017,24.270035,21.880144712611113,21.883652,0.09240256175284814,-0.4334828000878529,2.333609226025744,-0.00030608724148487444,-0.0006386052789114976,0.09157440166125642,0.2099609375,0.2099609375,0.2099609375,0.2099609375,0.0,-97.661057,69.469131,-13.806259973934322,-13.769467500000001,22.948531113570557,-83.84522516737526,83.17490426137311,0.0442855138056396,0.03577898639955224,22.978369064275206,-108.25309,57.082809,-21.026943932126947,-20.8015585,21.364330710269076,-86.71511146374803,78.28167320952448,-0.030093183062239782,0.18039958002206363,21.37266059125424,3809.5432,3855.9683,3834.410580327778,3834.5413,5.215998941251136,-44.57823500998676,39.7717089715138,-0.036066375180110175,-0.05611617051822804,12.738442682387182,-42.33776928535305,59.93584941970505,0.047677243280391524,-0.12142191706861641,12.033851196863983,-12.22285903995494,93.90621370134116,41.15056545983483,41.12110357376747,16.674333796425042,-92.29383922614062,19.07729865249706,-39.47251090825185,-39.40208957480349,15.576604310251367,0.2069091796875,0.2069091796875
E574_processed,E574_processed,0.0,0.0,0.0,0.0,0.0,0.0,0.0,0.0,0.0,0.0,0.0,0.0,0.0,0.0,0.0,-99.81147,66.753738,-13.9031393432376,-13.600516500000001,21.162763203609664,-85.62493023292092,80.89802430014537,0.018645034951730685,0.31429081382883617,21.172345672829632,-95.323853,49.690948,-21.234346304358034,-21.176383,19.28297698041969,-74.15131424886549,70.72563886130636,0.016515906677854252,0.07365383565106542,19.28645365684974,3813.1143,3855.0754,3833.835780005556,3833.6484,4.595895730703374,-55.95641874393476,40.80638204624932,-0.04069180614516781,-0.0291021251484552,11.416451598732257,-37.14724568963468,36.18494948774577,-0.021039129633448332,-0.09012841090630364,10.419483818722455,-3.480179817030832,103.4242930495921,46.57030245331699,46.765112466306476,14.988352148915167,-21.71116791678375,75.64644122320438,26.72975579965669,26.854637117037054,13.80138047481996,0.218505859375,0.2069091796875
E575_processed,E575_processed,0.0,21.883911,0.0012157728333333335,0.0,0.16311304203185134,-22.12967515727499,4.043903038551987,-0.014964858309415068,-3.285616500890117e-17,0.6183174335533188,0.0,0.0,0.0,0.0,0.0,-95.585182,56.409618,-14.083328672223391,-14.1550695,20.076384246707132,-81.42744473925231,70.80696654336097,0.008183102581809815,-0.1179780608968568,20.078304102472167,-92.043297,47.244411,-21.407649477914124,-21.391889499999998,18.723710098099556,-78.8056575041514,68.80899231357498,-0.021682558497369987,-0.0173404397939546,18.78869210241564,3814.0071,3852.3972,3833.4284716999996,3832.7556,4.345323344340978,-36.59260169030539,43.75704250825564,-0.004903681493035254,-0.06145891276355209,10.852867373523559,-46.42328815967887,51.09798662018518,0.004554052565002812,0.09197532613714732,10.16005550217875,-27.04552557772451,71.97037623470699,22.715297859175003,22.810000007632894,14.321893846018122,-38.24832094352739,99.03614325987728,22.242158274815626,22.368576718721343,13.555771946884256,0.213623046875,0.213623046875
E576_processed,E576_processed,21.484592,23.318924,21.89121213555556,21.883923,0.08989975300650359,-0.3793813397096806,1.364034304610103,-8.851798009648797e-05,-0.0006061481753508774,0.08874231441581334,0.21484375,0.21484375,0.21484375,0.21484375,0.0,-84.41404,59.706837,-14.334420319206796,-14.032928,20.317415610345172,-69.99806509845511,74.07550685019343,0.03091950651320149,0.26720277469440734,20.322754800785887,-98.310379,46.736401,-21.526958335007293,-21.204292000000002,19.184092159652504,-76.8550795942181,68.41776327876231,-0.01906763645759303,0.31509538260373426,19.18376711310912,3816.6853,3848.8257,3833.0804304,3832.7556,4.354897026747472,-47.0680733712421,41.59356302127128,-0.0036716485120282857,-0.07737440415408736,11.055160972390592,-36.81463948409346,67.72843313927241,0.05010250719337781,-0.03051000941472992,10.568054270743623,-59.91714294308737,54.87633213188278,2.749184755534789,2.831516316487634,14.552006965984907,-84.57141714416782,14.73375152474729,-33.67666404240656,-33.695428494241405,13.72718509573009,0.211181640625,0.2392578125
E577_processed,E577_processed,0.0,0.0,0.0,0.0,0.0,0.0,0.0,0.0,0.0,0.0,0.0,0.0,0.0,0.0,0.0,-100.98453,63.16444,-14.512516154074566,-14.3379255,22.993625902056586,-86.4056366410995,77.88605998113468,-0.041783169395120265,0.1549599064055337,22.990740798515937,-97.932495,53.830624,-21.616046377295635,-21.6334735,19.159820945804814,-76.1759419952802,75.4375514076905,-0.009247775155741692,-0.09394013911011134,19.1744014139826,3814.8999,3850.6116,3832.4650458000006,3832.7556,4.598519540703423,-42.61060354264423,45.71826788987568,0.02676620427756027,-0.0756016518136553,12.676767044819783,-37.58217073306393,41.75948544058005,0.021897824736121348,0.07507952970041609,10.722436020895888,-104.7184693799538,7.813862742425296,-47.680604255494565,-47.73677164216926,16.593383452376262,-85.15433032646948,14.42427020653662,-37.61529292296645,-37.58773982912005,13.91352674937287,0.233154296875,0.206298828125
E578_processed,E578_processed,0.0,21.835831,0.0012131017222222222,0.0,0.16275467487065737,-22.08105520165577,4.035018390058786,-0.014931979798969491,9.28427499979494e-18,0.6169589605550961,0.0,0.0,0.0,0.0,0.0,-82.527298,54.52174,-14.5715036695152,-14.335638,20.708549633371668,-68.1151710624373,69.10735117862201,0.024647561761940603,0.24585257259703594,20.73085533933572,-111.85287,69.95507,-21.873077171873117,-21.714201,19.00957703106036,-93.3035213190198,86.6179077925899,0.06465794560312743,0.1849954495509394,19.086330341945015,3811.3286,3855.9683,3831.962255088889,3831.8628,4.412557868382444,-63.24352766268546,56.47248999085434,-0.030604073274287026,-0.11091149145838039,11.610543251005616,-124.3268792260955,96.68689464856105,-0.08339171977736974,-0.09406458678932439,11.290674318401466,0.0,113.6805371460397,65.89197114791692,65.83605715117244,14.979362224455775,0.0,178.8393502436369,93.31912270272906,93.3460850734269,13.787161826063759,0.22216796875,0.2362060546875
E579_processed,E579_processed,21.571289,23.472595,21.89101409833333,21.882648,0.09022035336673863,-0.374457479941696,1.502662986348836,-5.562584618583598e-05,-0.001683242799483877,0.08932465518791134,0.205078125,0.205078125,0.205078125,0.205078125,0.0,-82.287697,51.302181,-14.75683347609585,-14.734124,20.02783196597889,-67.69388894775656,65.97365392129613,0.013195914547086757,0.01920172803942244,20.01701709325581,-104.35392,57.860931,-22.102239101211154,-22.063749,18.18643403285464,-82.34591511256741,80.2070209688647,-0.015287017049706609,0.08002681478698959,18.196869471113978,3811.3286,3849.7185,3831.8036386444446,3831.8628,4.2269833476162635,-39.3955416137694,43.50145502028077,-0.003425233681301304,-0.023759833154867294,10.966685770155369,-36.04076752509404,38.93665626182261,0.004104322083005142,0.01407203717908231,9.421743095401185,-18.3835085697681,81.93000104966258,32.482828805819935,32.53442634815353,14.341367266977482,-52.20530056635347,47.7562419675091,-1.5476236648060868,-1.594394714236056,12.768276082150422,0.205078125,0.240478515625
E580_processed,E580_processed,0.0,0.0,0.0,0.0,0.0,0.0,0.0,0.0,0.0,0.0,0.0,0.0,0.0,0.0,0.0,-82.497696,51.197086,-14.87526558177459,-14.526960500000001,19.18430991731149,-67.64653131051229,66.25687826082896,0.028022230977540658,0.35938859980275684,19.22767043879437,-102.6852,60.976902,-22.12643337706558,-21.955702,17.69603317052656,-80.53045187444113,83.17922190776929,-0.024543609245174878,0.15216908657511885,17.70172909672203,3811.3286,3847.9329,3831.4883363888894,3830.9702,3.9856311072960198,-78.11370189052231,56.67534870037375,-0.044643427033813306,-0.024487998572214394,10.923492002930297,-35.2974823149642,37.68781326059587,0.024919350534344013,-0.08934930182515766,9.181911806079205,0.0,124.7153705351874,73.89200455548323,73.95484722872777,13.872316575064742,-63.33768335369844,39.85183238930286,-10.77373455506934,-10.70993849130822,12.420050926236618,0.2294921875,0.2423095703125
E581_processed,E581_processed,0.0,22.013638,0.0012229798888888888,0.0,0.16407997000024171,-22.26085903794092,4.067875143517385,-0.015053569425177655,-1.7710505368903657e-17,0.6219827960076161,0.0,0.0,0.0,0.0,0.0,-80.344269,44.20126,-14.877419543987076,-14.7873805,17.0768815253342,-65.44271700928059,59.11303203071096,-0.02270582128825821,0.06595907614509178,17.082543064787345,-82.395599,34.613567,-22.039531951230884,-22.009449,16.43679692977419,-60.40718517631697,56.78072288755195,-0.002671002282912203,0.027669897219460254,16.465971592607897,3816.6853,3847.9329,3831.4846221555554,3830.9702,3.5929395518210554,-30.82222902065185,30.75851895099659,0.015708804381163545,0.08224409565259228,9.165714794897147,-44.55818876595374,33.82685998099817,-0.011162937485911155,-0.0859901824201833,8.331745037268323,-59.31128008297582,26.91192197467978,-15.103887790635321,-15.23557007628809,12.106003772616873,-4.554398170523841,87.40012740710485,37.4053195243404,37.381460147828655,11.332350673902502,0.2117919921875,0.2117919921875
E582_processed,E582_processed,21.660736,22.235962,21.963844092833334,21.969463,0.08134598421997813,-0.3119120569250885,0.2846473231195326,-7.226711980488259e-05,-0.00036165847630494763,0.0804298095217812,0.2978515625,0.2978515625,0.2978515625,0.2978515625,0.0,-89.095337,45.69128,-14.966282960100598,-14.7707965,17.32481648710067,-74.0596100236227,60.65307668017893,-0.009282872176699849,0.19932566988107814,17.324245278366583,-90.780556,37.139946,-21.866804043126233,-21.71467,16.345003386488372,-109.318903433168,59.95661804673338,-0.04175086969901595,0.150199225952624,16.505736410004545,3813.1143,3846.1475,3831.8961490499996,3831.8628,3.647048846765682,-30.47267925674133,31.53294552596206,0.0011893035395945206,-0.11159014495376215,9.24036141625269,-62.49081493383452,71.05303544386388,0.02249062751932484,0.012716317791022561,8.941959425680551,-31.28920294143982,49.16490194911572,6.71133731030717,6.606310314987691,12.22134107694832,-73.92861321112663,113.4145940658584,15.808518013094545,15.630329829954285,12.025369824559483,0.235595703125,0.2545166015625
E583_processed,E583_processed,0.0,0.0,0.0,0.0,0.0,0.0,0.0,0.0,0.0,0.0,0.0,0.0,0.0,0.0,0.0,-81.462097,39.626381,-14.960212322234442,-14.6307595,16.843588435604158,-66.51831958561166,54.74669441313009,0.008522937567543892,0.37349697134120563,16.858423009590332,-71.536957,34.935745,-21.575461111582,-21.552477,15.271990141948256,-78.54975495286838,56.67495749502677,-0.08219913749122675,0.0017229707826794671,15.395761920283089,3818.4709,3846.1475,3832.2036684833333,3832.7556,3.559900847682803,-33.00288771388348,31.42284108221759,-0.005275105462148389,-0.009786772472349381,9.461911761600623,-65.47035033108915,115.269606868797,0.09929621995721043,0.06101001414542351,9.79322485508122,-5.893143173133099,78.33045300159279,36.82005899937736,36.92579921044016,12.124998121887105,-156.1557117302484,0.0,-98.26687101758523,-98.33222740252063,11.395644786250479,0.21728515625,0.24169921875
E584_processed,E584_processed,0.0,22.07769,0.0012265383333333333,0.0,0.16455738542055778,-22.32563036483916,4.079711239679994,-0.015097370056485543,-1.64770643412873e-17,0.6237925487621714,0.0,0.0,0.0,0.0,0.0,-76.061279,37.605133,-14.853026440741695,-14.766293999999998,16.511727556359368,-61.38243148867336,52.65903860683932,-0.02291866256223618,0.07635016222743757,16.521745305156475,-85.376686,40.256302,-21.342404000962112,-21.229959,14.618867306098851,-64.20113872097068,61.84351992084222,-0.03170813715816863,0.09041628199718199,14.651224515055306,3814.0071,3847.0403,3832.6807694722224,3832.7556,3.412576002809828,-45.04985255225624,62.86603392377683,0.04240294437305062,-0.17416565204243445,9.47217554738899,-50.54930126662029,90.79145654436402,0.06509792453258177,-0.043734805696454604,8.54741518818445,-102.2109922604944,0.0,-51.19466792513188,-51.23823613836869,11.77900790784616,-107.5875576852712,0.0,-61.654082003371585,-61.52955074871872,10.37122148916816,0.22216796875,0.2508544921875
E585_processed,E585_processed,21.725559,22.367577,22.062532287388887,22.057682,0.08515227791921011,-0.3348035010471426,0.330332707690779,-2.5721298254242372e-05,0.0005396499157194453,0.08335091053255722,0.1171875,0.1171875,0.1171875,0.1171875,0.0,-78.534576,49.707397,-14.643265506687749,-14.541274999999999,17.331590047123914,-63.70073696876211,64.2968739083294,-0.05680233647804579,0.04835932704604451,17.386673848036075,-75.651016,38.672047,-20.58472857063469,-20.450632,15.33450390100034,-55.5002251684075,58.84058023494566,-0.01848576534264004,0.12861296323374605,15.329212493610145,3820.2566,3852.3972,3835.961411638889,3836.3269,4.134573504222985,-36.85412828140709,71.81847794691143,0.05045945734947353,-0.04951074989490373,10.045977200464565,-27.22088186752013,28.55496397816746,0.0073720752012859676,0.01775917157982354,8.027352548871031,-102.6921413465016,0.0,-64.56479319196552,-64.73461905774798,12.529895080819422,-53.72741926624338,18.59459650648635,-15.506633948369291,-15.4245974779197,10.667175964856312,0.203857421875,0.1806640625
E586_processed,E586_processed,0.0,0.0,0.0,0.0,0.0,0.0,0.0,0.0,0.0,0.0,0.0,0.0,0.0,0.0,0.0,-72.125786,47.339092,-13.033353470689606,-12.922427500000001,16.136841156821326,-59.01283132728807,59.68571571379204,-0.014161399763472336,0.06138381149804212,16.133108012202314,-69.604149,33.511658,-16.511323341951574,-16.629292,15.39961706962216,-55.11945134014276,51.76519252837777,-0.03993381706805785,0.010535567997985275,15.393688027364826,3827.3987,3861.325,3845.285612961111,3845.2546,4.184781492554835,-34.11454103162682,45.69184399167473,0.031246605410498396,-0.09532911616790407,9.058504596216457,-28.21201239468753,44.336964598029,0.03958071429418989,0.11715468262411649,8.117412194396092,-73.27824916361122,11.03261851716969,-30.998447727534327,-30.90147527215879,11.43929954916982,-71.00170963992299,19.68430427949793,-18.692067503261928,-18.606868084983834,10.756071962019591,0.235595703125,0.242919921875
E587_processed,E587_processed,0.0,22.185265,0.0012325147222222222,0.0,0.16535920212948957,-22.43441347060872,4.099589901708307,-0.015170932987099367,-9.661243548460649e-18,0.6268320190804046,0.0,0.0,0.0,0.0,0.0,-69.626068,56.062546,-11.719162991026517,-11.561271,16.45439556625176,-57.8470310897761,67.81644610777617,0.029816616749834712,0.1905061420329946,16.476546434309324,-75.998711,51.328693,-12.92032167135712,-13.0073205,14.635261331571218,-63.20919612416409,64.0192177521449,-0.016003046066472022,-0.06632869798607866,14.579413892668843,3832.7556,3872.0386,3852.8209856166663,3852.3972,4.3771093340617435,-33.64632876156945,33.206264837394,-0.022023675458845364,-0.0582336139953602,9.242513308878571,-33.52147739466017,42.10261161581107,0.03359946694072442,-0.038922912109353724,7.887435933850605,-19.84353902725469,60.33170456091376,21.416469540676992,21.255648096770507,11.761387252047621,-58.22705952980585,26.21567767169223,-16.323869275770708,-16.283894023918496,10.226667292893184,0.238037109375,0.2020263671875
E588_processed,E588_processed,21.852913,22.470325,22.18244631211111,22.183178,0.07945081547635835,-0.3048811548292915,0.2833007265997709,-0.00020370866941099127,0.000133712027543963,0.07819147116081482,0.1171875,0.1171875,0.1171875,0.1171875,0.0,-76.196289,50.744022,-10.5013310179507,-10.579964,15.782686891336006,-64.63001617926318,61.79543159276341,0.018283913642913974,-0.12059703579941844,15.795041474126393,-64.631798,47.244362,-7.58092213499451,-7.45148945,14.320843193028443,-54.04436894455338,57.96188117906577,-0.03521605019517904,-0.17273031570735742,14.184433447878856,3843.469,3883.6448,3864.899826716666,3864.896,5.799986131974941,-50.40953674614528,38.50065701395768,-0.038341687997869,0.031232590465401947,9.295879028756504,-29.19153640194087,34.39589643785153,0.02798557366817607,-0.016694445076291697,7.645883323563652,0.0,96.05095405471917,54.60897784956115,54.63565697180405,11.446459607708523,-71.28900471987343,1.41707141229801,-35.82028975962322,-35.7957730001192,9.975717945218056,0.23681640625,0.2484130859375
E589_processed,E589_processed,-16.227907,71.256996,1.9074970911004885,0.0,7.224913860757449,-34.98028690128571,35.5012430173695,0.00011039593290352062,2.0104875618014052e-14,1.9361239469682772,0.0634765625,0.0634765625,0.0634765625,0.0634765625,0.0,-69.787643,55.638058,-7.998976500611765,-7.87604045,15.829895423853369,-60.95635557376864,63.73632677982761,0.011224202054212241,0.26431169302540214,15.822291229614628,-60.548546,50.36306,-0.6374097970803272,-0.67089352,14.513668832870723,-59.91755543748481,50.91474416895143,-0.0010700430945751668,-0.041268588201064466,14.450058256806825,3861.325,3895.2512,3878.371995144444,3878.2881,3.9145276388548442,-32.6515723846367,30.48594538599953,0.00015601354806018836,-0.005686490467648242,8.824389203666541,-26.66576460031013,28.52769328041466,0.018961929552170284,0.0578622991545541,7.4153495906208935,-5.335101832194102,72.02546944272274,32.78157204859471,32.62625377363285,11.213221422249914,-49.35677209932655,24.03900058215523,-12.24591079395523,-12.23606616703875,9.944138516983854,0.19287109375,0.2532958984375
E590_processed,E590_processed,22.038197,22.657131,22.328690337166666,22.325607,0.08645883585574839,-0.3213299435914256,0.2899137472777071,-0.00010014684987520435,3.6678381337014974e-05,0.08142304927679131,0.1220703125,0.1220703125,0.1220703125,0.1220703125,0.0,-60.268108,43.246223,-7.469097777870173,-7.2704489,14.87029459651136,-53.00721441615518,50.33503730212564,0.024469136140367217,0.2275775812345546,14.889516495669975,-47.297852,53.694355,2.6132197914559194,2.6050062,13.900413670657048,-49.89612290162802,51.96076466811,-0.013269885545842257,-0.07593581319446785,13.827278465887124,3868.4673,3898.0134,3882.888228088889,3882.752,3.877758549864058,-31.88384427105396,30.01734037248427,0.0037290092365653386,-0.016014609729673834,8.460366357641965,-24.25377838332374,22.89125002829876,0.0071929425254667004,-0.03666251964700626,7.104202880844771,-38.83070723594518,43.82839598667056,-1.6970319355367995,-1.8915701417001234,10.702532807372133,-49.19739993641617,14.24401746295237,-15.802560200073867,-15.72852371196717,9.505924031742436,0.2362060546875,0.24658203125
E591_processed,E591_processed,-16.227905,71.86013,1.9200935611141112,0.0,7.259691906841411,-34.79357964206108,36.02716057272709,9.67321364833963e-05,3.88120334799445e-14,1.9338125281235363,0.0634765625,0.0634765625,0.0634765625,0.0634765625,0.0,-62.396313,45.828434,-6.337579794023816,-6.34361105,15.552864109253724,-55.7021028638649,52.48651632919905,-0.007841785416759705,-0.01042215376945688,15.547040582123472,-41.498848,64.264084,8.119356739878326,8.15251445,13.398858558367222,-51.66778034427385,54.22559285537315,-0.05353211725834458,-0.017204583100038473,13.372992540626077,3874.8223,3911.7544,3892.8335202777776,3892.7725,4.546800697592161,-27.9170668422441,31.42494290314711,-0.0014207173149363098,0.007966413935650785,8.907602105832892,-38.39092535912388,46.53810959538982,0.03984365757279399,0.010409381010117957,7.606082148375167,-56.89660846167071,14.23827347037444,-23.85133602803054,-23.771392199295725,11.16427423516257,-95.63517557718698,3.157813806730518,-43.332654417227786,-43.31303685850848,9.673992918915427,0.1904296875,0.1904296875
E592_processed,E592_processed,22.171143,22.811863,22.497658608555557,22.502552,0.08819657742617144,-0.3096824877762365,0.3288884405823269,0.00012344938374193613,0.0005876746738782837,0.08521204943370861,0.1171875,0.1171875,0.1171875,0.1171875,0.0,-60.359592,51.848454,-5.0182422616213005,-4.72092675,14.896097033646168,-55.4940537785069,56.63901697366819,0.007820735024873274,0.32829736888184036,14.895842628841205,-38.435726,56.1497,13.160012763508938,13.178354500000001,12.979227643044954,-49.67647969835036,43.74124746634976,-0.025881063306829988,-0.02289055731116435,12.947285505859886,3885.0786,3915.6843,3901.7437983722225,3901.2605,3.338439334645547,-27.54937624391758,30.63347693626388,-0.014082676227363868,-0.006637141644150191,8.768436968724385,-36.93217641317245,63.55593841711199,0.0466835099326646,-0.0010147037297326689,7.417605603683882,-23.16775282242828,46.59536480486532,13.73963979115107,13.51575237721828,10.778876249596816,-72.57784633250442,1.538584489811471,-37.431337242511844,-37.29185007640466,9.166425619270479,0.213623046875,0.242919921875
E593_processed,E593_processed,-16.227905,71.926407,1.9396792633268334,0.0,7.328109102775971,-34.58838050738094,35.87413477172549,0.0002321455444268365,4.812735082643563e-14,1.918049919057793,0.0634765625,0.0634765625,0.0634765625,0.0634765625,0.0,-60.79121,51.10696,-4.429292430447479,-4.3065672,15.958119035102921,-56.23647805444686,55.09959522012996,0.011853311875259702,0.12704189119188142,15.955578066358918,-37.23291,68.767006,16.874392555170612,16.948259,13.534386402358276,-52.63353226106778,52.51665504431789,0.009409544291685785,0.034776307337611945,13.531949886965442,3887.0339,3920.1643,3905.3788071722224,3905.0647,3.3656481735873505,-35.98777509186664,34.60256668509531,-0.008654851509245534,0.02582155828043997,10.093619610010654,-28.27205923349241,29.54530536874938,0.010808109695261605,-0.03687730307462059,7.893717810083979,-30.93961356420305,52.83814534991491,11.215324358921862,11.18992109582574,12.069155350409797,-58.33598488212048,16.81860532495864,-20.207085914681503,-20.087899629506182,9.908698339863495,0.181884765625,0.174560546875
E594_processed,E594_processed,22.369987,23.010708,22.660437272944442,22.657207,0.09415406681672459,-0.3482269002801749,0.3548724577471914,3.7248938731027325e-05,0.0006350558650779718,0.08963943580795537,0.166015625,0.166015625,0.166015625,0.166015625,0.0,-66.031929,54.830349,-3.6396673912992656,-3.4511812,17.339103937042047,-61.26046473115254,58.05968700149781,0.0027055205255315778,0.2747058083198204,17.321904394382624,-28.388144,68.281876,20.571538707866587,20.7263855,13.900520578036781,-51.39928004155809,44.58505745518179,0.00859650691488993,0.05699901143957131,13.823683190522756,3893.4211,3923.3252,3908.424260261111,3908.6494,3.871404179312898,-43.42112434021544,44.30706539740028,-0.017161625734452637,-0.13798860021925918,11.436131479818734,-51.78135240817283,30.65128393329371,-0.03387844027932615,0.011889787839360899,8.580073678929466,-36.06151530225064,57.94443767184348,7.82583018028323,7.950378232885437,13.42704639395699,0.0,68.28567144591754,36.04142913975018,36.06528588093231,10.387493196658943,0.179443359375,0.1800537109375
E595_processed,E595_processed,-16.227905,71.815941,1.9433689222902224,0.0,7.324265854265481,-34.13877129965073,35.85762218155676,0.00024024379124884342,3.201274312189956e-14,1.930981973217079,0.0634765625,0.0634765625,0.0634765625,0.0634765625,0.0,-61.747486,58.023037,-1.2392597116040172,-1.185624,17.706314280907744,-61.11315198277421,64.24806322610233,-0.020328214132435282,-0.00838548891410884,17.742196555440458,-20.040312,76.803391,26.54656837402777,26.479515,14.003015757986962,-47.3462022977173,49.49728910130152,0.0003013272303974001,-0.042026753706513736,13.955793490827409,3899.2463,3929.6133,3913.6120089,3913.5356,3.5997788656442022,-49.75036040563064,62.34324207237547,0.041995283814866474,0.06988055982466779,12.091106726649041,-35.00084610039677,46.26922364752303,0.026325945744361378,-0.1090724021907965,8.632039488929385,-141.1363273447955,0.0,-69.3176655002525,-69.315509818419,13.950567383612539,-72.54039756181783,2.934810228346679,-33.279398089683575,-33.181862659439545,10.51749878489222,0.1806640625,0.201416015625
E596_processed,E596_processed,22.369987,23.143272,22.81518207822222,22.811863,0.09850385657130885,-0.4398863167880342,0.3350197143954736,0.00022397584836163982,-0.0007228437867394348,0.0965960689645873,0.1171875,0.1171875,0.1171875,0.1171875,0.0,-75.904961,76.520943,0.32216310618397775,0.23174066999999998,20.18407044869353,-75.64947570518225,75.96337661638879,0.04623662532686606,-0.09790188317848661,20.235247738583023,-28.06517,79.464218,30.02756129659033,30.161954,16.57463399367746,-56.98190059737931,50.55568800693788,-0.014891071268313004,0.03975423818914481,16.552805981161587,3900.7129,3932.939,3916.986593416667,3916.825,4.182082891895714,-109.5346680862546,65.48078097813574,-0.07897733329780016,0.11568533221569155,14.303438745620033,-36.94117790436687,31.60901809399359,-0.008897191768201555,0.008468215758832942,10.338903260868339,0.0,156.9380482509007,98.95822498014118,98.82438986820878,16.139491585242858,-57.18981803824919,23.88056349587035,-19.234364093793033,-19.31276685004201,12.688536779658103,0.17822265625,0.17822265625
E597_processed,E597_processed,-16.227905,71.510445,1.9586441242224997,0.0,7.38436290848558,-34.22540814119023,35.28446821023522,0.00032290884154907484,-1.6844795553458e-14,1.9145816250399121,0.0634765625,0.0634765625,0.0634765625,0.0634765625,0.0,-75.089386,87.116455,1.6601891649533007,1.72057035,21.593811605218924,-75.89786812955354,86.10021944745257,0.03931848756278272,0.046551291234326,21.605228724918277,-42.347557,106.23187,32.81093766827355,32.696337,18.173083389189856,-74.17655523014268,74.37139373821161,0.017030960072894723,-0.04412244076978594,18.15901882691623,3902.5828,3940.2424,3922.008438811111,3922.2393,4.694620248538897,-61.53137973415881,47.21898336067506,-0.03838808107806937,-0.2333871595125272,14.609158363373915,-46.81031061884647,39.15440943510406,-0.02835085840507252,-0.042352145974895894,11.478037282446747,-1.651906881148704,118.6245691565064,58.311327357953154,58.45718616122099,17.101366444852093,-19.65993040989825,85.29038908850751,31.989904850624722,31.974231016342145,13.988448712604537,0.184326171875,0.2032470703125
E598_processed,E598_processed,22.526901,23.298874,22.930039437833333,22.925182,0.09887892662241778,-0.4062044459685425,0.3326420884154586,-0.0001590887151642069,0.0014818503341981774,0.09747978916573768,0.1220703125,0.1220703125,0.1220703125,0.1220703125,0.0,-83.456749,83.030952,2.378439938386712,2.4896944000000003,21.667852790665606,-84.8748819891627,81.76922912920405,-0.009278504321564116,0.10765166207178914,21.659919323372534,-32.726582,99.174561,33.110834468645955,33.019045,18.29341068331487,-62.79409546228166,68.93348169028378,0.017417857041113233,-0.08657755698617385,18.214864466551287,3906.1726,3943.7209,3925.981835922222,3925.8926,4.391346161203619,-51.86089704674498,52.80130219768006,-0.007449309307956317,0.04421004112515581,13.946010327015118,-40.84853109377061,38.95161863137822,-0.013127538458516037,0.06290291366112699,10.967222152212607,-67.60983164758244,49.90365283495476,-9.282963005059202,-9.535608064727283,16.7485050372169,-35.95776435491907,65.90635880820399,16.523494344380634,16.477737234834443,13.761945957118515,0.18798828125,0.18798828125
E599_processed,E599_processed,-16.227903,71.517738,1.9670115239865558,0.0,7.380968770889941,-34.10604717337432,35.44333999792899,3.617396532757073e-05,7.759489733663592e-14,1.9289486726829028,0.0634765625,0.0634765625,0.0634765625,0.0634765625,0.0,-83.433167,75.875038,-0.48418709049539443,-0.1210056,24.157306942425638,-82.0739058417569,76.12071871198097,-0.004706986755323855,0.30381922902442104,24.147469274924344,-39.665997,100.36169,28.30677357847192,28.156047,20.36237952916984,-68.07755891911798,72.0316927754073,-0.010400051492729273,-0.14900142736127475,20.349647018525314,3901.7903,3935.0256,3918.7729296666666,3918.8931,4.679749350916759,-48.0762400446016,47.48930267119744,-0.002650659255154718,-0.10015823570089187,15.431902798439447,-36.73816841395578,35.66476847907908,-0.005589526666346387,-0.04137989351785487,11.98572374662989,-49.75251552567637,61.48837855213272,6.9908903117441366,7.079725280943888,18.62564011283388,-51.61723631038739,45.69961809952911,-1.2500312103288043,-1.1818432045209546,15.222265180957258,0.1776123046875,0.1776123046875
E600_processed,E600_processed,22.61554,23.367764,23.02668615244444,23.034138,0.10166508602562262,-0.3922631713492386,0.3410494850292309,-3.2394929160221096e-05,-2.19779855130664e-05,0.10059661714346085,0.1806640625,0.1806640625,0.1806640625,0.1806640625,0.0,-88.088943,95.567192,-3.303621402010776,-3.1444247,22.196059488477264,-83.40782536318642,100.1525769087736,0.0034618085206038498,0.09503235962915868,22.189089554260768,-41.8167,92.669029,25.3322380703724,25.278163,18.900198245821652,-65.4804486211537,69.05802373392127,0.020701563858439426,-0.021264214442910375,18.82610941137149,3891.9614,3931.2351,3913.163354866667,3913.3271,5.351873889561289,-55.48935991181409,55.55303927891335,0.025250574112299407,0.20546429442040015,14.007663622558779,-38.36598829602065,40.986894629665,-0.006563458194797049,0.023382301831852192,10.819470212315629,-93.86527204678526,37.14604272664816,-24.687135471205266,-24.586873160554376,16.966152421596515,-19.11627095708814,85.86236702872337,34.95321848060968,35.035426109904066,13.91300384780292,0.1910400390625,0.203857421875
E601_processed,E601_processed,-16.227905,71.506783,1.968083632891778,0.0,7.387992420339628,-34.13205564201066,35.41478387225141,0.00019936485945672833,4.271446374040575e-14,1.9294220969535911,0.0634765625,0.0634765625,0.0634765625,0.0634765625,0.0,-89.811897,70.577087,-7.210323771621312,-6.93909265,23.013193771406065,-81.63252207037404,77.56097871103513,0.04699657844894971,0.3818119583072749,23.008973080710867,-43.347836,79.73098,17.33688767857422,17.319610500000003,19.83890891992378,-60.75916780247105,63.24420564847574,-0.002339995848353676,-0.2276544309121231,19.658287781364777,3875.7981,3918.7078,3896.822622194444,3897.2383,7.073874110465416,-83.26967566640224,68.65285022873744,-0.06254248408764683,-0.013342885096053966,14.841061139556869,-32.1138635789991,35.24173958912407,0.005054856784390482,0.10152955944023045,11.24699871374454,0.0,123.9168886469218,68.28838105278068,68.17324518086986,17.625517309297734,-60.21290338060148,26.68906301728774,-15.467965413026104,-15.415878653669417,14.46744416221075,0.1873779296875,0.1983642578125
E602_processed,E602_processed,22.679314,23.430504,23.050849263499998,23.054909,0.10837082846961354,-0.3703035152501169,0.3912527998298119,-0.00018952581146438184,-0.0004486263287115221,0.10779211285366268,0.1220703125,0.1220703125,0.1220703125,0.1220703125,0.0,-96.009392,75.147125,-10.967818198457232,-10.611366499999999,23.64145044448282,-86.23909005081433,85.1663678196766,-0.020444303126045244,0.32473281714793156,23.627143804634024,-69.368263,90.340065,10.010742913665133,10.048284500000001,21.038941696315593,-79.26726325852366,80.46072537093693,-0.0352520954612575,-0.11359409087158509,20.98315291818233,3863.2925,3903.5415,3881.9753920555554,3882.0576,5.551286935911792,-55.00409400416038,58.07765377464865,0.007380346133144818,-0.3534772732118623,14.0936958699608,-40.23198203473105,49.22058841703252,0.028377347898658416,0.04072027317321392,11.876568255456549,-105.0745636344329,35.51305367203434,-36.137273785433095,-36.13088477884665,17.50739897654179,-88.12742997901792,17.60317859140505,-38.51430118266335,-38.5622118779996,15.345831702353882,0.191650390625,0.203857421875
E603_processed,E603_processed,-16.227905,71.683411,1.9720906774300557,0.0,7.418997474913211,-34.15026176377961,35.47896455453707,0.00012254260867817593,6.528267006270214e-14,1.9156381959078974,0.0634765625,0.0634765625,0.0634765625,0.0634765625,0.0,-105.51534,68.612373,-12.790378912310755,-12.316127999999999,24.11872223427779,-92.853645074664,81.79290452035616,0.012064738523444545,0.4844532028674222,24.136048211223244,-69.600441,79.977333,4.953397660507346,4.712564,20.22096689027253,-72.88882967972997,76.66515049718492,0.0016069450588789406,-0.1793726878810619,20.174894766713944,3853.7222,3888.708,3871.436254338889,3871.6018,5.046455475092954,-46.48711821832039,54.00095411730923,-0.003975170316128475,-0.2727644477465734,14.671492297692302,-36.1697761871967,37.96631858333726,-0.007570480614626183,0.02967188383212216,11.352587702405238,-84.33172870039328,42.43076414964784,-21.01556281454085,-21.054042097201283,18.093243098231213,-34.81792967381951,67.110313755242,15.270968936720818,15.29814705393483,14.697899412567299,0.19287109375,0.2056884765625
E604_processed,E604_processed,22.613033,23.408409,23.026542320555553,23.032814,0.11000543134597536,-0.431369722606982,0.4039091468111906,8.77459591275632e-05,-0.00041095381000508593,0.10842834751185193,0.17578125,0.17578125,0.17578125,0.17578125,0.0,-106.5489,64.94014,-14.002871136397834,-14.0104945,24.077691899130976,-92.50238051059485,79.19406411547504,0.040105072691744785,-0.06985607518440545,24.100633915916006,-65.593277,74.251091,0.5412852945932822,0.396720485,20.959810208719823,-65.27358944976321,73.1574534887846,-0.04066478599278988,-0.15515133755961807,20.97771296645439,3846.1919,3884.0815,3863.6827024500008,3864.0498,4.954728737758878,-92.77824004937695,57.10932117406436,-0.06222817130887222,-0.10527236696344194,15.282692358172236,-39.73949731413542,44.77987531751656,0.026478354047743142,0.16267553697934986,12.001056595362796,-18.95414670557576,114.8876910007312,41.890857251444956,42.0726758564306,18.310735423760143,-72.35000063344204,43.48046822317138,-20.82512179363749,-20.812549352057353,15.491242607460807,0.1739501953125,0.2191162109375
E605_processed,E605_processed,-16.227905,71.94854,1.959653719457611,0.0,7.369591383267244,-34.57618966137002,36.07819563947172,0.0001494426277636579,9.440238460190835e-15,1.932705108946769,0.0634765625,0.0634765625,0.0634765625,0.0634765625,0.0,-126.13223,75.743179,-14.678908418552414,-14.3603485,26.697644118267416,-110.8020271478118,90.46255818137793,0.009787081917308387,0.2529163058517626,26.71051333279327,-75.597176,71.535706,-3.017760682834622,-3.3481774499999997,21.99203244639152,-70.60614179611233,85.28840647403872,-0.007735831760314442,-0.45078093337660463,22.029921557934458,3838.8103,3875.5208,3857.619917116667,3857.5452,4.829307739240322,-58.05161275454086,60.62896104871013,-0.033146666031481975,-0.1306058245891637,15.791903974272657,-66.86405326302707,70.74996404028305,0.04563917250857808,0.09587852982826472,13.093137330826176,-7.404680212802128,140.1358603275283,63.28071586261299,63.24690213336416,19.723042599202298,-157.9800391028487,0.0,-63.46132417301585,-63.24866855009924,16.384535889797238,0.242919921875,0.1873779296875
E606_processed,E606_processed,22.480469,23.36422,22.929365241611112,22.944439,0.10847383555859572,-0.4195032787703277,0.4260170037327647,4.5780464890353724e-05,0.003506914810176829,0.10613982848862934,0.17578125,0.17578125,0.17578125,0.17578125,0.0,-102.42926,65.98082,-14.82340075217988,-14.5565555,25.65866594060396,-87.55691738836057,80.85675171572022,0.04162216034270951,0.30332282839639735,25.67977404119257,-88.124542,76.91407,-6.759084938008388,-6.9250114,21.925366609575182,-80.24790920227417,102.8920693053592,0.06352153735491661,-0.1179653272086125,22.01121323466159,3835.2759,3869.1277,3852.2178767555556,3851.7141,4.579027560773354,-69.50109887646997,53.94767182165979,-0.044401786958338525,-0.04527590196958986,15.282959909354865,-168.9241988707939,95.53209287122637,-0.11431788098424234,0.0792082191141672,14.10417500782031,0.0,124.6032062009342,66.96477729089935,66.82904900581713,18.92878855838006,0.0,221.0109268350119,135.4063026866492,135.5309719032538,16.369529137308533,0.247802734375,0.247802734375
E607_processed,E607_processed,-16.227905,70.93222,1.9481017293697223,0.0,7.340482547705102,-34.95145434686472,35.21308565744183,8.617902658843769e-05,8.994856126962419e-14,1.9338823761824961,0.0634765625,0.0634765625,0.0634765625,0.0634765625,0.0,-115.25457,72.9786,-14.83303927083719,-14.567342,25.256659900229955,-100.5123980928899,87.93272192920216,-0.017646225326759607,0.2605222979702686,25.261195813843628,-88.016701,76.215843,-9.656143263758956,-9.98623135,22.149571284327415,-77.75064686029529,86.42358651225317,0.0011482652570522116,-0.2842068656292054,22.199448925141592,3830.2659,3865.9146,3848.155689383333,3847.9807,4.591145831004888,-66.90548431454661,68.54547065251344,0.008569302901735111,-0.2377830199504371,14.776036103585227,-57.80782660868121,50.38012492036632,-0.018564636433712086,-0.038202999028383644,12.413365696457735,-80.71740256401534,74.52230001431818,-13.478193492732844,-13.475389262412651,18.515975930106492,0.0,136.1982545641486,65.4925404324839,65.80095843371842,16.161655043415603,0.240478515625,0.240478515625
E608_processed,E608_processed,22.303719,23.209564,22.79218220644444,22.789783,0.11163414582712036,-0.4612622918521824,0.4213806462185984,-0.000151342732394706,0.0013239318201289114,0.10946830861757188,0.1708984375,0.1708984375,0.1708984375,0.1708984375,0.0,-101.17512,69.942947,-15.44968304069533,-14.9080315,23.16521517666175,-85.5961696423351,85.76592260510326,-0.06326963371583531,0.4718445131814446,23.219160792250364,-88.52562,67.4226,-12.179131054263456,-12.302338500000001,20.675297330903934,-75.97335403479482,80.29372248106385,-0.0305779990436564,-0.21711561462346057,20.672303762012525,3826.3481,3864.7456,3844.503806572222,3844.3738,4.374111917992448,-84.29115703779541,127.7829817214351,0.09189100345418673,-0.09593458165766755,15.116960398918527,-52.97492345634255,74.88075796725192,0.05889147322066068,-0.0801877261527686,11.845258278130563,-189.7165822666531,0.0,-125.31588464715418,-125.35327999007896,17.545894813553257,-71.60135398963375,42.25802242960533,-12.191241960177887,-12.14815192212799,15.135855529583544,0.1824951171875,0.2032470703125
E609_processed,E609_processed,-16.227905,70.335686,1.9550852004105004,0.0,7.413030034585425,-35.18505333918115,34.2630182476924,1.5924626342675596e-05,4.0993804207498597e-14,1.8912348723907328,0.0634765625,0.0634765625,0.0634765625,0.0634765625,0.0,-105.56487,72.787651,-16.171652667048658,-15.903532,24.65364268194923,-93.19973581220798,88.13718857714404,-0.05722418647867646,0.2014054669423877,24.72469509589548,-81.807243,53.764538,-16.695664654534912,-16.79096,20.913174669219007,-64.43185232579988,70.6204241984291,-0.010005188053192787,-0.16944610574435115,20.777384079056887,3814.729,3857.5291,3837.0585428055556,3837.0654,6.0290899390316985,-68.64187513781349,126.9467552443789,0.07853088788334633,-0.14802545169824444,15.816856547691364,-50.52319164343884,68.26466804837855,0.03914569707849851,0.1084922952477311,12.514275869345125,-186.5123947296547,0.0,-130.12873724961477,-130.0628014751087,18.74091990912514,-79.67378668865126,37.91679350889022,-17.16882417368608,-17.107708822062513,15.592773876106406,0.186767578125,0.1922607421875
E610_processed,E610_processed,22.281624,23.143284,22.64244483277778,22.635124,0.10851211005582313,-0.406605751260641,0.4466524297137761,-0.0001508654429525171,0.00037395503078165547,0.10274670478914857,0.1806640625,0.1806640625,0.1806640625,0.1806640625,0.0,-105.53906,72.920914,-17.63431380184542,-17.4183205,25.031223883985962,-88.4252293891947,91.00797585798239,-0.02152064171643891,0.20999068023172665,25.035607057239492,-98.605972,54.948368,-21.79807279941943,-21.641288,21.220904155414715,-76.0735799206201,77.70324047076956,-0.042106342225668364,0.05709535817340128,21.23937529572006,3806.5815,3845.9456,3826.951113633333,3827.136,4.506627265678391,-49.33510358460093,53.96137994065509,0.025923208542632095,-0.0007464781547226185,14.65435131019725,-44.35688481527755,77.75406409200028,0.05720526967146604,-0.1517956466504646,12.592325843794399,-106.9138442118632,18.67535894218856,-40.392978154187006,-40.63713634021883,18.400888766709016,-124.4520050126475,0.0,-69.94046206919496,-69.94224825666943,15.783170896896923,0.1910400390625,0.1910400390625
E611_processed,E611_processed,-16.227905,69.915909,1.9440174265770556,0.0,7.378546731607079,-35.18094058112851,33.83203210693869,1.191813095999394e-05,6.47099643610227e-15,1.8928822826362797,0.0634765625,0.0634765625,0.0634765625,0.0634765625,0.0,-111.9258,74.838905,-19.37030917379628,-19.173908,25.127813674391508,-93.14766861326129,93.38408397630613,0.03707090404732736,0.19576822554337409,25.177572168757614,-101.32214,53.443462,-23.219159039796885,-23.0526865,21.62621764704108,-82.3902555497485,76.81233992512193,0.005030598843347544,0.07805584799654341,21.61338082144939,3803.0173,3838.7593,3823.2847712666658,3822.6873,4.855927277445706,-56.47336091776005,63.43077425728865,-0.012242735186863776,-0.042432271846946534,15.456295324290993,-40.53889359769418,58.62615846996272,-0.005206433013335298,-0.15490753382251185,12.890316603026045,-75.11986907090503,72.2084942362752,-3.28572199604702,-3.2402515120888156,19.09913712141578,-38.25696679213826,77.4279374652657,13.80234775807852,14.057775329838766,16.29804654044879,0.2496337890625,0.191650390625
E612_processed,E612_processed,22.104874,23.93866,22.4530040885,22.458374,0.10653679822191175,-0.3678154947438856,1.453504888129235,0.00030313548907604394,0.0004610103902080911,0.10263710140444399,0.1904296875,0.1904296875,0.1904296875,0.1904296875,0.0,-126.61417,88.965141,-21.111299777493315,-21.097927,26.72040155496806,-105.3794393408665,109.4126062699032,0.03920229997556659,0.09931576795829279,26.731652951826643,-106.21555,51.777058,-25.933854226281277,-25.740641500000002,23.838471056799495,-80.12582890783418,78.041537392192,-0.013049909588030548,0.13359324415471996,23.87143160673439,3797.5811,3835.186,3817.040299966666,3817.2439,5.1019306918419725,-89.622539046396,70.40242315799685,-0.06868073249428971,-0.1899331399711663,16.45985665492453,-62.98488125376776,59.22532371283719,-0.018132471428802074,0.0260267264444633,14.519276062137417,-17.38475074729772,140.1555379530621,60.864411218565785,61.00324022391348,20.145550285865955,-38.20625984455315,111.8757811060516,19.355423986632193,19.18672780455793,18.228414625936857,0.18310546875,0.1971435546875
E613_processed,E613_processed,-16.227905,69.606598,1.9323721667095002,0.0,7.344435091673572,-35.17067128459007,33.50666738832518,3.65164636615689e-05,1.6133635442832445e-14,1.8914995378238249,0.0634765625,0.0634765625,0.0634765625,0.0634765625,0.0,-119.02621,76.220406,-22.052107448844975,-22.2676625,28.299354661575446,-96.89707031552174,98.21789791785086,-0.003693530706232953,-0.2899340825963894,28.312078654693853,-95.835976,37.339748,-26.417611948255196,-26.1566495,23.336397929073843,-86.30079252974461,63.7788471304281,-0.08311922374221163,0.2305320768328798,23.42277725227335,3792.1611,3835.134,3815.0744395166666,3815.4104,5.139557380728479,-53.48682909014416,56.67877362609791,-0.004480171993925315,0.06011033566157398,17.25533765638408,-71.24475339049792,134.083389440243,0.10498891893298994,-0.018637936868283855,15.394196011686674,-45.82801029560018,91.23544288069586,23.26896663212505,23.301901854817977,21.396484712889766,-170.5664017196021,0.0,-110.38106453761388,-110.4867895713526,18.211965158112275,0.2374267578125,0.1922607421875
E614_processed,E614_processed,21.883938,22.635124,22.26326502161111,22.259533,0.10794267865039346,-0.3566363582217343,0.3434505755039377,0.00016085807003109436,0.0021239229949720027,0.10344154644656521,0.126953125,0.126953125,0.126953125,0.126953125,0.0,-126.23557,75.55497,-22.32674994024408,-22.3474445,26.92123410171915,-103.6229942502868,98.00832284842022,0.007718536832680684,-0.1134409411991434,26.95770741202607,-105.08405,51.372936,-26.80169797108139,-26.627268,23.1764943113987,-78.22943707799543,78.54798052970698,-0.038203550282552554,0.10543057023211225,23.197140118763866,3792.3149,3833.3933,3814.3611011166663,3813.7488,5.183495729711152,-57.69963151245844,57.69434974999073,0.03479224749534477,-0.05023001433944074,16.914244762040695,-43.98516092513104,48.40133311053318,0.04889941231086527,-0.042667110689225574,14.309964082620523,-118.3685545392569,14.79010158710399,-50.57071134757478,-50.66280217463971,20.628582183286582,-89.07885193950491,28.70209735464286,-28.35973472629672,-28.59611544509891,17.781565467563205,0.1947021484375,0.1947021484375
E615_processed,E615_processed,-16.227905,69.739159,1.9164928408144999,0.0,7.304022091159534,-35.18801398310336,33.62787349854426,3.524527566988066e-05,1.5751455488485776e-14,1.8953299084416397,0.0634765625,0.0634765625,0.0634765625,0.0634765625,0.0,-116.44491,85.664291,-21.991614433808557,-22.054562,27.24512448818666,-94.33645256175753,107.9746360400362,-0.02410118846025118,-0.04513527264007422,27.236572146672405,-96.265999,48.038906,-26.056650875442234,-26.210382,23.260612163044847,-96.02195650791809,74.39253891109217,-0.062389624905688695,-0.1549003222373322,23.337805123129016,3797.3704,3833.2056,3815.500673683334,3815.3831,5.279408437006243,-62.50221467044428,58.83639251349324,-0.0032972084591120785,-0.13725387215598622,16.924909821440664,-77.2951229700885,138.0469430071507,0.0903903524610795,0.007082893138589119,15.151850146138166,-86.74162751742485,57.04501200173438,-12.785940472701629,-12.686255971094575,20.772892110461466,-189.1434416091052,0.0,-113.18666280071399,-112.97988719382676,17.985411412449952,0.1873779296875,0.213623046875
E616_processed,E616_processed,21.773468,22.502563,22.091303786500003,22.082779,0.09877206034808403,-0.3108294205136614,0.3631078684885068,0.00013726587659995804,-0.00040046814717454096,0.09565655681831124,0.126953125,0.126953125,0.126953125,0.126953125,0.0,-106.49507,74.597092,-21.390747077540215,-21.309654,26.097393635984016,-85.2346069487281,96.2734123192022,0.03931997917679352,0.10285054104062481,26.106077903693315,-100.29835,46.049603,-25.339489837137755,-25.296368,22.02311633295725,-74.86914502457986,73.76597857614418,0.013506148916570919,0.07283649082835408,22.017726246482507,3798.0488,3835.5061,3816.949408788889,3816.9146,5.054325924679342,-58.32468225866103,58.51804811495367,-0.025647068275255407,0.09510918823520065,15.633726151276722,-77.56035210453345,42.08196185957713,-0.024130298990619987,0.06605240347587904,13.140515909010613,0.0,125.2258533883135,64.47190379889474,64.62609271605413,19.479086059892275,-27.95669756008269,103.7947014432066,25.809169682300208,25.893835902096036,16.585467539859692,0.2471923828125,0.2001953125
E617_processed,E617_processed,-16.227905,69.82753,1.9074448160128332,0.0,7.2772130456089315,-35.20838009867237,33.70984629564801,3.33711417813738e-05,-3.853887830699833e-14,1.8973997491672416,0.0634765625,0.0634765625,0.0634765625,0.0634765625,0.0,-104.26035,60.896133,-20.77875145028574,-21.017014,26.149713480398056,-83.22809676473798,81.75271414731152,-0.04376478976224235,-0.32693841910611077,26.172943594856996,-98.013344,48.442142,-24.908631942853674,-24.839367,21.769377328177107,-83.49735035926791,73.4223241031626,-0.06793457842278035,0.019425720360326082,21.84211147325818,3800.6379,3839.0469,3818.051905238888,3818.48,4.938324090896079,-53.55155684477062,75.14142914425383,0.05023443298929847,-0.09598628273200394,15.769438034809127,-81.46162782533729,129.0967205449084,0.08847487428930405,-0.007083956650556833,13.794389127987346,-118.1010214127096,3.923096825907034,-61.35997420196807,-61.28696879780277,19.509497164683292,-177.875203188549,0.0,-110.93914344862023,-110.69179074557205,16.53880449113749,0.2020263671875,0.2020263671875
E618_processed,E618_processed,21.552528,24.358444,21.968295385277777,21.972313,0.12032598520206063,-0.4037259882614695,2.325323230128733,-0.00014531397336694493,-0.004232224887359503,0.11782574938246868,0.1220703125,0.1220703125,0.1220703125,0.1220703125,0.0,-111.65564,68.690697,-20.230109488456748,-20.245422499999997,24.793502862761294,-91.24666191552964,89.1181977590607,-0.016783691708392463,-0.04967550776819962,24.795587683231133,-94.329964,55.511932,-24.217808457943406,-24.221049,22.075117166924553,-69.90181109577594,79.6977620525719,0.01861387816456959,0.01658240075664735,22.085067334311756,3797.0652,3839.9194,3819.6900281000003,3819.447,5.030769122316343,-52.27271467429735,62.82611302854235,0.017214461261425874,-0.26105650658957913,15.509163737539875,-44.90015840302552,41.25523432968613,-0.028643495120688867,-0.07971448606503578,13.396360727751533,-101.8607517417759,36.01564186590318,-31.53199111667596,-31.53233440395227,18.968918778739578,-5.434129657823,101.0403002715427,45.660432075617784,45.67674855945903,16.770410267776917,0.1959228515625,0.2178955078125
E619_processed,E619_processed,-16.227905,69.915909,1.8891468561186113,0.0,7.189520751493445,-35.08323603517834,33.97933441482894,0.0001311046836420855,5.555601205304049e-15,1.9267209932903944,0.0634765625,0.0634765625,0.0634765625,0.0634765625,0.0,-118.46651,92.658493,-19.74009450973263,-19.8917505,26.591762263410658,-98.5627472838072,112.672065160109,0.011593220922709901,-0.1823104561652249,26.600833493130853,-98.68264,52.822495,-23.63850041877129,-23.683117,22.41402657802566,-74.61265903597297,76.90696453972359,-0.06695546760278527,-0.06356918741246564,22.47047938714674,3799.7249,3839.9316,3820.7429663055555,3820.3398,5.191496872111735,-53.57975170981872,55.00335952911717,0.006001894912611273,0.026635316142042505,16.39988437180314,-44.5950854935169,87.45979662694313,0.06891401026999995,0.1934546033340534,14.14149650371765,-82.62168621936361,54.73713410688342,-12.278607659412888,-12.349757547071846,20.217285572356584,-134.6635436305735,0.0,-77.4305849340647,-77.64019986760633,17.314444441291847,0.1837158203125,0.201416015625
E620_processed,E620_processed,21.464153,24.734039,21.87543033711111,21.883938,0.12763584685909468,-0.3930667610022242,2.722631445020661,-6.32810971060134e-05,-0.0012345982444939756,0.12538870521968484,0.1318359375,0.1318359375,0.1318359375,0.1318359375,0.0,-101.51958,67.599907,-19.42202309646718,-19.7177945,24.863342895639693,-81.76183672099023,87.24545758714842,-0.016275088026716605,-0.3458999111314371,24.84970680002911,-100.75175,51.074795,-22.964173563715935,-22.983484,21.938327945582273,-77.53832261732455,73.94349933837127,-0.005547517089851564,-0.012659691188972364,21.96516188954106,3802.4348,3841.7983,3822.5020844722226,3822.1094,4.953447013937241,-45.66896685018688,47.81508081687556,-3.401811395751982e-06,-0.13635859595105249,15.47600104742635,-51.6990084216101,80.61329977115884,0.046569458975456494,-0.12130570402307414,13.712534535045029,-59.97763748860977,52.81151771445261,-3.5509208095351363,-3.9556920397862676,18.91651962543696,-98.37794280406536,7.991692549856838,-44.17545180970844,-43.901869613515494,16.849969146432528,0.1983642578125,0.1983642578125
E621_processed,E621_processed,-16.227905,69.915909,1.8982955385420557,0.0,7.248235340944447,-35.22336552854852,33.78036362974366,0.00038221819834204486,1.7861586643451845e-14,1.8977083345617505,0.0634765625,0.0634765625,0.0634765625,0.0634765625,0.0,-102.04372,71.797363,-18.64496755842358,-19.0789455,25.336850133011975,-83.09955273368266,90.16384844134821,0.040669656852809835,-0.41189761573076783,25.356794079901753,-92.522209,68.518051,-22.020858010159838,-22.0425435,21.856751783890104,-70.5397020516289,90.4025961234311,0.015699637715327924,-0.0230818513686315,21.85777890632936,3807.7617,3845.2593,3824.7118058,3824.728,4.855634440870368,-74.75718930975121,47.78707193583012,-0.04518181094370776,0.12730575587134846,15.955186229446927,-46.76246104483249,44.86232823265388,-0.029476356231753823,0.05567687908081442,13.379280863896472,0.0,126.7948702073969,67.710974398007,67.44945438496342,19.347509559112073,-52.40583586148571,59.43959377284941,7.711604824826807,7.646998022761269,16.692362755252923,0.1861572265625,0.1995849609375
E622_processed,E622_processed,21.508343,22.193249,21.83509567538889,21.839748,0.10312123670973092,-0.3849939722300006,0.3432482426707036,-0.00012456854337101182,-0.000999239988958383,0.1023645782269156,0.1220703125,0.1220703125,0.1220703125,0.1220703125,0.0,-108.34941,78.42231,-18.156255075815622,-18.232435,25.610006163757078,-90.37234709770063,96.57724846471352,-0.04207924187606268,-0.09845581626372171,25.645379402314617,-116.44736,77.524048,-21.26788382457374,-21.128359,22.053617139373415,-95.09398307777252,98.80422387819615,0.02793621854336594,0.13558782367044797,22.084964642255464,3802.4006,3847.0403,3826.5741092666667,3826.5059,4.928747975757939,-51.8451299308697,49.78859494713156,0.024913952017322216,-0.010587179439135454,16.059858967295643,-51.37584102135484,49.97968500327091,-0.013080535127406014,-0.0297588501862609,13.665472598920257,-86.41335324073145,38.48585638217912,-22.707147892852962,-23.131912085025462,19.6722005022249,-70.12954679726825,68.79237093578296,2.0119814649753383,2.00670911730719,17.043289736440745,0.1910400390625,0.1910400390625
E623_processed,E623_processed,-16.227905,69.915909,1.8921381161157225,0.0,7.236874740328293,-35.22770383376421,33.76951445974464,0.00020600020005484787,2.9696383200213494e-14,1.8967974484154637,0.0634765625,0.0634765625,0.0634765625,0.0634765625,0.0,-116.19511,72.621941,-17.84642566046449,-18.0900265,26.201793138350055,-98.1859875083755,90.79449816148049,-0.05154823128058471,-0.30988644818379285,26.235187146868054,-98.857025,54.562199,-20.736378983741133,-20.9387255,23.111451791508706,-77.97911464027183,88.79178101424671,0.013701873452687696,-0.161286655260906,23.173007910011336,3807.7576,3845.2546,3827.368005877778,3827.3987,4.929060058243444,-63.59194121958832,67.78692640422659,0.06349857531912483,0.08986956131689494,17.100860002560353,-113.5070399200404,60.9936793882223,-0.06404990011410723,-0.01647317364186529,15.043976758176049,-118.5321121267412,32.69387056671297,-48.67195775969977,-48.71949927475865,20.373773686960423,0.0,145.6822794110269,84.59529553059295,84.62305332456822,18.03878670099229,0.17822265625,0.19775390625
E624_processed,E624_processed,21.442059,22.215343,21.80912932977778,21.817654,0.10054796758808776,-0.3801331487510566,0.3937892193381016,-0.00011795995667916448,-0.001382982226149059,0.10025297621758313,0.126953125,0.126953125,0.126953125,0.126953125,0.0,-109.03011,66.364998,-17.70657653911651,-17.633042500000002,24.81280060855961,-91.18024119057219,84.1261070807444,0.010088530852709218,0.07990195445830273,24.8080310775178,-95.281677,48.221127,-20.545897256581803,-20.508327,21.913952029093842,-74.53678801870113,69.04019479730243,0.018173897934437976,0.024925840394030674,21.920062445285076,3809.5432,3843.469,3827.974170455555,3827.3987,4.65653351456233,-53.13949004784333,74.38378253242381,0.03608831986693678,-0.08127338004990037,15.917910086598141,-45.75948811850625,48.16474315622344,0.006017353308944116,0.096168872071487,13.824967577939091,-66.6052267347332,60.9219878440099,-6.022961460189377,-6.212506429199894,19.10552753704732,0.0,105.73662146912,55.57231772212286,55.64492546014762,16.98781261726091,0.1861572265625,0.1861572265625
E625_processed,E625_processed,-16.227905,69.783348,1.8894500389313886,0.0,7.233180384138661,-35.21291700204307,33.64001160895302,0.00014597914901959386,1.0519072942113205e-13,1.8965423011465925,0.0634765625,0.0634765625,0.0634765625,0.0634765625,0.0,-118.10038,74.477715,-17.448950692202423,-17.4158645,24.023462868404224,-100.377460794177,91.84615015098481,0.049143128981347615,0.07566600569207171,24.030270394161665,-97.18792,54.451103,-20.352246611150978,-20.310998,20.89372226597695,-76.93505952064663,74.91503363497236,-0.026286340753568456,0.004450241841762126,20.910763666459555,3811.3286,3845.2546,3828.3555930722223,3828.2915,4.400075037603093,-67.1283871317116,55.31619838849149,-0.05105347560710042,-0.16999097173906597,15.44443771787545,-41.09235815241978,59.88005572879587,0.04265703902130711,0.061908459003523486,13.085667514523756,-11.22811025840773,121.3527001487935,54.42355147546651,54.36372696680131,18.44710046503598,-105.9184496985478,0.0,-55.26652915767165,-55.25662556990659,16.019915534674617,0.23681640625,0.2294921875
E626_processed,E626_processed,21.419968,24.270069,21.814835668666667,21.817654,0.10689599414266802,-0.4007730120176902,2.403109649640824,5.491796752171848e-05,-0.0005728421685420601,0.1057846927474301,0.1171875,0.1171875,0.1171875,0.1171875,0.0,-105.35709,70.778908,-17.35934089117266,-17.2671735,25.031808014184435,-88.15085269720329,88.17616569009995,-0.019802722566469203,0.09800545367374713,25.077693497620473,-85.706856,55.770138,-20.30603681926483,-20.3410465,21.237256387024225,-65.30901435542602,76.1249396492535,-0.002404065997931149,-0.06969790564057199,21.22258567218789,3811.3286,3846.1475,3828.815386733333,3829.1846,4.555561841550282,-57.58852695238645,74.31118863662084,0.03667366441682217,-0.3211850907168781,16.183190895244692,-43.77165826222752,39.93129841509204,0.01830519866035148,0.05273750373066083,13.243782627358915,-143.3348295482882,0.0,-79.03375758181178,-79.03224325748087,19.43360602877393,-72.91643791597956,28.63752660708285,-22.46481294025191,-22.348785275007245,16.321702693517178,0.1849365234375,0.1849365234375
E627_processed,E627_processed,-16.227907,69.624947,1.8885873250613332,0.0,7.232624340247365,-35.19980017663983,33.4753925875189,0.0001303984453826954,6.074178931345276e-14,1.8970665309941732,0.0634765625,0.0634765625,0.0634765625,0.0634765625,0.0,-115.40515,80.483055,-17.2235931169647,-17.204236,25.45211735427665,-97.94169016465702,98.12996846648186,0.024127085256162105,0.0010237118998828174,25.447849875534654,-101.85714,54.344349,-20.101745353552552,-20.3368605,23.060614842504325,-81.73804190180692,74.47697732812613,-0.05336294500730784,-0.2210819657492411,23.107740918408616,3813.1143,3845.2546,3829.126525927778,3829.1846,4.848125471774496,-57.74906920258071,65.83072002646658,-0.034843512143048566,0.03375242695538527,16.3229144264868,-56.08004862216668,101.7333254243246,0.054360295979334484,0.014122558777656335,14.858715655432107,-66.67352433094139,79.74462446564301,3.145645164161905,3.240556325909588,19.704001134185706,-156.6747888937983,0.0,-102.05642684478723,-101.97382410872166,17.941476451360984,0.184326171875,0.2349853515625
E628_processed,E628_processed,21.486065,22.215302,21.832004964722223,21.839062,0.10043145359049588,-0.3599048786812111,0.3743121956136318,-0.00022568930990510616,0.001543524722737145,0.10006586042540463,0.126953125,0.126953125,0.126953125,0.126953125,0.0,-95.617821,65.11055,-17.102387462635622,-17.127941,23.293537826295154,-78.41293574222146,82.12487323615107,-0.0018307066067885986,-0.06479134328990022,23.318460116587072,-101.69698,52.59597,-20.03278624579176,-20.138464,21.725637097874365,-81.38961839272974,72.52137626276951,-0.030760520149648963,-0.08832124816450615,21.74851640519491,3815.7925,3845.2546,3829.6169242388887,3829.1846,4.355882207887908,-48.26683519087033,56.77520353136956,0.020031566794248584,-0.005929129833476043,15.016328125601698,-42.64043471139946,70.7229884382492,0.0421584972628315,-0.1658210633977171,13.41742807911638,-102.5177935068961,13.48311298414642,-40.42795329787075,-40.44827015497536,17.975646383528776,-120.7360170307234,0.0,-60.79094762705371,-60.709810790882884,16.527610437306645,0.223388671875,0.211181640625
E629_processed,E629_processed,-16.227905,69.518188,1.8976539452879442,0.0,7.2485769786433485,-35.1898354801275,33.37590563385501,0.00020286576454634587,6.46593864694625e-14,1.896723672250205,0.0634765625,0.0634765625,0.0634765625,0.0634765625,0.0,-106.49594,65.751617,-16.97522295164111,-16.8070105,22.94927281187136,-89.37388725581795,82.5021013269579,0.0041312730742221375,0.16167412560673974,22.95231698685829,-105.97646,63.295605,-19.667217197351945,-19.80677,22.02850347624666,-86.31768367878568,82.89346716552478,0.01168882976535139,-0.1663205515281571,22.03442546880485,3813.1143,3847.0403,3829.9700246111115,3829.1846,4.398232796748456,-46.65354353015938,52.50054284532987,-0.025658920297380986,-0.11160180722484925,14.946280716902097,-47.31176537884987,44.88115324573145,-0.0012227148929432035,0.06090549557833924,13.382596524389264,-39.55776533389712,74.45107017139006,19.50148736779515,19.380127659155125,17.747835866559132,-79.08732201359625,39.39642401876328,-18.97653143695555,-18.718401499653552,16.744820707628573,0.1861572265625,0.230712890625
E630_processed,E630_processed,21.464142,24.115398,21.87869782561111,21.883923,0.11008777907270006,-0.3901417586248417,2.140204757346903,7.670739994683079e-05,-0.0006486685935950219,0.10832571003070744,0.1220703125,0.1220703125,0.1220703125,0.1220703125,0.0,-95.88533,57.690014,-16.905863579340277,-16.745285,23.0372643563574,-79.07933767309817,74.59338416455365,-0.007187629336578873,0.19580196784536574,23.034727327122667,-99.333939,68.750725,-19.464913513562816,-19.3703855,22.618780986600793,-79.78571798985021,88.38980925817003,-0.0041092655451191356,0.08399170041514092,22.62086036403628,3811.3286,3848.8257,3830.7416528444446,3830.9702,4.523078756402702,-46.45138037420298,50.13103092498673,0.022379650726223842,-0.17789589958200142,14.945424087809243,-43.75221288414786,44.62434842951188,0.004398287773753945,0.13972771087323316,13.454881528419905,-68.80417562755373,42.87568865107585,-12.859207509651943,-12.982312763839776,17.79113924467615,-79.40989969757693,30.64912139288684,-21.766270040533843,-21.625545466269834,16.992001104544595,0.185546875,0.2337646484375
E631_processed,E631_processed,-16.227907,69.512344,1.8828678369736165,0.0,7.1575545911244225,-34.92233559618327,33.51187541955589,0.0002406598775883119,-1.97564099004974e-14,1.9402592774728218,0.0634765625,0.0634765625,0.0634765625,0.0634765625,0.0,-110.00893,60.191051,-16.76885590956126,-16.8199895,24.17563257845415,-93.17067040982963,76.99750904729214,-0.012993946191826136,-0.07532657858689518,24.17639469533195,-109.116,80.627586,-19.510193225919462,-19.479352,21.884419997373136,-89.62722052611286,100.3561308601581,0.009624782950724975,0.062468393201540406,21.885863005968293,3812.2214,3855.0754,3831.1360721,3830.9702,4.385134077420741,-49.74854382766085,49.8873854251806,0.0233792904493983,-0.3711949740181684,15.294434295685578,-52.96051359779103,47.38080834590397,-0.004044309101669866,-0.03709187248072565,12.812020767970685,-86.89569085959351,30.42952010994475,-27.836664135882483,-27.842568280332085,18.43693633131671,-66.39788116457699,67.94913482776425,3.2055899139505746,3.330339199171388,16.25790085871281,0.224609375,0.2447509765625
E632_processed,E632_processed,21.486023,22.34613,21.952241889666666,21.949532,0.10617428978138138,-0.4599840406173935,0.394461748466916,-0.00024611702123928877,-0.002196018895318977,0.1052434366878249,0.1220703125,0.1220703125,0.1220703125,0.1220703125,0.0,-97.637939,64.281349,-17.0636857557067,-16.7915285,22.80577871916201,-80.5758401463992,81.67487367778237,0.027363848280494447,0.2501120273566291,22.821378795687583,-101.39574,58.477909,-19.815155462455035,-19.677830999999998,22.229861886787113,-81.54698329917879,78.29360372672417,-0.0215128603307373,0.12872064133856476,22.224891386437633,3813.1143,3847.0403,3830.4110201055555,3830.9702,4.58069870820492,-54.09143643764898,50.99213267224111,-0.04158542423065113,0.09693921960697605,14.96104753496273,-45.20141586780755,42.44685343669693,-0.002342625631804094,-0.06758780922816454,13.12308368514671,-5.780501836669325,117.6521096378973,54.61022257932947,54.42951441104829,17.618682169034983,-52.75248948215149,56.27398724163004,1.6371095049393287,1.673956474060334,16.59226756594404,0.1904296875,0.1904296875
E633_processed,E633_processed,-16.227905,70.534462,1.889152515993722,0.0,7.170897544240996,-35.00709845745278,34.75768808600986,5.3346484041580195e-05,6.399240858958907e-14,1.9404693290004178,0.0634765625,0.0634765625,0.0634765625,0.0634765625,0.0,-113.69397,73.083282,-16.58234687273373,-16.532348499999998,23.573750146489733,-97.64813110248849,89.07031233590813,0.0007721830209881596,-0.004153052912196475,23.569538913257524,-97.337051,64.926971,-19.450857435972583,-19.453519999999997,23.292199775823224,-78.08573743502373,83.74511498001303,0.016767693140971547,-0.17102531184222564,23.313605830209625,3814.8999,3855.9683,3833.6807694000004,3832.7556,5.370792702693657,-53.85119294402296,59.20975880668326,0.002984708499781275,0.04790550542678007,15.084551594593263,-59.73231654676246,42.61762009698303,-0.022713107645297645,-0.0006644555523878106,13.628955849849238,-61.81329575547242,70.29783329714766,1.2664015297769418,1.1143787923928865,18.076867518630554,0.0,116.8186244353036,62.96217540780023,62.94586247368943,17.26521052168183,0.24658203125,0.2392578125
E634_processed,E634_processed,21.618782,24.446049,22.02150910738889,22.015774,0.11093644183247282,-0.4042254485479867,2.320896367353344,7.639954047262987e-05,3.6786308789341776e-05,0.10853612481145787,0.126953125,0.126953125,0.126953125,0.126953125,0.0,-87.313728,72.34034,-14.46136614504627,-14.2419505,23.009052888937855,-73.8434621028641,85.75925022134349,0.000784663710294249,0.20430897737543746,22.9925848106105,-101.28601,63.690063,-14.734073993600228,-15.011911999999999,22.489193577867788,-83.88977731768873,80.75971207814028,-0.03294845218904413,-0.22953491235554724,22.404506799233626,3822.9348,3870.2527,3847.848502044444,3847.9329,6.7610770285579616,-46.73741682489678,50.77934753579758,0.01375070548551875,-0.09431773790783193,14.857686122171728,-41.40852148825534,52.85882273573318,0.04008497716803282,0.13301769950182507,13.172158011351973,-68.13184558809954,50.61936725900435,-5.616494605650303,-5.674377862113862,17.738082126676826,-100.1313414291497,7.768342200236775,-43.15080442625361,-43.00695234094117,16.616421398877854,0.189208984375,0.189208984375
E635_processed,E635_processed,-16.227909,72.161285,1.8967616963175558,0.0,7.1901741863597275,-34.8143477165458,36.30273946168648,-3.875126578144106e-05,-2.109595986397968e-15,1.939074060328354,0.0634765625,0.0634765625,0.0634765625,0.0634765625,0.0,-93.004547,76.88633,-11.662616027145628,-11.729771,23.694105176623474,-80.75216403412256,88.73309085128685,0.011738287644298169,0.006743689780783324,23.685110444206252,-85.162811,67.104156,-6.769068484346361,-7.0461817,21.74988433554604,-77.59534274958051,74.82180102733484,0.0036454847226836365,-0.21836699388442954,21.620484296618724,3845.2546,3887.2158,3865.384419427777,3864.896,6.6268402889079585,-61.15834829848913,55.82472083105738,-0.025744587191074027,-0.09307448139501173,15.501771463500251,-42.9445403440333,40.28493063375488,0.0011693575899696055,0.07502780738424908,12.978702925316687,-54.21870753026601,80.90495800793649,17.98438509624887,17.7848108193203,18.341323547179663,-33.15291270103818,69.73724180544252,18.583994909900266,18.62035636059797,16.265819200165474,0.23681640625,0.1959228515625
E636_processed,E636_processed,21.749573,24.358032,22.116225562222223,22.104786,0.11203075747377741,-0.3641315856114454,2.152597621913042,0.0003485808507469229,0.0003789922150700406,0.1110524833602302,0.126953125,0.126953125,0.126953125,0.126953125,0.0,-79.335464,71.756935,-9.551088597323467,-9.809348100000001,21.620860640202505,-69.26128929869691,80.86722748412126,-0.02374563880235377,-0.24583910677898785,21.61666284488457,-73.554558,70.761566,1.4721726943630946,1.412702,21.46639424556409,-74.97374115307659,69.32802186818832,0.048837037327729114,-0.08989173000301964,21.38736178905626,3861.325,3902.3933,3881.9319724499996,3881.8591,6.170175655346572,-50.09007859078506,50.07908260258077,0.023013196189708634,-0.16570192596903285,14.744116093257803,-49.29106725881999,47.76852788825309,-0.03155478714872036,-0.018049897433152665,13.080394629741736,-100.1735569171732,8.734557783916069,-44.21918540028439,-44.04845981225712,17.021748785629484,-31.79464989800774,90.98126441119129,40.55221463259892,40.66750807730311,16.194475186317927,0.240478515625,0.20263671875
E637_processed,E637_processed,-16.227905,72.058968,1.9015848187427222,0.0,7.2065627385133455,-34.17474183285433,36.05144854282305,0.00010411899892651314,5.381577521853305e-14,1.938050919791254,0.0634765625,0.0634765625,0.0634765625,0.0634765625,0.0,-88.617821,83.621635,-7.220766005437645,-7.4548047,24.200007147927113,-80.79908918328991,90.93114558513,0.009744165562320354,-0.2214645009866785,24.219880206170046,-70.605263,85.847824,8.694012445261295,8.656498899999999,23.66101934499701,-80.15521635148876,74.3034014094125,0.05546702574852192,-0.02544924683450778,23.63672397096012,3872.0386,3917.0962,3895.3078011166667,3895.5212,5.813542185357527,-60.29547673028547,63.27568531800157,-0.033695705086259034,-0.15187421272654955,16.49148022965137,-109.7282404133193,76.78671553055217,-0.08421777753142703,0.2594631291959124,15.336860413430859,-15.31757091432845,111.6446955753085,52.30073258351362,52.49651611648511,19.154980180131528,0.0,137.6456000261258,75.16675243613022,75.19101887344755,18.253058812472744,0.1861572265625,0.205078125
E638_processed,E638_processed,21.839737,24.756119,22.23456177222222,22.237427,0.1185961717551454,-0.4103600313987582,2.455891629898037,0.00015044492570499891,-0.001410704484425181,0.11608832130362991,0.1220703125,0.1220703125,0.1220703125,0.1220703125,0.0,-101.02542,74.372581,-6.057917821540502,-5.892841349999999,23.631019630610396,-94.59282421754898,80.6682964414399,0.03762983409449986,0.20700374018811396,23.663118838839,-62.816257,100.93251,14.260708414215166,14.149186,23.624420272439444,-76.5998391410484,86.21248600333737,0.04262904651122282,-0.036031753534136124,23.567486262093627,3885.1157,3922.6968,3904.2416161222227,3903.9424,5.059590967073954,-49.76131459839736,48.64366680693735,0.0013605339819368065,-0.04307796963743549,15.716254805105095,-47.365369979255,45.10037170267695,-0.032479254227411124,0.11597255479674784,14.363978965800097,-62.59111770272883,67.99539476557347,12.074096400841428,12.155638694979515,18.574476007806307,-25.9104392466425,86.78271046903185,29.112176200500112,29.005428535813735,17.918853890433464,0.1885986328125,0.1885986328125
E639_processed,E639_processed,-16.227905,72.03688,1.9123848032172222,0.0,7.236652200140293,-34.23711050234564,36.06432376611081,0.0002582143356278098,-2.6135763149909045e-14,1.9351837417637932,0.0634765625,0.0634765625,0.0634765625,0.0634765625,0.0,-76.962204,65.660339,-5.388206035763734,-5.2450683,24.058747255620386,-71.43841680482181,70.97879643337942,-0.007861764262205868,0.14577927928717835,24.054180703141096,-49.785793,99.441994,20.93891583640363,20.699665,23.198599511947023,-70.1628714468653,76.09079943195536,-0.06515012103142967,-0.39616219317541135,23.09664235117684,3892.3372,3934.7168,3912.7891204944444,3912.3547,6.077937587545946,-57.25371466354687,61.66775497806435,-0.021873437849336513,-0.23879823809766915,15.48669831962169,-57.71708629941779,86.74162743222264,0.05132439708344911,0.11262193655908109,13.956043891986146,-59.42064765592323,72.25243212120581,3.7845930468994426,3.799894185238478,18.502359317661167,-137.1534211750652,0.0,-83.24089855314566,-83.0927949122389,17.325748542625227,0.1947021484375,0.1947021484375
E640_processed,E640_processed,22.016487,24.689838,22.38864513361111,22.392082,0.12593617333691376,-0.389654299979182,2.229715052160572,-0.00013145090961176362,0.0008092669026464848,0.12341402541096501,0.1318359375,0.1318359375,0.1318359375,0.1318359375,0.0,-86.835945,82.233437,-2.9222944506108948,-2.93560835,25.46856228508529,-84.08450174536664,85.14677312915332,-0.03306604929016293,-0.03896345852416649,25.49325434550157,-65.35202,132.39766,26.33053708485634,25.969202,25.890161578860344,-91.21138812851224,106.3427256072836,-0.025922013087708654,-0.4064326514032574,25.877619677155558,3902.0413,3945.2239,3922.853955133334,3922.7571,4.986934248526861,-60.07754861008398,81.61569079498217,0.054035362668421426,-0.07414631745510025,16.915211691851525,-55.79194867366353,50.41643489130038,0.029390819203771595,0.1141809379560662,15.315183853172345,-130.5820851156764,0.0,-70.45787356752403,-70.52970498566803,19.85074124570341,-71.61766579233283,68.34817110439208,1.6374728660890707,1.8440917496806541,19.461343462966905,0.1861572265625,0.21728515625
E641_processed,E641_processed,-16.227905,71.995155,1.9267889218202778,0.0,7.271405498582182,-34.3515579419575,36.10609836952322,0.00020010819916316873,3.316859708954154e-14,1.9340321389261375,0.0634765625,0.0634765625,0.0634765625,0.0634765625,0.0,-87.788002,93.961639,-2.3356930586392237,-2.2399252499999998,24.614684115233295,-86.64147749316095,95.38798153636341,0.03831984688448,0.18449316830567214,24.626673921621133,-40.73127,109.57339,30.97815418338658,30.920824,23.458500064327218,-72.35498869091948,76.69016691137053,0.019397431745735737,-0.06783151370012018,23.427498881703176,3911.4846,3946.425,3928.478836177778,3928.4709,4.882357190273032,-58.61516938988883,51.13339296993851,-0.040752006408902045,-0.09991727025559705,16.345634546898435,-54.97842765593978,43.55698731186114,-0.008681269879157107,0.07448667735289671,14.155086441888416,-26.31514363803387,102.7351835795199,41.64211751249569,41.43698863471039,19.242406278332226,-8.392778470478419,119.0505250829891,50.00514033214289,49.850734808129374,17.654222047098123,0.181884765625,0.2227783203125
E642_processed,E642_processed,22.105721,25.065563,22.553471629277777,22.547432,0.12231725876795824,-0.4099909403376634,2.432921926283512,0.0001813234859303831,0.0005786128751835359,0.11901382877890598,0.1171875,0.1171875,0.1171875,0.1171875,0.0,-94.069252,92.525826,1.1545214442865546,1.0228267500000001,25.914769967402588,-94.29550357701163,92.29860421820507,0.06339880040448696,-0.02444766924625119,25.950025573247068,-54.239594,114.19975,25.812815474303182,25.7618025,24.431658744315072,-81.69429078932403,81.95010320212756,-0.02740036477685633,-0.16239170147259485,23.65189796602233,3887.4087,3949.9612,3922.590346594445,3925.8208,10.660069263887761,-82.97352655482575,59.83552868123946,-0.0564901329726368,0.068498231370205,16.626991760402007,-52.25080024003793,73.33374229956952,0.053959907170496826,0.22543811878557385,14.306739244508783,-4.980141776424419,139.0022646374604,66.4991344383885,66.57782915641545,19.846798761625966,-136.5419274589874,0.0,-71.27446220418062,-71.1152523603474,17.759628517282632,0.2392578125,0.233154296875
E643_processed,E643_processed,-16.227905,71.641304,1.9560912656472218,0.0,7.408627308711155,-34.37303953590106,35.16336048267441,0.00014877551802917403,6.220063774024936e-15,1.889436777408225,0.0634765625,0.0634765625,0.0634765625,0.0634765625,0.0,-109.25118,80.168976,-9.093876147735783,-8.7860885,26.780822791173,-95.58054426318046,93.56308885114038,0.019285820156910435,0.003428282536390714,26.54940934678062,-85.471703,83.122231,-3.008916737304194,-3.1255375,24.496092403090152,-75.88843591212893,86.22677407680868,0.02934188178794517,-0.17348036431577496,23.69745083379066,3838.28,3911.5261,3869.362425205555,3866.8638,14.891315551153593,-98.42358722857098,55.69832271376901,-0.061647818987424066,0.032397798979399095,17.244714418896354,-50.20159266387078,41.49489678597854,-0.029549741023184545,0.12378552936124534,13.768746282153373,0.0,140.0209846800105,75.98157682154249,75.99644206569752,20.320549177852293,-65.34603647080607,51.85738003749298,-4.752107731722009,-4.510066268684881,17.542011827804817,0.24658203125,0.24658203125
E644_processed,E644_processed,22.370369,24.22591,22.73389461261111,22.723969,0.11033520269691915,-0.3413961968445917,1.399756764827166,-7.825093951065458e-05,0.00070549917429686,0.10830108187185171,0.1220703125,0.1220703125,0.1220703125,0.1220703125,0.0,-99.103455,75.001381,-14.678737377177983,-14.473711999999999,24.323558204305016,-83.58971955311549,90.07019798264687,-0.029707252271779,0.14673970752851995,24.36588336296378,-76.806396,67.959953,-3.985735519689022,-4.2378929,21.832175887866356,-70.6949539275047,68.12471649936973,0.027927369225237073,-0.20617748345527756,21.63217707402838,3834.199,3875.8101,3855.4591995333335,3855.5142,5.712329499734609,-67.05157409212907,100.8025254662257,0.06521966385860004,-0.18220353853193516,15.822123319915308,-41.07903516390382,44.6471372665706,-0.03097102476749309,0.04631535589374657,12.656699698007605,-145.2970064528413,0.0,-84.2013185795099,-84.39949615134435,18.618453245407213,-42.8448745868621,65.16802077338569,15.120479804266083,15.360872476795535,16.03980753309248,0.2459716796875,0.2459716796875
E645_processed,E645_processed,-16.227905,71.595039,1.9694593023311666,0.0,7.444193297992637,-34.4390480892208,35.09184286747213,0.00028191724604298527,8.357848588691689e-16,1.8859576082572374,0.0634765625,0.0634765625,0.0634765625,0.0634765625,0.0,-92.932121,74.734131,-10.702021583425227,-10.221947,24.38002664182146,-84.32145450511946,83.25692154206834,0.011654585483812816,0.45848418206103325,24.335076125106294,-58.874893,78.634476,6.790251184986467,6.72015475,20.951784286363704,-65.71524604176955,71.45461199598742,0.03936627928079089,-0.03142658817122179,20.848132287048966,3849.8599,3893.2502,3872.283577377778,3872.7495,6.356183728958166,-67.71659637165199,49.1786625609922,-0.039357238894812095,-0.07451538336296082,15.524773455431697,-68.05719234749617,55.92336232786808,-0.05243275885957026,0.06604281855385175,12.827825716043307,-12.30587796825393,108.5698331153776,49.819723379181276,50.05505574788324,18.552588031977013,-15.38592583510529,88.63144853754744,37.06288943316436,37.339882417578565,15.776523483680846,0.2490234375,0.1959228515625
E646_processed,E646_processed,22.480469,23.231659,22.88379310211111,22.878159,0.10668712811172676,-0.4009477668115843,0.3438728350975384,-5.856316527454979e-05,0.002645967690346359,0.10519661010193834,0.1171875,0.1171875,0.1171875,0.1171875,0.0,-92.714653,79.040123,-6.93173164435385,-6.67291405,23.535326947789077,-86.2006948816566,85.74813246246393,0.01022918697689986,0.20384055310379257,23.54234713153004,-59.116219,95.408577,14.522609149682932,14.569441000000001,20.46222984966567,-72.42485200193512,82.2381372543856,0.042914773308302616,-0.05155170298803702,20.44884150348082,3867.3481,3903.1877,3885.785377905556,3886.0908,4.739266119126755,-49.80825681019927,53.33523436461842,-0.017246337649481098,0.0021854763071458283,14.918722190953048,-82.70693822810698,47.48120112485671,-0.06238711151963284,0.2419995561070547,12.708618214680481,-27.21432460222494,97.40226460983354,38.594184635798065,38.69773213261104,17.924385066232094,0.0,125.6093866382973,74.45300765105345,74.53916240392621,15.426223521792634,0.1837158203125,0.22705078125
E647_processed,E647_processed,-16.227905,72.103188,1.9674804515426112,0.0,7.431990608397646,-34.72395581735317,35.95419805506671,0.00015569185067312372,-4.872654208527737e-14,1.9034702971537694,0.0634765625,0.0634765625,0.0634765625,0.0634765625,0.0,-105.77958,79.680542,-7.0833220836222495,-7.10697605,23.45445396215407,-98.47927713737715,86.97565268474173,0.01204342755583996,-0.03976139766243758,23.46192349936828,-58.764893,87.934753,16.18163822419648,16.128917,20.77715294981289,-74.44186816150363,71.17834309500445,0.04648842288384688,0.01718249337227977,20.81350536300469,3872.9114,3905.438,3888.974926344444,3889.1448,4.3482506808968,-57.62693913313417,54.51446924532842,0.012794813740950449,-0.18857522695921916,14.693987842651508,-81.55679161728251,53.6076206507578,-0.05301094809314222,0.036508607770894375,12.879261688686201,-76.34110160523988,52.15576461895434,-15.350700540955598,-15.067956044170355,17.802649963342763,0.0,135.8350886605786,85.8121804875754,85.87237154230158,15.765968638741308,0.1861572265625,0.1910400390625
E648_processed,E648_processed,22.635124,23.408409,23.00049617611111,23.010719,0.10948920732476827,-0.3651699749659626,0.4229690435343783,-8.518633700664063e-05,-0.0009740915917839767,0.10790273576869412,0.1171875,0.1171875,0.1171875,0.1171875,0.0,-102.39876,88.617889,-7.273107089713641,-7.1376331,23.949913213838894,-95.50956756481499,95.41916308425226,-0.017058620466185503,0.06952498558015274,23.943954796710056,-56.373226,98.255928,17.839772906794593,17.719653,21.249613527724666,-74.26097469642124,80.87882965520294,0.01289535064622382,0.009720630722679147,21.30782613967668,3876.0244,3909.0688,3892.9560461000005,3892.9912,4.565233319307192,-55.26060338221768,51.38312798224965,0.005234911400607705,-0.23363331604548576,15.462333149524335,-49.07216484909608,42.26368110270529,0.014703083688186762,0.19396881652473796,13.206999791192938,-82.1800177536783,44.48950601905936,-18.875084980627886,-18.58802192525756,18.507798461335174,-103.7025845832955,22.75118031987613,-38.21153368633193,-38.32968697549536,16.4041840359283,0.185546875,0.1904296875
E649_processed,E649_processed,-16.227905,72.059006,1.9586975376543887,0.0,7.3509392846200825,-34.2604121850628,36.30202459116976,-0.00011105663769711594,-5.933293428170922e-14,1.9405494657091402,0.0634765625,0.0634765625,0.0634765625,0.0634765625,0.0,-82.554222,63.451572,-8.260096246154323,-8.202289100000002,22.725617729204412,-74.15142927366335,71.46359753773264,0.011934392900405552,0.0635215455903072,22.722615448082795,-49.976086,94.252907,18.73799678853838,18.5953075,20.116489152642075,-69.02500243646932,75.29857811600604,0.032564211087561315,-0.1698274454542876,20.12829800428193,3877.8162,3909.0745,3893.3041052333333,3892.9985,4.087217476452872,-44.12695449710206,50.63186129822237,-0.006207593961191037,-0.009909619009525363,14.53029899867068,-88.61889212687015,65.58997931500957,-0.06807353837459326,0.13812148458771567,12.493965716949296,-32.50670149812242,72.28024016418038,19.087076152454937,19.352051135261505,17.438223474863484,-1.632195145011774,114.3755172343425,60.072795083900864,60.03651435192725,15.17954872961765,0.1898193359375,0.1898193359375
E650_processed,E650_processed,22.701408,23.430504,23.06569739288889,23.077003,0.10757567186745004,-0.3622080427986247,0.3617727400498967,0.00011139949724630608,-0.0005367080312819715,0.10669178102857794,0.1171875,0.1171875,0.1171875,0.1171875,0.0,-90.931984,81.833466,-7.143658558236223,-6.7745168499999995,22.34203936977682,-84.07782139950771,88.48533228990746,0.0025061875583095045,0.47112106323203173,22.33069470532371,-55.27095,83.14904,12.541007147786651,12.5142045,19.8447479646065,-68.06801289360543,65.91911168696572,-0.008132969066908781,-0.13287515505854275,19.62046803632912,3866.2058,3907.2881,3887.59539735,3887.6399,5.730496176151259,-49.5481781865922,52.65445644470011,0.025767515824831,0.000598776183415417,14.64452289790854,-36.72877158900295,53.46922010098184,0.03737941695478071,0.17746561009328585,11.924865548077287,-64.53343662388035,61.59052921703407,-2.9689404134175605,-3.1601717345014815,17.291809487931022,-104.0468357342185,0.02657984283619497,-54.770492625244906,-54.87389220595011,14.827941616104562,0.1910400390625,0.1910400390625
E651_processed,E651_processed,-16.227905,72.0811,1.9753912509410556,0.0,7.454383518233779,-34.79134462534591,35.95709522076803,0.0001425653034304962,1.1683777601643335e-14,1.8996235003553446,0.0634765625,0.0634765625,0.0634765625,0.0634765625,0.0,-90.507973,73.720634,-9.084749692030432,-8.9194794,21.04295664406034,-81.6133130580549,82.56580999128582,0.04692581337622794,0.25245991916189214,21.06389656756998,-60.109795,68.094696,4.9245229519376945,5.0542006,19.0861634003466,-64.01251139061384,64.2937329365983,0.010371575456453914,0.05612325877161162,19.03295275699136,3857.2749,3891.2124,3875.2184336999994,3875.1365,4.776132551178003,-75.5349742838171,52.04166878710737,-0.05453555724833172,-0.020976819620700304,13.83145663393485,-54.27648332198107,34.46933454986409,-0.033357794335301956,-0.09880584090810518,11.395744878656636,0.0,131.2078590965099,78.07455480130936,78.15143682705195,16.29104434493684,-29.17265853143457,64.31442712975873,18.647690700067805,18.65224454515183,14.277241277940712,0.186767578125,0.186767578125
E652_processed,E652_processed,22.590939,23.430504,23.069943091833334,23.077003,0.10854117866461478,-0.4805458231990855,0.3684346645407398,0.0003194544713862902,0.00016352947108598005,0.10802914095011748,0.1171875,0.1171875,0.1171875,0.1171875,0.0,-92.291893,71.859276,-11.966247848477803,-11.8957955,22.573006950853166,-79.6629934479202,83.4002226769987,-0.0038260611279179956,-0.027562246676140267,22.58582974088339,-84.439529,82.611481,1.4328174029896057,1.35613325,19.897048348461727,-85.10698649553095,82.09724503812949,0.007942122919504607,-0.02266415139489064,19.887296803749425,3846.1001,3883.1746,3866.843187144444,3866.863,4.620922445044262,-52.12842892772986,46.76969895475406,-0.0162250650663392,-0.09148158095598913,15.03537730990764,-44.09092008988297,48.08872627738585,-0.01712307458742716,0.043465441855944364,12.133368373586634,-25.32427166656821,87.677030474996,30.827687251976723,30.44733292049516,17.658740927394792,-35.19393058897202,83.2553012697667,22.91632415322895,23.031987796898598,15.080262776626494,0.177001953125,0.23681640625
E653_processed,E653_processed,-16.227905,72.0811,1.9646788221981664,0.0,7.383923613811393,-34.55073553287362,36.19708005874669,0.000124038790950058,2.0561361505173994e-14,1.9309467670895297,0.0634765625,0.0634765625,0.0634765625,0.0634765625,0.0,-116.7435,75.133003,-13.530406825163833,-13.434371500000001,22.544949620064337,-102.9548383750374,88.93150474915058,-0.014631803755952862,0.014073453466828426,22.542472789352153,-69.601173,63.821239,-1.0020819452238723,-0.8207429900000001,20.033319129287293,-69.14847324797444,64.83012532941918,0.001489343514839157,0.13556485633890294,20.031855978154617,3845.9099,3874.5801,3860.3859667944444,3860.2339,4.309129734811462,-55.03389301754189,59.09102256877377,0.018717851870308406,0.2516776650278818,14.39591664627032,-36.8902267655949,34.78500671078966,-0.013560115905364819,0.05383121674484492,11.722008866749032,-84.31742903406744,51.64339202552255,-23.866621040949138,-23.70783515637898,17.287995295540746,-13.94231869872313,74.93519138913133,31.18074191546519,31.385378260600724,14.918432307464593,0.238037109375,0.238037109375
E654_processed,E654_processed,22.635124,24.557289,23.004060670833336,23.010719,0.10820846107335237,-0.4185127444460114,1.475466318605578,-0.00011931523975677183,-0.0004525758459946027,0.1058447774535274,0.107421875,0.107421875,0.107421875,0.107421875,0.0,-91.121719,70.316696,-13.799263820328495,-13.693424,21.779323913802713,-77.44355454990477,84.01068194745608,0.03817219668975022,0.1251328366851651,21.80421400404081,-69.493866,71.940475,-3.943455418187339,-3.8266324999999997,19.27863738471367,-65.63915471238748,74.87082760398289,-0.013632035193859297,0.01458301007442131,19.26402478825629,3837.0813,3872.6965,3855.5596176388894,3855.0776,4.002616738552033,-50.28387622297298,50.02679616299075,-0.021403459485044646,-0.20670447965646144,13.632350143755433,-39.11626155810015,35.41266881729904,0.024610264712630572,-0.1116441974726914,11.257008463228452,-39.87811325493687,82.43695538442104,23.936590348058186,23.960468222625614,16.581926649163254,-60.67034698048136,37.45073306406526,-8.031350687738685,-8.048108488561706,14.323408294188953,0.2392578125,0.2392578125
E655_processed,E655_processed,-16.227905,71.50666,1.9698580050998886,0.0,7.430498689262249,-35.1228793891025,35.52108625439934,0.00014587813263603855,5.760127004548056e-15,1.9031431678003825,0.0634765625,0.0634765625,0.0634765625,0.0634765625,0.0,-100.99168,72.098915,-13.275930232415282,-13.1393415,22.303480441524353,-87.44910677069694,85.5636899300562,0.0011040758174037978,0.14297135895460789,22.3068573223086,-77.290482,66.912758,-6.3001322577825505,-6.3266628,20.364258003803716,-72.01635292617762,72.18485705449956,-0.03694881234630656,-0.029429067577117052,20.361131728409063,3837.1394,3868.3938,3852.469269500001,3852.3708,4.039918805931312,-49.50510265064177,56.16766804071371,-0.022636426905360652,-0.14062737448263474,13.962269290652284,-41.65756210562572,53.52657734803294,0.04189095684564358,0.11280437525149911,11.855272607589162,-47.12176724020195,82.75874747765927,19.654965797611784,19.588551705004278,16.96415254439672,-107.3196037072304,0.0,-56.287892378749575,-56.31425945836648,15.049983462280391,0.247802734375,0.224609375
E656_processed,E656_processed,22.524658,26.612015,22.90809262494444,22.900253,0.14200001779639648,-0.529333086577746,3.467553576361146,-6.347928518426964e-07,-0.003011335749110482,0.13369654306745113,0.1123046875,0.1123046875,0.1123046875,0.1123046875,0.0,-91.946854,67.762909,-14.129856529071017,-13.868462000000001,21.432969411103944,-78.59985634071421,81.62588467877629,-0.017637530032364308,0.23727234622006682,21.43219252096778,-69.602295,55.004532,-8.850942848644882,-8.87435675,18.731445229414675,-61.75781824201395,62.98746880675755,0.06212924698815396,0.03385337602059746,18.76189539796246,3835.3215,3864.0613,3849.1050388111107,3848.821,3.984416522810897,-42.03243289608888,43.13908537370446,0.012080965350155846,-0.24261134540178642,13.331342187662269,-57.98133578758809,42.97519470914824,-0.04849554991726912,-3.166830872913795e-05,11.024994734734495,-81.39914734074458,24.23553763458236,-28.97790662684655,-28.95038409448175,16.183694510293112,0.0,121.1397905679013,69.92847812840768,69.99041119937806,13.926007218063038,0.2392578125,0.2398681640625
E657_processed,E657_processed,-16.227905,71.020599,1.9692473608931667,0.0,7.444599869601991,-35.20671748752327,34.95322101191257,0.00027440951508710603,4.2510409072766974e-14,1.889657704169203,0.0634765625,0.0634765625,0.0634765625,0.0634765625,0.0,-98.998344,73.669868,-15.51401682706716,-15.234308,21.18423648155783,-83.50129020225202,89.29403351372507,0.026159682316791954,0.2975898171368967,21.189029675600885,-80.328468,59.090355,-12.12492361469395,-12.1724225,19.363414363430838,-67.72768541764086,71.75186677908545,0.02129612432822678,0.02310248297137241,19.339934945603652,3828.0574,3860.3445,3843.4557739222214,3843.3237,3.8830885189444273,-45.92142244134119,45.38228815302051,-0.017623694178626245,-0.11747498423334801,12.711672862971124,-44.06303494639272,37.33449861642929,-0.03466984392675736,0.05417712338782593,10.81442115724435,-35.78102874367006,79.88224263514365,19.28891731106097,19.29916658620793,15.7546151433236,-42.96102254820107,55.77981577477831,11.013874522803524,11.019060781000174,14.046153307905438,0.2435302734375,0.2471923828125
E658_processed,E658_processed,22.458374,25.507324,22.782519820555557,22.789783,0.10747524840465533,-0.3668421131489225,2.684637283223331,0.0001666684973970852,0.001421233653113441,0.10367922419778357,0.1123046875,0.1123046875,0.1123046875,0.1123046875,0.0,-95.108589,62.60022,-16.814580334818913,-16.698311500000003,21.16613870967198,-78.804369490755,79.3755966626725,-0.005905896242937609,0.1206999045532898,21.162896083586016,-78.682114,55.590916,-14.485663169288346,-14.517094499999999,17.508459189016552,-63.63005695927286,70.89672093398683,-0.049054361982831675,0.006311219992110484,17.533224345261107,3824.4802,3853.1609,3839.455465055555,3839.6628,3.6336124284596893,-44.86317915958074,44.00286524143417,0.0011697024762631243,-0.10192255602649915,13.418806846691155,-31.85365425169676,43.67476285323873,0.03301288440345545,0.06985271802280368,10.524264524638372,-58.13767703789568,49.77152495585512,-2.550147868692204,-2.539146095928583,16.13981502442158,-95.68391959386643,0.0,-52.17114495994646,-52.16655518985512,13.182797134907384,0.2398681640625,0.2410888671875
E659_processed,E659_processed,-16.227905,70.910126,1.9535226751768333,0.0,7.408547463272564,-35.21177409866095,34.82598079881591,0.00020736924490713415,6.515709263515101e-15,1.891098042165376,0.0634765625,0.0634765625,0.0634765625,0.0634765625,0.0,-106.84016,54.298,-17.63027868009165,-17.532193,21.112738327352066,-89.05514204577622,72.14551049125538,-0.056934688534038234,0.018334932195500194,21.14864969449714,-81.320526,53.819523,-15.769859499192023,-15.782744000000001,18.73455450838091,-65.2310361231485,70.08377891284168,-0.005776630757333309,-0.06417008795943002,18.70148294887473,3820.9043,3851.2644,3836.8231730888883,3836.9773,3.8521014938786875,-53.01226592346712,72.44455012172028,0.05819881103491754,-0.012216238772701171,14.004516978285919,-58.8475233473967,68.37272384164821,0.022919882444844202,0.07928523328326831,11.35252972373959,-129.2030041707856,0.0,-71.79895611714872,-71.77161840940434,16.454119623746887,-67.29178876418621,45.89560233774854,-3.8659683744699085,-3.786799527740787,14.130234021230736,0.242919921875,0.20263671875
E660_processed,E660_processed,22.237438,23.054909,22.619764290611112,22.613033,0.10027522147052526,-0.3777086491333723,0.401385730898231,0.0001554885380855748,-0.0005946543571496389,0.09661547582412679,0.1123046875,0.1123046875,0.1123046875,0.1123046875,0.0,-100.13626,52.225395,-18.077167216600074,-18.077342,21.098945085912472,-81.96968611168572,70.44021552938756,-0.010646763818949962,0.01878321035201652,21.09941306496638,-79.114594,46.884144,-16.606581313149988,-16.484999000000002,18.35439216064948,-61.97283906569991,81.2586389310311,0.07568940463684563,0.2072027768794925,18.46025881564725,3822.6624,3849.4785,3835.540299683333,3835.1914,3.8463907002664137,-41.9756033112998,43.41715671184436,-0.0013496391380350351,-0.06567598489460358,13.46641985816862,-127.4130678170964,72.81867384549345,-0.08572428712292324,0.025350545370401715,12.59067939055258,-38.30720169619782,65.94379979003222,13.511129209511218,13.600260907459706,16.216916593540944,0.0,175.4526259989549,119.62884135746708,119.7778697040961,14.476894638898058,0.18310546875,0.18310546875
E661_processed,E661_processed,-16.227905,70.79966,1.939059212973611,0.0,7.370115661453334,-35.22402809737905,34.70769976616666,0.0004524593304603072,5.434007697161366e-14,1.8925742030172212,0.0634765625,0.0634765625,0.0634765625,0.0634765625,0.0,-87.607193,53.234737,-18.24176068667428,-18.421770000000002,21.16387693954396,-69.084893970183,71.47520341409826,-0.0018862606629524521,-0.1252100228081318,21.19688665410082,-86.884125,56.184345,-17.077091983877448,-17.011402,18.7520728200169,-69.65796469856295,73.40535238914224,0.05099576900472002,0.09529208320380361,18.805592940619313,3817.8823,3850.9182,3834.3956462000006,3834.7610000000004,3.915408965542478,-50.2823789079347,58.11631686114375,-0.014826929785681573,0.1892425713584523,13.842250474496343,-80.09268700437687,55.87634828511882,-0.05971298987226415,-0.03455947715289698,12.31925215889156,-20.11061675260282,99.30117547307741,39.076583430203684,39.103191180563186,16.475506443205656,-11.82305239070284,114.0469979013342,55.96909223819651,55.958349367886896,14.687167210442743,0.1934814453125,0.1934814453125
E662_processed,E662_processed,22.038593,22.789783,22.43259929361111,22.436283,0.10467783600508178,-0.3577348002468784,0.3274525410821514,-0.0003051059830992768,-0.001277661205849441,0.09903847934659009,0.1171875,0.1171875,0.1171875,0.1171875,0.0,-95.191582,57.758785,-18.226847941571616,-18.037812000000002,21.98977147794895,-88.54409561728328,76.01225965714954,-0.041767075635351314,0.1370308705376333,22.07512819511157,-80.809769,44.46384,-17.27491408351235,-17.262681,18.982982814687634,-63.5326124982803,61.69342489446821,0.06163160643449905,0.03763815077914001,19.01944104989124,3820.4241,3848.2861,3834.338335388889,3834.7092,3.9942057472287087,-61.47376473752645,118.8373151076638,0.07030141821360952,-0.2729225051217341,15.08494358862228,-77.4737419567256,50.58564399316295,-0.07193640283812924,0.025345897359639658,12.369231336143294,-164.3385025206476,0.0,-104.9477127052639,-104.861864850122,17.286089468868447,0.0,124.5256170280013,77.11881828181963,77.12187271885846,14.818401266167596,0.1873779296875,0.1873779296875
E663_processed,E663_processed,-16.227905,70.75547,1.9299044175721667,0.0,7.338950462245125,-35.23713653166549,34.64785670475297,0.00020648408576065172,6.885230785004031e-14,1.8952910800584792,0.0634765625,0.0634765625,0.0634765625,0.0634765625,0.0,-90.214027,58.635132,-18.083472024034617,-18.0979885,21.36783916100377,-72.04645687139008,76.78840235656963,0.010643076264075768,-0.021848047034005974,21.368513510894825,-86.771362,42.846703,-17.284808964269747,-17.329984500000002,18.98520028018249,-69.97664358538931,71.31449929084842,0.006344577939803976,-0.042359255468744195,19.050600285677582,3820.4971,3847.3096,3834.2323353444444,3834.7476,4.064020417925325,-42.08542468624077,55.18376707377212,-0.03427321337786717,0.12074834875075499,14.064865387159262,-50.43888330222639,52.49928004339786,0.007015170304611397,-0.005510045743881697,12.209169650913934,-20.25200383895746,81.02281449711059,29.434028512168677,29.410911470188253,16.5997985588184,-124.9476419646118,10.90524592043368,-43.766208681974355,-43.848088780557994,14.919157531863753,0.18310546875,0.18798828125
E664_processed,E664_processed,21.883938,22.613033,22.2456795575,22.237438,0.0969745804959625,-0.3352187437443664,0.3617043272821799,7.878047828162324e-05,0.0008082554453321769,0.09225416376251837,0.1171875,0.1171875,0.1171875,0.1171875,0.0,-96.376282,62.938526,-17.911692747344816,-17.742804,19.944335458131178,-78.24838220768004,80.99364376654518,-0.024827595028825034,0.1500618353457385,19.95476706723525,-73.328094,40.481018,-17.392086237236416,-17.420329,18.38299786982704,-55.75312024550115,58.28810994259356,0.04306091634519755,0.008991131274036944,18.4069624336611,3818.5889,3849.0193,3834.3820552333327,3834.6687,4.000849123278953,-50.18660712369675,54.91555411781345,0.030281543797618743,-0.13978764303073093,13.114386990021172,-66.52411528418392,37.84791520896048,-0.06101005147906704,0.11558132366857525,11.946135917725554,-114.4330429519199,12.06883867620475,-49.011075503334894,-49.086726295564446,15.44894272700878,-3.642423831114851,90.621378301078,44.93423630994764,44.995659565782404,14.380327405682534,0.1885986328125,0.1885986328125
E665_processed,E665_processed,-16.227905,70.644997,1.9163124087386112,0.0,7.303253141814503,-35.24379414035603,34.52845610969887,0.00037995412126254775,-1.9611393523593583e-14,1.8958685176253387,0.0634765625,0.0634765625,0.0634765625,0.0634765625,0.0,-106.50533,59.903221,-17.828456737730793,-18.131401,21.898148297859407,-88.60881002484223,77.8955862837172,-0.005937027268698632,-0.32821753408848564,21.899971952273653,-82.43663,56.09478,-17.35538526590245,-17.5964005,20.544918387518152,-65.06296591074197,73.25539264764973,0.01873272447175856,-0.1974444603047589,20.544471953783443,3818.4829,3850.6238,3834.131903055555,3834.5469,4.47598228793284,-47.37322027745488,47.18225680355844,0.019357710216730203,0.19432952051114505,14.020248960098986,-41.13702970444044,38.83984522283108,-0.024867822146213296,-0.007613032103575432,12.767465592650742,-81.5329349368669,33.02232345182315,-26.716630779106783,-26.674530554380183,16.81816286942178,-32.45748219720286,68.79841803498812,18.92930348919476,18.97664608843168,15.82378363832594,0.1953125,0.1953125
E666_processed,E666_processed,21.685093,23.540974,22.080115753833333,22.082779,0.10765333930352072,-0.3740514084047249,1.383227382550184,-9.625823091514807e-05,0.0004997052067595639,0.10388410995917546,0.1220703125,0.1220703125,0.1220703125,0.1220703125,0.0,-89.089371,62.432941,-17.768061930714886,-17.792476,21.387049261653367,-71.28109228898681,80.1950563588578,-0.012812239652023029,-0.05978976060602048,21.392228512281292,-83.054436,48.4081,-17.396795950548146,-17.163624,18.748026496266327,-65.46956349666716,65.94955808753154,-0.03606042857959023,0.22071052884678188,18.7686454090954,3816.7078,3849.7546,3834.3193046666665,3834.5637,4.1218087809026684,-50.45956383395114,49.87931473504046,0.007503714357181045,-0.025565598335341166,14.009280589624314,-41.91487575811728,45.26101667918879,0.024316085229753155,-0.06749392561857803,11.702071211500447,-100.3175283384976,16.4695159691844,-44.266126812346954,-44.27951485066775,16.607383585561063,-88.10592329370007,6.847033088015662,-41.701953313235116,-41.51195597683703,14.415487290171969,0.1910400390625,0.1910400390625
E667_processed,E667_processed,-16.227905,70.512436,1.9136758898654997,0.0,7.310645047557533,-35.28112635700613,34.31647070678499,0.00023309654069791818,-2.4896726218907433e-14,1.8812145841220478,0.05859375,0.05859375,0.05859375,0.05859375,0.0,-91.559143,51.232685,-17.57421628457163,-17.715381,20.295963743261723,-73.92115041608517,68.81794692063055,-0.011679648301098836,-0.13719228307227088,20.306372068396467,-75.960899,42.254257,-17.330960303111436,-17.6004495,17.887405652771868,-58.65347556629442,59.5202343322275,0.0011574009228416551,-0.3436010688231106,17.910871597803958,3818.4719,3848.8271,3834.2580269555556,3834.5422,4.007119470002992,-44.14754508700454,43.36230731061504,0.021490504371023716,0.003823054142001681,13.251511691575292,-41.00773093942379,41.7488516437117,0.025643495188305696,0.09299725853278562,11.489941379408975,-84.39807058650993,14.52466937120833,-34.59888627231534,-35.025015970613545,15.697046130226823,-75.10026829327234,17.21691182410915,-29.989227827335295,-29.92173395290923,13.960460670695726,0.19287109375,0.19287109375
E668_processed,E668_processed,21.530434,22.325813,21.938136168611106,21.928123,0.09936809336136143,-0.3922006891131797,0.365338804083345,-0.00019688615505525074,-0.001347903122365341,0.09637323715847976,0.1171875,0.1171875,0.1171875,0.1171875,0.0,-94.808311,68.738686,-17.42577277978703,-17.593393,21.427929863402056,-77.50226366529003,86.30187872076476,0.03136221745663779,-0.1243622617107295,21.44264961765458,-88.543556,64.673889,-17.32075324899436,-17.410693000000002,18.888133558612406,-70.9913275039151,82.15293390179917,0.02575226901765765,-0.1147779901037847,18.89931399457143,3816.7187,3854.2163,3834.6446185555556,3834.5747,4.278546150300096,-48.18525707917438,47.75860866171936,-0.035292759486121754,0.0039947045933905745,14.13661499609865,-49.72213645786986,44.73281066086991,-0.03911752917668765,0.016973989321114935,12.086812847419681,-20.3086890253769,94.93356550000699,35.82658754602169,35.88431361422994,16.7019756667122,-30.92569016150964,84.77790790784125,25.522986669206883,25.592775626835795,14.70990451740496,0.186767578125,0.1885986328125
E669_processed,E669_processed,-16.227905,70.40197,1.893549658010611,0.0,7.220289315721439,-35.20383607386083,34.34126784090881,0.00019962885070788273,2.331095346565288e-14,1.9111957960337695,0.0634765625,0.0634765625,0.0634765625,0.0634765625,0.0,-88.601997,54.767273,-17.32058406242137,-17.440342,20.830992367816258,-70.94972865003635,72.32278955724675,0.006442651711961487,-0.08594528720675776,20.83734542268558,-77.32914,44.026951,-17.341429084129505,-17.4191505,19.1139544832185,-59.92760440921869,61.35152879653451,0.015784732033768838,-0.059084955292338925,19.129150715977786,3819.3638,3850.6116,3834.452720466667,3834.5427,4.290835071616729,-55.07131926001477,49.61242105205583,-0.026854462891722275,0.1427412256034479,13.758584374311155,-55.1279991236359,41.08765430714516,-0.035758076939810694,-0.05762628215741977,12.157360730404587,-36.22682325132788,83.65958762894051,23.328385130812613,23.388312294504594,16.227428848712407,-0.4134529741565168,90.7135554850862,43.57576832613475,43.78090594353013,14.83239032468433,0.191650390625,0.20263671875
E670_processed,E670_processed,21.508343,22.215343,21.82964467416667,21.839748,0.09828009202622325,-0.3112418523047524,0.3958685755225365,0.0001334328986632633,0.0005708795551666104,0.0960122196742433,0.1220703125,0.1220703125,0.1220703125,0.1220703125,0.0,-91.631233,60.38044,-17.464808369901654,-17.665532499999998,22.67893962648358,-73.96653689716135,80.82806538331606,0.04632133489507296,-0.2030915079058004,22.765402612519132,-82.917297,54.776485,-17.325084989673794,-17.487692,19.28573421478627,-65.4559822788661,72.00198669739082,0.014895502604757225,-0.1303356896481589,19.28408615401794,3820.2566,3850.6116,3834.488753361111,3834.5413,4.460324704191117,-71.33147572749954,59.69397896888509,-0.011414911126353811,0.0537638484854539,15.46526900874713,-36.40341454155133,34.88111253659841,-0.005619843486993725,-0.01149563163364764,12.307163161426388,-90.72486184753966,82.87783122588525,8.811238390270562,8.843028899839323,18.170977587955406,-37.32620620109827,53.35466707464315,8.446198699718545,8.494908060766223,15.053362442430227,0.1953125,0.1953125
E671_processed,E671_processed,-16.227905,70.269409,1.8831938000691666,0.0,7.22301313401704,-35.25142822498925,34.12579495334251,0.00027632815419430343,1.4867258767213343e-14,1.8972112498862488,0.0634765625,0.0634765625,0.0634765625,0.0634765625,0.0,-90.594223,59.926247,-17.302426633090096,-17.6394615,21.046469431765125,-73.16481219567093,80.35316520781387,0.07618309757851398,-0.25505909095701207,21.082986885259828,-81.842216,45.557846,-17.443715310634346,-17.415032500000002,19.34187629849604,-64.1078962919917,63.13681611580159,-0.051025119197510106,-0.004376941822632666,19.39250405509403,3816.7187,3850.6448,3834.322155883333,3834.5413,4.423948982265931,-134.930795515349,84.47084227602375,-0.11394156981621306,0.07649874441936877,15.704250148746848,-43.6045021400395,46.81015139856507,0.021091277669444283,-0.1062510818763922,12.800722618357703,0.0,170.9221238392008,97.0107850769906,97.07834444997204,17.1619822636205,-91.49131980852033,23.28502158933225,-40.66000620902136,-40.53187467071318,15.40584058869413,0.1885986328125,0.1922607421875
E672_processed,E672_processed,21.397873,22.126968,21.770095729666668,21.773468,0.09906833101936544,-0.3697286934016961,0.3709756202253436,8.734546336651698e-05,0.00048771621730006424,0.0980804337101385,0.1220703125,0.1220703125,0.1220703125,0.1220703125,0.0,-97.507401,55.456955,-17.217142586677777,-17.3086615,20.99778663598326,-80.27124375995564,72.5966892117553,-0.027443590004949277,-0.12064221469862216,21.02331844788344,-78.774483,45.072872,-17.534923145891522,-17.629322000000002,19.712338326258358,-77.78140720320287,62.83747738121758,-0.024008561574335625,-0.08901716994585264,19.75327721750692,3818.4709,3849.72,3834.2955010333335,3834.5417,4.394034506983604,-43.15711214986701,76.36268646616833,0.04149892013047795,0.07887805754992952,14.713362307451892,-69.35175854267467,120.7800077455434,0.07423091133827031,0.10282692953602102,13.863993651216203,-132.6990570209226,0.0,-79.32097560065024,-79.40720096973928,16.851431132952033,-161.9481808527206,0.0,-79.79574451848512,-79.77760930008266,15.830855566527324,0.1837158203125,0.1885986328125
E673_processed,E673_processed,-16.227905,70.04847,1.8863035113637225,0.0,7.22261315088787,-35.23788410115742,33.89877876289147,0.00026469789245606705,6.814623097457502e-14,1.8985729747105824,0.0634765625,0.0634765625,0.0634765625,0.0634765625,0.0,-88.706863,60.961262,-17.10226785102841,-17.21255,19.491710796561954,-71.51569695359548,78.34842004767515,-0.017198299797506054,-0.0972569096010667,19.54337315332167,-86.943733,47.007225,-17.807688979480606,-17.752834,18.94582556379137,-68.98716271419217,64.80478694478252,-0.05452685405332186,-0.0047963926477725405,18.988946416801962,3814.0071,3850.6116,3833.8936164,3833.6484,4.126351060825,-49.66392818619975,82.8503416456898,0.02733231771620564,0.060592378916371814,13.824245985940468,-46.00807707267435,60.450278608107,0.038608430035291796,-0.058525476771477236,12.526517039477758,-130.0072368381971,0.0,-74.04071874534502,-74.03000961608849,15.599690837900317,-111.1245369465025,0.0,-57.53938224002303,-57.50508181709712,14.966469628455718,0.1849365234375,0.1983642578125
E674_processed,E674_processed,21.353683,22.104874,21.73848557938889,21.729279,0.10385372251470432,-0.3823354889547959,0.3773857121530447,5.6874188236051554e-05,-0.0010480110875487054,0.10297348750134211,0.126953125,0.126953125,0.126953125,0.126953125,0.0,-88.948639,66.871078,-17.10276762397385,-17.008861500000002,19.658212390023554,-71.65777896076442,84.21969025075654,0.016393289804789084,0.0984754096931878,19.65371901274057,-81.037308,46.173748,-17.903156183979956,-18.049688,17.547706022218925,-62.71839357915668,64.07975929303718,-0.023485541495740798,-0.1612486159760502,17.55345864483108,3818.4709,3847.9329,3833.8423337444447,3833.6484,3.892857775796872,-53.99980381578064,47.07420108666362,-0.025152634750601362,-0.10001749913448732,13.663132025151945,-38.63151894738802,56.37265464625926,0.04316426527816161,-0.1124096033455544,11.80805783694855,-62.95643820458939,56.62325721800753,-2.3413340001131746,-2.2384923583696814,15.601801897457253,-81.1939293031804,16.92670837389223,-32.720791788581266,-32.831398751388164,13.867222558395824,0.18310546875,0.1800537109375
E675_processed,E675_processed,-16.227905,69.937996,1.8845611567047222,0.0,7.221693143605333,-35.2327878900081,33.77516539193084,9.223930849523956e-05,2.3407339563964945e-14,1.8991481012798725,0.0634765625,0.0634765625,0.0634765625,0.0634765625,0.0,-99.927307,59.633736,-17.13508822499881,-17.3153115,19.66340966938712,-82.98554864607414,76.79779024534511,-0.031644383364351575,-0.2297531785010417,19.662976144302906,-75.92511,42.654522,-17.9289654644195,-18.161382500000002,18.000847147931676,-57.87696161669486,60.70270597387309,-0.02699309797459869,-0.28534526686247497,18.023110075829194,3816.6853,3849.7185,3833.675529383333,3833.6484,4.065118685226151,-49.41126572490209,47.43656913344228,0.01984162792505349,0.006939862494924398,13.70759338779836,-56.75175193553601,75.28982958943052,0.04424935337951715,0.05949113254391525,12.263291416690272,-96.87770507121257,9.721423531410625,-44.01427401698441,-43.90115348914894,15.681300810616333,-105.0200435236852,0.0,-48.0611944836065,-48.03019311399957,14.332794224885427,0.179443359375,0.1910400390625
E676_processed,E676_processed,21.309498,22.126968,21.735448928500002,21.729279,0.1000543346787201,-0.4434331512280478,0.3827859255103968,2.120026970332699e-05,-0.0001659854537393729,0.09906558293920743,0.126953125,0.126953125,0.126953125,0.126953125,0.0,-85.861206,46.998032,-17.045478061399173,-16.888998,18.014185234035303,-68.57552157029615,63.95950778864578,0.030160368522679403,0.19611024126163734,18.024899192923005,-83.020561,43.324787,-18.038725901880635,-18.315565999999997,17.560858379749856,-64.89478424469398,61.21230951556666,-0.003762069756625907,-0.25556626910893193,17.557409678504783,3818.4709,3847.0403,3833.7233472666658,3833.6484,3.7750858207124276,-53.07815564200747,41.79354219454024,-0.03152673672172148,-0.019795469604071747,12.418862828650438,-36.69793878573366,40.63465286660064,-0.006534061811545638,0.005483506714708097,11.13133527275276,0.0,102.4273397119818,50.12592137923497,50.17284110103489,14.159017050169957,-54.58450246165203,37.42919759277781,-8.861575843797361,-8.731003751874876,13.54087498109668,0.1849365234375,0.2032470703125
E677_processed,E677_processed,-16.227905,69.82753,1.8853375167495001,0.0,7.225697940328345,-35.21925379182681,33.66612502133144,0.00040246498567773984,5.587271965415849e-14,1.8967243560721023,0.0634765625,0.0634765625,0.0634765625,0.0634765625,0.0,-85.080963,64.469795,-17.05484237556069,-16.907134,19.411254975943873,-67.79774286284122,81.55309583657191,-0.009540115260522192,0.11863461660651686,19.421073489357436,-74.602692,39.42831,-18.060890411821227,-18.222678000000002,17.882793698932854,-56.21820788183132,57.70635907556266,-0.01351641215559925,-0.2120223433227779,17.885115548437614,3818.4709,3847.9329,3833.6545487555563,3833.6484,3.9996379593186666,-48.25837289641795,44.53400788739401,0.01646291638095519,-0.16961131455076917,13.719357836796215,-39.01075623537324,41.01284356424042,0.011371156777852099,-0.11715991759647701,11.977768640956807,-88.74359332051235,14.20755111168244,-35.52005679757837,-35.406737436479624,15.47138199600989,-65.91877374093852,23.27191023270475,-19.733433721074917,-19.506812731821093,14.144459923226494,0.18310546875,0.196533203125
E678_processed,E678_processed,21.353683,22.966534,21.769900559055554,21.773468,0.1034839472398047,-0.4223200975042714,1.154103282092682,-2.783373661070602e-05,-0.0022243388045708767,0.10256165227953412,0.126953125,0.126953125,0.126953125,0.126953125,0.0,-92.268433,55.802177,-17.12246204567737,-16.924304499999998,18.846419505799304,-75.37973116007623,73.07858024826282,0.015882418783130525,0.2164106015126868,18.858339844486995,-76.221886,43.835327,-18.136227016443666,-18.1250355,17.137532416764373,-58.19505195350284,61.94446938398441,-0.0016840970403012138,-0.03290961076170462,17.14188277152874,3820.2566,3847.0403,3833.777409711111,3833.6484,3.817760972474995,-43.54679927043307,46.89171796114776,-0.03004332829883531,-0.18072550847127555,13.279757849566728,-37.43912476584738,34.07185103172903,0.010380241816729611,-0.013706709796902139,11.070034782672227,-14.2702956625733,97.45938935485111,43.018988486049764,43.13379284556832,15.024128880272016,-65.1424142997582,20.89920522441362,-23.42850680337338,-23.326712124149566,13.268726591406253,0.18310546875,0.1904296875
E679_processed,E679_processed,-16.227905,69.717056,1.887640795572278,0.0,7.23199466490528,-35.20753163078402,33.56570426854371,0.00016218272014667843,-1.04233006464826e-15,1.89849547294169,0.0634765625,0.0634765625,0.0634765625,0.0634765625,0.0,-85.825249,48.829151,-16.85080072054604,-16.7861575,18.234870602364317,-68.9704514989666,65.54057231355424,-0.010312228899845956,0.010646664721713606,18.23634748972073,-72.183731,35.850258,-18.185346747728097,-18.55886,15.74568167497432,-53.99672150285085,54.02664355366107,-0.023817113061515474,-0.42788806394749657,15.755559049681466,3821.1492,3847.0403,3833.7694261944443,3833.6484,3.566506730502482,-50.61229572615073,54.01309112295419,0.020626318251387978,-0.04412779841905223,13.084505019457126,-37.7096065058641,35.51084187415439,0.013830678330227117,0.03582315171625616,10.492391991278428,-76.45452067206385,37.96221042203768,-20.691272970098904,-20.704181901446418,14.581415015305502,-62.71707469683302,19.46228145284663,-21.694730271407558,-21.776527980500536,12.337304755197996,0.19287109375,0.19287109375
E680_processed,E680_processed,21.353683,22.259533,21.845271103055556,21.839748,0.10685265145445648,-0.4972883332111101,0.4017614758941325,-0.000369076360293968,0.001659018989749555,0.1062517986493735,0.1318359375,0.1318359375,0.1318359375,0.1318359375,0.0,-77.214027,47.792099,-16.747272335583695,-16.9140075,16.913967858666474,-60.35616773277846,64.65527577103889,-0.004794868468958861,-0.1548263090681419,16.90945116820027,-70.78968,32.223545,-18.05257472601574,-18.0350465,15.088064674152971,-52.55764269976351,50.29291833977969,0.0021517431773779598,0.026525327187224,15.087373689881701,3821.1492,3849.7185,3834.3738970722225,3834.5413,3.3827310024737267,-47.49974730706707,43.84797389896189,-0.010052294754370616,0.13245899335026334,12.42690166036758,-31.83119070427824,32.08862945476719,0.010173578093684226,-0.057789873909475764,9.981044695178994,-46.38633308771471,49.263601194663,5.510485963484532,5.701954669139214,13.631779584146923,-43.84441031901754,29.23427461164918,-4.888649577093316,-4.7888793250653166,11.6987052458038,0.1885986328125,0.1885986328125
E681_processed,E681_processed,-16.227905,70.35778,1.8821179427165002,0.0,7.179284865993358,-35.11225855707725,34.41794245909806,0.00010335868619519784,3.053175081885678e-14,1.9279404144605525,0.0634765625,0.0634765625,0.0634765625,0.0634765625,0.0,-87.446602,48.165173,-16.59795007021734,-16.566882,17.56191879605828,-70.81647892781402,64.91033425761518,0.013247193944271556,0.034272890349624,17.594027515770883,-69.039848,41.816277,-17.446020607128922,-17.572539,15.859020814818424,-51.60040301036292,59.27958145811789,-0.006691019238011093,-0.14158299620837356,15.870059306035317,3823.8276,3850.6116,3835.7024095666666,3835.4341,3.6085023295058924,-57.81132386098996,49.15329721992443,-0.01701158207612143,0.05404755204950451,12.923085295572164,-35.53177744505096,31.40653677007979,-0.0010923840434495908,0.0769282704217682,10.194303782267518,-10.26051628043276,103.0185980151022,47.973502753339254,48.01961219295795,14.108000365704173,-25.26653535402038,54.43483536992745,15.228284366409909,15.29956894403583,12.150826819907723,0.184326171875,0.2264404296875
E682_processed,E682_processed,21.508343,22.325813,21.92102592061111,21.926792,0.10576917881248021,-0.3968958332597953,0.406494036972201,1.722891360954678e-05,-0.0013290068322730883,0.10451634232503405,0.126953125,0.126953125,0.126953125,0.126953125,0.0,-85.50441,48.031685,-16.27358341841751,-16.403840000000002,17.776698359249618,-68.74097117945551,64.15276554185657,-0.03435057714252785,-0.21547183691956556,17.797454330769764,-73.528252,37.061131,-15.339897033276777,-15.312665500000001,15.89171159702223,-56.85875572411201,51.61218365137323,-0.012121474319145049,0.0757290166236576,15.85640559598651,3823.8276,3856.8611,3840.8619452833336,3840.7908,4.266068942410484,-46.64459836158488,76.87336955687792,0.05383719450615339,0.16272864679879284,13.404726632243772,-35.83300368499816,35.34782013623125,0.023086581244025704,0.013483118886038595,10.39643284217788,-107.4023356394109,0.0,-59.736588713174946,-59.69287787842924,14.541003002266358,-51.51846112261058,31.26998109622633,-10.061684429505828,-9.772377778326916,12.27795196131051,0.1873779296875,0.1873779296875
E683_processed,E683_processed,-16.227905,72.014755,1.8961015041150555,0.0,7.235387740514659,-35.1576983835563,35.90648593622704,0.00015121587677308754,-3.74677990459976e-14,1.909487736073611,0.0634765625,0.0634765625,0.0634765625,0.0634765625,0.0,-84.919777,51.727688,-15.141212211635684,-15.1396055,17.900997924117338,-69.58231721654832,67.11478137231165,0.03155360805092346,0.05682966764778097,17.905600461614455,-71.673325,59.069355,-11.698753412655439,-12.0802445,16.11362680566829,-59.4198773427505,71.3368560584835,0.01860555096577493,-0.33673500719878946,16.070379182047578,3834.5413,3868.4673,3848.5518125944445,3848.8257,4.298875589609509,-47.59782530153026,46.58246255774782,-0.030031458128880882,-0.01906342353760282,13.255852129658196,-37.74843149446838,34.29570694571449,-0.009276891009637828,0.025762747571893004,10.581725840997986,-9.803963013472343,99.0469971649281,41.44079844357485,41.474807063779544,14.589755149357773,-42.20455096849039,43.24328949672519,3.9608909135637207,3.9332630787549236,12.4961740021027,0.1776123046875,0.198974609375
E684_processed,E684_processed,21.616741,22.436268,22.032821918,22.036915,0.10987159300295968,-0.4397747269890697,0.4051250585072244,-0.00024104099158289637,-0.001766667386573237,0.10807603995405003,0.1318359375,0.1318359375,0.1318359375,0.1318359375,0.0,-82.39286,44.334732,-13.860610662965952,-13.762190499999999,16.58794624616069,-67.67361068746996,58.66989660019912,-0.026896346024337853,0.04495185856665529,16.587744944223697,-61.301384,54.528931,-6.756430968273741,-6.8150203000000005,14.585759941217104,-62.55359427327708,60.86776944735324,-0.008245006067971348,-0.2484647359548473,14.567799615157076,3843.469,3873.8242,3858.713105272222,3859.5393,4.5332398118822645,-41.74554296555473,44.59042639829499,0.022457711776456158,0.12952977310094244,12.49541758367207,-37.93557763120639,73.89017720873744,0.027774432208309403,-0.01849161217831652,10.038560761984089,-77.2471953204241,19.6518379589767,-30.7448900467427,-30.847144779764125,13.527813522779915,-110.9503156220106,0.0,-67.22875368783342,-67.27365860047811,11.466063856703801,0.1837158203125,0.1837158203125
E685_processed,E685_processed,-16.227907,72.12323,1.8973963077821112,0.0,7.1952320551646745,-34.23897041935003,36.09503946640244,-0.00012809223521477838,-8.646673474014205e-15,1.9366764175001259,0.0634765625,0.0634765625,0.0634765625,0.0634765625,0.0,-73.538559,53.990505,-12.387270701041755,-12.524823000000001,16.627066585395383,-61.07385228794636,66.14372052513136,-0.036850709883307194,-0.19517433567552667,16.65044691531953,-63.182201,50.927502,-1.9257906140970946,-1.86072975,15.394339632902085,-59.47714721877153,52.35305108572409,0.012966370570769697,-0.05247201240531485,15.366093406793484,3852.3972,3882.752,3867.1813779833333,3867.5745,3.961371160168265,-53.92409371865978,75.29090744523539,0.044158671084489745,-0.07962068554794355,12.96586441870392,-32.69868125948965,36.49658459246294,-0.0141918946740611,-0.0603665778051522,10.23451074785266,-117.4192270139436,0.0,-60.32309830699478,-60.15051836479734,13.726251049447807,-51.80087235176623,32.84149073165304,-9.719198992048408,-9.55144459250953,12.004588676182715,0.185546875,0.185546875
E686_processed,E686_processed,21.773277,22.635059,22.184322939,22.192951,0.11296032200182944,-0.4261446620846846,0.4127467433275523,6.055358349085685e-05,0.0007016749203812732,0.10936676529451643,0.126953125,0.126953125,0.126953125,0.126953125,0.0,-72.580399,46.090786,-11.679307360255358,-11.693348,16.59613178082253,-60.93889421992613,58.22393935318911,0.051143655001956036,0.051879430756273326,16.637812728706006,-47.272583,61.058189,2.5455749197993645,2.3407724,14.922018791542461,-50.54882785408101,56.53579520620114,0.021374355986206083,-0.4107181410818721,14.869033251399015,3860.4321,3889.8943,3874.252154638888,3873.8242,3.9537075898905134,-65.70177293046282,44.10763740349444,-0.04980963149940289,-0.022040212435651355,12.958868865687164,-63.37552849940204,49.78345315599663,-0.043583019302162754,0.07444321526591224,10.253658243291147,0.0,97.01728900694063,53.50929677111267,53.61576218913957,13.783151575428398,0.0,85.81806374844106,44.82494359796415,44.72020737319848,11.616521709870346,0.1873779296875,0.1873779296875
E687_processed,E687_processed,-16.227905,71.705467,1.921837671262111,0.0,7.297467043444861,-34.40961974866487,35.26868110174523,0.0003744538109478526,4.151804821684467e-14,1.9072566584728723,0.0634765625,0.0634765625,0.0634765625,0.0634765625,0.0,-72.190948,59.396606,-10.869764324546908,-10.945221499999999,16.329976754868998,-61.81961351221976,69.99875047714477,0.004547704511285376,-0.11102168135245985,16.316305052199574,-42.759808,64.177864,6.265936573024372,6.01263595,15.012131679903293,-49.92017462768008,59.0610177803418,-0.013348759555183628,-0.33364242762816554,14.974100207446773,3864.896,3893.9824,3879.5050244888885,3879.491,3.826969219429185,-44.9330316594444,48.27393017656116,-0.02148540161249409,-0.08301199761685929,12.729631318654013,-34.54087350521213,35.19874456196639,0.018794670338312773,0.11412748622569245,10.23293740413395,-35.16951609611423,59.91873727561427,13.41185481888281,13.613591510797104,13.496471987998468,-60.74160829444013,14.37457369013576,-23.875539902736648,-23.876646418543558,11.741794841508879,0.1806640625,0.1806640625
E688_processed,E688_processed,21.773457,22.767677,22.32733476422222,22.325802,0.11396128628014111,-0.5588576784545197,0.4751178659668457,-0.0001741593909858668,0.0024710853396737115,0.11184329189040156,0.1318359375,0.1318359375,0.1318359375,0.1318359375,0.0,-71.820297,49.582142,-10.09026005405626,-10.056974499999999,16.33252046405629,-61.77073872751252,59.54766086432886,-0.004912982746666686,-0.01911841133278161,16.335089858422347,-39.377392,59.29438,9.29747358919087,9.279175299999999,14.050160100859426,-48.77698390970332,49.68581497585873,0.030684710588773367,-0.0016211725327617277,14.055015846556781,3870.7947,3895.873,3883.8437698666667,3883.4019,3.1628490482407834,-57.65673137953715,37.33859469367518,-0.023223070255814153,0.1544894354599862,12.208634579236525,-50.75038747674854,45.95845546250965,-0.04543971120226239,-0.11180362628289009,9.61536453319615,-32.17411146715817,59.57313996355956,11.755992021947355,11.852104239683156,13.152607970043805,0.0,78.8463020683861,42.93056851396508,42.78255802708077,10.876290954866198,0.1910400390625,0.1910400390625
E689_processed,E689_processed,-16.227905,71.595009,1.9183654576938889,0.0,7.255228859302982,-34.25220760174386,35.42366212551728,0.00037449275810625673,6.909116153910484e-14,1.9346777871518404,0.0634765625,0.0634765625,0.0634765625,0.0634765625,0.0,-64.566101,55.066021,-10.1007698822077,-10.104713499999999,15.749694125997307,-54.29654189907497,65.28376244269086,-0.016574404285724282,-0.02530676038653701,15.761551599763145,-38.892982,65.13781,10.662293517101066,10.400264,14.096794617435858,-48.86435010100293,53.67362211660284,-0.011832116786109218,-0.33609776407233993,14.088685897592134,3870.9446,3896.8403,3883.2270051944447,3883.4075,3.1400856030235085,-57.17045255187121,40.90978871414637,0.028418968716872862,0.06412030191950269,11.790539923606753,-39.66699689217636,29.88246511657696,0.015048967279207551,0.1026043679346834,9.267445438509988,-91.96223195972091,3.691147483319782,-41.01718001258927,-41.2822971638856,12.729045658438261,-63.07890644209024,8.233002315292257,-27.007325566554787,-26.729720458690494,10.80558702996661,0.18798828125,0.18798828125
E690_processed,E690_processed,22.082767,22.856052,22.48648033511111,22.480457,0.1068444040399651,-0.4085818843696963,0.4023588433153511,3.942388831249609e-05,0.0017757336723713145,0.10418007069705727,0.1318359375,0.1318359375,0.1318359375,0.1318359375,0.0,-70.235451,50.574329,-9.606575272327738,-9.752165300000001,15.334429913032201,-61.00467829458913,60.32928261187813,-0.00862782798180321,-0.1570608343883756,15.326661161627108,-37.985359,75.191353,13.13960356217844,12.8447665,13.951466256996616,-51.35291071530087,63.1005608081799,-0.013704926490127218,-0.17821567070873545,13.938531029295326,3872.8271,3898.7236,3884.8595966000003,3885.2046,3.176021116333411,-39.05673088943524,37.90429570430258,0.004613918306786601,0.056501579671666136,11.091179684768862,-30.58767126644967,31.90484532060486,0.01590034878740204,0.0177923138195637,8.97231842411398,-45.35932631435031,36.77669892298584,-6.8393260054416105,-6.87141003466672,12.143324874953436,-71.80726990972492,3.487603923464117,-35.96676556592616,-35.70105586687367,10.537788564095179,0.179443359375,0.1947021484375
E691_processed,E691_processed,-16.227905,71.595009,1.9321495634590558,0.0,7.290295710345152,-34.23061411908699,35.44090744567762,1.1269404941484331e-05,2.4958545747133172e-14,1.93513038396496,0.0634765625,0.0634765625,0.0634765625,0.0634765625,0.0,-61.457134,48.127777,-8.582198214321899,-8.598340499999999,15.243265954712653,-52.59138927530984,56.68649507336013,-0.032283798086790605,-0.046629760400309896,15.252116559231734,-35.486347,63.472168,14.959427624179025,14.709098000000001,13.335432094105558,-50.20311251838163,47.95350640325026,-0.011197841088984502,-0.33422496882157804,13.304437629031256,3872.7517,3897.7871,3885.2162379833326,3885.2646,2.9767292929673923,-40.63962319249238,48.4083158325341,0.03426556591302349,0.03544923594196803,11.257851325101576,-26.7569770131747,29.54700668457848,0.00912602953924619,0.021574719702112333,8.61259030474476,-85.30604898856792,0.0,-46.66290601872474,-46.6788112801907,12.086325858209857,-55.26358978504295,10.82003131390189,-22.063349676253207,-22.052421396795687,10.070446371045112,0.179443359375,0.179443359375
E692_processed,E692_processed,22.237427,23.054897,22.656062678,22.657207,0.11237618123777575,-0.3922974591843542,0.4396534041807232,3.408332975040692e-05,-0.001312507164855283,0.11052180060007825,0.1220703125,0.1220703125,0.1220703125,0.1220703125,0.0,-60.684505,45.014278,-7.700019786177866,-7.7757106,15.478422283471689,-53.227013130911,52.68261533022782,0.020817931908454473,-0.047638954511629805,15.485452921721064,-28.280975,70.057404,16.6814534881775,16.631885,13.212226992356241,-44.59813565045405,78.23379694309202,0.04613488571805102,-0.06233454016010764,13.308393118978456,3876.2668,3898.6182,3886.5230568388893,3886.9819,3.0069991593412566,-39.52497992427594,43.05143805695315,-0.024475505755853343,0.17066434126193353,11.443418785591145,-48.6542886130015,32.55019404152011,-0.033412205772142566,0.06109560329500041,8.907734219775332,-6.67279940555948,71.7396689105664,35.23635421504803,35.048044720821096,12.287955753871811,-46.89423528931077,82.16705271104807,14.090065461314312,14.267432524702185,10.428563528546773,0.1983642578125,0.1983642578125
E693_processed,E693_processed,-16.227905,72.169441,1.9459262746696113,0.0,7.326391648450734,-34.44782101811865,36.24562298378528,0.00010800402445320879,3.871820325234109e-14,1.932779769994947,0.0634765625,0.0634765625,0.0634765625,0.0634765625,0.0,-67.070572,56.96191,-6.8273434364143375,-7.173158150000001,15.52545270899356,-60.00437436455686,62.43193372844323,-0.003993892100313521,-0.36289613954604827,15.510731582207683,-33.764999,73.552765,18.288314953351502,18.1759655,13.416181619236722,-51.40005226590839,55.43845928175364,0.01703307242481114,-0.14792665494823784,13.399909189200057,3875.3738,3900.3762,3887.1474019444445,3886.9819,3.0324045487122966,-60.34407959637593,41.43059066348872,-0.026673072669489064,0.12549559177649436,11.458979518249034,-65.48691309581936,34.38675279613344,-0.049303781998536994,0.012714784349359355,9.011425151961014,-34.61940250151608,57.88463138862014,9.86460320469367,9.78868554739758,12.310197189871744,-19.56890424482974,63.79774975004624,18.02966522112487,17.952225828853646,10.246671573693815,0.1898193359375,0.1898193359375
E694_processed,E694_processed,22.215332,23.253742,22.795618048277774,22.789772,0.12167185621787181,-0.5905861179635818,0.4399941775865998,2.1351031499849762e-05,-0.0003002715166799119,0.11954663340845734,0.126953125,0.126953125,0.126953125,0.126953125,0.0,-61.456917,57.118767,-6.098186610443744,-5.8281982,16.351161509600058,-56.29677746006151,63.39823108943423,-0.03609640288585643,0.23403096587615668,16.36241444036594,-25.781378,71.507904,15.91454440374086,15.528335,13.776628886582975,-43.42076711456908,55.69886295642556,0.01493145680140985,-0.27554839660760677,13.67082390885756,3870.1941,3897.8425,3885.3808419444435,3885.3445,3.741710063416259,-41.45291402019831,43.2325059559024,0.02682550097019764,0.022453572465051416,11.287809832362036,-30.58295729144118,27.08661299601642,-0.017872764645553176,0.14890423197866348,8.526627635948074,-77.69925576332363,12.88709139207053,-34.794225495674645,-34.86684215777956,12.406541793337798,-7.300842140889741,61.56810236767298,27.339037612874467,27.252238917279698,10.072946191127215,0.1910400390625,0.1910400390625
E695_processed,E695_processed,-16.227905,72.147346,1.9530220530731115,0.0,7.350787146591676,-34.53827856526846,36.24585179237907,0.000359950628928835,-5.373760608269168e-14,1.9314826600752906,0.0634765625,0.0634765625,0.0634765625,0.0634765625,0.0,-84.49836,62.946587,-9.29210021610583,-9.16552355,19.071653983089117,-74.437881938478,71.69989849386083,0.01576132341449895,0.06325056693065845,19.065076089253253,-51.724644,89.792252,10.071635905528904,9.326536149999999,15.246341378725917,-60.68731765871792,80.92068202886043,0.0322445079017143,-0.7440684184941745,15.197676618381553,3861.1135,3892.5857,3875.6734312499993,3875.4788,3.900864725061857,-36.98831102231138,41.14779381121289,0.00023849219963981562,0.0479308722933226,11.429729729840211,-40.79789386911932,35.37764360922488,-0.027830600767081663,0.09033242551904652,8.564698736984289,-60.61664488211895,35.29687992207581,-12.753722275142119,-12.75288313860824,13.4049343748352,-9.031546220822129,82.85330476065293,44.28181095734178,44.48110587577291,10.509342688855833,0.1739501953125,0.1922607421875
E696_processed,E696_processed,22.436268,23.518867,22.926964471166666,22.922333,0.12983521385899996,-0.5229917119901153,0.5730583714665247,4.2878994693873335e-06,-0.0005892324542713248,0.1282362268858031,0.126953125,0.126953125,0.126953125,0.126953125,0.0,-88.300804,63.690899,-11.861354471720228,-12.053665500000001,19.95421145986059,-75.68028616556285,75.44593940910778,-0.0035223954205752615,-0.16546142063407926,19.94349852833617,-54.653683,81.26812,7.578503585531816,6.8944449500000005,16.647324852187282,-61.13492942883565,74.71023098429619,-0.019038093983896016,-0.7542710704363531,16.65674605724185,3856.6548,3885.3979,3871.15381585,3871.0112,3.388374888417688,-41.47048143673238,36.8119854079882,-0.0067321164699197435,0.22534876656129135,10.712203927931412,-28.05547806020785,54.49350321856893,0.025490995431221106,0.018118063817890606,8.566411607549343,-67.71271808008467,31.07762073923566,-17.85299151169964,-17.743885927899413,13.245947236161575,-98.64540677608463,0.0,-51.60992816132179,-51.55294952833589,11.0323536934022,0.19287109375,0.19287109375
E697_processed,E697_processed,-16.227905,72.125259,1.9613526588919998,0.0,7.374313274155893,-34.41465383310931,36.19719727439787,0.00011882202252177635,3.3338472069058433e-14,1.932172973354672,0.0634765625,0.0634765625,0.0634765625,0.0634765625,0.0,-95.938103,73.617233,-13.4545156723768,-13.210498999999999,21.969361101826717,-82.18703041453522,86.89511370978695,-0.004724060944277555,0.2285203337375884,21.986966321281056,-57.558853,77.883224,4.6732465674363555,4.04064775,18.371868193891235,-61.20386490107718,74.18816427953712,-0.014092488886242134,-0.6390792269177149,18.356850070133497,3847.7598,3883.4207,3865.5104751,3865.5596,3.648339842710871,-42.7805459058157,44.9568088152255,0.014895001308794216,-0.09470473169968185,11.743539830231086,-30.90833032613247,29.81728491668383,0.011323315668863592,0.0821956479362933,8.908663820814944,-100.8143490506952,12.2050379192713,-42.416677821460404,-42.63907929189888,14.712889093562486,-63.92502936202982,14.28705957748309,-23.788725354353137,-23.58289009646895,11.978013422958028,0.2703857421875,0.2703857421875
E698_processed,E698_processed,22.458363,23.474678,23.035300384388886,23.032803,0.12745851976551822,-0.5784029523032735,0.4792456644069231,-0.00012348466229410878,-0.00024883210582194414,0.12608868276568252,0.126953125,0.126953125,0.126953125,0.126953125,0.0,-87.794922,53.501877,-13.442784532653823,-13.2025825,20.59297653107432,-74.57916450373327,66.68239637278788,-0.0019040332098694819,0.2711127582317668,20.589463446613415,-56.454285,68.09462,1.0153975433874112,0.632382065,15.05774454056586,-58.15638379736315,66.33695568277561,0.0007123531656934464,-0.2927286684841376,14.993447863743404,3846.8831,3878.2625,3861.1311205444445,3861.1917,3.599719861270712,-41.68510064326442,43.26141747154745,-0.00934784140048717,-0.07276344467839113,11.29514816669056,-27.50887418445679,31.60308715035967,-0.00644901350250109,0.09676056139938094,7.909917086287957,-65.43345529922027,36.48968441002229,-12.525943742583426,-12.59385833535449,13.954012746275412,-30.2946805238455,48.57629895378926,14.831400451973016,14.92648088753781,10.181837987265459,0.2801513671875,0.2685546875
E699_processed,E699_processed,-16.227905,72.147346,1.974287984131944,0.0,7.426590619331172,-34.57346790276558,36.0923293009273,0.00015542875511894338,6.915385691602698e-14,1.9164087992373777,0.0634765625,0.0634765625,0.0634765625,0.0634765625,0.0,-82.370697,54.753284,-14.446511743267612,-14.5765545,18.1789430057015,-67.1327044087782,69.49694422557009,-0.01188917963656227,-0.09614831604000662,18.17455606020162,-59.655228,50.406643,-3.0945836460834113,-3.28602625,14.124743208719897,-56.39217519237891,52.99948686396628,-0.0044522844761311214,-0.18193968090797175,14.115203783706923,3841.0691,3867.4382,3854.5226691722223,3854.4319,3.284414545563887,-31.9582495579971,31.37927175098207,0.010720607123903585,0.05852561787703969,10.35040243720512,-26.60077633550989,34.33027718600775,0.01987120856202144,0.05932559469710693,7.658774798543038,-65.69144238038665,18.53912679157601,-22.725173659096285,-22.866385499765226,12.386236584897134,-64.59655007270928,0.7600865343406824,-29.771627973941154,-29.696379228738458,9.654987364781867,0.2996826171875,0.198974609375
E700_processed,E700_processed,22.679302,23.474678,23.08183129416667,23.076992,0.11447877104051142,-0.4121658507956233,0.376084220114544,-0.00014821792256411437,0.0012236175004421875,0.11385802173210949,0.1171875,0.1171875,0.1171875,0.1171875,0.0,-77.927048,51.24044,-15.320694442048513,-15.171129,16.467563658464233,-62.4645639749013,66.61380836058177,-0.010600337565985178,0.15246761372851553,16.498691531602145,-51.052666,44.814701,-5.414604018488089,-5.5517347,13.165415928025284,-46.32519696946265,55.31833505880213,0.028767575850906415,-0.12189106905266489,13.198621268914627,3837.0205,3864.0208,3850.2980884888893,3850.4255,2.9748803039390133,-33.36350227630145,34.47757811499878,0.004282479271841961,-0.017814490670550853,9.8683919353873,-28.4502927603979,29.88398787909966,-0.026583370891629158,0.12818241513678197,7.390109209282647,-18.32272585360218,74.60476667952045,28.96370469118345,28.859621636154014,11.608439069796045,-57.69359656876797,51.04937809679579,-2.7847006055619645,-2.6292359596680495,9.33493493109251,0.238037109375,0.238037109375
E701_processed,E701_processed,-16.227905,72.169441,1.986670338718111,0.0,7.494144324820168,-34.83788169132209,35.93511616471314,0.0004974585917411639,7.39248631790827e-14,1.8868354512196466,0.0634765625,0.0634765625,0.0634765625,0.0634765625,0.0,-72.418114,56.003662,-14.907871906719775,-14.777554,16.18017281275098,-57.3189181305187,71.12673755502131,-0.028456415616934017,0.09356567249816239,16.184913807115148,-56.939526,39.329391,-8.900326461308339,-8.96475935,13.299294271552137,-48.21130354044881,46.9891068051238,0.05204935408046731,-0.16654676934547769,13.297663169588084,3833.541,3858.5525,3846.137663516667,3845.9802,3.2098850280335043,-38.61886188739993,35.67392324016679,0.031622157712811974,0.16387268665543345,9.479510168305211,-55.00624264208741,24.0512604333299,-0.05384235540722832,-0.03912450028061781,7.310401761090868,-71.1835551288975,14.32757618597106,-24.60417665277747,-24.448023210549657,11.14402634832545,-0.04244467014602443,93.51465939540037,58.282820177075635,58.215231481300606,9.067823294505692,0.2349853515625,0.242919921875
E702_processed,E702_processed,22.546738,23.563053,23.076242750333332,23.076992,0.12599981260691925,-0.5251224308727689,0.4774476293259557,-2.842877458598768e-05,0.001483150755381347,0.12508212624301687,0.1220703125,0.1220703125,0.1220703125,0.1220703125,0.0,-132.35161,75.819511,-15.424065444380146,-15.4467675,19.133860031247924,-117.0625914254795,91.16505761224462,-0.05332836293399683,-0.06155717602769678,19.239808611420113,-72.103104,46.425125,-12.027346071707194,-12.246409499999999,16.09287685342321,-61.12381911063999,59.39491381033486,0.012296219286764847,-0.2764427821779466,16.071672443677166,3824.479,3857.5181,3841.960350388889,3842.3403,3.4260391192764352,-46.08069676336372,52.87968080559484,0.025266589976793857,0.18775770453050125,10.210383767146501,-29.7889339459185,24.73344362119249,-0.022833977017597283,-0.015289419323125886,7.614654804396989,-95.2150339362655,68.13140091875869,-10.338267867261438,-10.53318731997931,12.858685703382863,-21.53572809745594,47.97479102763824,14.492255785134446,14.467254201523744,10.281422227709367,0.277099609375,0.277099609375
E703_processed,E703_processed,-16.227905,71.307785,1.983877918967611,0.0,7.487668544506209,-35.19084521758342,35.23962823552101,0.0002167249725876938,2.761547611100176e-14,1.887274775046182,0.0634765625,0.0634765625,0.0634765625,0.0634765625,0.0,-106.97118,80.127762,-15.668792445763874,-15.399193,23.464988468998413,-91.09612496617174,95.63227082958545,-0.046389061889146696,0.1742101304479537,23.4815938098467,-89.786697,86.668358,-14.574241928735788,-14.8569995,19.999362780173453,-74.64706474436277,101.8109616455423,0.04283708729820154,-0.27208761690960803,20.023572676080914,3819.9575,3861.9124,3838.5866140944445,3838.7632,3.915706098627862,-43.33483766357802,55.6971625738982,0.06356719804463756,0.024490335270378583,11.786672342210924,-43.26682899229011,45.34195235839219,-0.02565221107032737,0.049983824260594695,8.943996300848344,-120.2848283986465,0.9913303342774547,-65.2365411618147,-65.32292476486586,15.020357888301138,-33.38861809444023,85.98486129904664,41.626996114344365,41.79737469070055,12.508789221250154,0.235595703125,0.235595703125
E704_processed,E704_processed,22.436268,25.264278,23.01506979638889,23.010708,0.16069427328603736,-0.5497912751785928,2.209163425786625,0.000177921583372289,-0.0004902976140449909,0.15910214608835047,0.2685546875,0.2685546875,0.2685546875,0.2685546875,0.0,-147.59743,96.729774,-15.710479701033496,-14.744921,33.744142125856264,-145.4116386168328,133.4438604562029,-0.08060129949238191,0.97141483346932,33.83936188852002,-100.91516,68.065872,-16.957711051186983,-17.611712500000003,25.4833138097424,-83.82125908684702,84.3264098488711,0.06411788652140052,-0.6648460673294424,25.525178747936337,3813.499,3857.3479,3835.869726122222,3835.9453,4.895076431368037,-101.0923662303957,82.84211457839645,0.05200437231119646,-0.059318687107692836,14.713194659737416,-78.64700122005421,59.56452408049797,-0.07273407655782277,-0.08184664312187373,11.284649250929387,-144.578029818404,80.65787916285917,-50.96107274814682,-50.80193489715443,21.220036310595844,0.0,116.2740043776341,67.58830034103293,68.18027441980385,15.980861543915605,0.23681640625,0.23681640625
E705_processed,E705_processed,-16.227905,70.998466,1.9723265366087221,0.0,7.4402645562715515,-35.15056095894376,35.00933535054695,0.0004246865335967531,3.960399310548336e-15,1.9038078790136352,0.0634765625,0.0634765625,0.0634765625,0.0634765625,0.0,-159.05905,140.46153,-15.947372529551817,-13.2790085,44.30534811561876,-143.1705063756001,155.3558241016337,-0.03532940011165696,2.5185436135474797,44.36081731285657,-154.18983,124.99699,-18.28371858999457,-18.836282,37.649142774071414,-135.3148243512834,143.7428358976786,-0.026368119671887246,-0.5753130368509667,37.70798603390753,3799.8745,3867.7295,3833.4246588,3833.2205,6.744899821501467,-85.72153489656844,120.0816116155937,0.07598223975409958,0.022342616183448794,18.638424258312646,-60.25515678125433,54.01017003833235,-0.018168337033029426,-0.04601145019381414,14.85672513701887,-234.052105985087,0.0,-140.93644969838672,-140.8431102898943,27.369400347398862,-46.39809599366782,130.9696002608196,55.09812184088309,56.5401029411306,22.914330232737424,0.2581787109375,0.2581787109375
E706_processed,E706_processed,22.193237,23.563053,22.924330448944445,22.922333,0.1708526619471019,-0.7494277774455902,0.6374246840230819,0.00021602246334389446,0.001950091454163615,0.16949498340541205,0.2685546875,0.2685546875,0.2685546875,0.2685546875,0.0,-179.01234,133.28159,-16.1121447918437,-12.521053,48.79758471401924,-162.1218056929384,153.2971010643607,0.0508541358747809,3.551560159572579,48.90505040619786,-172.97484,153.32533,-18.636106718914103,-19.0048885,43.99058168034553,-159.1246743802901,172.2270226485939,-0.08344536919053414,-0.5782529405305192,44.106285072033025,3800.8271,3872.2544,3833.0059313111105,3832.9373,7.673454243060129,-107.4547382413394,85.90662617996375,-0.052931542169421975,-0.6753957097580376,20.659429955062766,-111.1435052776327,93.79675524940593,0.07920661657552384,0.14785729192062824,18.392432194829116,-196.333101722248,89.18881082823839,-42.94298685413964,-43.114514283294056,30.863577148223744,-148.3509814050865,124.1100617694364,-15.858066150687467,-14.271440133490294,27.626098121587383,0.25390625,0.25390625
E707_processed,E707_processed,-16.227905,70.976379,1.9685061507511665,0.0,7.44695582004962,-35.2023068059438,34.89713336893732,0.0003193731426714834,-1.6529719578160234e-14,1.8920884919198238,0.0634765625,0.0634765625,0.0634765625,0.0634765625,0.0,-212.48901,182.01047,-15.379928124402579,-12.033883,60.801632499612005,-199.393156655081,197.8392509669405,0.07213442929758766,3.5619234646250346,60.90112177916192,-191.54688,153.004,-19.207061930291296,-18.234699499999998,50.668987896253135,-170.7602042720169,172.8136593602422,-0.09351330528049537,0.7978026689458446,50.73124980470587,3796.1807,3878.3184,3833.0824859722225,3832.8298,8.813307986129988,-210.7361170255614,154.4464190128378,-0.14483726853253168,-0.4422721274082466,27.669612845728725,-113.1602167032188,185.2774709895183,0.13562135912001,-0.12968002586413374,22.50756972243919,0.0,335.0965234708511,191.22309560069658,190.705688840456,39.26864326297505,-272.503508735989,0.0,-154.14610235133415,-152.15071460909832,32.06577485264144,0.2374267578125,0.2374267578125
E708_processed,E708_processed,21.795547,24.181679,22.820040783210175,22.811863,0.221736999046667,-1.009057249029555,1.305721461744294,-0.00010469750656103771,0.0003869640950343936,0.220339726423805,0.2392578125,0.2392578125,0.2392578125,0.2392578125,0.0,-289.15646,202.6748,-14.927463681214256,-11.818443,69.858578854948,-274.1883115517239,215.6684194571838,-0.03631780496485416,3.030550424427651,69.86407123073027,-207.21272,182.70876,-19.802821690031607,-18.675505,56.53597259042946,-186.8147592776913,203.6303946688896,-0.019560420653880712,0.9464683930230002,56.52401176848939,3793.5066,3890.0105,3832.777882860159,3832.8096,9.709104811339017,-98.75915587666282,103.2045096537329,0.05310336363852878,-0.2532940011440346,30.991341039279273,-89.06637502233056,74.98173660730217,0.022245049947797805,-0.2087743544802159,24.869079708017544,-230.133232446746,86.83512056273752,-60.95745179237751,-61.53714869924784,45.597920488640526,-133.2972631791334,92.85807321131728,-12.233673148032164,-9.555435381129328,36.4787715463354,0.25146484375,0.2337646484375
E709_processed,E709_processed,-16.227905,70.821716,1.9472919631530088,0.0,7.356382855229865,-35.07708314727417,34.92939196226502,-0.0004045308277776084,5.211793443432568e-14,1.9182163458403352,0.0634765625,0.0634765625,0.0634765625,0.0634765625,0.0,-285.96735,207.97609,-15.318489293745735,-11.641795,75.38758333125305,-269.5908401958411,224.2308753837642,-0.014310985421891824,3.603345535247819,75.37516896634342,-251.16643,191.4165,-20.217116031585313,-19.379021,60.06273641969815,-230.0129241945988,212.3945606984195,0.07335402970284383,0.727226454169676,60.06353599715451,3769.3789,3889.9001,3831.2594356575364,3830.9937,10.506306990367332,-107.1104638800364,121.4960882943695,0.013011531584524021,-0.04480406625688182,35.57926276346809,-96.30237000157389,109.5692365648491,-0.06767142194474399,-0.09593110817453976,29.137429426910316,-187.0565013180015,124.4149382560578,-19.972328395360815,-20.71562968716324,50.7243862367141,-31.57772893306799,235.2332730776133,120.61368221904507,122.2260242329826,40.567584364004006,0.235595703125,0.22216796875
E710_processed,E710_processed,21.486237,25.109619,22.691264891648608,22.679302,0.29736067641409547,-1.210014204993402,2.403322075568288,-8.133717772661897e-05,0.00112555517941347,0.29468536656253347,0.205078125,0.205078125,0.205078125,0.205078125,0.0,-306.65787,219.11713,-15.509860790952038,-13.031029,74.36784466880702,-291.178060767414,233.9972207798487,-0.00784002791762382,2.70051628465527,74.45404690504374,-234.27936,240.71182,-20.4681936112422,-19.356976,61.74697053774262,-213.9179289635859,262.0423137623879,-0.1326599933982628,0.8634949857319647,61.82257720270434,3782.7622,3886.3271,3831.5515374729116,3831.0369,11.156710367565319,-161.0270597700475,123.2504129469033,-0.05910289150583524,-0.002415129245086689,37.66471034037701,-125.2163266696573,185.1549791358104,0.12674546162472217,-0.4917699767807644,33.175045457411215,-34.71159250028463,274.7883810784793,125.25794804558828,124.7978316702737,51.612211269692345,-334.4696333432718,0.0,-176.6411153765114,-174.7646465259885,43.70924651449655,0.230712890625,0.191650390625
E711_processed,E711_processed,-16.227905,70.75544,1.9288478868808756,0.0,7.286974869256741,-34.97766921334609,35.00314070892608,-0.00030144257229925445,-5.501416590337785e-15,1.941165719649432,0.0634765625,0.0634765625,0.0634765625,0.0634765625,0.0,-276.15109,204.5269,-16.165266999043563,-13.00188,72.02193741881253,-259.0229436311275,219.7511184029354,0.043984899349828833,3.2626910003659146,71.92885540166263,-248.75317,249.55733,-20.025253955187022,-20.207567,63.10442426059923,-227.4608994507658,270.0990479668763,-0.019736910614170683,-0.4408527285526953,63.04823973239164,3775.6182,3899.7151,3831.464601972441,3830.9712,11.514316335245017,-166.6189341640113,129.5387125664277,0.03350457189363751,-0.6715983923995008,37.79155049830316,-121.3304845270687,117.5107505712385,0.04883055218153526,-0.13042500871642382,34.844097449774,-104.5759104334791,209.7774112352138,35.899757280069174,35.553225083561735,50.6092437644053,-199.6499968224248,107.8018212014512,-26.232565441208877,-24.14650821652204,45.400181998178205,0.234375,0.1934814453125
E712_processed,E712_processed,21.442047,26.567814,22.513842319015335,22.502552,0.2973640390610533,-1.034698304991015,3.842289522868768,0.0010225140512822356,0.0011776847954520445,0.2961151526925522,0.1953125,0.1953125,0.1953125,0.1953125,0.0,-275.62054,183.83136,-16.685576384072295,-14.837262500000001,68.73571613289593,-361.1814597402481,201.4306572243723,-0.2540677446994727,1.678612100842673,69.01308561235159,-236.42273,227.84505,-19.860675805604554,-21.2062605,63.830841155364325,-215.3441163080724,271.0931728596084,0.20922970849057926,-1.2096366113741714,64.02449616032222,3765.7964,3888.1086,3831.521255162258,3830.9702,11.565913066770122,-248.7141960390757,384.1422028561475,0.25476042469687843,-0.6152236918677385,40.58103985152537,-278.7877136248046,160.6979543957198,-0.18584224477927097,-0.3034644631471171,38.36226807113969,-590.9863269137905,0.0,-401.34106296715873,-401.77022200237803,50.49878108590923,0.0,449.0930045027617,314.1169260384509,316.2332510261767,47.72515635675115,0.1953125,0.1904296875
E713_processed,E713_processed,-16.227905,70.689156,1.9286348037739445,0.0,7.320310734962509,-35.16341075849962,34.68114942691285,0.00029179884399197875,-2.5369734112035595e-14,1.912615658237189,0.0634765625,0.0634765625,0.0634765625,0.0634765625,0.0,-254.66383,203.73105,-16.775192847165854,-15.5630825,64.29516223814949,-236.8565441314214,219.6665311618199,-0.08574833739879265,1.139951511240153,64.32458869181386,-227.84505,176.58279,-19.711438545563457,-20.937294,59.06731021440776,-207.0272660578774,197.5867677154095,0.03603424343610042,-1.2956727894559879,59.10896065681842,3767.5818,3877.3953,3831.695773727778,3831.8628,10.328350290397367,-108.8128461820263,134.5207783534551,0.11292052909218893,-0.09035042867277454,36.45479759042136,-201.6752075897107,128.4979572480319,-0.12518412395543344,-0.1165736159832154,34.5010015524094,-273.567241814011,4.347393113304755,-139.22119183374966,-139.93035235708936,46.937611070421724,-2.363675805270349,296.4524077332956,130.12628256094885,131.96262785541066,43.546637847385604,0.2203369140625,0.1983642578125
E714_processed,E714_processed,20.933891,24.027023,22.344668745055554,22.347893,0.3113954536110757,-1.392273418374351,1.572387028601944,-0.00023993431918501847,0.007317319367169468,0.30983899031451606,0.1708984375,0.1708984375,0.1708984375,0.1708984375,0.0,-224.95305,177.62204,-16.580744481427207,-16.766772500000002,62.22919093859174,-207.9343745473969,194.300546013849,0.12248224837944832,-0.1548195363113729,62.385581186061636,-206.13275,200.25563,-19.214379016187394,-20.0369855,54.24910707545918,-185.3879599359811,221.8197973521235,-0.07501557056339823,-0.8335508454191576,54.424712748030856,3780.9736,3875.6096,3832.379054922223,3831.8628,10.393530472897265,-126.37591019119,149.7353003910222,-0.03736472238470487,-0.0449982355300541,38.12010394415524,-97.88297437699376,131.1824940939227,0.039982455008723404,-0.015555403791484455,32.74995550093761,-135.0099301719363,218.3479334473982,31.055861557894865,30.795994109680585,47.67586226932892,-133.8598741972459,198.5381412313502,45.287907716328796,45.981666373956045,41.235626808645264,0.18798828125,0.21240234375
E715_processed,E715_processed,-16.227905,70.600777,1.9201445275366409,0.0,7.31796979104774,-35.23582672433746,34.47664205759544,7.729250828898323e-05,5.663021374634455e-14,1.897712111792996,0.0634765625,0.0634765625,0.0634765625,0.0634765625,0.0,-202.93523,193.36769,-16.442374826208212,-15.844789,57.52681904937279,-186.3427270861975,209.6338156983639,0.09519217547290021,0.594552260013252,57.53892405715469,-203.98833,199.81053,-19.108805114488515,-20.184191,55.03664824969886,-184.5096828047633,219.4721277110103,-0.14777055958816623,-1.253337076917926,55.14782525952444,3754.1899,3880.9663,3832.358797038725,3831.8628,10.155147511018054,-165.3277322250607,119.0780450732661,-0.1543040726185525,0.1520455212099536,34.72526603528771,-194.8398559371335,280.4840192647435,0.22094969705894624,-0.1375805505085932,36.002748120110816,-47.66754124216281,230.0666924517411,98.45130437867444,98.59999624127647,43.09554053733717,-390.5237112033857,0.0,-187.9980541165822,-187.3296108098136,42.68513558365109,0.18310546875,0.1898193359375
E716_processed,E716_processed,20.955986,23.209553,22.17237016361111,22.171143,0.29702180807582995,-1.253021053313375,1.048493573674938,-0.0008228316127256772,-0.0021612715355259354,0.2961782508382848,0.1708984375,0.1708984375,0.1708984375,0.1708984375,0.0,-208.77129,170.51643,-16.10034220974942,-15.741326999999998,56.21169503085075,-194.0158460720363,186.0523975040568,0.1116984866793543,0.3023720935117429,56.403575764104474,-203.98833,162.1678,-19.28922785056069,-20.801674,53.24978116756869,-184.5198226808553,182.566353072562,-0.08677832914163569,-1.6305905617877894,53.3055536615299,3787.2234,3871.1455,3832.428902788889,3832.7556,9.61993289883111,-137.5111122810966,99.53660979387126,-0.03226201052844063,-0.008307222741636089,33.42424019038243,-101.0816253229153,164.659005564886,0.1281056614412605,-0.18478645544838024,34.69943192182836,-166.3129981490735,199.0209415232794,4.320834220244084,3.7919145652618056,42.3346645441987,-293.5562761883542,0.0,-152.33133887863218,-150.84089883570994,41.43821773502021,0.1837158203125,0.1837158203125
E717_processed,E717_processed,-16.227905,70.446129,1.9097820317300556,0.0,7.287843390783456,-35.23526431748884,34.314495654545,0.0005292094205464501,2.1872972428140266e-14,1.8973451281078497,0.0634765625,0.0634765625,0.0634765625,0.0634765625,0.0,-212.48512,204.52689,-16.27069035824426,-16.72758,55.73422569373046,-198.1670824528854,262.4027420200349,0.021749716669021785,-0.5803565678812834,55.74766968622511,-224.6284,202.38,-19.05859657905874,-20.8554765,54.44781960585142,-204.7580907330156,221.9323411691259,0.026575124521201435,-1.7455868903310936,54.44007531275552,3779.188,3873.8242,3832.242163016667,3831.8628,10.136244897553725,-313.8584252757947,227.4222200512409,-0.17896040943097427,0.2329007903643274,34.55931644944872,-104.0544095330379,113.4928489107085,-0.027696449401632763,-0.1527426421733944,34.524489958581576,-13.83501549380813,361.3186511656439,136.14611827795403,135.4706358961783,41.65863231435934,-122.1365007344371,157.2738456410584,36.03786430274871,36.64555016773743,42.00301301197533,0.2227783203125,0.1806640625
E718_processed,E718_processed,20.955986,23.342117,22.021691583888888,22.016487,0.29042970470124646,-1.054560056511001,1.270059269898933,-0.0007300963693489846,0.003377637485815304,0.28976704728120084,0.1611328125,0.1611328125,0.1611328125,0.1611328125,0.0,-202.93523,187.69917,-16.254291931870696,-16.593460999999998,52.575648586828706,-186.1849879800899,203.1508211546794,0.12062069975014027,-0.3304560332404858,52.622851483054916,-159.35402,173.35695,-19.05400118463717,-20.8294335,51.138326934212365,-140.2135432183046,193.0489144097582,-0.021072057250550693,-1.852648523282419,51.15247010824281,3789.0088,3875.6096,3832.1003557166664,3831.8628,9.889688587023798,-137.2054174007431,114.6383640017017,-0.08491589354902711,-0.41182284699329674,32.258062627906305,-101.2626374900568,96.83435643328401,0.03316593838350062,0.10047054173146465,33.074898522168205,0.0,301.5790153649378,164.58535807711834,164.45889248730714,39.79277451129584,-200.9112812480117,35.29850759242371,-83.09219772847457,-82.9068180352788,40.03580323560993,0.2105712890625,0.2001953125
E719_processed,E719_processed,-16.227905,70.335655,1.9020393723163334,0.0,7.262533485439164,-35.24403007135752,34.19157270948305,3.3372980894013737e-06,-7.244394755039176e-15,1.8991700315166924,0.0634765625,0.0634765625,0.0634765625,0.0634765625,0.0,-184.73306,185.87666,-16.308859628100503,-16.6577245,53.57294557823383,-168.1919226821365,201.6468362495024,0.04619697625957508,-0.3929679647600368,53.6056548422159,-175.35719,179.61105,-19.003586168238453,-20.7210565,51.016610710556414,-154.8957485025193,198.6498553229649,-0.03719688290496143,-1.9265511423401696,51.02835065934269,3780.9736,3881.8591,3832.0270970333336,3831.8628,10.139150906582437,-117.3526392710171,113.7941684681371,-0.0003838894234616248,0.2621519888912972,31.730256081324416,-103.7255009930356,103.8374425334995,0.016139716611690978,0.41995765033056465,33.29236794066925,-162.9854861591222,111.6356314684626,-31.710376725384112,-31.910410199571828,40.06279773407696,-144.1248315053476,107.0609431659293,-10.87864297856463,-10.950546745748385,40.058118215796924,0.1849365234375,0.1861572265625
E720_processed,E720_processed,20.867611,23.627167,21.897296376444444,21.90176,0.2882440608733218,-1.025943486360753,1.710380164970247,-7.393870154305689e-05,-0.004731648473099372,0.28750564316338745,0.17578125,0.17578125,0.17578125,0.17578125,0.0,-197.75146,183.43828,-16.313349919509815,-16.295932999999998,54.16017500615796,-182.5259158000188,199.4222940662596,-0.07908639891322615,-0.07189362327583723,54.174749082120364,-182.53629,188.42709,-19.009129656886778,-20.3664255,48.71653979642055,-163.2136839719938,207.6544668171258,-0.025734737747967237,-1.3541147386437604,48.831210104765546,3797.0439,3870.2527,3832.4771094055554,3832.7556,9.497750067970276,-107.0583184677355,102.6712500671989,-0.011850693660721365,0.23455415567180538,33.32758628635148,-120.4559814695489,194.3981412866983,0.10036469885693088,0.11009097400795656,33.200117853967846,-190.4257563177931,53.72264916394905,-68.38026696206379,-68.39955313608749,41.35294895175049,-282.5186244862801,0.0,-128.50972267696565,-128.07649446309716,38.874612297943365,0.179443359375,0.1800537109375
E721_processed,E721_processed,-16.227907,70.202896,1.8941369695794443,0.0,7.244361659722581,-35.23247315895522,34.05388245089161,-9.850195745174786e-05,5.451674730129477e-14,1.899419010941136,0.0634765625,0.0634765625,0.0634765625,0.0634765625,0.0,-219.64754,241.66536,-15.63095842378642,-15.35253,54.72640086355518,-203.6356398042732,257.3748223546161,-0.045414473947564676,0.13278286170837017,54.738940598131876,-199.21344,180.10378,-18.911327523895945,-20.6675825,50.65645844675558,-179.053742059716,199.4779901108906,0.10450565135154963,-1.8355434343046175,50.725808321873096,3779.188,3889.0015,3832.845689544444,3832.7556,9.867357560031028,-137.698365353173,131.9135998767634,0.055343629769519974,0.19218689531114205,33.545204950245214,-240.125432164842,119.8909550664257,-0.17181742943617379,0.3322150718068526,34.06206682697812,-181.7018131774124,150.637180166785,-17.521137808240415,-17.118959304205646,41.666114606540155,0.0,325.3490569706443,201.5693546067026,201.9161374351699,39.97007307913917,0.203857421875,0.1824951171875
E722_processed,E722_processed,20.798794,22.787102,21.833656098111113,21.839302,0.2609238684563925,-1.049103428568481,0.9481988010708464,-3.348478704515249e-05,0.0036042682841802565,0.2601756038921405,0.1806640625,0.1806640625,0.1806640625,0.1806640625,0.0,-187.74486,153.56833,-15.701166448634183,-15.2027535,53.90256033228867,-175.0868547981538,169.2155922152771,-0.03320723639412082,0.4395877468532775,53.88775674601843,-174.91354,164.42523,-18.577909899010507,-19.3796255,47.353617822698254,-156.0199588079983,183.6757824546151,0.11007826654475972,-0.7072408199075886,47.44183559125818,3794.3655,3868.4673,3833.5168700722224,3832.7556,9.27491808598068,-114.2925784258911,152.1099554172145,0.05979118990978677,-0.21518352027758825,34.17308453556177,-194.8138678826883,132.9332564539543,-0.1407105008260045,-0.011701593113639497,30.170071270460973,-272.1800300580073,59.2013414872268,-75.66497669487971,-76.00879284926083,41.58312468784334,0.0,302.662011174976,187.2435729094706,188.0926476963476,36.4625478029257,0.1904296875,0.1995849609375
E723_processed,E723_processed,-16.227907,70.091385,1.8822750296774446,0.0,7.196896420826773,-35.17921063720311,34.01570233899187,0.00044481288292616057,-3.8119680248125e-15,1.9141948312043298,0.0634765625,0.0634765625,0.0634765625,0.0634765625,0.0,-181.22554,186.08784,-15.333603833691237,-14.937866,53.47651108438716,-165.8637114217772,201.064653458984,0.18438575452892958,0.6205478100120931,53.65123762035905,-195.6956,164.49504,-18.24812066828986,-20.6927145,50.18982723195337,-176.2346020171516,183.5011529842193,-0.00789204045215748,-2.421099576601497,50.19123415835343,3780.9736,3871.1455,3834.1398901555553,3833.6484,9.594292471215594,-278.8335003863042,159.4861822584457,-0.20848392611666366,-0.2325443153073432,35.20210335268847,-113.5870758538377,106.1588550397197,-0.01567030577886693,0.09217081461108845,31.741090086403812,0.0,428.2151424195559,293.824542022909,293.7761867924978,41.59489128785711,-126.5610846923094,141.7975038623439,8.101713278210951,8.654916052738665,38.879526528470336,0.2239990234375,0.1702880859375
E724_processed,E724_processed,20.624405,22.612148,21.79172144777778,21.795273,0.24314897002928032,-1.153582738965985,0.8207437070627164,4.071974366030906e-06,0.000376542439243531,0.2425570335368133,0.1806640625,0.1806640625,0.1806640625,0.1806640625,0.0,-211.95459,233.17656,-15.393031941814186,-15.510331,54.56607039015644,-195.5084527400896,249.4198395677177,-0.09174564895153858,-0.16322403932541757,54.597204568151845,-165.00757,173.12184,-18.203198469037847,-20.024082999999997,49.20927570574444,-145.8554395757003,192.0658183817831,-0.008233842674725976,-1.9324464194427105,49.277741052547704,3790.7944,3879.1809,3834.5670931,3834.5413,9.386548584937495,-124.7919350644963,156.858641233227,0.09257811967715063,-0.04480876649830279,34.10364586005814,-93.69006489143112,119.2727194526219,0.07262830216733747,-0.1026432869584788,30.72655153796597,-303.4505752721947,8.91129849229476,-142.93095521612207,-143.0747510023861,41.7360349747251,-217.6924632192715,18.00166046670259,-96.44728035899821,-96.09911076121895,37.74495485503968,0.2252197265625,0.18798828125
E725_processed,E725_processed,-16.227907,69.937729,1.8921201547207223,0.0,7.235267337702655,-35.21677781378174,33.78712843164129,0.000235624687899416,8.153104375538551e-15,1.8998502966116435,0.0634765625,0.0634765625,0.0634765625,0.0634765625,0.0,-190.98053,180.63498,-15.322108441885364,-14.985158,52.61243827643347,-174.797688528217,196.112574657248,0.11057197448992047,0.2532065905947465,52.68095261126151,-160.81543,173.54936,-17.94458447215932,-19.832349999999998,45.82906146870996,-142.9852567032071,191.9424662372104,0.0013748770341767403,-1.926122190386304,45.82713214935354,3800.615,3874.7168,3834.8821494,3834.5413,9.03472168742993,-182.5821494267575,113.5742168805167,-0.13208085512671025,0.021187741992739983,33.120541968210304,-119.1872044556311,105.1217055191066,-0.06902570647060535,0.3323137415376305,28.205782917876697,0.0,278.366627017168,157.79419205860685,157.7714852252644,40.321609174280134,-81.81985762969427,154.62758106409,36.23190290900702,36.796594100394664,34.90653104032317,0.1885986328125,0.1837158203125
E726_processed,E726_processed,21.000103,24.600292,21.80099891877778,21.7954735,0.24290953734421883,-0.8039894125171221,2.673825128068485,-0.0002009040080635671,0.0039203934787423785,0.24210159809042545,0.1806640625,0.1806640625,0.1806640625,0.1806640625,0.0,-176.14046,162.65715,-15.136830425750684,-15.007328000000001,51.23242996824175,-161.7732683491084,220.4033089264722,0.12602690337344793,0.1725343962437007,51.33792123312801,-151.75946,147.94014,-17.70826694830828,-19.3249985,47.97500903731186,-133.9102744296997,165.8485205986082,0.050011453997691864,-1.6439483134837851,47.96359583300518,3799.7222,3870.2527,3835.3365296,3835.4341,9.22609551172566,-276.5679158159608,175.6539901890511,-0.17436796106187613,-0.23428179001607313,32.88317411981961,-86.10727052180067,77.10599397143326,-0.02203084977416813,0.15340211950211335,29.072469049573964,0.0,362.4627030338792,187.68752711621082,187.28287873037522,39.27942003966887,-105.8064727131201,102.6530707753765,4.434887607479896,5.0332483196549545,36.449771988701485,0.1812744140625,0.1904296875
E727_processed,E727_processed,-16.227907,69.847214,1.8910351751177776,0.0,7.23614568200358,-35.21625613833221,33.69100785246592,0.00013551272225501422,6.18955152766566e-15,1.9005539217006509,0.0634765625,0.0634765625,0.0634765625,0.0634765625,0.0,-202.40469,193.26831,-15.124411668836443,-14.944062,54.939537326085855,-185.517374756252,207.0689825053639,0.018225383604414672,0.16944503901097469,55.06710343379459,-168.55127,154.52472,-17.851809939961775,-19.936107,50.0752477357534,-149.7845614355598,173.988223616976,-0.10044706875137559,-2.283910415224006,50.13305117667673,3800.615,3875.6096,3835.4443082777775,3835.4341,9.363497768973215,-117.9493987936941,102.7236164615058,-0.004594026601968311,0.24037816485414432,32.68476989190854,-102.6951456908435,147.8151094359327,0.07129097589949283,0.4891312294849627,31.568069477312886,-257.8369036951233,31.64744619222839,-110.44445676256585,-110.60706884543134,41.45641263676782,-268.0404605521261,0.0,-147.44688008473773,-146.69205831322,38.48313505135205,0.1934814453125,0.184326171875
E728_processed,E728_processed,20.646603,22.833904,21.833742348777776,21.839462,0.2687164919200232,-1.206028059318635,0.990089323750674,0.0005227511467177987,-0.0008667757944267988,0.2684443462526865,0.17578125,0.17578125,0.17578125,0.17578125,0.0,-198.29823,155.26428,-15.302960089933645,-15.393186499999999,51.452528777208094,-182.7871313753567,170.4592189390008,-0.0015907714504738175,-0.1710610852998142,51.548852142968904,-154.82431,168.66338,-17.720330152752382,-19.2839785,46.749756415606804,-136.7608605433665,187.1023027925602,-0.0005765338992746049,-1.7642447681035138,46.788042621998066,3798.8296,3875.6096,3835.7863968055563,3835.4341,8.907908628495237,-207.9025909347326,115.8954629050646,-0.1268848256550127,0.27120158284378915,32.33055764752349,-100.3228426569978,88.8540472643109,0.04799019327751476,-0.2168769941790476,29.947129337922938,-7.529229863629357,247.0075858659442,119.72097277713293,119.62292912581066,39.39055066847604,-187.3359763790423,37.65874633894413,-76.09261983311222,-75.38283026541484,36.133647070574554,0.1873779296875,0.2117919921875
E729_processed,E729_processed,-16.227907,70.17849,1.8983435180647776,0.0,7.25249061565636,-35.23684868965979,34.0333434354637,0.00019634552337474714,3.188251288754055e-14,1.8989740818749603,0.0634765625,0.0634765625,0.0634765625,0.0634765625,0.0,-200.81305,192.49844,-15.007219794483325,-14.512652,53.78265254541043,-185.7663317411307,207.9415175180916,-0.051917811251664475,0.44722408281727855,53.78990457995425,-176.34406,236.42273,-17.47782871244468,-20.7464045,50.61582469348201,-158.8787109194095,255.1398518193537,-0.009301796706547372,-3.23695392238765,50.59986485525815,3786.3306,3900.6079,3836.3771238777786,3836.3269,9.692487949328033,-115.3209815125213,147.5029026556024,0.10159558169288613,-0.11298830465130075,32.429646685952676,-115.1904079832339,98.51961114343703,-0.014320444647041413,0.31034822650847893,32.56940840312707,-176.8804310914851,92.51809253996878,-34.590373396303775,-34.41019520930237,40.37641785825618,-104.2248070646604,168.8022115431635,33.113374019106665,33.08966754897176,39.19259347266587,0.191650390625,0.1934814453125
E730_processed,E730_processed,20.933117,22.96524,21.913198893166665,21.924881,0.2921993521111857,-1.011204391564978,1.070977154184841,0.00020721265468307297,0.004191924249642206,0.2920044403600838,0.146484375,0.146484375,0.146484375,0.146484375,0.0,-210.89348,156.70036,-14.672693138959295,-14.278530499999999,49.49247025897435,-195.6937668812127,170.5787250138808,-0.042431174043920425,0.32653657350797616,49.51889831781575,-179.67737,193.86665,-16.637598023231316,-19.8802605,49.50874264456054,-162.3665648483312,211.4591720100418,0.06385351229687543,-3.2525909566602094,49.531245446633875,3795.2583,3880.0735,3838.088361016666,3838.1123,9.03859546448312,-88.10696135136503,107.7772182446617,0.028014651390714504,-0.3608355256542106,28.837322590191693,-148.0590220899052,142.5829657100606,-0.06848595324011618,0.563278296889286,32.59632194432965,-120.9354659967498,139.2966329763955,11.073638119814992,11.325184666914835,36.541294851362274,0.0,274.7846258229533,152.55497074480542,152.81441681592412,38.50939141904032,0.228271484375,0.2197265625
E731_processed,E731_processed,-16.227907,71.368408,1.8998148042708611,0.0,7.235684664308711,-35.22351930326655,35.31352052216594,-4.9904106202785155e-05,-8.330429599749508e-15,1.9116204481326764,0.0634765625,0.0634765625,0.0634765625,0.0634765625,0.0,-191.75049,175.10667,-14.396524129689482,-13.8265595,53.02320160122963,-177.3945160242232,189.7592042218208,0.08220600738467738,0.7110367623731801,53.043030525648675,-181.72314,190.67224,-15.201917012397407,-17.644005999999997,48.30103934219561,-172.8884384029472,206.6995369562643,0.0544495388537203,-2.398834749195646,48.45488939947782,3798.8296,3880.0735,3840.1084002777775,3839.8979,8.931376894742604,-105.7024692696542,135.261675190126,0.03925445970174771,-0.32748727778810505,32.110378854743686,-227.1366362260484,140.3882627056781,-0.1395814133660267,0.09808529714234204,32.30885070509321,-86.0286796203898,177.638631553971,44.041032785130675,43.75366923450494,40.091131026331475,0.0,399.9094604886895,182.04169983829945,182.1707056824913,37.62009131440198,0.2093505859375,0.211181640625
E732_processed,E732_processed,20.888477,22.988262,21.998033789333334,21.993587,0.29479114951829233,-1.102391389441313,0.9764010074607228,0.00020413237139342352,-0.002306039156642398,0.294003221460539,0.146484375,0.146484375,0.146484375,0.146484375,0.0,-216.72954,189.65259,-14.04814998236072,-13.4058545,51.650592800670225,-201.5585752558919,204.3842678038328,-0.004863649302148474,0.6474035221094363,51.650916354130494,-163.7991,186.37299,-13.36703263353646,-16.389287,49.494117141772286,-199.568909642601,201.4052737165264,-0.19094290418298926,-3.2339618864072515,49.77350055079523,3795.2583,3880.9663,3843.5749086222227,3843.469,9.045711669241976,-112.8039156376888,104.9780791463166,-0.028581351356420568,0.0175483008961006,31.163827636018997,-205.1162904764648,340.0703665969546,0.2349304196960444,0.2521976036329474,34.175099430621756,-117.3181368273897,157.7554796647731,28.180593835506496,27.78445655535863,38.79147356868501,-469.7826197709592,0.0,-326.6349954028045,-326.1800613382435,38.88898123312976,0.2410888671875,0.206298828125
E733_processed,E733_processed,-16.227909,72.2668,1.9118363615405558,0.0,7.289304466591285,-34.97190742264128,35.98954206002718,-0.00010009296546784809,5.378215240936046e-14,1.8927923929818542,0.0634765625,0.0634765625,0.0634765625,0.0634765625,0.0,-205.05743,158.80257,-13.424620902684433,-12.132596,51.04737639305928,-193.4907663507378,171.1401685226794,-0.13170978873291408,1.3335506229941636,51.156941556041936,-193.23099,267.78494,-10.024575497133373,-11.7533895,48.164069484544875,-182.9519625512595,277.7840312760185,0.02431400630622385,-1.654557049829676,48.21687865607644,3793.4729,3905.9646,3849.7347767388887,3849.7185,9.01424463183045,-105.680295763936,183.2576998733189,0.141242758465898,-0.7439238581619565,32.12941581911749,-125.1240283316533,115.2931987271107,0.047577005195206835,0.12065169763847905,29.44614571315813,-277.1986857484555,0.0,-141.7839157620744,-142.3194190526038,38.87102127506799,-206.3992182570411,62.38524687902641,-57.18285722504362,-56.497784148721934,36.34290025130821,0.20751953125,0.2294921875
E734_processed,E734_processed,21.087475,23.824356,22.135907346388887,22.145386,0.2926211426149483,-1.084368832572896,1.665797894142528,-0.000292372983307878,-0.000848399277176486,0.2912212832832396,0.146484375,0.146484375,0.146484375,0.146484375,0.0,-195.26749,157.52953,-12.325704066119167,-11.294628,52.34303351024209,-182.9758984828965,170.5313346848008,-0.029172905127781486,1.0009267332101017,52.33992476639297,-177.10414,210.9577,-5.724838055554723,-7.2841661,48.34067261761916,-169.050748991291,218.6522503635068,0.11578192124501285,-1.6479865967212284,48.421648922514336,3820.2566,3905.9646,3857.909331205555,3857.7539,8.74231910921481,-97.41614525529077,129.0243003380982,0.07379649135016311,-0.08793440722737778,32.16262959040354,-211.6760111695131,120.9290920723725,-0.14660807042996502,-0.07914287398519049,30.478935684797076,-147.4699165844119,97.56393610992278,-18.28683211370236,-18.1957642204045,39.50454512929734,-34.20868882283771,258.7483766236296,107.51133824854732,108.15972224680246,36.84294062940253,0.21484375,0.21240234375
E735_processed,E735_processed,-16.227907,71.592995,1.9057880010805004,0.0,7.218309889839632,-34.28948653945762,35.39418552942385,0.0007006158973107169,3.8662058872406025e-14,1.938295512858238,0.0634765625,0.0634765625,0.0634765625,0.0634765625,0.0,-185.5883,173.4055,-11.069265940778989,-9.012279,50.8578280903587,-174.7644974672743,185.1638890530511,-0.04534919826646155,1.9805114967954325,50.86918078459229,-156.67757,190.13602,-1.8783808056248033,-3.0303485500000003,46.243109999552146,-154.3820475038139,192.8449930293905,-0.039302038692125396,-1.4085643052596024,46.22589918960004,3827.3987,3899.7151,3864.2775584277774,3864.0032,8.628964246184662,-95.82889923759241,94.73438066626062,0.04797486714449066,-0.22014280725734459,31.484904503336622,-95.19076295423235,96.5771007580158,-0.02979865151632469,-0.3324752342360551,28.427090231821797,-190.379319245094,34.61593529638606,-80.21208223269639,-80.27240119977918,38.62794801146576,-126.34829784375,103.4348367889957,-17.674595679750077,-17.43357661030216,34.95826701763365,0.2117919921875,0.2301025390625
E736_processed,E736_processed,21.262981,26.743694,22.293651790000002,22.2813,0.2827169101213569,-1.281440395094495,4.152796298155805,0.0005751989877394371,0.0005509049632387141,0.2809649236446777,0.15625,0.15625,0.15625,0.15625,0.0,-217.79062,177.4241,-10.33199767807521,-9.7026925,52.557621102686234,-206.7703596379572,188.2202168808466,-0.07075127176884526,0.7118749350267821,52.605467866197486,-157.23978,178.95267,1.7619544801757778,-0.212125665,47.0581479343868,-158.4890663001706,178.6300365137855,-0.1481578438477664,-1.929186189136457,47.20533132673154,3833.6484,3904.179,3869.6742357333337,3869.3599,8.647595307943464,-97.60471725577153,116.5677379318429,0.04368738637843622,-0.1277913837361788,31.57124890778959,-177.1431570203076,236.1790415346964,0.16967752870153588,-0.06821012921887792,29.53672751143701,-171.39396059423,102.5483750907797,-38.819997211072206,-38.86493077220215,39.34330379470715,-352.599221368032,0.0,-225.44106042022148,-224.9110959671805,35.47574825936256,0.21728515625,0.2191162109375
E737_processed,E737_processed,-16.227905,71.639191,1.9176611515389446,0.0,7.250096431071813,-34.24707550202952,35.4728256816376,0.0002650399216600382,-1.4044197638415714e-14,1.9363127481418498,0.0634765625,0.0634765625,0.0634765625,0.0634765625,0.0,-203.73105,173.40703,-10.106815687752235,-8.68872025,51.16785236329149,-194.7283302594407,183.1150063774506,-0.13365605656461377,1.1772162710837084,51.28022624660596,-135.4463,183.76981,4.632296978883766,2.9244244,45.61988844723767,-139.7263916504885,178.596202476999,-0.06552756845881906,-1.819171987492496,45.630129712529374,3834.5413,3908.6428,3872.397252372222,3872.0386,8.393588613241546,-103.2721255372407,235.5472621718241,0.17861375130196666,-0.26163718577565565,32.63550146587181,-108.662990212187,100.3901432926924,0.0808246543545434,0.07633466331554217,27.25529574827478,-293.7331656674792,0.0,-172.6517432418504,-172.94911217738934,38.85213832131311,-213.4249233022035,14.00833099908211,-95.64949534486146,-95.08890269704757,34.05222824562809,0.223388671875,0.1861572265625
E738_processed,E738_processed,21.331577,27.71669,22.424148771777777,22.436268,0.2704149380767812,-1.511744165870167,4.886636588453426,0.00027875927678881117,0.00341365423980383,0.2670127311436909,0.166015625,0.166015625,0.166015625,0.166015625,0.0,-192.62192,149.40034,-8.917513663640323,-7.76977325,51.01095322200223,-185.2240383127761,158.5583186671255,-0.10888727929346166,0.9993943124702529,51.081683839637826,-179.56194,224.65236,5.548312571819527,4.1810772499999995,45.87237473182112,-183.8703751241266,219.7262232579274,0.07430874481011496,-1.372025072908176,45.89412174680145,3827.8071,3915.3101,3874.1323663111116,3874.2649,8.264258444967423,-113.659561169644,179.8650826240653,0.13860568459542813,-0.310023904586834,30.779951833189344,-98.3085615140663,101.2729433758084,-0.04501706979615652,0.16121923502252436,26.569074194254387,-275.5939996187893,0.0,-156.20732304486106,-156.65898938430885,37.924490585068504,-34.49213595345888,218.9636146769394,95.21286704491285,95.58200903974839,33.87689217556731,0.2203369140625,0.2239990234375
E739_processed,E739_processed,-16.227905,71.617096,1.9269593475696667,0.0,7.278083557453606,-34.25454632326178,35.43908859804284,0.000609512448362087,2.5666157617769228e-14,1.9349519701044786,0.0634765625,0.0634765625,0.0634765625,0.0634765625,0.0,-187.84952,177.66699,-8.029150817425595,-6.2258391500000005,54.14273042073401,-179.5046367837166,185.4800639762242,0.013306172297295795,1.8556195936431479,54.250048632369264,-127.98915,177.08163,5.769831905920728,3.5001100000000003,47.00808894703081,-133.0834032810665,172.0178549328002,-0.005296541332702658,-2.391670653128287,47.02254747943902,3844.1108,3910.1919,3874.1727347277774,3874.4526,8.375648857842103,-109.9068662835186,120.2672886848771,0.055535308837100304,-0.03661838900687475,31.500151734835335,-98.0753271805121,72.87780120280337,-0.004767907468185292,0.11595346408006525,25.982669866982103,-268.2749603357037,23.35678802128854,-97.4288406450377,-97.99706951522522,39.81156524983393,-55.94456014737631,164.8036505546173,48.581573972751826,49.43760141527767,33.913167633750064,0.196533203125,0.223388671875
E740_processed,E740_processed,21.618797,23.607243,22.56206079,22.568832,0.2695077971847504,-0.9405930587130837,0.9805006012055749,0.00013504678648386826,0.0052750271842032515,0.26828231320803225,0.166015625,0.166015625,0.166015625,0.166015625,0.0,-230.56279,195.96933,-8.594880242187278,-7.5361650000000004,56.19618617629238,-223.8160675971684,203.0865960101032,-0.056564368756725276,0.9532100812995215,56.21361435424005,-208.58052,224.93451,2.3789499504436664,0.34727545000000004,47.89920099114174,-209.6876600162747,223.0498779048878,-0.03759752464375654,-2.2372616509462357,47.88213600806483,3827.1536,3921.8054,3869.7253778777776,3869.1218,8.964895472587639,-156.7201969564384,111.7556397527656,-0.07257421273095947,-0.2731885382228274,33.021288503576216,-97.27388852222093,110.9803209956323,0.04712087769964651,-0.0803774071416381,26.978306410904572,-115.2404086586655,176.4289525279024,36.47294345846671,35.90435931217107,41.54269451376422,-189.6533973469849,75.89239837122051,-40.0688597162661,-39.49421180269016,34.780127815340514,0.22705078125,0.2069091796875
E741_processed,E741_processed,-16.227905,72.213631,1.9381842313678332,0.0,7.307001965597176,-34.48764472653345,36.27645356314681,0.00041304307129421276,1.0415545013749739e-16,1.936785636304462,0.0634765625,0.0634765625,0.0634765625,0.0634765625,0.0,-188.62596,205.88808,-9.346372239235166,-8.01421165,54.435568973001615,-178.299126159235,214.9498064086395,0.055949352841613294,1.3315785195289807,54.407732517742026,-133.50702,157.19254,1.4660119572194168,-0.851395545,46.72100498163181,-134.8487138354585,156.3014644975142,0.09921758429980351,-2.1997001201828024,46.77892422069486,3835.1899,3904.8396,3866.9737973722217,3867.3359,8.585783809380942,-102.8389424168398,95.96371494871711,-0.0062744978373413035,-0.3986268832030275,31.32445038050583,-164.3784917753717,114.9855651850844,-0.10536140326042699,0.6041336633865453,27.150992670044385,-80.82278231528294,177.4994868241227,61.870437652304474,62.15233073619507,39.82919319581633,0.0,239.4803065355489,143.61285379651562,143.9052107132572,34.29580836091537,0.22705078125,0.208740234375
E742_processed,E742_processed,21.883923,25.904999,22.72155106411111,22.723488,0.25123754769555096,-1.040716281724538,3.019158428890422,0.00041933370035397596,0.0012406218768344131,0.24883317943783345,0.166015625,0.166015625,0.166015625,0.166015625,0.0,-187.8567,151.80777,-9.621557737658266,-9.028358950000001,54.14849990940508,-178.7891800032381,161.5222657867448,-0.1038988127601163,0.47099718359191245,54.21545247424147,-141.89407,179.52315,1.5281395422365556,-0.67362961,47.56266408120626,-142.9515643300888,178.562618073568,-0.0014985726848766963,-2.2477948040675226,47.55321230648848,3828.9392,3907.5183,3866.913323877778,3867.3359,8.788088590260696,-114.5479992529854,193.2426541988106,0.11386493394607407,-0.17666483126743193,32.16726566007471,-88.66505069442714,93.37733417736365,-0.001242320170664573,0.18640111981759144,26.736681082939615,-272.7100186304033,0.0,-162.41486464672832,-162.8632601918397,40.02223054213763,-122.3974002365303,88.19128739717056,-16.711196499227448,-15.938043234905031,34.62860255024147,0.244140625,0.2276611328125
E743_processed,E743_processed,-16.227905,72.213631,1.9463951492718887,0.0,7.336223663145062,-34.47707364536274,36.2779713608515,-0.000196855517018175,4.2106744774747176e-14,1.9337273117284173,0.0634765625,0.0634765625,0.0634765625,0.0634765625,0.0,-188.15358,186.36665,-9.44374893764825,-8.94277475,56.41535260786933,-177.6276123608248,195.7882632301482,0.03671988789473344,0.5066336941560494,56.42266398166533,-127.06204,158.70105,1.0442518681326667,-0.47878655999999997,43.54671018227505,-126.9968435168188,158.4406637893765,-0.08439350068478388,-1.6889227489670264,43.59620532887776,3833.4043,3904.8396,3866.6468812833327,3866.4431,8.134255164698734,-99.62537568352255,103.4169599886421,0.009944076692010655,-0.3603105134734559,31.92509609306814,-92.53922312827038,131.3437264361903,0.09244471779084969,0.2071360808999787,24.611473292084607,-106.0135443935124,154.1843906754732,20.751226430766227,20.574232847254862,41.15732178395629,-215.3842782506136,0.0,-117.82880666952225,-116.97305084717121,31.480435990649145,0.2490234375,0.240478515625
E744_processed,E744_processed,21.707172,24.800308,22.87432978216667,22.878147,0.2490900018440318,-1.154358144025916,1.891925559354158,-5.318028573096233e-05,0.008578828360465557,0.2478206580376887,0.166015625,0.166015625,0.166015625,0.166015625,0.0,-210.13321,196.89873,-10.022280436553316,-9.254607199999999,54.69767984944904,-249.9161270811351,206.1671694724962,-0.05843573378282751,0.847255559079445,54.94841961018111,-195.17082,205.36333,-0.7467567482937832,-2.28428255,46.824480776828175,-192.622441150449,209.1174441224475,0.06040132691948574,-1.7844829229291355,46.9405434131275,3806.616,3920.0195,3863.7756235555557,3863.7642,8.788971212259074,-114.4427579422413,120.0091628102774,-0.030327189408148898,-0.11154288508969226,31.8662888718648,-102.4038472778882,95.36207496089006,-0.001779661583677659,0.21803253777422715,26.597286150271824,-103.6126578835447,274.5828409519755,115.13966294011333,114.82976060474955,40.69802437180066,-183.4383660704381,106.678207644168,-36.80605684063351,-36.03201995249584,34.5535940531373,0.23681640625,0.220947265625
E745_processed,E745_processed,-16.227905,72.191536,1.9613661615577778,0.0,7.396165783090127,-34.57022502086908,36.10733927025012,-0.00016511284606235201,3.170466965127833e-14,1.9170009892321789,0.0634765625,0.0634765625,0.0634765625,0.0634765625,0.0,-198.25687,189.53175,-10.613775680576138,-9.5444469,51.956022072565645,-188.4067198676217,199.4731381344127,-0.08969181685086582,0.8638317919118886,52.02385126798756,-130.49553,165.38977,-2.135181735836642,-3.61012425,45.17715170722014,-128.7107939892384,167.2361387861466,-0.006008735538175305,-1.478696261568138,45.1481875747268,3824.4749,3897.696,3860.940677527777,3860.1924,8.685548053981185,-193.4906147763014,226.1175121906508,0.15482461398555303,-0.24909597194542132,30.81441471376419,-77.88077648136752,77.62494056039769,-0.039103767408478034,-0.25286600388809877,26.17021499312248,-338.4834267069353,0.0,-164.17452833172686,-164.04603574537992,38.13089710191977,-103.5263055762938,95.2005498565678,-4.9051478761188,-4.38035125990224,33.28738651684876,0.2386474609375,0.198974609375
E746_processed,E746_processed,21.950207,24.999153,22.979287672222224,22.988613,0.2409676783536812,-1.01202196818243,1.920576456581578,0.00013741865517602036,0.005387221950560898,0.2400268739129739,0.1806640625,0.1806640625,0.1806640625,0.1806640625,0.0,-202.1736,201.90829,-10.613880695034235,-9.6008811,55.68645225167554,-191.3278795167483,212.23895750446,0.022188056696553014,0.9723412402929916,55.77983854821186,-147.91963,170.79507,-3.815323427656017,-6.162259799999999,47.701915845270484,-143.2262052235819,174.3275730368982,0.038156414228622364,-2.4024830031288795,47.78502897633505,3819.1169,3908.4111,3858.711594761112,3858.4065,8.934269027367618,-99.49276535449718,97.61877923700959,0.02922102957534765,-0.2571547792468323,31.255848654117397,-153.7008139612596,99.26552998343016,-0.07285064343927622,0.3704307411633865,27.872528149971664,-218.6440035106595,41.55895831483635,-91.65481661483828,-91.67230044614328,40.542063546110214,0.0,268.5690699748068,151.34469657260775,152.06195905030015,35.27218361570778,0.2459716796875,0.2288818359375
E747_processed,E747_processed,-16.227905,72.191536,1.9634718239703333,0.0,7.382918568769043,-34.49556326459425,36.27608120818043,0.00020994305183001316,-5.519985076086472e-14,1.9288150603207315,0.0634765625,0.0634765625,0.0634765625,0.0634765625,0.0,-182.83513,149.12166,-11.65240598000284,-11.199411000000001,52.2083298244385,-218.823583832284,160.6033468877587,-0.0933314139504318,0.3740938304424759,52.38520257125,-145.664,155.33618,-5.578298310345417,-7.6725404,45.82131875468145,-139.8117727572853,159.2833378715427,-0.0206912726991137,-2.0885995032538833,45.91489188153915,3815.4929,3895.9102,3855.110579027778,3854.8347,8.75226316477229,-110.6603880472112,134.9534291463357,-0.044407773927996545,0.018733174648159157,30.209129416088096,-117.245799662915,185.8216118915192,0.10213439340732326,0.23418707911224865,27.347687109786037,-166.2518264001819,204.428511930044,23.122517829484824,22.586501498367603,38.78940102592828,-258.0074598119361,0.0,-111.6580588948235,-110.97769441837175,34.144409925173846,0.2362060546875,0.21728515625
E748_processed,E748_processed,22.038582,23.783993,23.053255280888887,23.054897,0.24081865646992595,-1.009753555179852,0.7431069213589869,-0.00023804715170071332,0.0070006016301397585,0.24032505026517223,0.1708984375,0.1708984375,0.1708984375,0.1708984375,0.0,-226.57491,173.53995,-11.999245407041078,-10.330766,54.84132720368394,-214.8414428367275,184.3945954164441,-0.02683861928597506,1.7850290080491509,54.84082913340304,-148.67363,148.10435,-6.236838294471773,-7.42919755,44.88399974722035,-141.8891677296784,168.2226782816641,0.15970018754534243,-1.122192854397897,45.044967085932804,3820.613,3896.6636,3853.9680663999998,3853.8228,8.701799951610319,-122.121775109114,216.6853110661896,0.14616695686804224,-0.4528493522006898,32.26417010646956,-208.7883834548264,134.9086060077882,-0.17198850893564896,-0.20270724445192556,26.957278115620493,-220.2100479205931,49.88747797479137,-77.84913155779161,-77.8857301457144,40.22197048497217,0.0,284.6401401728061,135.44453297072644,136.54102515261195,33.50754267373444,0.23681640625,0.2374267578125
E749_processed,E749_processed,-16.227905,72.213631,1.9815961138358333,0.0,7.4648043329165015,-34.7664389988736,36.05266063713616,0.0004975062656489464,-1.2400370563392995e-15,1.899891901271963,0.0634765625,0.0634765625,0.0634765625,0.0634765625,0.0,-207.71919,175.40456,-12.1187582596879,-11.4494185,52.485896206314614,-194.0575466515773,186.7702832339257,0.14180705525033327,0.744070422011478,52.568942490299435,-154.66832,153.86191,-7.724229213209949,-9.2759967,47.37529671849919,-147.0045172252613,161.4385914767397,-0.06812438625664181,-1.6280181285412254,47.40631691915376,3815.2524,3891.7971,3851.4705778222215,3850.873,9.03464334498754,-223.6500562422685,135.4790812855804,-0.18315353992686817,-0.3324609177913656,31.029749652256434,-99.98133643329454,77.91260122780902,-0.02168440982592031,0.029406871487485553,27.075733645240852,0.0,307.2499492273442,179.81073436292567,179.89961774152601,38.47138973617775,-124.7632227835744,75.1002829628185,-25.137751482439803,-24.343270688873115,34.95064283707093,0.2423095703125,0.1898193359375
E750_processed,E750_processed,22.281612,23.938648,23.095341324962497,23.099083,0.2298403896523531,-0.8452098457550998,0.8440869528576456,4.544324679206403e-05,-0.001301533867855517,0.2292564152670803,0.1708984375,0.1708984375,0.1708984375,0.1708984375,0.0,-236.38126,177.07372,-12.421542800707007,-11.396334,54.318865562996514,-223.4563736949791,189.5659045207572,-0.015457747931882673,0.9966743996250311,54.33364276900642,-161.70477,166.5699,-9.500335536119008,-10.888329,48.46567229554386,-152.1880511850847,175.7592824046559,-0.029322300750506642,-1.471315143475594,48.447677035203625,3809.7185,3903.4661,3849.005170348353,3849.0481,9.37998374334003,-99.64457947190446,106.748255189369,0.013393855602754579,-0.518148457873874,30.568014643960815,-94.0305468414335,121.0878965249977,0.08303446090981903,0.2049094377702456,27.96435899618749,-205.8718350100331,70.2406881901729,-73.4206233119216,-73.40794331421843,39.58509391449524,-163.7181066864821,66.76309363437895,-51.456207460320556,-50.82381318743422,35.7054376038416,0.1898193359375,0.2081298828125
E751_processed,E751_processed,-16.227905,71.374069,1.9849414897029998,0.0,7.492810964868701,-35.20772165071173,35.29895976856108,0.00011528340472995775,-1.5313573432737406e-15,1.8903077861326085,0.0634765625,0.0634765625,0.0634765625,0.0634765625,0.0,-215.67365,150.90016,-13.087336523030716,-12.114392500000001,52.30577040884071,-201.5343105038138,164.2464928580753,-0.022584687995521865,0.8529899104800027,52.30284774035419,-171.15921,178.65213,-11.93629603302769,-13.092469000000001,48.6587824345568,-159.3584926884861,190.8381976766795,-0.09848787222265198,-1.380903221953644,48.730803540073644,3806.2847,3885.5779,3845.2252093722223,3845.3838,9.253051379393238,-81.21964740335673,91.63442051310331,-0.025256713022452852,-0.023610648762066422,28.736135751698175,-130.9870164482779,182.6195075667682,0.11708318846630977,0.05199881133973894,27.966946000584972,-123.7809176619595,101.393329368565,-3.071612440645239,-3.116717093138819,37.55246433328727,-272.5525913211783,0.0,-156.93595771685787,-156.3828395910738,35.63070455206143,0.2392578125,0.1898193359375
E752_processed,E752_processed,22.303707,23.894463,23.078544115222222,23.076992,0.2155111868180619,-0.781286875311811,0.7941793214438638,-0.000538826412344647,0.0027023998280674565,0.215131865549144,0.1806640625,0.1806640625,0.1806640625,0.1806640625,0.0,-194.84222,150.28786,-13.434459629306557,-11.867049,51.72481234935379,-180.7450697377557,163.9972128647137,0.06295517955491811,1.5484429685443684,51.79946340871481,-150.19699,145.30455,-14.163537912711721,-15.203157000000001,45.98683635847443,-135.4666118407866,159.9156884983108,-0.03765925663398062,-1.2115747700493436,45.98976773147097,3795.3284,3898.8943,3842.11088005,3841.8225,8.940429480113409,-98.82464733846847,98.39697048452801,-0.023572992838223398,-0.4362318646558814,29.051513684954422,-81.44963228235056,75.75327335281979,0.040737542942930534,-0.0040250719147669764,25.803426028840537,-124.2991788203613,129.0663001244428,4.694673611500056,4.945007980027647,37.672841684311166,-120.1552433007434,83.12443847447884,-16.91499297453285,-16.521556000593037,33.61533923674673,0.2392578125,0.2392578125
E753_processed,E753_processed,-16.227905,71.197319,1.9786711447196665,0.0,7.458316011066301,-35.15302355724997,35.20570086695611,0.0003283287873524003,6.894134523993492e-14,1.9020918679914303,0.0634765625,0.0634765625,0.0634765625,0.0634765625,0.0,-200.01833,188.35167,-13.623330478423306,-12.6565575,52.556937582766984,-186.2106682928441,201.6652017211392,0.1330099705013246,1.0559963662050655,52.643929288788925,-163.52534,186.66881,-15.654581331120847,-16.363827999999998,46.53676381719178,-146.8249968502984,203.2068660575645,-0.06980183645447048,-0.8916972611983147,46.6518677572566,3799.7891,3897.105,3839.868766188889,3839.907,8.557337705500103,-256.4154145554422,148.7996353278853,-0.19286939129488945,-0.12104725246016246,30.36599960819618,-112.3972005475142,111.2122512995891,0.03347906555365698,0.2677616950509671,25.58682597995034,0.0,321.4924805819324,154.5135129194293,154.2613453547973,38.02300496556032,-124.1692942339327,167.2235031513529,4.082722843469563,4.475466333440086,33.751946115221934,0.24658203125,0.2410888671875
E754_processed,E754_processed,22.259518,23.806087,23.01822516551839,23.032803,0.22465923155593567,-0.774394798408311,0.7948723308391112,-0.00010300795936699973,0.003272900282871326,0.22381285337647694,0.1904296875,0.1904296875,0.1904296875,0.1904296875,0.0,-208.77136,186.14667,-13.711902291284126,-12.776358,52.17470652173718,-193.8386204714587,199.0607298408224,0.07088939000454486,1.0163460966034283,52.21883962516013,-185.03015,201.30801,-16.45937209926276,-17.5693415,50.52859284859593,-245.6462712301086,219.5016726620485,-0.18113622752482794,-1.2481606832057857,50.79171030169378,3794.3762,3897.0408,3839.1404241749087,3839.0073,9.265754970733555,-94.43340642763917,98.65971515827759,-0.04806569081401379,0.0584366710582751,28.035607452020262,-123.2159991475964,182.3605500974383,0.1792688189519816,-0.05146527185302663,29.02412757107445,-182.0542993750681,125.6092583019542,-19.29637851144168,-19.524727958208032,37.27058587755778,-323.3412450978915,97.54518863762915,-96.66228068568216,-96.30390401192871,37.36552330850761,0.1910400390625,0.1910400390625
E755_processed,E755_processed,-16.227905,71.15313,1.975579240457,0.0,7.4688208415668695,-35.21111494337701,35.08011564640225,0.000400087907747604,-2.7875260989598665e-14,1.8907396311326174,0.0634765625,0.0634765625,0.0634765625,0.0634765625,0.0,-186.08321,170.81566,-13.66750873447821,-11.865097,52.26800677753275,-173.6821270815568,184.3116642127335,-0.09037102655023187,1.7540332443176034,52.29431579157164,-173.76102,204.79248,-16.51301932998087,-17.619318,48.3248092127416,-188.2003502499732,209.4251486515952,0.05267594545287483,-1.1571473742451857,48.450417056974636,3791.6873,3893.4656,3838.826003405555,3839.0051,8.906702014630017,-88.89526504323726,122.3310224953566,0.034222823660843726,-0.42168773204444365,27.260406208028826,-160.3160681603888,256.9367843886446,0.14692203093805015,-0.1395290430163807,27.64460904243402,-265.2769810552763,0.0,-149.17858836229348,-149.36819628602296,36.41170399644095,-258.3917094071437,94.2554512278069,-65.92261139833633,-65.14522481321217,35.067764089693995,0.2398681640625,0.2349853515625
E756_processed,E756_processed,21.950207,23.673523,22.93301457617513,22.944427,0.23423493206856097,-0.9905042902276378,0.7145072387838628,-8.84398643558169e-05,0.002616017456124921,0.23218591554595716,0.2001953125,0.2001953125,0.2001953125,0.2001953125,0.0,-216.72954,165.30692,-13.45430540436398,-11.726741,54.59907480233457,-203.4513788489491,177.0944224766513,0.0498645728676093,1.9358894805634344,54.61379209118293,-162.47267,183.37761,-16.816037016053194,-18.544116,49.989781796402255,-145.6047974561699,201.1209962189728,0.13860792840702302,-1.7648316250118106,50.067259159643186,3795.2583,3880.0735,3839.0215754806086,3839.0051,9.011168622652326,-79.82331082292424,86.52397021387709,-0.04556235982689625,-0.04574130462395942,27.904306565533854,-204.8135017904048,149.9227777137653,-0.18119102678783988,0.07507297175834005,26.987316512578268,-69.40810611259644,167.3122130246445,48.37529966423926,48.28883591998948,37.72045608852191,-7.452770464156527,247.5310295871485,122.117893124394,122.95102818363421,35.172595459051315,0.1995849609375,0.2490234375
E757_processed,E757_processed,-16.227905,71.086845,1.9594255933084996,0.0,7.409966363078607,-35.168613302301,35.0775939760933,0.0002671028603774106,2.8736196238798006e-15,1.9046927109190495,0.0634765625,0.0634765625,0.0634765625,0.0634765625,0.0,-209.30182,159.26785,-13.371078261499138,-10.7677015,59.6001979137006,-195.7637974260541,171.900459879444,0.04332788080083578,2.6654437254451553,59.60614307197008,-185.5546,197.39848,-16.700242782838586,-18.0414395,56.22701470325623,-168.0711736590982,214.6332727590456,0.008742274996561583,-1.436872603345624,56.20512473828297,3789.9016,3897.9294,3839.190410716666,3839.0051,10.171116912394815,-153.0546305451467,98.09337018974085,-0.0975216744313736,-0.5111141283884546,30.385969405650844,-119.4549555908344,89.51595609003977,-0.06336709804342637,-0.33608788992379957,28.405269738683803,0.0,265.574099323219,144.10445976772746,143.82419475123163,40.88841924805493,-167.7383881665215,86.89227194245045,-38.68014125657751,-37.91079761777925,38.83101034183303,0.250244140625,0.2301025390625
E758_processed,E758_processed,21.950207,23.563053,22.81088123511111,22.811863,0.2472813163013367,-0.847754438523951,0.7861524241003356,-0.0004957581950737187,0.001506017353642682,0.24666253317390296,0.1904296875,0.1904296875,0.1904296875,0.1904296875,0.0,-242.19591,210.6282,-12.972858780196923,-10.3453895,60.501187092761974,-229.5773142545334,224.5764858154841,0.17330875245720137,2.5808888565444383,60.599546834873365,-173.9388,180.68457,-16.916978724642316,-18.0173225,54.58708231314044,-156.534064074157,198.0729464204315,-0.07487245108683115,-1.1912919014312884,54.669565365775675,3802.4006,3895.2512,3839.530117522222,3839.8979,9.978531845816388,-127.9933905076994,107.7877146073418,-0.08722610665903828,-0.5527542732002309,30.432102387974886,-112.7706893849961,114.1084826208355,0.007116446044932395,-0.1631990516207117,27.58869794967754,0.0,314.7284468794176,171.0787625305397,171.29783826373284,41.75634499947516,-141.9350592749808,161.8747869244608,-19.82095874330358,-19.085732888945238,37.61244977050754,0.242919921875,0.242919921875
E759_processed,E759_processed,-16.227905,71.020569,1.9570592011807877,0.0,7.416978288039926,-35.22228446997399,34.92797974148016,0.0007462819535227304,-5.185597577372431e-14,1.896116066692055,0.0634765625,0.0634765625,0.0634765625,0.0634765625,0.0,-226.01413,189.24254,-12.617253711455211,-9.9505568,63.36035595041651,-212.9950432135875,202.4531211532706,0.06927639250346411,2.442788059310478,63.466394415798305,-196.40767,192.20793,-16.786007066652463,-18.027889,60.15745799806745,-178.8307243002815,209.3038687941447,-0.14221804322034745,-1.483571942722316,60.262615078054424,3790.7944,3893.4656,3839.672951791767,3839.8979,11.060544095803161,-126.1280921948442,108.1737372228563,-0.07925573764279636,-0.6707302228804046,32.186944433256,-195.45311704844,289.350364548092,0.22169549892856116,-0.0761993868285451,33.170212699552785,-213.2333094850502,121.8626366848046,-46.389930362627766,-46.33227349158975,44.046493751175575,-394.1757973798673,0.0,-210.50839027022965,-209.4209478200702,42.39104104257617,0.24658203125,0.23193359375
E760_processed,E760_processed,21.552517,25.527588,22.65238251958442,22.657207,0.2853593902241212,-1.106041488377234,2.748128557158459,0.0001759555195867915,0.008657290610387364,0.28296955496307336,0.2099609375,0.2099609375,0.2099609375,0.2099609375,0.0,-269.25394,234.23767,-12.037785982545909,-8.4243126,74.40624735909243,-257.8334674689685,245.4116492855773,-0.07400008554296268,3.664199669066291,74.55851049442232,-251.16565,210.9577,-17.585339407750915,-19.74724,66.29958418257635,-232.4773463575203,229.8642478267614,0.06302050512547719,-2.21126837941531,66.37838676957172,3786.3306,3892.5725,3839.554997144285,3839.0051,11.899344532812384,-149.9423812187226,163.6278987658792,-0.0646943578986498,-0.4363458075701789,38.87701717148403,-133.4666507960794,111.3222726468639,-0.02810313562208788,0.1406928823230231,34.471530056484276,-131.923164633701,295.4767179259964,86.00977373123135,86.03130163877931,52.556346257258575,-233.4764090291577,111.536150619466,-36.52437198602217,-35.27278484425787,46.78227743825131,0.2099609375,0.2099609375
E761_processed,E761_processed,-16.227905,70.821655,1.9278993048408244,0.0,7.2861086167378035,-34.98047872404338,35.06223947419628,0.0004458337290556677,3.962797334298593e-14,1.9378795083276714,0.0634765625,0.0634765625,0.0634765625,0.0634765625,0.0,-246.44031,215.40315,-11.40059671752464,-9.2745752,70.87699696920521,-233.5094835476719,227.9136374211476,-0.10420023631053685,1.97734292175659,70.89814936464407,-202.38,198.85143,-18.911190433113045,-19.77203,60.384440134120155,-182.9988096011991,218.3181794338612,-0.05087362487217929,-1.082856825393844,60.3956895934131,3788.1162,3892.5725,3837.266644813601,3836.3269,11.457454944627267,-131.3375651720782,221.2809344549279,0.1750963892678272,-0.4216484227378956,38.54219230052841,-100.7679102253218,94.51858290529621,-0.034707657849118306,-0.1885373309947731,31.646011587041404,-300.7474634339175,11.97388141919645,-145.43244303995078,-145.8071929844016,50.40887889964929,-154.9449965706987,113.8464503083917,-9.486512568092365,-7.935924175158192,42.37232575101111,0.2264404296875,0.2008056640625
E762_processed,E762_processed,21.287392,25.22007,22.522541530814117,22.524635,0.36266430599311605,-1.267653342496823,2.552577335929084,0.0010617443550236909,0.004083828561611267,0.36155588172817277,0.185546875,0.185546875,0.185546875,0.185546875,0.0,-307.71881,267.92755,-12.305080297494698,-10.692214,83.80211760225869,-296.3081449648971,279.61543171464,-0.03282149973440357,1.39979835670592,83.79424567653194,-265.37247,257.33087,-20.021830257445625,-22.333361,67.56240120726295,-239.8993974574901,277.3321130939107,-0.025533540996482126,-2.558920203219138,67.54910221520882,3752.4043,3923.8203,3832.576708124479,3832.7556,13.957953464358214,-139.2743958333573,135.6268111066553,-0.00400511640327497,-0.4871551011984838,45.73347609758569,-106.238982431561,120.2397069362461,0.048851767530985434,-0.07949860728206204,36.36548639705061,-186.1468481722974,170.4967267612975,-1.7844044679719648,-2.14383824912397,60.24827143964189,-168.1685789493445,159.0723939151247,14.48993215764336,16.21005702508669,48.00020444182681,0.208740234375,0.23193359375
E763_processed,E763_processed,-16.227905,70.269356,1.9318370708026005,0.0,7.350965713760315,-35.20357167206265,34.15724211791765,0.00036021089224275453,1.873648275042906e-14,1.8954864701574854,0.0634765625,0.0634765625,0.0634765625,0.0634765625,0.0,-257.31659,271.90668,-13.976534673812434,-12.036565,78.87754494923601,-244.9282106366697,285.3132056886587,-0.03595778218092011,1.771746689357897,78.87004437146106,-208.81328,220.60762,-22.44333572782803,-24.939432,62.56713262318242,-185.4250574391435,245.7930995826072,-0.15187928801771486,-2.767035705241332,62.64590745814293,3772.9385,3902.3933,3828.1584723262404,3828.2915,13.09508087485917,-128.068422999592,160.0575385776251,0.09152783182033186,-0.11227564558251,44.9944489189678,-120.4891596639906,162.066181513638,0.13983052267843876,0.3589776584942688,36.5907597726069,-179.5316732694998,152.9417925797315,-9.753570717091666,-9.250324361727483,57.63148287698239,-308.6013862713417,0.3571612065189346,-161.15358912076007,-160.3106021248402,46.138222806167356,0.218505859375,0.19775390625
E764_processed,E764_processed,20.889702,23.960743,22.34444952994777,22.369987,0.40199710269336153,-1.450013060419169,1.498002466430575,-0.00040007723835704014,0.01811076905999801,0.40019469260341073,0.166015625,0.166015625,0.166015625,0.166015625,0.0,-309.04517,317.26868,-13.09088421600883,-10.161351,87.48823024962341,-294.4151137191363,328.3054823013916,-0.10757655879747838,2.735750272171889,87.52822956353297,-233.47415,286.54865,-22.20945320489557,-24.455846,63.55264638200046,-209.0376651553613,311.5468772905699,0.03662558325947279,-2.2083632060712044,63.53797658484454,3762.2249,3923.8203,3828.0883732859206,3828.2915,13.99689220670581,-150.5673670340395,253.9109128675388,0.16577588325215364,-0.6633355530815956,51.49122997367823,-128.9314347693785,115.3979642264383,-0.007715277219762458,-0.14017060947459606,37.29617569831497,-355.9167088858816,46.88627782013709,-133.53107998029648,-133.14880211585358,64.8196682418201,-125.0812325805493,193.2613581839011,40.38160673759717,41.035807980355415,46.765224171705896,0.1983642578125,0.206298828125
E765_processed,E765_processed,-16.227907,70.267464,1.9222874950201148,0.0,7.3211563383170875,-35.22285664416282,34.13476424670955,0.00032746797805647323,-2.780952911109107e-14,1.897151894483895,0.0634765625,0.0634765625,0.0634765625,0.0634765625,0.0,-323.90054,338.49066,-12.44124197898122,-11.96508,83.27120565952461,-311.5576674538701,348.2026672792646,-0.0473664811175048,0.1699726914805595,83.26184071151265,-301.29153,258.93921,-21.663658583851294,-24.2941,65.76602913108661,-278.4119039052671,282.7664520405664,-0.027790185558064475,-2.680999354075773,65.7768199201488,3739.0125,3920.2493,3829.5814090681783,3829.1846,15.011534240762158,-185.6125127656595,166.5060406914472,0.039783744226374713,-0.2187874381551609,51.0395873072579,-125.6287102426675,164.6573375011922,0.06659543294263201,0.1723051032686083,41.89157101747809,-292.8746240191732,133.9423654748748,-63.810980157047624,-64.0688502514024,62.78722817937492,-270.4170784173618,90.71239734375521,-68.56346433997511,-67.3147601043586,50.37979977398323,0.186767578125,0.1953125
E766_processed,E766_processed,20.292839,24.270012,22.137592525868296,22.148876,0.4910987466981426,-1.98589755299862,2.124491030504948,-0.00024548201490239095,0.00887988578330311,0.4894539112013179,0.166015625,0.166015625,0.166015625,0.166015625,0.0,-335.04208,381.73047,-12.661269962696906,-10.533417,86.33307324804304,-323.1305281521969,391.2127084424577,0.0658883901455079,2.075816139500187,86.59618833048663,-238.2991,268.32104,-21.012897153617278,-25.100935,68.55475119163239,-222.5196467211738,291.1065290619764,-0.0918314848335797,-4.211498756316087,68.78182211932402,3722.9424,3920.2493,3829.724835187552,3829.1846,15.820390469029473,-210.38442660463,202.6974550214656,0.07043219068007056,-1.354255165788047,56.973800042759216,-149.7261030329942,154.9880492945571,0.01103725744925794,0.5849521554775095,42.66729068636672,-412.3240765669705,117.771512154177,-137.5398808174388,-138.4099826806729,67.58369511306893,-164.1045354061606,242.344991581996,71.46589320143643,72.54717221509587,52.000073070555224,0.17822265625,0.201416015625
E767_processed,E767_processed,-16.227905,70.114716,1.908766600097061,0.0,7.283659494868764,-35.21823744786109,33.98264509887386,0.0001265158580935211,4.495638468716039e-14,1.9067286590666683,0.0634765625,0.0634765625,0.0634765625,0.0634765625,0.0,-292.59811,326.55328,-13.328341883272849,-14.795533,90.47246266605954,-276.496217841969,340.9208723883522,0.21970523661082392,-1.654192579006423,90.60172973564441,-250.62953,298.34299,-20.210538253516198,-25.692038,71.76623967370865,-228.3535434510572,319.3613879327063,-0.1866441584619947,-5.230212595393674,71.88665263648582,3705.0864,3937.2124,3829.7161830657255,3829.1846,17.305638506663954,-445.673873020807,255.0061575091786,-0.3521453178598231,-0.3582463463514181,62.30305460613712,-221.1707481919868,381.4724893756008,0.2867174283841719,0.4941714709997385,48.999312268082164,0.0,564.6114635868072,313.21897348569325,313.0036714166182,70.89724269834949,-572.0444450920262,0.0,-347.7296899691303,-348.3962299274745,55.529300636979855,0.2337646484375,0.19775390625
E768_processed,E768_processed,19.162994,25.152367,21.976466433318514,21.993198,0.5741765422416668,-3.134131684281105,2.767660488853616,-0.0005273654846904045,0.017244118596587546,0.5719743778367544,0.1416015625,0.1416015625,0.1416015625,0.1416015625,0.0,-365.28342,361.83487,-14.152135658508001,-14.0538055,88.89035287276646,-351.441251450753,377.7775683982293,0.2140717030345566,0.26268686527848795,89.07384295324061,-260.27945,334.53012,-20.115259062181707,-24.0388895,67.1661755454787,-239.0272710279527,355.610882971777,-0.20967304501626446,-3.8845693121998313,67.35758001072084,3717.5854,3939.8906,3830.265857001556,3830.9702,16.770119275953874,-372.4091960971716,226.1908008477845,-0.24804765819703642,-0.9870574681628916,62.71109298818534,-162.9624220813415,299.4036682979228,0.1730006401584866,0.6200417257777033,43.78404618782133,0.0,593.7529315570404,364.34921599089756,365.0315330147683,70.52670211571511,-579.7584587190385,0.0,-354.63068660420794,-354.3741559152304,50.91384638110963,0.1910400390625,0.1910400390625
E769_processed,E769_processed,-16.227907,70.068703,1.8817049506715016,0.0,7.168274812796881,-35.05335092578241,34.16586464943524,0.0007070886540888187,8.321821625492732e-14,1.9392046726479761,0.0634765625,0.0634765625,0.0634765625,0.0634765625,0.0,-304.00494,282.25241,-13.570744161748305,-14.4990805,85.47842300232023,-285.9644591850727,295.1454970993358,0.011708853574514446,-0.9312047441623683,85.56071142304262,-246.07263,312.01367,-19.659890701250877,-23.5276545,67.74177999788768,-227.8284800048922,332.9763951511745,0.06556569436609268,-3.802802234359171,67.75221811584056,3746.1548,3937.2124,3831.1143627931533,3830.9702,16.54668411741144,-226.4489151246171,185.0188190864369,-0.13350256049872594,0.15305603715729799,58.40414567807994,-145.4029737092316,129.9393461208396,-0.09136814124902418,0.3768741688254451,42.72685292585925,-40.79711951892811,406.7028351066471,172.08982294708383,171.9385896151029,67.13458209864369,-54.32827582867493,297.1702752632823,103.2870848054183,103.22410033202145,50.73185078322086,0.189208984375,0.2142333984375
E770_processed,E770_processed,19.650898,24.22332,21.825552504444936,21.837818,0.5027350574258732,-2.152447358099774,2.320742068276801,0.0006808345927149627,0.007581819159561885,0.5017983437456695,0.146484375,0.146484375,0.146484375,0.146484375,0.0,-381.19992,353.34604,-13.749470976408455,-13.5718435,81.78786822013782,-368.1966001815081,368.308014189618,-0.023839881035064067,0.009216798765448788,81.77145421859184,-217.12291,335.33429,-19.669457709709448,-22.735298999999998,68.77745684413456,-190.1845017509499,360.758288385732,0.16101229196891495,-3.2293240582685145,69.0138021452407,3740.7979,3922.0349,3832.197257178575,3831.8628,15.912235489465546,-185.406290378546,189.4116617808714,0.028462611107481568,-0.05702767625264116,54.665676745734224,-187.2371822057318,182.3261712272269,-0.06654957767545713,-0.34745404212328346,44.25371861648782,-219.4301944736967,221.3704662973083,-0.5315113647003208,-0.258342193739276,63.41712683596469,-179.8662160457874,287.999572086675,68.56097341871195,69.60470922971221,52.77514661887327,0.2362060546875,0.2264404296875
E771_processed,E771_processed,-16.227909,69.816803,1.8908233093245552,0.0,7.2342104937660325,-35.2043279303649,33.65282641085868,0.0004374750437188242,8.131189785111358e-14,1.9029463676272431,0.0634765625,0.0634765625,0.0634765625,0.0634765625,0.0,-375.89444,312.49374,-13.674515588081418,-13.4960085,84.77884886765513,-361.8768507654056,324.7884163979355,-0.04484206655289268,0.16742541992087645,84.77739222468186,-231.06168,323.80801,-20.274290035067516,-24.911886,68.23172412391496,-208.7607112689514,351.3760809160978,0.18102526476564568,-4.6583047230200005,68.36799646057318,3730.9773,3964.8889,3831.781111196932,3831.8628,16.647980885710616,-179.9250760166711,208.4612754169501,0.005801066974063251,-0.45076389466471584,57.10973942987726,-404.6168475847228,255.2545691693734,-0.30410727548315836,0.2892209888646686,45.44676242928292,-157.4101850999519,298.9716703598654,72.97133102338593,72.86008187640792,66.13458549747239,-5.601247950025605,466.5074408322933,276.47952231454576,277.09887278504186,51.74731260092518,0.20751953125,0.211181640625
E772_processed,E772_processed,20.021618,24.595982,21.79275564375799,21.81245,0.47947266322274373,-1.804659269436883,2.723555620544594,-0.0003180609036611263,0.01345877455789801,0.4787345585187336,0.1513671875,0.1513671875,0.1513671875,0.1513671875,0.0,-289.41483,262.62207,-13.609339816782066,-12.942936,78.92341371502461,-274.2340608380333,276.9604897224212,0.1311114031976733,0.821901401519268,78.98808928826804,-223.82425,272.87793,-21.109023967250085,-26.739113,68.60200288853316,-200.6128777662819,294.273358749354,-0.004199850872141703,-5.616531342485032,68.55731789474717,3760.4395,3907.75,3830.608427301517,3830.9702,15.084656652386489,-191.7963360000426,165.5926523267191,-0.1058407177952132,0.01142464534240162,51.269096340842204,-143.5546210996318,146.8912928837908,-0.05186961666027915,0.4679811006867772,43.161834556374174,-25.51169245371806,329.2874492454636,162.98088159758979,162.6015666918896,60.52350901840483,-122.4282851106346,212.4897845222893,52.81081556181816,53.97825612562673,51.72966689855376,0.2166748046875,0.2349853515625
E773_processed,E773_processed,-16.227907,69.556198,1.8921254229974216,0.0,7.236418587299823,-35.19740906205238,33.38685351817456,0.0006964743640503405,8.117918233003938e-14,1.9038971754090337,0.0634765625,0.0634765625,0.0634765625,0.0634765625,0.0,-320.452,285.17044,-13.835634781210707,-12.5775615,79.17761176934356,-308.2881143763565,299.0187140902722,0.02997393691712325,1.2312324173416629,79.17389534863007,-276.89874,326.75659,-22.14821862665971,-26.954631,71.4689106189961,-253.4885606961636,350.2735337156775,0.12777239389058392,-4.6681495771878225,71.5360445019524,3735.4412,3932.7483,3829.674445610624,3829.1846,15.72975057268375,-184.0409121437262,187.0816195957637,-0.1195884449762131,-0.38186753648109273,51.51225549590778,-178.2351249733945,148.2702728677441,-0.10770733852870774,0.45963529356596755,45.76279272149175,-145.2336484483339,262.6347287962448,62.8939225526626,63.24496346128156,60.500191629633036,0.0,403.912022917109,211.74024252723441,212.55971023926423,54.199422839254,0.1763916015625,0.225830078125
E774_processed,E774_processed,19.959679,24.75238,21.788148359726623,21.792076,0.4954037881536865,-2.535783280355916,2.827553503621677,-0.0016786378146578446,0.006430277819087657,0.49675767132381565,0.1416015625,0.1416015625,0.1416015625,0.1416015625,0.0,-308.51462,333.7157,-13.966239508241985,-12.758881,82.45096369111614,-293.4111171128966,352.0906675479383,0.04486529414410474,1.018429188384411,82.41830181650019,-287.35281,321.39554,-22.229648344778575,-25.422205,69.66256752703056,-263.9236040489968,346.7045461595061,0.0684959896790154,-3.157339377349593,69.66408147738623,3692.5872,3919.3564,3829.778795471468,3829.1846,15.938677291676672,-189.677030926202,176.7050383710452,0.02717283723823479,-0.8032249603872543,52.34119634635747,-154.0364778712997,156.3046199981372,-0.09378256076493968,-0.4587420783971368,43.60616276406382,-161.2231415058436,250.563159242643,56.21625354342037,56.08661711288755,62.635910688303824,-91.60405924696393,260.5302986531601,90.78149314418727,92.00534044995534,52.137334694690814,0.235595703125,0.2301025390625
E775_processed,E775_processed,-16.227909,69.507172,1.8905735487024617,0.0,7.233262046487006,-35.18544680847142,33.30634871885934,6.15637635883863e-05,-4.855884644269694e-14,1.9017204503323253,0.0634765625,0.0634765625,0.0634765625,0.0634765625,0.0,-334.51154,330.7977,-14.087025773212666,-13.574486,84.91151190498331,-319.4819037043571,346.2264597764498,0.07560851001232885,0.4351602473167695,85.15745656151627,-249.55733,312.5498,-22.01035309580347,-26.846512,73.09757269073545,-255.8751252874928,335.2513042628069,-0.14741534096846684,-5.176668815436511,73.35964440462892,3691.6946,3987.2085,3829.7328419815512,3829.1846,16.63711139624275,-200.6983045444662,224.0488319650384,-0.012175912534468496,-0.10271057256754765,55.35427722091031,-232.6084019758612,178.8578513974225,0.04187050281641402,0.8043418952749288,47.036369234143514,-387.9067453738252,134.5450285132287,-129.0122439979235,-129.9320828815473,65.95639940816154,-263.5231287516899,249.9511591423529,-4.791769004027759,-4.837836203595881,56.21451536210909,0.1910400390625,0.1904296875
E776_processed,E776_processed,19.738613,24.400715,21.828443840335666,21.835381,0.5109358560458706,-2.081639035949731,2.478209055077357,0.00046639148142691995,0.004800167957301921,0.5101621114247007,0.13671875,0.13671875,0.13671875,0.13671875,0.0,-311.9632,258.90823,-13.930434924301734,-13.877073,82.12678107441442,-299.7201086587691,316.6488985199636,0.19889971466014858,0.10015386933845603,82.26044721465796,-281.99173,388.40878,-21.33266569068046,-26.6184935,72.55692123010286,-262.8795576169729,413.2739129424301,-0.2734525139739397,-5.396093011772537,72.85977720006517,3725.6206,3952.3896,3830.6080301600537,3830.9702,16.4552767718171,-478.5030274392869,243.888939268707,-0.34233511000377714,-0.6534942389966698,57.13535086041823,-231.7775557728689,397.839433701436,0.3120577618822261,0.6995120436898298,49.35628922291869,0.0,631.2967225755311,340.8558646301627,340.64252572813507,63.938385159429046,-648.5848230898237,0.0,-420.75107832055636,-420.57853419677735,55.74515433429767,0.2288818359375,0.2252197265625
E777_processed,E777_processed,-16.227909,70.10537,1.8780034979423794,0.0,7.146280731325539,-34.97755617346438,34.31252187562093,0.0008568338345469816,4.003995980353729e-14,1.9472050980133813,0.0634765625,0.0634765625,0.0634765625,0.0634765625,0.0,-373.77222,354.93771,-14.533521352708641,-13.377304,83.70963630988354,-358.1126349584142,369.3187632153725,-0.13670228541009966,1.134432271702124,83.8388273461031,-240.44351,331.31348,-20.3029252287319,-23.944185,73.89296533919844,-218.7811743784249,355.2328076163711,0.08328557269443944,-3.694889359623389,73.94452711776499,3719.3708,3938.1052,3831.3802859254324,3830.9702,17.029248102407283,-200.0760416825642,295.9672560251514,0.16838328251592824,-0.6432266184907234,57.040050888188055,-163.8242559559694,174.2391189800923,-0.010361322701099665,0.7588469673650415,45.41135538476032,-557.2210223250877,0.0,-309.2545790228388,-310.0016919540284,65.18316228733535,-188.3444472733354,212.0200400674988,28.75334535262873,29.70782910574293,54.95778457260819,0.198974609375,0.2032470703125
E778_processed,E778_processed,20.020985,23.79731,21.90508648247125,21.901264,0.4722658411685309,-1.912405702878002,1.840414052395038,-0.0004826991767921338,0.001074864509734898,0.47175200876131734,0.146484375,0.146484375,0.146484375,0.146484375,0.0,-315.14648,306.12714,-14.612940193426688,-12.088226,77.14993043055686,-299.7651211663019,320.6086805878303,0.04190386323850882,2.697904173405711,77.12110293169943,-253.57813,286.01251,-18.85622197267985,-22.842363,65.3130405595386,-234.9874369143082,307.1571650535225,0.17016013603001956,-4.117023828048939,65.43857376307818,3744.3694,3914.8926,3833.8346614923053,3833.6484,14.895611303699866,-174.8086610089445,189.6520917553983,-0.06627600970882622,-2.230900527069465,52.1034868615336,-264.0899871861209,157.3161002226882,-0.22078771129098468,0.8197109526325264,43.1594652561694,-142.3522621672656,267.2006702389357,64.13285475869716,64.886136836539,60.29368544311091,0.0,341.908877207196,188.13659553704142,188.0085081263661,50.01550286399519,0.189208984375,0.234375
E779_processed,E779_processed,-16.227913,71.658798,1.8910754441244444,0.0,7.197576190267278,-35.12971102073978,35.71410597802323,-0.0006241043116547525,1.889569098694088e-14,1.9316939586326145,0.0634765625,0.0634765625,0.0634765625,0.0634765625,0.0,-348.83636,250.68471,-13.886819450195082,-10.701871,79.51907638959433,-334.7300977053144,265.2311140237524,0.17759319086760544,3.258001326226015,79.6476513990566,-230.79361,325.41632,-16.23906695735539,-20.5715645,68.4985802507308,-214.4989048802631,346.4128113659112,0.08919740735344045,-4.39411455490851,68.5067405524407,3750.6189,3938.1052,3838.379913091798,3838.1123,15.105062638235015,-315.043352277673,206.9893171470104,-0.20876558581836152,-1.3866030210433995,52.663342349058745,-140.8591344024043,139.9687834004804,-0.127365610992962,0.24515919550045773,41.839559493723286,0.0,451.5513707709088,274.20534129618653,274.16416654076255,61.24532042145825,-46.01425327776646,307.1547151778256,125.10593562067461,125.39652957881566,50.833908580547366,0.23193359375,0.2276611328125
E780_processed,E780_processed,20.284744,23.512585,21.995973218444444,22.00824,0.4615483082920213,-1.716752155666153,1.468548038147902,0.00026686047790265056,0.007327336879956212,0.4609136011890254,0.1416015625,0.1416015625,0.1416015625,0.1416015625,0.0,-300.02582,238.48206,-13.355029448751905,-10.9152495,74.8174961798049,-288.4202959032007,252.427969423062,0.21044289328147764,2.4296076288557855,74.9600409376834,-240.97963,275.82654,-11.578236115582305,-14.796216999999999,62.608673025533854,-229.272219630516,289.4783984651252,-0.03533105492972978,-3.393490791497737,62.601100521452324,3753.2971,3937.2124,3848.191437683334,3848.8257,14.592135680549314,-264.4037582651336,205.702172648937,-0.23117402697374312,-1.165962887069612,50.40860145443236,-137.2856249363277,129.4482674364226,0.016755547475820465,0.9697330861074054,38.29996887408502,0.0,394.8151855970935,230.63964548640857,231.16395283317843,58.40895690671154,-146.9038289795783,189.7368413995069,29.630033885614598,29.514115128002416,46.75199017418469,0.2593994140625,0.2203369140625
E781_processed,E781_processed,-16.227911,72.263336,1.892678993525865,0.0,7.184489198602404,-34.60292221718128,36.30471579926696,0.0005190629559507109,-1.101695466988606e-14,1.938549967032868,0.0634765625,0.0634765625,0.0634765625,0.0634765625,0.0,-307.71881,248.29724,-11.335122705861977,-9.694953,71.62542436273922,-295.5427188488442,259.6406683939663,-0.07238193843143144,1.517210460470231,71.68005365413616,-180.85921,275.29041,-5.1941458679835915,-8.1429167,62.435547634322795,-173.4327055533004,282.5954342822697,0.015103534313188692,-2.790381629813611,62.42931793450115,3795.2583,3944.3545,3860.1962233983445,3859.5393,13.998797326996229,-160.6458353260363,182.6280667929604,-0.005134047754172223,-0.9536858551068335,47.00577792770383,-133.0072792111787,115.9489327390108,0.048207489284506556,0.9710438023082819,39.10251682285543,-195.8791817517065,152.332369254408,-13.840182653163255,-14.28570371398255,55.57614293073727,-183.8229653837664,128.7782638747507,-22.40895303918669,-22.3865055740845,47.09874870941986,0.2239990234375,0.2001953125
E782_processed,E782_processed,20.464401,23.444904,22.12235342802378,22.141624,0.4507061288730914,-1.645115296075289,1.347501579994912,9.727831604176746e-05,0.007919761813793585,0.44987608701683907,0.1416015625,0.1416015625,0.1416015625,0.1416015625,0.0,-282.25241,231.5849,-10.053252271221353,-7.4297972,69.00869356738094,-271.4415794414566,240.5763078929944,0.05287747129142438,2.53716491859327,69.09855354758689,-202.64806,251.4337,-3.808305105470704,-7.4198956,62.035939939597036,-220.9200792528829,260.352787607835,-0.044517581804676576,-3.764992387213795,62.19533681879352,3797.0439,3952.3896,3862.051229462749,3861.325,13.163766845634298,-171.8898694724641,168.5452517650442,0.08336240382152099,-0.758718442044902,45.939486920863004,-131.1932725615902,145.8138758538658,-0.031086468161983467,0.2713843179054578,38.3700826111889,-272.7127441511058,99.04062849823313,-90.23453821829712,-88.99523928642591,53.81066169379148,-78.8229394113412,322.5764952592442,100.73811227867667,101.1061534552806,46.86498188376247,0.2239990234375,0.2349853515625
E783_processed,E783_processed,-16.227909,72.24662,1.9268646514327779,0.0,7.347171256365716,-34.91447129595919,35.88185891175138,0.0014503804327261338,1.344615793582288e-14,1.8823752271393366,0.05859375,0.05859375,0.05859375,0.05859375,0.0,-216.19897,223.36139,-10.434667342048444,-9.060987449999999,66.43215453166029,-206.3466204708551,234.8833674814562,-0.08543537501809827,1.318923920759358,66.44680301823485,-177.66982,240.44351,-5.148066551606367,-7.13150455,58.69276433619404,-171.4480963982498,246.2482614738247,-0.03282282330773911,-1.9659530787568265,58.72401110013708,3791.6873,3923.8203,3858.241248477778,3857.7539,12.50629818051896,-133.2460952830215,135.0349338146597,-0.011025042845726174,-1.1565072901369784,43.31993945345238,-176.3022963042943,197.6565121697083,0.15379048530124606,0.5102983784772739,36.670443259026925,-225.6929280351981,140.060921408131,-65.4168201849232,-65.54041411254201,51.29727251882552,-303.6569057635047,22.23611102305233,-133.45898110851152,-133.25415080515864,44.11686661332915,0.2069091796875,0.196533203125
E784_processed,E784_processed,20.668446,24.003868,22.24908590088889,22.258503,0.36111570045086716,-1.600288142072255,1.734258358898589,0.00043095547248937955,0.01162757734339058,0.36077904218274814,0.13671875,0.13671875,0.13671875,0.13671875,0.0,-219.117,190.23889,-10.884592027332443,-10.176397999999999,62.73064839997701,-284.9182069083155,201.5154858596032,-0.22604355469188536,0.5332802031754158,62.987799268654584,-176.94508,214.71043,-4.223340196472643,-6.58510185,57.52576974087845,-172.3601284729264,219.7973541295682,0.09499781385729933,-2.2752648412270187,57.55302387945017,3801.5078,3927.3916,3858.998186611111,3859.5393,11.985433527502156,-230.5179857555711,397.1965411807835,0.2786747121584239,-0.650310926415782,43.298515918596905,-114.4445344428719,110.7306191437577,-0.11118529274269716,-0.163726317917944,35.11794327261363,-530.0694517023637,0.0,-366.04693319688425,-366.07561358000595,49.10220939713358,-56.80323180371085,224.1403274548005,82.4794988666629,82.05445017053015,43.35147245636205,0.1947021484375,0.218505859375
E785_processed,E785_processed,-16.227907,72.185844,1.911146228753375,0.0,7.234487395214211,-34.4175817877818,36.20335239610628,-0.0005857948445207613,7.266248554253568e-14,1.9389357556798956,0.0634765625,0.0634765625,0.0634765625,0.0634765625,0.0,-245.37921,240.33897,-9.972423105449748,-8.4215679,61.241377059707524,-232.8722431280444,251.2364711974452,0.12983348301172565,1.595097727510733,61.332480102877966,-209.3494,292.17776,-1.5481298364305116,-4.2881889,57.457361786555914,-208.6179189995868,293.7105823787213,0.07545038132108224,-2.678127665096326,57.43720920370471,3793.4729,3942.5691,3863.2643497027616,3863.1106,12.12219553602967,-157.9653904805622,129.9731383070336,-0.06782103259073073,0.006972312473319198,39.987321443790556,-136.0779398261194,127.485628391492,-0.06506422090718389,0.4809955486949562,35.1103052609396,-44.93928306791732,277.619295491495,130.70199702196058,130.6728634665545,47.19421230170884,-132.2618369677558,171.2308201694071,26.327191898365918,26.43923399264823,43.185309962816675,0.230712890625,0.2215576171875
E786_processed,E786_processed,20.889576,23.828045,22.370065758166668,22.369904,0.3679336857944514,-1.517181578021236,1.447220158805219,0.0003853457298130901,0.008762096505039098,0.3667479457070724,0.1416015625,0.1416015625,0.1416015625,0.1416015625,0.0,-242.99174,243.78757,-9.155411743862523,-8.09546895,61.720469868106896,-233.5700258176981,252.274264411799,0.06400782781252567,1.0762779454523985,61.74176452172044,-199.3817,263.22803,-0.5857474051496889,-3.3327689,56.87952506758084,-198.4221930420829,265.7769731513295,-0.1285903686050049,-2.9514491864083494,56.94172890584096,3814.8999,3927.3916,3865.5870873055555,3864.896,11.762738162948416,-210.0680034750792,154.0139875854598,-0.1427654180563882,-0.34881026214262784,40.61578609770293,-124.6581054296934,154.4479000163351,0.08375846492202739,0.6265892065248018,34.62018570092284,-20.23587009769314,331.95804396656,145.34435875063673,145.22969469953085,47.58123660062679,-311.6949006132274,0.0,-164.93031205794205,-164.57995994571928,42.71339713748102,0.244140625,0.2197265625
E787_processed,E787_processed,-16.227905,72.213631,1.9210288329946106,0.0,7.262480357610196,-34.47427389975997,36.24890754484643,-0.00016596119753555313,-1.668066314741864e-14,1.9334045952175192,0.0634765625,0.0634765625,0.0634765625,0.0634765625,0.0,-220.44336,251.21524,-9.107775689862605,-7.3693647,59.77223201773732,-210.9653458340571,261.2699924775225,-0.07142517142709885,1.677980895218816,60.0004717469904,-183.17516,221.14371,-0.4243919258098784,-1.9168116,54.08081989644264,-182.0936638627646,221.603386599997,0.0375700408417399,-1.488289025431763,54.068217704780785,3803.2935,3913.9995,3865.3185767320406,3864.896,10.865971373290465,-143.562919239182,254.1546337885549,0.1574812169417491,-0.5840588407818688,38.92678161622413,-118.9522687843542,127.1224464170855,0.006887183452799118,0.1962089311315296,31.49409186323137,-422.4203243132543,0.0,-256.7388907555194,-256.3077803521359,46.04203627249613,-121.5255371498298,175.7528992285737,42.075141197792405,42.63219976910295,39.78284458403357,0.2374267578125,0.208740234375
E788_processed,E788_processed,21.309486,23.518867,22.496152489777778,22.502552,0.3606397462200482,-1.230754832709037,1.052570343471183,-0.0004382166145940839,0.004182849849103099,0.36017036600481767,0.1416015625,0.1416015625,0.1416015625,0.1416015625,0.0,-229.728,190.93433,-8.978574390800894,-6.65780375,57.53455149677858,-220.0083946679461,201.4987830696525,0.12587267117148765,2.3792499932660336,57.63968229961338,-174.95473,193.76678,-0.24577228006328894,-2.0305012500000004,51.169784095603006,-175.1966629241417,194.8041154726064,-0.01976121938069798,-1.8697278087769065,51.16556722653114,3814.8999,3913.1067,3865.998301416667,3865.7888,10.408563648199523,-263.9583332323523,221.4525393356464,-0.1878802602974227,-0.5563095189918545,38.9761712879104,-95.17907469827418,106.5332016718827,0.02109759662722196,0.2016750119259463,29.839001003557076,0.0,393.8347746781716,218.68003076162077,219.04903844172838,44.85771929269724,-166.503056621413,71.03863406235729,-43.80969601483311,-43.57164677089092,37.60972386969765,0.2130126953125,0.1995849609375
E789_processed,E789_processed,-16.227905,71.617096,1.9304489357034444,0.0,7.288077781459872,-34.24559089103837,35.44198983365054,0.0005741829854404252,4.5876794674259395e-14,1.9352982184738428,0.0634765625,0.0634765625,0.0634765625,0.0634765625,0.0,-208.77243,187.79968,-8.793982671692705,-7.2708163,55.182240745411605,-198.0368426503996,197.2274514909786,-0.030177149692913702,1.5691976841637651,55.26244876819689,-165.07684,177.91901,1.2805906391355832,-0.8814843,49.455109954946344,-166.9406912151296,176.2774087134762,0.11196850065190658,-2.0363256690744054,49.5194455707177,3816.7065,3918.4854,3868.100495011111,3867.8135,10.080619334863878,-125.8630993747838,116.3647666198846,-0.043155790810278705,-0.5633178695324013,35.26182967628058,-159.2275642818486,99.69121127711708,-0.1281827883936046,0.12643037413727498,30.10116716508831,-77.17668392637448,210.0441625689778,65.85905873653715,65.41434555526398,42.32986096545229,0.0,253.7374426882083,137.28703717600595,137.73000505083445,37.00178979431486,0.2301025390625,0.1959228515625
E790_processed,E790_processed,21.486237,24.490993,22.618471177999997,22.635113,0.33772353305159225,-1.155688259216408,1.836620695082344,0.0004946591264796691,0.006340359706775461,0.3371079737445261,0.15625,0.15625,0.15625,0.15625,0.0,-211.96036,164.00398,-8.27605694524003,-7.957672799999999,56.05143681157681,-202.8179239874008,172.3881786557034,0.04092263843333467,0.3606213908825726,56.087575263402684,-158.19411,207.21317,4.267472162447116,2.0982809,51.417657244357784,-162.7390732387997,202.7030697926311,0.027466540808991396,-2.264150206023738,51.48558065402584,3829.2888,3925.7612,3872.7785982555556,3872.29,10.313136530675838,-103.550450116013,143.3220246811617,0.0702251786581705,-0.1456665841263438,35.998978162463025,-170.6674439848255,146.0364845633582,-0.06332861776345103,0.22932257524556032,31.000888153147653,-177.9168524311891,80.66097874321913,-48.18867670418961,-48.07753873613706,43.16519234012229,0.0,271.8334193618068,126.65026150131138,127.19124040468014,38.44246674149972,0.2362060546875,0.2099609375
E791_processed,E791_processed,-16.227905,71.50663,1.9401855573319444,0.0,7.313674118401403,-34.29398193407645,35.3160304054324,0.0005127611602197486,3.579416120606311e-14,1.9296887988228344,0.0634765625,0.0634765625,0.0634765625,0.0634765625,0.0,-194.99837,163.21948,-7.1142497011718175,-4.7448444,53.95676773463381,-188.1926063568238,169.1422422520615,-0.01212276875562488,2.1567305055697066,53.951160160928076,-142.88406,206.43326,7.754641672003851,5.5447769000000005,46.872874537646766,-151.5108145305841,197.9006076343169,-0.06826995858269672,-2.1725123963810367,46.906757282564726,3834.2068,3928.9021,3878.8395129944442,3878.7659,9.672879044191703,-111.6561165758209,105.4143194616481,-0.04535575776248126,-1.0004477368381277,33.16148333636869,-96.66102290926455,148.2914183660673,0.09632462371714375,-0.06782285650100128,29.37627510867713,-201.3549075301757,43.56012484657867,-84.15105444149988,-84.53979115557013,40.65652895880963,-245.180477200668,0.0,-127.34402322358054,-127.21272827573355,35.51534765743506,0.2227783203125,0.2227783203125
E792_processed,E792_processed,21.442047,24.513088,22.751429275277776,22.767677,0.30873669011407673,-1.297791697016861,1.694730946637407,0.00028962435964469547,0.005230262111854024,0.3072246493509498,0.146484375,0.146484375,0.146484375,0.146484375,0.0,-228.17398,153.58685,-6.104187246079751,-4.7170932,51.04527667161052,-222.8942218019554,159.3800201010073,0.057842476634456186,1.2195129588575315,51.06741426684203,-142.21169,192.39546,8.90146175085039,7.2227774,46.05078420231531,-149.8798758951767,185.1233796758563,-0.0496043177069387,-1.774183237209658,46.07087169618798,3836.926,3928.052,3882.1725459222216,3881.6165,9.044704166047577,-169.9267624068596,108.121868556251,-0.12055932153878023,-0.4191769941527199,32.48323093104671,-93.68374857748954,108.2418090732478,0.05150526463483119,0.1468462859483175,28.250917703104463,-28.90584092501744,247.6339242315959,100.38323686991095,100.5384182166942,38.74846306471181,-229.87371720235,0.852658849106305,-104.16365544242194,-103.42193644941,34.5511623648576,0.2203369140625,0.2294921875
E793_processed,E793_processed,-16.227905,71.595009,1.962313736999333,0.0,7.411039476180592,-34.41418378705341,35.15939088363594,-2.740419237229705e-05,-2.9952691198551736e-14,1.9009361716343443,0.0634765625,0.0634765625,0.0634765625,0.0634765625,0.0,-214.11301,157.05339,-6.5794500057934835,-5.0023145499999995,50.854075189996195,-207.1133720240643,164.0303373697482,-0.08671778246318955,1.487445607149146,50.88562137125367,-136.77051,179.33434,5.117919782342057,3.7015927,44.43164205246624,-140.4936116360005,173.2188277300167,0.04830968981432852,-1.439668291977009,44.505220009139876,3833.4043,3917.3391,3876.4098927055566,3876.2646,9.201798923085192,-111.9534033962216,121.8576544337767,0.10831708679446231,-0.6918866992758814,32.17794855833587,-94.03175979929964,98.44600391780722,0.01722949447116418,-0.39499733791850383,27.583439797830398,-266.5112488370693,0.1814162562749653,-131.41841047166895,-131.3081075220342,38.61617085522851,-212.8012750432803,85.59244049475207,-47.729086713133775,-47.699283595773224,33.74618207100296,0.2276611328125,0.2276611328125
E794_processed,E794_processed,21.640892,24.247963,22.86772248838889,22.878147,0.32583485965980663,-1.22389572893802,1.305854304749744,-3.996799851982683e-05,0.003843057671375081,0.3247974335978341,0.1416015625,0.1416015625,0.1416015625,0.1416015625,0.0,-205.62277,151.71065,-9.295860666286556,-7.97745085,52.16462822272273,-196.7940899068624,159.1557411076355,0.010201674551970099,1.3506230920767335,52.15031326663195,-156.27953,184.09935,-0.7142006201325309,-2.6009697999999997,46.00398666607252,-152.5916402156871,185.2917225047373,-0.044893636830560864,-1.884450160308091,45.99939466278053,3826.2605,3914.6621,3865.5372339,3865.55,9.645709034818589,-93.04585025914575,106.6415802377049,-0.016459803178513765,-0.4557304855933333,32.83524330535292,-99.5450548448809,90.34040371873533,-0.03216005178250635,0.02790711054239621,27.692848825924226,-103.7267877288616,147.2657239140281,25.738235547798094,24.900172643468522,39.5059597825393,-121.1522256977058,101.2161458897671,-8.034026103433707,-8.04672127632572,34.21862924699765,0.2203369140625,0.2294921875
E795_processed,E795_processed,-16.227905,71.771759,1.9669086440988888,0.0,7.426242551367007,-34.30020009855136,35.39616300606258,0.00010472763808925982,1.1903928968873795e-14,1.9040339186527422,0.0634765625,0.0634765625,0.0634765625,0.0634765625,0.0,-193.38576,155.42682,-11.535082495108927,-10.545678500000001,50.91792022616956,-182.0034424773295,166.7230387873134,0.030014151612004967,1.011402627481592,50.94971450550537,-146.38921,208.04512,-3.582515771256906,-4.5640211,48.948681923186456,-142.6945182292381,211.274277259246,-0.025186414579272145,-1.0945322570556035,48.92605543818869,3817.3328,3903.9617,3858.0592091222225,3858.408,9.43430382558346,-113.9171557965244,131.6869981812709,-0.06349607305150956,-0.3429363310386684,32.299788185025356,-104.8136649710629,92.04331642555007,0.05310796814362919,0.43275167949017845,29.688051925727418,-35.85192464094709,226.7691707142589,102.82367897767496,102.80877734291565,38.616979664578594,-139.2369457299839,78.71250939887521,-27.386816258927055,-26.798836520890283,36.597855098554206,0.21484375,0.206298828125
E796_processed,E796_processed,21.751362,23.938648,22.95786769127778,22.966522,0.3110707351302412,-1.225276656005931,1.007355956774096,8.544889379272484e-05,0.004059042943914629,0.31012769944382085,0.146484375,0.146484375,0.146484375,0.146484375,0.0,-198.98985,156.03882,-12.144420725910805,-10.868091499999998,50.44965181404894,-188.0592800985685,167.6796734457856,-0.02314437793264899,1.181589930928836,50.416143583637876,-155.0657,169.28694,-6.050265709545033,-7.7617714499999995,45.085071249418206,-160.2409731906702,176.6751748783516,-0.10417040240328639,-1.7996312071469955,45.178306253095855,3816.4395,3898.5903,3854.19598225,3853.9431,9.085771051391957,-118.754423478449,111.9726196010196,0.04378539381168911,-0.09197426370954043,31.6183130089596,-119.1631488361774,216.4512901427124,0.1417876401424691,-0.043795672239883565,28.652720265853354,-168.7284714595019,80.38066132636426,-32.83639574926101,-32.175432332569656,38.191573100011794,-302.1796606856947,0.0,-194.705885304496,-194.715750097054,34.051514158639755,0.244140625,0.244140625
E797_processed,E797_processed,-16.227905,72.169441,1.9589213119012168,0.0,7.3739745496209865,-34.36694483651971,36.216180909194,0.0006124112574359468,2.502843159483379e-14,1.9319726655412306,0.0634765625,0.0634765625,0.0634765625,0.0634765625,0.0,-160.50717,156.60307,-12.632285482466072,-11.038714,47.31611140170111,-146.4669207333031,168.819252008684,0.09814789732573084,1.644775062805389,47.483056986945186,-150.47002,158.29149,-8.250492526120059,-9.1522713,43.91582605909472,-141.1811118532485,166.8950394706109,-0.009693381080970022,-0.895654832553594,44.00043892929392,3807.4436,3890.4219,3850.5459843157955,3850.3716,8.504570870099633,-243.7545872188691,118.6519681570717,-0.14737632676793566,-0.8358334338889009,31.665163540241668,-119.9608246870885,116.9979533168075,-0.05955104223285389,-0.1784066505194097,26.99286418382298,0.0,337.1080826727682,228.93105220766813,228.5633954026299,36.52963637560064,-28.8763688372085,188.9504423582454,76.76272969033636,77.31761435316484,33.113293453286985,0.235595703125,0.235595703125
E798_processed,E798_processed,22.038582,23.872368,23.028008196777776,23.032803,0.2925065218309855,-1.046365485323655,0.8203950329093566,-0.0007611904618494923,0.003012451710750231,0.2927920419959479,0.166015625,0.166015625,0.166015625,0.166015625,0.0,-205.08748,149.97446,-13.09936356013097,-12.3044695,50.616675553482025,-191.8015033523845,163.4705969604603,-0.06628023390265485,0.6259882743119998,50.63739042221332,-151.59834,149.71591,-9.992645954015217,-10.673128,43.18018045877803,-148.713199863879,160.2347141206479,-0.11822089569955299,-0.7387704557866437,43.27835453069352,3808.2744,3878.8066,3848.202627772223,3847.604,8.33202837121532,-88.31254452621981,98.5975918903529,0.09280038213478137,-0.04558315392479706,30.77044684438962,-139.4798205281424,220.3677581232062,0.15793433903305704,0.007586404851828378,27.061214140652424,-188.474877215041,39.98808936636626,-77.33768829181082,-77.0479563092084,37.766317882071284,-297.8325141951066,0.0,-153.46323222966558,-152.53465278135394,32.308088501821516,0.2178955078125,0.2239990234375
E799_processed,E799_processed,-16.227905,71.572906,1.9762905375520559,0.0,7.457320347076013,-35.14424563573962,35.56649528009535,0.0003253926680354178,1.1345293647452806e-13,1.9020758787825083,0.0634765625,0.0634765625,0.0634765625,0.0634765625,0.0,-179.58356,159.18045,-13.581822203622238,-12.507077500000001,46.99937486493272,-166.518208155666,173.1532703422951,0.04704380785645723,1.054184466701269,47.03479217226135,-164.25835,172.04901,-11.9131075924023,-12.247095000000002,44.54108888177597,-152.6987983482073,185.5515820902424,0.04101741696687208,-0.3589982718971013,44.573430276639534,3793.8013,3897.1204,3844.7452390444446,3845.3584,8.441210569742555,-88.47763233625739,92.20779687753456,0.021891653860794866,-0.2352350756434767,27.594096217052247,-83.32488140889856,82.87381937003275,0.011423944044889068,-0.34322272553298916,26.220984455636497,-130.3112571355644,94.04769574836368,-19.544911945298455,-19.8090851519074,34.554885208509894,-109.8657055428155,103.2797417877205,5.031209898544362,5.368233438178461,32.82229290608647,0.22216796875,0.22705078125
E800_processed,E800_processed,22.060677,24.071213,23.08141383338889,23.076992,0.2718867515501741,-1.054927785415762,0.9956729455120013,-0.0002151779869294677,-0.002659231621011038,0.27070985949487586,0.15625,0.15625,0.15625,0.15625,0.0,-218.59576,140.90149,-14.086435976711858,-12.439453499999999,49.69240041996597,-204.5575991998612,155.0864244805134,0.05440508097901919,1.5902559965838365,49.700825098981625,-165.8692,181.72772,-13.861905882804855,-14.847256,46.18215079751984,-152.6138388850339,196.3947945786819,0.005318557737834037,-0.8890746554624549,46.18954067831977,3796.2546,3897.292,3841.793324911111,3841.7495,8.516058520810676,-86.84073283228736,95.86769704546775,-0.04324313835425929,-0.5579212443157258,27.90794561407168,-123.6191018553134,86.83401393149012,-0.07727123615173458,-0.37356778328404794,27.116602534217318,-122.2983550037271,102.143731463664,-13.058589816451686,-12.6047732359877,35.88864629124481,-45.21802655892104,175.8775021200002,71.45089664710335,72.11680290314484,33.87603994926296,0.2386474609375,0.2508544921875
E801_processed,E801_processed,-16.227905,71.440346,1.9799415395768887,0.0,7.465798739015331,-35.14204564584252,35.4392438454169,-8.585365941990531e-05,9.200479709012275e-15,1.90069942777201,0.0634765625,0.0634765625,0.0634765625,0.0634765625,0.0,-222.0352,155.77266,-14.627654657673915,-13.0511525,46.998308298127455,-208.7559476921199,170.6544703773021,-0.040779396462992716,1.52881840622035,47.04351861383496,-152.9657,211.22935,-15.218853092694015,-15.239618,44.068386645235655,-137.7060281108142,227.2463987354078,-0.012257354755896665,-0.11039906374128615,44.06065236961427,3800.6191,3881.9253,3839.357405377778,3839.9009,7.978350765766628,-90.5891253709809,122.3246165817199,0.01699162895160633,-0.4239493477476044,26.33928855411052,-92.2125761845767,89.45666281904889,0.037590249227257476,-0.26145663996133806,25.224521483929657,-267.221179851873,0.3401456989624556,-143.77420862444598,-143.89794010306,33.610403900479696,-112.5087569551633,118.4657676836263,12.972856558423219,13.644458372770675,31.855552657500475,0.2496337890625,0.2496337890625
E802_processed,E802_processed,22.171143,24.115398,23.121274755388885,23.121178,0.2762446411871174,-0.9471042541085946,0.9960853602480807,8.295191666062636e-05,-0.0031226521934284886,0.2752388694072384,0.146484375,0.146484375,0.146484375,0.146484375,0.0,-191.43205,161.05615,-15.150173984781038,-14.058356,48.10058994618923,-176.8470935383241,176.4164030865277,0.07240373354261366,0.9638812402635413,48.237698990690916,-165.05786,167.66502,-16.17152700433911,-16.521468,43.52687288588903,-149.1743366045515,185.1324621592204,0.0771284440084002,-0.35880836046475695,43.58272681997061,3800.615,3875.6096,3837.8240285222214,3838.1123,8.283936561677178,-201.0066494064704,133.9656496479741,-0.12016986264693183,-0.23490397022924014,28.382497746097336,-91.74391005387166,81.09457644095129,-0.05491201047406749,-0.26009691657889533,24.823485957280916,0.0,319.266008904248,202.96952669493203,202.89737745195026,34.995153757072075,-68.9436620640416,154.785125569058,49.1222258188419,49.721063551798906,31.59595416647997,0.2587890625,0.2581787109375
E803_processed,E803_processed,-16.227905,71.219406,1.9862915485567532,0.0,7.496814441568925,-35.19691706953516,35.15680037116024,-9.237266460379825e-05,-4.005727818787065e-14,1.8886118570077184,0.0634765625,0.0634765625,0.0634765625,0.0634765625,0.0,-189.93823,128.97144,-15.54705181673173,-13.865805,47.06752600992064,-173.924263586602,144.1119377549552,-0.11601591844572369,1.625506069445574,47.10453808510082,-162.06726,172.38319,-16.944073895849243,-17.114038,44.478955742208704,-145.1708616542001,190.2835084840801,0.034787185882655336,-0.2140886116897782,44.474427255115316,3776.5098,3879.1809,3836.5230118951054,3836.3269,8.086947055674361,-75.30585420717829,127.4553249554535,0.1038697263046373,-0.7621478740227943,26.330831671306914,-79.07150768963365,86.90254147859753,-0.05967766752249171,-0.2696350305733697,25.850566834783752,-214.1408714282145,0.0,-106.44137586498714,-106.1133543924759,33.67806335098969,-84.35338246934133,119.8384344470563,21.688657858137386,21.38420287771048,32.454520730618825,0.2508544921875,0.2374267578125
E804_processed,E804_processed,22.126957,23.960743,23.080738754722223,23.076992,0.2694823533184792,-0.9481805417893499,0.8853706028139123,-0.0002869758311252266,0.006513973238340523,0.2679087160271909,0.1611328125,0.1611328125,0.1611328125,0.1611328125,0.0,-175.14897,136.23586,-15.780056742967107,-13.7223995,46.32481876668879,-159.3436410077506,152.1084532433415,0.1250586401102099,2.106044501098867,46.42354461168749,-211.4938,181.78712,-17.418975985976413,-18.598469,45.01969687527887,-193.2742826995535,199.3227222324757,-0.08580293151055088,-1.3054545410103935,45.090386539679564,3796.1511,3888.1086,3835.887534894445,3836.3269,8.443363252238871,-91.7620234094827,79.79979940219246,-0.06015061285581179,-0.29592983599639033,26.07829540521854,-96.7884095618692,87.34933016749387,0.02822254330054228,0.20826665213265277,26.194232034148026,-21.62113296608062,223.6738891196664,102.64676060268792,102.69767950367674,33.44971933409295,-159.8871179871773,78.81101674635246,-34.935380565470616,-34.8958223526248,33.16069231000015,0.2508544921875,0.2069091796875
E805_processed,E805_processed,-16.227905,71.131035,1.9765550516884445,0.0,7.477245619195635,-35.21172749676042,35.04453778345993,0.00023990349042051499,4.433897857440505e-14,1.8922571971208684,0.0634765625,0.0634765625,0.0634765625,0.0634765625,0.0,-207.17964,131.94838,-15.954239630800194,-14.6483265,44.65959400379723,-190.5251602328577,147.9368401639401,-0.008533761956311569,1.2199907779669759,44.61849792738552,-160.84767,148.72899,-17.54859672282967,-17.8338825,43.148358802504426,-143.2104923662631,166.2656210844134,0.031754322042686994,-0.3676616359806242,43.156504845932986,3789.9016,3870.2527,3835.3226968666663,3835.4341,7.66984226094118,-122.4562356501622,102.2979853289959,-0.07922924360662202,-0.2707532735650684,24.948208891349264,-90.19170684614333,92.78085933265152,0.04968492985130549,-0.14167838082965561,24.425295183987462,-73.57972926554034,135.9293579858963,25.100200174046105,25.170850784322006,31.851402369764198,-112.6744136744371,101.4929217897091,-0.9947970004101262,-0.2872813609521394,31.031303187520823,0.24169921875,0.24169921875
E806_processed,E806_processed,22.147987,23.981441,22.969007769166666,22.966347,0.24100351011495566,-0.8199739935471033,1.002035014583257,-0.000728136380265839,0.001261404149616799,0.23978131554057427,0.15625,0.15625,0.15625,0.15625,0.0,-200.81305,138.54854,-15.942557550593888,-14.754804,45.47915280497139,-185.0613826087911,154.6949921462629,0.09824758818102704,1.2611548732186595,45.55529045185131,-144.48982,125.80346,-17.711728656623507,-18.01853,41.10958727358878,-126.0763993299294,143.7717058064346,0.07043858120422848,-0.2204279401392559,41.14455247520433,3797.9368,3879.1809,3835.3322719333337,3835.4341,7.332067616216097,-174.3899622530449,118.2338742035869,-0.1028092666688295,-0.20435607394570354,24.67528304054921,-138.0724353908014,88.58152874723642,-0.09823135946002878,-0.21342716478494725,23.13804010142494,0.0,284.5553138187485,171.81121819692135,172.11622123074653,31.841473680948212,-24.57661730036501,189.341658472904,70.50697622133018,71.08060982991971,29.32390039371938,0.252685546875,0.240478515625
E807_processed,E807_processed,-16.227909,71.014374,1.9701187699123002,0.0,7.453425309038698,-35.20535437333729,34.94385758311037,0.0004701982280859171,2.1442744048717746e-14,1.892353479292567,0.0634765625,0.0634765625,0.0634765625,0.0634765625,0.0,-195.38234,127.77249,-15.846798234077728,-14.230664,44.11150447977057,-179.0944831070062,143.4216857248101,0.03318640537062297,1.7659047881904535,44.11885146387866,-161.51752,159.26086,-17.797991906636113,-18.2372675,41.84813854634173,-143.6226644494076,177.5672636718888,-0.006882483968170725,-0.5104361499054266,41.848176699971184,3802.4006,3872.9314,3835.205941438889,3835.4341,7.27662842565254,-76.38058637180656,75.31463293983758,-0.025193560061759577,-0.6049083580433638,23.527046730202454,-77.896541406695,75.76868607819856,-0.02736946913310705,-0.24285809853839435,23.424607826824477,-65.72097624191487,136.3662914762824,33.29806300484192,33.26765293930849,30.890085596177133,-96.11613386401676,105.8621386591147,13.458216364587765,14.16162325975219,30.016470731337296,0.2386474609375,0.238037109375
E808_processed,E808_processed,22.060444,23.717472,22.843312542166665,22.833839,0.24289308892172407,-0.8121227891250797,0.8975576810574444,0.0004518156942014549,-0.004114322823454163,0.24158701317355114,0.1416015625,0.1416015625,0.1416015625,0.1416015625,0.0,-167.05611,106.41811,-15.817832081501916,-14.386081,44.637267589438004,-151.5420367633645,122.3737128695335,-0.06587209645784237,1.4209612053189835,44.69522646312516,-144.90717,142.13908,-17.861832465539095,-18.223756,42.26224756671714,-126.9819926786143,188.208966571145,0.08656304567058194,-0.37546882238734103,42.44092980869179,3803.2935,3872.0386,3835.4082083444446,3835.4341,7.238995019192816,-71.88247592853409,68.97641468219254,0.011834966536579379,-0.4229152480625453,23.712391742015026,-112.604285764298,81.76284610947079,-0.0233203431325254,-0.16029739962956135,24.109161780784834,-117.2638839217563,69.24613678419321,-22.549142798896597,-22.793201301436923,31.448421097516757,-160.0874306506065,153.5261127495549,-11.411635122611312,-10.948416064310361,31.116264975326292,0.2532958984375,0.2435302734375
E809_processed,E809_processed,-16.227907,70.931946,1.9608735791583334,0.0,7.425695966021288,-35.21897439261689,34.84406852174151,0.00025446200811047605,-1.3431402890674259e-14,1.8927033070030355,0.0634765625,0.0634765625,0.0634765625,0.0634765625,0.0,-175.10678,128.59073,-15.653847454027739,-14.285630000000001,43.57841618075001,-159.3364567994519,143.88608239719,-0.024881943837244232,1.460357355468871,43.69421204820274,-154.33424,192.87712,-17.944479176566702,-18.014699999999998,40.442208529498686,-133.1782381997717,211.1800282406658,0.0034188082720626326,-0.19066787152863424,40.450793566994236,3806.8645,3877.3953,3835.2455717611106,3835.4341,6.992413464837346,-106.7681273583209,174.4826030114172,0.09480508845607316,-0.4640423412557553,24.18362014563873,-106.600907775055,78.34728941633793,-0.08127998088613662,-0.010583777125189542,23.30171112996788,-246.316618052956,0.0,-147.25504630155908,-147.38739640166762,31.011455422351847,-58.54426645887112,175.6336991200473,65.65107534940394,65.76863899323644,29.319238102415515,0.2386474609375,0.235595703125
E810_processed,E810_processed,21.928055,23.408398,22.692478643722225,22.679302,0.23290025119709298,-0.8151494593310985,0.7494603684379783,0.00034753463863924406,-0.0009143013540099504,0.23023365278965793,0.1611328125,0.1611328125,0.1611328125,0.1611328125,0.0,-188.13202,111.672,-15.790670551764222,-14.1537385,41.181388443916966,-172.6081082586825,127.4083912194621,-0.017398810011018694,1.6099052350508014,41.178635760445566,-156.48906,125.66424,-17.950981977545883,-18.0936835,38.16576792834079,-137.4642600832803,144.1038833614095,0.023299325776972465,-0.3293012699778952,38.16321119496847,3802.4006,3860.4321,3835.177178616666,3835.4341,6.471394694256427,-68.46954767269354,80.2788368924049,-0.02936869515659922,-0.48833533517683225,21.74167065367616,-70.2041435420282,85.73910906226362,0.007812498753526083,-0.4840339306843352,21.936394819313378,-107.4363864099452,106.4709669747492,3.1657412947263697,3.1685569863917022,28.788069981879943,-116.6444227609894,80.09365099537006,-12.3735449859249,-11.741283043976605,27.708460541343936,0.240478515625,0.240478515625
E811_processed,E811_processed,-16.227907,70.798653,1.955857786056611,0.0,7.427382028095811,-35.24915304738145,34.63929041999081,0.00010818997311423202,2.7623354225098975e-14,1.8776161453888502,0.05859375,0.05859375,0.05859375,0.05859375,0.0,-148.32434,122.01751,-15.839656009390607,-14.9023425,41.44631143431626,-131.988444819167,137.7833976421306,-0.05606448283157935,0.8848407371487605,41.48683141683014,-141.17046,122.49332,-18.151409019276663,-18.910409,37.988619331289236,-123.1699019162015,141.2888349299876,-0.012440829393799592,-0.8569709228421667,38.04629140934103,3805.0789,3863.1106,3834.646762261111,3834.5413,6.3769505973028,-66.89243315056706,76.63809207644177,0.05956624155033757,-0.39566175554156513,22.341608717154536,-72.09671284796451,103.2613109188335,0.04066292576210708,0.08925294369817771,22.09115964307867,-119.5816125027338,73.11533275752143,-21.348796760502783,-21.279771049707982,29.41904131871559,-174.8883928879434,0.0,-84.6356319982314,-84.31386885095941,27.73657808379391,0.2301025390625,0.2301025390625
E812_processed,E812_processed,21.684402,23.143051,22.496733058166665,22.502335,0.22081967589732923,-0.7553377571621176,0.6623611384422083,-0.0003349787708271235,0.001376954223553476,0.21664356153308575,0.15625,0.15625,0.15625,0.15625,0.0,-150.37317,115.451,-15.855998359933626,-14.7114275,42.30055560588163,-134.333487669218,131.1946064450091,0.010596152464978078,1.0830447086604755,42.31312610244324,-151.13945,125.58302,-18.353168411729353,-18.195052,37.686338492277315,-132.2921945235829,144.1608452435789,-0.04758786121738895,0.1786830622789939,37.738153747366724,3807.7576,3864.0032,3834.500592911111,3834.5413,6.233062978775042,-66.8015517810681,96.31707799050837,0.047056353869704616,-0.36341422706102655,22.948747895668742,-74.44355021342112,76.50582966721538,-0.005148645947989413,-0.48451972254224707,21.54398048106337,-146.8783791737425,48.33116169871527,-46.366563928820504,-46.27375844123181,30.027728320256937,-84.54064326374643,123.4869628636873,19.15318708012217,19.703496320394205,27.500822600374086,0.2423095703125,0.2423095703125
E813_processed,E813_processed,-16.227907,70.688095,1.9255183324945,0.0,7.311422431204493,-35.17322562734066,34.66190344286134,0.0001046366188330515,2.496904682965309e-14,1.908482009218438,0.0634765625,0.0634765625,0.0634765625,0.0634765625,0.0,-146.51112,106.24663,-15.898017476783926,-15.3414155,38.2477550237984,-130.8057342567531,122.3352493362485,-0.06192104552383828,0.33175468837368216,38.27724004209029,-140.36223,105.12929,-18.322570807481444,-18.0156995,36.29826053396943,-121.7711520429622,123.7944992630998,0.026202054832826383,0.3429268942979582,36.29457869746666,3810.4358,3855.9683,3834.286523127778,3834.5413,5.9391520317724025,-70.05368019944386,63.33131095086067,0.019345470984725686,-0.08545008418981359,21.29444759926712,-86.09258762192765,83.62432573756892,0.035503351158889994,-0.3375049936404526,21.58939925011879,-124.6004557601508,60.67895399974765,-41.98538175997689,-42.17756715522484,27.679622310713512,-109.6091404713218,67.37643778836163,-12.810892894095671,-12.283806715367856,26.982708572153662,0.2349853515625,0.22216796875
E814_processed,E814_processed,21.530407,23.010403,22.276419424722224,22.281311,0.1953631477414196,-0.697618557289135,0.7423059962433565,-0.0004237048535973621,-0.0024013267951412563,0.1914215776855289,0.1513671875,0.1513671875,0.1513671875,0.1513671875,0.0,-166.62395,129.20338,-15.819515026734187,-15.426713,38.976814854136215,-150.1430680175597,145.172906495259,0.007189547958730429,0.3945879213511593,39.041308069204185,-143.99376,101.37075,-18.50265975648742,-18.741086,36.123841127267234,-124.8317464370431,120.1253373044337,-0.014062862269782563,-0.2852486979911981,36.14986101159502,3810.4358,3857.7539,3834.2803739055553,3834.5413,5.920295495882815,-94.58979000666781,102.4773454175806,0.05508630701791431,-0.18005092838726128,21.9661326733604,-71.57958431668479,75.46494746175783,0.037520844425515114,-0.07211264113190552,21.766011313308034,-206.3134521606395,46.99282146042817,-54.350725056667486,-54.31825186531593,28.3439421968262,-156.4388943853831,1.575968306700105,-74.78720920617498,-74.22758732620972,27.029730132187385,0.234375,0.234375
E815_processed,E815_processed,-16.227907,70.511002,1.9181727085207219,0.0,7.307023079212134,-35.23333968888024,34.37918845794687,0.00017366867545608205,5.983815689892988e-14,1.8938657414517104,0.0634765625,0.0634765625,0.0634765625,0.0634765625,0.0,-146.35933,106.59872,-15.6435403281245,-14.9103575,38.19406417671699,-130.8550236723916,122.2510672324028,0.07459337058287858,0.7527129833642929,38.28665351194956,-151.00632,121.04156,-18.629426951387394,-19.1724615,33.876500751177424,-131.6606689230674,140.3826127065484,0.016008691626649214,-0.5543098148540047,33.90139043868364,3809.5432,3857.7539,3834.0900114277774,3834.5413,5.7106916247553,-179.0938981282592,105.5982483831516,-0.1224111181411409,-0.14060767595529275,22.84658446254598,-74.97369675060621,74.20735212567602,-0.031023041838465246,-0.35051550448849855,21.400857988797522,0.0,252.8482029737233,169.44111277685542,169.3512060768599,28.241641740314602,-125.4530992047507,53.33193115797477,-22.32235707375641,-21.793313701810753,25.98604214944076,0.2337646484375,0.2337646484375
E816_processed,E816_processed,21.394505,24.574821,22.078999329444443,22.079662,0.19872068880680746,-0.6826726851134945,2.435150221903372,-0.0001784303864719005,-0.0012789859543113104,0.19613789126505107,0.1513671875,0.1513671875,0.1513671875,0.1513671875,0.0,-133.02937,117.33818,-15.602277596968731,-15.6147355,35.06037115737522,-117.4258130968535,133.3150647338079,0.0728900685204524,0.07593025022535427,35.140067300777055,-128.21313,89.918503,-18.52446577078583,-19.158327,32.58415920961183,-109.7432401397859,108.4243553272318,0.07836167414303721,-0.6231290803655671,32.627462773139065,3813.1143,3853.2898,3834.1780552222217,3834.5413,5.306812958019543,-78.66743513675686,81.28446801230567,-0.04008486497874647,-0.06499059547495811,20.026560217800967,-119.0029820449841,80.79110517423925,-0.10334736358594099,-0.2102780426911082,21.52968834995805,-67.30846061372195,130.3952452077156,42.188123234714936,42.18713321750851,25.760338197753423,0.0,174.2881816143669,96.97437227514922,97.81575732683362,25.33225923602357,0.2142333984375,0.234375
E817_processed,E817_processed,-16.227907,70.398247,1.9052521686893333,0.0,7.271234488420659,-35.24401073845966,34.24689146639733,0.000421354033394047,2.592622653799403e-14,1.894203816676779,0.0634765625,0.0634765625,0.0634765625,0.0634765625,0.0,-158.98531,101.38039,-15.45489431120073,-15.1544685,36.234243857203914,-143.26772805197,116.8047050738387,-0.006396680291342692,0.3071834289236204,36.29665767798483,-156.72566,119.88223,-18.528294466240702,-18.7755515,33.50554297647703,-137.872963723461,138.6740616046786,-0.003931023665664747,-0.3354900355956123,33.50179565607798,3805.9717,3859.5393,3834.0653626166663,3834.5413,5.627470304406054,-126.8113037073754,91.20608138277575,-0.07661673228482792,-0.2583292183763076,21.21437797094774,-68.546438073623,78.2486869905507,-0.014459707505955476,0.33475953621045385,21.203112449498988,-16.59438574797611,157.3716147020865,65.73289784346196,65.44488978682742,26.69606125433238,-119.4192907482754,56.85185440923968,-28.441580431341176,-27.833897048647714,25.71505210157923,0.2447509765625,0.2203369140625
E818_processed,E818_processed,21.264881,23.694923,21.922891897833335,21.927074,0.19005338911021546,-0.6843725898176098,1.711915847050003,-0.0002774252753265041,0.0021779157286592296,0.1873843747836126,0.146484375,0.146484375,0.146484375,0.146484375,0.0,-146.51486,112.76678,-15.402189044747676,-15.02459,36.08877319415922,-131.0204687174903,127.9787039005221,-0.04297027148737068,0.28031024879252686,36.099262012100944,-144.31479,92.770317,-18.57841520593732,-19.1629915,33.497490494078505,-125.3404980029085,111.5480136862679,-0.03525669378572408,-0.7060995196504883,33.5083398275516,3813.1143,3855.9683,3834.165004772223,3834.5413,5.781155117470741,-71.78039475394954,89.21634460081458,0.07238470192506805,-0.034036252666200806,21.268882041434857,-70.52029822635518,73.12099281411538,0.03238009482228533,0.03072676873933622,21.820483928622004,-148.9541214247892,30.92717984771841,-60.03424323725881,-60.04950846976807,26.728280646455783,-121.3027314202151,50.02152500958133,-33.829910416015345,-33.493933232685066,26.16677243790157,0.21484375,0.216064453125
E819_processed,E819_processed,-16.227909,70.26136,1.8958220232368221,0.0,7.2470333777151055,-35.23579430164372,34.11067125579302,1.4134358942811367e-05,2.268575179795597e-14,1.8944318490142529,0.0634765625,0.0634765625,0.0634765625,0.0634765625,0.0,-143.74603,139.88976,-15.410040711833222,-15.054731499999999,38.34822546586881,-128.3571625452878,154.7976978015864,-0.014200209713868607,0.34087789466171814,38.34917460812199,-139.79852,102.95598,-18.51746832561999,-18.943734,34.54311686546736,-120.7699757173585,121.6336473760434,-0.05983880790850652,-0.4846507280690143,34.58972273689875,3813.1143,3857.7539,3834.0521680499996,3834.5413,5.758666985629096,-64.9429641290821,66.097566317782,0.009936428090429,-0.00028904825774223,21.312640667230447,-84.87808362539948,145.1153486344898,0.09069995407206495,0.1710712721892284,22.324247325220867,-92.8842488747569,76.8482094467394,-6.804946717330528,-6.840442148174478,27.76082777355365,-199.0978272309011,0.0,-105.47562439788153,-105.05084573283125,26.550438029015535,0.2264404296875,0.2044677734375
E820_processed,E820_processed,21.063152,22.435032,21.815869909777778,21.815731,0.1913111721189186,-0.7264307949458711,0.6145009223577353,-0.0002037629165217243,0.004019785501391754,0.1895570328291044,0.15625,0.15625,0.15625,0.15625,0.0,-145.10764,134.73521,-15.45725797759391,-14.598224,36.12614618660974,-129.3302235929729,150.7072162098681,0.021812657664080096,0.8221276482388964,36.204424903772235,-129.58809,112.22726,-18.48583320178028,-18.867936999999998,32.79335941979271,-110.8494219217827,131.5145569261567,-0.07480831440877077,-0.45141970826414335,32.86424344627106,3809.5432,3857.7539,3834.1879729611114,3834.5413,5.5058243907119,-88.6835085874883,82.9682714162202,0.03654818458038161,-0.5047642180322622,21.343559578219786,-73.90743273280458,70.45366692653249,0.05925749683220256,0.10137328318935523,20.896199517363467,-160.4496198396482,46.15821065757745,-48.14608648153734,-48.43862210655908,26.879221137961217,-146.0728640776352,27.80215009988796,-56.215273848441456,-55.69617563877732,25.308148204525764,0.2349853515625,0.2349853515625
E821_processed,E821_processed,-16.227907,70.112587,1.8890592805135553,0.0,7.228599319211464,-35.23295676186618,33.95647591327076,2.004069093114359e-06,1.012464393584302e-14,1.8960549374665583,0.0634765625,0.0634765625,0.0634765625,0.0634765625,0.0,-143.08284,116.72687,-15.245263575798749,-14.5644715,33.71014918441097,-127.3817307648596,131.8952652369142,0.10347749724453136,0.7298159313141168,33.81132974522971,-134.26234,99.619934,-18.293954999240977,-18.75064,32.717475136265676,-114.5508970790065,117.9933681893023,-0.07386139096921414,-0.4963674680109942,32.77523195322944,3813.1143,3856.8611,3834.1987357499997,3834.5413,5.618877414423619,-140.2995465873646,75.45691468173412,-0.12460444664538009,-0.2531772693210552,20.797449949155066,-82.07370888931074,150.3971074043877,0.10924572237714993,0.03670305219443404,22.050387422892495,-17.21884079084449,184.436485892025,91.89679022618279,91.67315418375917,25.365051023375962,-197.2701574171447,0.0,-111.18974554370352,-110.81884088772915,25.66225815043294,0.2264404296875,0.1959228515625
E822_processed,E822_processed,21.129658,22.346504,21.753430580222222,21.749992,0.1862909713920106,-0.6296374778192056,0.6099848298622812,0.0003757361489204582,0.0009521486759927408,0.1847085393494109,0.1513671875,0.1513671875,0.1513671875,0.1513671875,0.0,-139.67879,113.64194,-15.268937009545663,-14.440280999999999,34.98410430406098,-124.4789153290356,129.2929121558413,0.04862410261499951,0.8304385324898521,35.02098500884817,-135.22754,121.3608,-18.265099124812032,-18.509890499999997,34.77957339653612,-116.6735287761429,140.1547375409299,-0.017856535190388878,-0.34660433907833754,34.78339326087099,3814.8999,3857.7539,3834.4347812722226,3834.5413,5.5028928839845666,-78.77444640856584,64.77173837002923,-0.06699157422382568,-0.618568923264607,20.367044814845563,-78.31129756836002,84.20189256489095,0.02162682081477867,-0.27586475428800417,21.809858023807664,-71.18027059405144,99.15993089055104,13.905046180729494,13.853406164054375,25.84482417814969,-110.4285492149002,80.84915194426061,-3.8300136791113797,-3.1972156792956072,26.605001876778804,0.2227783203125,0.2105712890625
E823_processed,E823_processed,-16.227909,69.97361,1.8866596913896274,0.0,7.221872635407169,-35.22705404697792,33.80834806296613,0.00031283971391837866,3.008432000184342e-14,1.8999131553108457,0.0634765625,0.0634765625,0.0634765625,0.0634765625,0.0,-155.36751,114.54431,-15.065462550156976,-14.1874685,36.8576818689775,-140.1093938311268,129.720136665663,0.043871446591402116,0.9201891405319598,36.8717526453303,-150.1684,97.469795,-18.08577173102597,-18.092273,34.46500262913995,-132.0454864271112,115.3513094968553,-0.008347580228302585,-0.11199314286826134,34.46455936140498,3805.9717,3856.8611,3834.4746057499997,3834.5413,5.825822865685118,-78.61535109496526,81.10612754091972,-0.06849012681648493,-0.0023118873757974616,21.627051001916968,-77.15989088633387,84.71822326594437,0.009596702425762682,-0.0592848457747972,22.229057919744317,-4.294629343950169,161.8632467802201,75.14871001879699,75.0823536225673,27.251410803452583,-112.3734330869604,78.29188628221114,-18.69076992259593,-17.831469560989184,26.760127422086253,0.2154541015625,0.2154541015625
E824_processed,E824_processed,21.082943,22.324284,21.73953177572222,21.74688,0.18960776784229355,-0.6467225610534154,0.6047587116658302,-0.00014821428582102231,0.001753044839798278,0.18777847520381433,0.1611328125,0.1611328125,0.1611328125,0.1611328125,0.0,-145.2926,108.19082,-15.044898129093406,-14.745492,35.09073065862721,-130.0711015392701,123.3292535110556,-0.005888819958095493,0.312448986466531,35.1054730554841,-145.65863,112.41285,-18.168206241028816,-18.686374999999998,35.5603074807465,-127.0149000864524,130.7221456907174,-0.01207689719907085,-0.5446962201825117,35.56237140813227,3809.5432,3859.5393,3834.8600385500004,3834.5413,6.197819833168487,-68.47262666216761,63.79659983399703,-0.008406400732387204,0.14279524917674552,20.6633665278883,-79.62527556999746,77.90926159574808,-0.00024986498833080064,0.20769263705709118,23.685547129013656,-60.77742172184271,100.8390266155544,22.71164935754377,22.61738193670313,26.095108589324322,-93.41367400240499,89.95820531344147,0.37797193900623655,1.0548807711648172,28.080867506239418,0.2166748046875,0.2227783203125
E825_processed,E825_processed,-16.227909,70.388039,1.8876057171456944,0.0,7.22595677489262,-35.24813100234437,34.23927685893577,0.0003134660394481075,6.822242420487675e-14,1.89727399230354,0.0634765625,0.0634765625,0.0634765625,0.0634765625,0.0,-152.28297,118.6403,-14.965600681423902,-14.333893,38.726797991970685,-137.4517306893308,132.9998711188245,-0.06930340270792522,0.6360332165230553,38.79014567034577,-142.69962,104.61906,-17.851690503935014,-18.196426,35.66589763462338,-124.8216445176749,122.8389016224585,0.01313985982317713,-0.3463040139981808,35.663338412946516,3811.3286,3860.4321,3835.3762722111114,3835.4341,6.060678348610552,-72.99711838384445,77.61975124320516,0.06523033842896797,-0.2278933472689495,22.580755553098534,-72.2663904396364,88.10610862280254,0.03829962233206551,0.27377902090309814,22.406612492627666,-137.7142533850578,77.63386000867749,-39.121195118658875,-38.68363766336513,28.729137577762895,-98.59026595298705,82.60844074289375,-2.6659272569738284,-1.664930010686626,27.28514291690839,0.230712890625,0.230712890625
E826_processed,E826_processed,21.106804,22.388828,21.786892254833333,21.791542,0.19039877315920778,-0.6728624826197952,0.5907806694868786,-0.00043469038272153003,0.004129435562650247,0.1882196775297086,0.1611328125,0.1611328125,0.1611328125,0.1611328125,0.0,-151.86191,105.71822,-14.719567848378379,-14.146079499999999,34.89969186950077,-137.0023252060039,120.6541287165871,-0.019244834280822184,0.6232874306125952,34.88707170999862,-141.35715,106.55562,-16.679409797123174,-16.3185025,37.215329666602415,-124.1432975956815,123.5449487379223,0.006381971408154155,0.3927425530954878,37.19628003184227,3809.5432,3861.325,3837.633782838889,3838.1123,6.545468100962212,-66.70862038015903,103.8727410396763,0.07369061427590243,-0.19005668111199991,20.55685683150119,-75.34255732663541,98.44194345606421,-0.015160230592782221,-0.2610542015321222,24.42856150971067,-106.7042762375382,58.44293935376241,-30.125263251431377,-29.916951674484217,25.74364859248704,-82.3533154620448,93.16026009812403,10.928055805089596,11.414360344427699,29.099279489673062,0.20263671875,0.2215576171875
E827_processed,E827_processed,-16.227911,72.020279,1.8897547391686336,0.0,7.212143084819805,-35.16469558633386,35.90582059393171,0.0003221678183818035,1.6606829502785586e-14,1.9072929864420571,0.0634765625,0.0634765625,0.0634765625,0.0634765625,0.0,-169.17433,105.07782,-14.018954456590436,-13.0014095,39.976498329503315,-154.7422374579949,118.3242798876339,0.011854640368046423,0.9879649548961826,39.97701646218831,-146.08774,153.31367,-14.089721356202523,-14.3247125,38.98165989162984,-130.8838122418841,167.3594314651732,0.07738017039556641,-0.1959240147973573,39.02968984843407,3816.6853,3879.1809,3842.5821201888884,3842.5762,7.259774060228177,-66.65518174151424,78.202627381978,-0.0207880282984332,-0.4809694338980237,23.266125964989584,-173.8348969339924,106.3149128687064,-0.11647903981922979,0.2127160635405958,26.320320344432226,-85.0241272885526,88.16151182465188,0.9704356755332384,1.02075720183276,29.56506748673593,0.0,235.640565248981,126.10837697027776,126.30466946656554,30.68078568595977,0.2252197265625,0.17822265625
E828_processed,E828_processed,21.212433,22.582985,21.879134018222224,21.87933,0.19637246031534397,-0.714100608886721,0.6885946976503052,3.810642404829095e-05,0.005098110120522921,0.1942515048445793,0.15625,0.15625,0.15625,0.15625,0.0,-162.34148,114.20287,-12.719628511041595,-11.804782,36.67950403659762,-149.4334019356689,127.3530483489379,0.059053841671242085,0.9322493803842604,36.69821842553552,-144.77541,151.09102,-9.014538068340489,-9.2526927,40.90137471436676,-138.848978189784,157.7604255920064,0.01987252095368409,-0.24293889022573412,40.84394209901373,3823.8276,3895.2512,3853.3972601611117,3853.2898,8.525963300921969,-64.28402340138706,74.09939705083782,-0.0489744443244764,-0.2674629375129385,21.70593006102207,-93.77094093215399,94.42329358747958,-0.04790515426446174,0.33580400426100265,26.975721888786634,-37.58472786262068,135.8591657857005,45.886256982487104,45.800642331231856,27.350283800083638,-71.48421746255718,143.6680452439335,35.13781921138036,35.79478534474868,32.123516362581434,0.240478515625,0.240478515625
E829_processed,E829_processed,-16.227911,72.062477,1.8846376222626107,0.0,7.158988190404664,-34.04855304053105,35.99661788781107,0.0003081307115943052,3.869284765811975e-14,1.93631158386101,0.0634765625,0.0634765625,0.0634765625,0.0634765625,0.0,-165.50967,101.81035,-10.046171150783756,-8.741520399999999,37.382461317791496,-155.5152163111342,112.2427257436881,0.026100205467527688,1.2426503159923405,37.376029180182215,-142.94637,157.75432,-0.5532754812932468,-0.891689155,40.45069849297893,-137.7621177689457,162.8938679317931,-0.07763116603894256,-0.6112618270544727,40.389102525519256,3830.9702,3908.6428,3871.0830189833327,3872.0386,8.978793487096896,-67.49832658204109,76.66112051804615,-0.0197158347156844,-0.3691331600549832,22.02208800977597,-93.76957647143409,96.8890802718046,0.05841100155354363,-0.10493024965318079,26.146415444329627,-102.2090722252035,83.03263292741954,-6.088755427155545,-6.010999279428107,27.796202805070575,-198.5807726960984,20.94378704354149,-88.83147761012702,-88.46407993991173,31.536238361203768,0.23193359375,0.177001953125
E830_processed,E830_processed,21.394554,22.609608,21.988148086111114,21.991013,0.1848730368052077,-0.5828636783750691,0.6196952005314805,-4.777623451550543e-05,0.003665591400489731,0.1815707935608474,0.166015625,0.166015625,0.166015625,0.166015625,0.0,-141.80858,112.23164,-7.022491692976094,-6.42214275,35.80029734050131,-135.4774787756744,117.876600414918,0.011621988629349244,0.6864330196849826,35.795865914609244,-111.58003,147.43201,8.572708641655595,7.6777172,37.27344687432998,-122.8810394767855,139.3254237968566,-0.023694536173002972,-0.5361566483348326,37.19449823246146,3859.5393,3924.7131,3888.5306877444445,3888.1086,8.14304719992535,-62.61199063653957,71.10112382678174,-0.009004819806280396,-0.4518170751565497,21.242862647968078,-78.82590994245521,81.40318098405834,0.022652122511081597,-0.07646008006871086,23.391608368803542,-94.94408782621434,74.2450042398139,-7.968914234232797,-8.173729520499705,26.754102295776004,-93.66339963907798,94.25269130060268,-0.6391395158760682,-0.5100062573177846,28.681601124827168,0.2197265625,0.1806640625
E831_processed,E831_processed,-16.227905,71.396133,1.892232013976389,0.0,7.183242178561859,-34.39739372811369,35.14550619842282,5.845560201894149e-05,-3.559680163598083e-14,1.9355327642115492,0.0634765625,0.0634765625,0.0634765625,0.0634765625,0.0,-168.58777,118.00346,-3.988143260100017,-2.63443895,36.4399509960055,-163.5083067606386,122.7460853047688,0.07645222728518196,1.3058126848350264,36.48601759942874,-115.55817,158.36844,14.506939031333722,14.718493,39.2216318532932,-128.1826398127088,145.8035577897737,-0.052765463001873465,0.11642610434781564,39.23821074426015,3868.4673,3928.2842,3898.9269530944443,3898.9065,7.113050321259744,-100.8223327578711,81.90143428831465,-0.07403446496010792,-0.28546069431918936,21.966059481105482,-83.88714981146045,89.7158890134431,0.03535741952555949,0.15533323409811664,25.15094014809352,0.0,191.8373360407834,94.88025266566417,94.86373199971068,27.25745960383544,-93.50034430803434,119.5578907230449,13.260979476074533,13.086783495706836,30.572286987651584,0.186767578125,0.2093505859375
E832_processed,E832_processed,21.397861,23.828178,22.129047719666666,22.126957,0.18869378100715767,-0.7453553264175965,1.627925318431007,0.00017951382839092735,-0.00040575079374642956,0.18560659853313122,0.166015625,0.166015625,0.166015625,0.166015625,0.0,-153.82343,118.27879,-2.7759705912898776,-1.6505697000000001,34.38767211728408,-151.1647793626539,122.7152605812391,0.08271401579953636,1.0594434934921264,34.450369163414486,-100.22736,163.60353,19.936579776105315,19.753809,37.24596842620185,-120.3533991633808,144.5725069571266,0.08741915060749282,0.0554205558206784,37.23497566770026,3883.259,3939.9773,3907.189889844444,3907.0129,6.756480577021142,-156.9362809798625,103.6366062931274,-0.1164699868239947,-0.33637704238828015,21.248265266354544,-90.31042288414788,76.91104347707913,-0.01696897034838798,0.1834534843224658,22.896157260542807,0.0,197.5324708256345,107.48732236650082,107.70866933615285,25.730440790852057,-20.99280813400114,174.6264062716407,72.83511859765156,72.94397152437352,28.300197812653686,0.224609375,0.1678466796875
E833_processed,E833_processed,-16.227905,71.307785,1.9031054078851666,0.0,7.209544488807141,-34.39199419060228,35.07653671401687,7.484414037838466e-05,1.8105599155446116e-14,1.9389865618095217,0.0634765625,0.0634765625,0.0634765625,0.0634765625,0.0,-130.38622,107.08215,-2.1143677232280176,-1.0421239,35.908774012494895,-128.0172853257329,109.6426583525917,0.03682377261042278,1.1513179791897499,35.95483121573677,-92.369316,159.22685,26.862320058116328,26.963469500000002,37.547766845159686,-121.7485692607531,129.5924743786873,-0.0033899177638906414,-0.04236314733163704,37.45401952374956,3889.9028,3943.8289,3916.5051385222228,3916.7537,7.040410826691686,-145.1227459294007,95.55402820397701,-0.09323558585583151,-0.14383575390594072,22.24445214124355,-93.30296093711759,76.79238790873883,-0.042658646663335464,0.0662342832056062,23.208332364747967,0.0,212.7301517577966,135.10675329767565,135.25282779439675,27.07835226563066,-127.1255974855808,57.5739681393609,-33.443545097933914,-33.365079572294704,28.5711456797085,0.1751708984375,0.233154296875
E834_processed,E834_processed,21.618797,22.878147,22.229121806722226,22.237427,0.17918244546868695,-0.6270100287766338,0.6275379069789804,-0.00021653051590637536,0.0008878711165401752,0.17615790080063706,0.1708984375,0.1708984375,0.1708984375,0.1708984375,0.0,-118.33374,115.32909,-0.014528382106608862,0.8543556649999999,33.48282372595618,-118.0669031220108,115.9595714043792,0.05697863282766389,0.8898908391130345,33.50889796419069,-96.724289,170.70573,33.11258427011915,33.0930635,34.700381922967004,-126.533881069189,140.8579396414308,-0.0852969749175851,-0.17750752135599512,34.70644254382267,3898.3188,3952.5674,3925.6364456999995,3925.6733,6.338731631149261,-109.4464500253312,65.1616507827786,-0.050400085518395824,-0.26505249078547694,20.329476164019912,-75.4108507422632,105.9527964645506,0.07982655719760502,0.007263631360640232,21.841199003373408,0.0,180.5672800435459,103.40251608755699,102.99994385756635,25.101102467010694,-209.6793466955614,0.0,-107.07381077451663,-106.8259466484102,26.57689594532293,0.2093505859375,0.2227783203125
E835_processed,E835_processed,-16.227905,71.309738,1.9133527093880556,0.0,7.232395351219743,-34.35191853098602,35.10295390239197,0.0005155641839847124,9.609907226171818e-15,1.9339887284735868,0.0634765625,0.0634765625,0.0634765625,0.0634765625,0.0,-129.11203,119.18647,2.7521550806288992,3.9439008500000003,33.01832601273749,-132.1928755802431,116.0820653362579,-0.02106234841553396,1.1667541493728815,33.01392711387291,-78.704895,159.75069,38.54577453688675,38.421368,35.870871245376165,-116.9337737443384,123.8294556324694,0.05259838820531003,-0.20803141174728879,35.86263387193998,3902.5552,3961.5464,3933.6171180555557,3933.8464,6.934880816987566,-57.3857790276514,75.38136488235111,0.010484686641849384,-0.15020825270070048,19.359298411292713,-73.7777673169451,67.79957928280064,-0.04079280962630732,-0.03871566175088681,22.762056427419537,-97.42265279839302,74.4307512497985,-8.946459109009579,-8.394917329969882,24.504975497945836,-35.61883482440576,138.9748230327224,55.32930444734617,55.37465281815242,27.72884554174371,0.21240234375,0.21240234375
E836_processed,E836_processed,21.798164,22.900665,22.343807534444444,22.344154,0.1579171173903358,-0.5267091246041085,0.5393634142708744,0.00010650637852520463,0.00019014151729853258,0.15348929251559706,0.17578125,0.17578125,0.17578125,0.17578125,0.0,-101.23422,115.23616,4.894392239629845,5.615931249999999,32.10006080819987,-106.1700094587469,110.2004866627405,-0.006327660768277468,0.688641113535895,32.09327059754899,-84.949348,188.91078,38.35708962724821,38.025131,33.964503191147735,-124.2807223816204,149.026116189196,0.03179380718272489,-0.1715254155796497,33.96925094746328,3911.5247,3968.6926,3939.8765923055557,3939.8088,5.91399951866093,-63.02121781133282,59.95077030978255,0.032957302702970856,-0.1021846861839952,18.379077665636274,-87.16125536753299,79.92175462269296,-0.0512953876302944,-0.0035007037439713784,21.181112266032947,-90.52443281273284,68.5465518104996,-6.11554030936943,-5.788024204972555,23.47554636768183,-90.6944922770917,107.8011714072082,14.749140500697262,14.90251023498087,25.995335887420218,0.24169921875,0.2294921875
E837_processed,E837_processed,-16.227892,72.030487,1.9223135092366812,0.0,7.261735138965625,-34.35441747033944,36.08436108684725,0.00029306984775007486,3.719244189757442e-15,1.9365780236569892,0.0634765625,0.0634765625,0.0634765625,0.0634765625,0.0,-137.51427,128.30766,4.0924067227867,5.178263449999999,32.062140928549375,-141.1323947483741,124.4286552029989,-0.05029116713094509,1.074480772644443,32.08609594781402,-81.941971,165.79567,37.06720419034314,36.762802,34.44989892417129,-118.8047639493969,128.8168348019131,0.08582778389628869,-0.22105855602173063,34.529685435866135,3913.9724,3962.1943,3936.673853083333,3936.3096,5.838784186541494,-69.46123648915723,76.08421695468391,0.03880347860517722,-0.1271085757214848,18.684436039704316,-104.3276603965422,75.61827634869164,-0.08749100881678541,-0.1813338448482149,21.036958817287854,-142.4205204520487,31.96071872853738,-53.019600337388084,-53.04084729528897,23.760838831008105,-44.71040696941044,152.535693001085,55.09009919286699,55.373158207677676,26.213273550076085,0.2227783203125,0.22216796875
E838_processed,E838_processed,21.954075,23.12582,22.470739777277778,22.48465,0.16282510784379473,-0.5165679275767869,0.6594791920727302,-0.0002520714984451275,0.0028899069582008913,0.15970861690547886,0.1708984375,0.1708984375,0.1708984375,0.1708984375,0.0,-112.79353,96.239922,3.464477361564801,3.82210215,30.709151114831055,-120.3377769821983,92.96949939124067,-0.027490367587030554,0.3161063252315657,30.815296492849317,-65.780716,154.17871,35.87971863853083,35.4183295,32.19535593721659,-101.6140961478646,118.8936125585062,-0.029301989361291293,-0.5195093549418472,32.20210778899428,3913.1167,3958.7,3934.433028161112,3934.5586,5.590242194137154,-109.0331970335791,171.673659893645,0.09587121364839467,0.06825199108171454,19.216712506990294,-63.59947399544576,68.14276132412694,-0.027762857207675823,-0.007079064246830691,20.070135158988343,-224.7919421468959,0.0,-117.27136318127071,-117.37596526099195,23.16298784674505,-82.25607309323986,81.01013431963212,-1.259628335779982,-0.8809930359905038,24.706325863240036,0.2349853515625,0.1776123046875
E839_processed,E839_processed,-16.227892,72.052704,1.929855660069118,0.0,7.281218932341681,-34.4333404072415,36.12409358813948,-9.640609689513509e-05,2.318596110467446e-14,1.9370918378397397,0.0634765625,0.0634765625,0.0634765625,0.0634765625,0.0,-99.218651,106.21825,2.341001799393572,3.2199403,30.39618174109353,-101.9647501466572,103.4920071010336,-0.02070632264219656,0.9438040259369047,30.400211666114554,-66.802734,152.18867,34.132011181716734,33.7102945,29.816420962298167,-101.1249214019758,117.8011584391907,-0.029235268450002246,-0.48002766447641054,29.82709478503156,3913.2446,3951.1196,3930.4568925833337,3930.4214,5.234616780635219,-58.27206799621727,53.38713707479089,-0.024304662289442624,-0.10293912771092595,17.704030061364936,-78.66211237638682,69.84298980246278,0.04116660413725051,0.0612361221550497,18.347259048098042,-49.06957098981653,87.09283929962382,17.88066074262365,18.10114376942009,22.485291265371117,-89.75564699112155,89.24273496787183,-16.335653683649333,-16.10174588950065,22.654149489400673,0.2349853515625,0.2349853515625
E840_processed,E840_processed,22.086727,25.027199,22.56293841605555,22.57312,0.14582728269696618,-0.4800621790947103,2.415648696758843,-7.327340249356317e-05,0.0006365799139127874,0.1429940657623618,0.17578125,0.17578125,0.17578125,0.17578125,0.0,-122.10754,95.652672,0.3359501239073833,0.86319518,28.25049252025539,-122.5172888310664,95.48950946227968,0.01586100530562702,0.6078666834595371,28.240947108603226,-64.731148,157.21738,33.24640010457243,32.8903695,29.662134637515354,-97.76369192285219,123.9391467984422,-0.09440086393204923,-0.41143955424743245,29.74627025880979,3907.092,3948.125,3927.013210272222,3926.748,5.011158976483046,-51.07775447987489,57.98410967086975,0.01655395734789137,-0.09752837660838498,16.071772250475878,-76.99758447989703,147.519772572848,0.1187023414552997,0.15776280398025755,18.784898763593517,-57.93931975886017,85.3340539963118,16.83234766738548,17.055056071242348,20.617912089674345,-213.7996404400626,0.0,-131.01741856299196,-130.7502889876673,22.60018742575545,0.230712890625,0.230712890625
E841_processed,E841_processed,-16.227892,72.008484,1.9322520013026228,0.0,7.295703047359507,-34.33382905372746,36.05276883163326,0.00010605788423175921,-1.59969609319816e-14,1.9333863525776493,0.0634765625,0.0634765625,0.0634765625,0.0634765625,0.0,-107.86669,106.53599,-1.5700884175210337,-1.02642545,28.323830283572523,-105.8800156051609,108.4775375508895,0.030311224812948265,0.654600660747588,28.31745881677564,-64.86544,140.73003,30.291663989190297,29.810684000000002,27.974604782874174,-95.72995380328514,109.7223263964343,-0.039852756108935856,-0.2652551126948983,27.96356860323106,3900.5874,3942.6208,3919.8379012888886,3919.4717,5.420801474107923,-58.24734028052083,58.19577285989721,-0.03982083460340145,-0.01586578645618797,16.335993448346127,-73.41086600549197,66.66480891857513,0.04767242562258614,0.2259273251297338,16.707469366981744,-55.11684432471804,86.17821303419119,16.622341571170068,16.716010792119764,20.838139431712378,-100.8357689526226,42.94313476949858,-25.921278409604074,-25.37499727292042,20.99126358481368,0.233154296875,0.233154296875
E842_processed,E842_processed,22.153053,23.147949,22.66283235122222,22.661556,0.1438209692548804,-0.5190083251813955,0.4807955823400584,6.8879460863762e-05,-0.0004484530995572354,0.13997714909891631,0.068359375,0.068359375,0.068359375,0.068359375,0.0,-110.17734,91.175743,-4.028607326970719,-3.6510925,26.836975587172365,-105.619441746373,95.76222985658377,-0.014816471950030993,0.43766797886273917,26.838982257212244,-61.743103,129.48369,24.465618595784587,24.1756515,26.20586137638683,-84.37403106139683,106.4302907536741,0.011049997375627587,-0.2397802522367345,26.13805540034981,3888.0686,3930.9553,3909.0335331888896,3909.5103,5.690756907811781,-50.80321614773526,55.29054481794484,0.016195533809834635,0.053535846722160496,15.79501539942869,-59.49257545644866,53.26396638876189,0.021658504784587893,0.050530879858552646,15.994385586794058,-110.1345969521749,24.35776818264969,-46.197366375132866,-46.47470620408838,19.9120888114373,-84.1864124190779,53.41700764899289,-10.781030387421456,-10.557206446157995,19.822482935576346,0.17578125,0.245361328125
E843_processed,E843_processed,-16.227905,71.975174,1.9464422211402108,0.0,7.350505766556555,-34.37151648786271,35.88720827243679,0.00026201809225110984,6.890746552291227e-14,1.919327047500768,0.0634765625,0.0634765625,0.0634765625,0.0634765625,0.0,-100.81108,85.533195,-6.534011754286673,-5.96367455,26.80703028745278,-93.6710033167012,91.03649688073699,0.026134230810294593,0.5057852347530458,26.817148861221224,-74.784996,126.04001,18.817801244026057,18.497344,25.422415183392346,-95.01367717565,105.5949106515349,-0.05125888840712574,-0.23815111931338423,25.387166429102287,3876.8796,3920.991,3897.272782288889,3897.4434,5.274029663427538,-47.38446269512317,50.182991394167,-0.0027321161210241453,-0.03370475092549774,15.330237953932224,-49.30710154634491,67.540324079982,0.033226180764356024,-0.1414258930983081,14.818329288001085,-73.41724310338286,50.50585238542488,-10.350311123855011,-10.226121997696204,19.68425674250399,-110.5865745961479,32.78615307659855,-44.77765178793842,-44.60225655668944,18.79478010496598,0.21484375,0.2294921875
E844_processed,E844_processed,22.216152,23.232189,22.75878708277778,22.767757,0.13957128025468452,-0.5223467224738221,0.4895790275744181,-0.0001233899949281006,-0.00032345032806660456,0.1368504400597443,0.068359375,0.068359375,0.068359375,0.068359375,0.0,-106.63844,80.877014,-8.418112852230694,-8.05125095,27.334891373635678,-98.15026648651465,89.28573381956116,-0.0014793639130370921,0.4300000582643726,27.350192176977657,-94.22847,120.41725,14.218546104210873,13.963787,25.96077167920475,-108.4808134081323,105.1615423248398,0.0063118566020327034,-0.07897225462107516,25.947192317775066,3866.8887,3908.9087,3888.2497188111115,3888.3267,4.64198306114489,-48.77748447745804,47.35859723288159,-0.010458614288388653,0.1112387864047639,15.270823359225147,-60.21722677925708,55.63384903595844,-0.023738076965755774,0.03649525687061317,15.351548949956554,-111.4638059704452,13.18739003296943,-48.16156262025066,-48.45630459639977,19.78667965070693,-5.860476364976319,134.0253334893669,69.4168859165071,69.55794427674681,19.328606624593473,0.2349853515625,0.2349853515625
E845_processed,E845_processed,-16.227905,72.0811,1.9536557997307775,0.0,7.369462646296815,-34.59287132673409,36.0327362408235,5.98089515967125e-05,7.913799275933717e-15,1.9175087515782527,0.0634765625,0.0634765625,0.0634765625,0.0634765625,0.0,-107.20893,77.421822,-9.046778640798577,-8.22959375,25.922896747052658,-98.36356166340447,89.61019154131509,0.0034581190525077104,0.7764284790779552,25.9182763406946,-75.12059,103.72771,9.977817455201333,9.8196597,24.19847100331732,-84.97229240633942,93.63145020890587,0.06042537829877165,-0.19334421470176588,24.201671880907746,3865.0864,3899.9866,3881.9804637499997,3882.0637,4.354169528604483,-62.28351441459191,46.40730971749318,-0.01943114364908095,-0.02416237859745629,14.695634203917944,-64.26215119174918,45.78239670971649,-0.02870279482654264,0.0500980329916052,14.300794963485536,-56.33056053906756,63.384456881673,4.117823568688588,4.293642158686659,18.858224884409807,0.0,123.4107634412905,69.53430835339543,69.58983890216932,18.011917384961368,0.1953125,0.22216796875
E846_processed,E846_processed,22.259533,23.275845,22.842977138499997,22.856064,0.13473594125652358,-0.576212702496523,0.4413070097388012,3.701598592816908e-05,0.0006087413622153353,0.1310791712603967,0.068359375,0.068359375,0.068359375,0.068359375,0.0,-102.26785,74.093636,-9.921171278882394,-9.3680944,25.646958532597118,-91.90439482396793,84.23222079750634,-0.0004406994153857732,0.5786880290017351,25.66676120976548,-81.428833,89.657684,6.024127529837484,5.91196275,25.672794908023654,-87.8248295115271,82.57732006821084,0.039685070464528946,-0.149296456441167,25.687500369541613,3858.7202,3897.2361,3876.3283397944447,3876.447,4.522631355453015,-54.76626149709806,46.11349839454106,-0.030011724959925996,-0.2353570526717665,14.645971352272868,-54.75509835484549,49.2578779533611,-0.03688777974802887,0.14120376182648542,14.946646486996096,-13.79749119486427,106.150460223317,45.999392965727495,46.05787612161029,18.693374030721934,-49.18907162982974,71.93496158852165,11.080752276868926,11.299953032620685,19.084446390387367,0.1898193359375,0.23193359375
E847_processed,E847_processed,-16.227905,71.528755,1.9551680520508332,0.0,7.355999675577826,-34.93911372986408,35.79723343583497,-8.606611401831055e-06,-2.2452223438809526e-14,1.929905786975688,0.0634765625,0.0634765625,0.0634765625,0.0634765625,0.0,-111.44933,86.307121,-10.991782595199162,-10.5234715,25.889492052200378,-99.88308017928588,97.8383473141927,0.014899156451675777,0.44340165891869976,25.87977476395915,-84.091316,91.861115,2.040394206104461,2.2999024500000003,24.57746582858218,-85.58991436162168,89.73562035458949,0.01311312973934427,0.24945707651153598,24.55666127456401,3851.0308,3887.7261,3869.2465948166664,3869.0508,4.5342044295035695,-48.99028129983385,68.96876483517372,0.010190421609282022,0.08229068811822682,14.80660867885757,-67.20543994874662,63.4829665311282,-0.0511154010661924,-0.0759001350285855,14.527002412673161,-63.94338956993011,68.27032687820714,8.360475875670302,8.134281748581907,18.92041357503085,-16.75554644263419,103.8342099152864,43.548372364935695,43.794923626335944,18.228092424086757,0.2178955078125,0.23681640625
E848_processed,E848_processed,22.436283,23.36422,22.92084929127778,22.922344,0.1325637057185734,-0.4670592619945125,0.4382377102798258,0.00016216808119347154,-0.001196285095325147,0.12928639242566933,0.068359375,0.068359375,0.068359375,0.068359375,0.0,-113.31011,90.509743,-12.407037466748971,-11.864252,26.401493719763895,-100.5792427998997,103.4591917267404,0.08551831658152517,0.5664878262784181,26.48126088934721,-89.628197,82.827293,-1.6349136610278039,-1.69775155,26.340654155220637,-98.74620617251064,86.22561975939769,-0.02897717136814846,-0.03643570184820266,26.432603439146913,3842.988,3879.6077,3862.7672052055564,3862.6362,4.761474951606536,-133.09016219156,81.42331863939728,-0.10263165797005241,-0.1171149997516676,16.207081272119844,-72.13928590613742,77.98583783288211,-0.006345764278061303,-0.01083249138405884,15.540893337881224,0.0,175.573525838034,111.620281733109,111.5548456314985,19.686570293475732,-51.68606772618632,149.1972144657517,38.283896036250475,38.36495832405912,19.834826945123027,0.228271484375,0.228271484375
E849_processed,E849_processed,-16.227905,71.241539,1.9615341516720555,0.0,7.372696935942701,-34.95089329170948,35.52384697821662,0.0005510726013501935,5.516639910923553e-15,1.930157685462621,0.0634765625,0.0634765625,0.0634765625,0.0634765625,0.0,-128.31723,75.824646,-14.0463800936331,-13.359165,27.471227425473906,-114.1504201572887,90.43834805050722,0.07605745326244502,0.7233101013511966,27.52711651819984,-99.951973,96.941948,-4.896031784516307,-4.6421161,27.51644852753524,-117.1245400525819,101.3323350660771,-0.11991805051795192,0.03325859582658275,27.610855150055567,3834.5527,3876.7078,3855.8218802333336,3855.437,4.614403326921466,-121.5804042637406,67.03190428070386,-0.09283003735705139,-0.07329078555278978,16.290619706365643,-106.3502485464957,146.6235426326985,0.1313667290493733,-0.06854191325828507,17.010583072569666,0.0,166.8678006107894,97.29074518410083,97.29970399044404,20.18612588100293,-213.9340995194782,0.0,-111.50779957055326,-111.3213172719617,20.79298048412972,0.23193359375,0.2276611328125
E850_processed,E850_processed,22.502563,23.386314,22.98169927172222,22.988628,0.13175773629244064,-0.4880088831031352,0.3999793963500512,0.0003046492061089405,0.0015325857338684096,0.12811942457980444,0.068359375,0.068359375,0.068359375,0.068359375,0.0,-107.2976,64.649933,-15.58372180533408,-14.797309,25.363886420876312,-91.44099840856074,80.7386229537882,0.013091949218228966,0.8663697293576612,25.36070882441192,-83.822533,76.482765,-7.547164652952189,-7.36777975,24.111908073132753,-76.89449013570785,83.53058275706488,0.036386815302584787,0.0744293506265361,24.08207469040101,3834.3428,3867.5093,3849.8949343500003,3849.6497,4.1964573547877775,-62.30684795370045,47.06309686517122,-0.0387731720233763,-0.2955186671311996,14.643318938184011,-46.04111370486783,47.42101337781851,0.007013843427662815,-0.00927824120528564,13.929127030787678,-50.24492032152622,61.21417132446547,3.3829803349915446,3.4359629511011907,18.576137536428405,0.0,116.6544582579164,60.51200267850531,60.583432155318484,17.7491627748395,0.2252197265625,0.234375
E851_processed,E851_processed,-16.227905,71.086876,1.9733813454242781,0.0,7.444824418719951,-35.14433044243045,35.1056756754655,0.0003896138253983714,2.3764396617770362e-14,1.9028878479383449,0.0634765625,0.0634765625,0.0634765625,0.0634765625,0.0,-113.47288,68.535942,-16.757095686566096,-16.030845,26.786989290362108,-96.12702200322812,85.36917186085941,-0.002746804165752443,0.6823809360193054,26.78121083302556,-91.782585,76.189522,-9.734237995434194,-9.588758,26.359324543393498,-82.05006388147562,85.43626555181942,0.016714804275044477,0.2076095366479962,26.387119976531178,3829.835,3861.9866,3845.086106027777,3845.9082,4.025636341905686,-76.45405600349096,47.51717795353697,-0.02741457964190004,-0.25449697423699646,14.649253867175029,-86.53525787343366,51.89345138848201,-0.04784964096112737,-0.03554875283930725,14.813056232710549,-56.87821935078586,78.64859369874772,4.586388166115791,4.331222538587493,19.114838376211175,0.0,122.1953074641508,67.708252635329,67.80433998143698,19.112549721913027,0.22705078125,0.230712890625
E852_processed,E852_processed,22.590939,23.518879,23.016433168888888,23.010719,0.12493777337899613,-0.4106279965512293,0.4839413949219884,7.768145933750459e-05,0.0002766196975273168,0.12201520603566973,0.068359375,0.068359375,0.068359375,0.068359375,0.0,-123.23428,67.89695,-17.72092055185921,-17.0910865,26.016822706084717,-105.4079584180415,85.34059252249787,-0.045409586998638424,0.5992286944327276,26.053422582625938,-100.76099,77.129196,-11.556376357292713,-11.464799,27.334820993618724,-88.72360531010568,89.34390911925703,-0.018882540081562153,0.0922255265887072,27.337718687938153,3826.3408,3858.6895,3841.5114309055557,3841.4915,4.2305997541572475,-58.41956503756789,103.8978964760161,0.07085270105899881,-0.22320791306102505,14.464467108024117,-45.58250031060766,48.92090727365432,0.019456641163035342,0.1466952524018012,15.209547339737727,-148.4791083218995,0.0,-85.77028171654499,-85.6867698997406,18.49693088043474,-53.06144208638543,66.68325703934971,11.093558662285233,11.401973509331846,19.89059306081064,0.2349853515625,0.2349853515625
E853_processed,E853_processed,-16.227905,70.97641,1.9707251734142779,0.0,7.4414335540975625,-35.14171736993772,34.9896176626069,0.0004446369240596353,3.74874938969591e-14,1.9051631894721197,0.0634765625,0.0634765625,0.0634765625,0.0634765625,0.0,-122.57184,62.762531,-18.578519957834022,-17.7531395,26.210936777450996,-103.5757649721902,81.54999015458364,0.00326259061319104,0.7895893851813471,26.235838451000337,-92.212303,66.753105,-12.861674416895468,-12.823693500000001,26.58534045231046,-79.05767301808031,80.02164911085129,0.03727211625972071,0.0759782256080781,26.60488291890759,3823.0564,3853.3247,3838.482823216667,3838.9817,3.903833517959583,-56.36456225162839,47.62100211675916,-0.028514091043020426,-0.1631144843555161,13.971201758436635,-47.02106271143943,43.66316743519747,-0.011696666616426406,0.08855438464732757,13.850878994933193,-24.98800829957357,101.6477960682553,37.49175501605792,37.279185959293535,18.44624412336567,-43.77685548344664,83.64216470916706,30.657613586576357,30.87327970631261,18.71214085526261,0.2398681640625,0.2392578125
E854_processed,E854_processed,22.502563,23.474689,22.976524424611114,22.966534,0.13100145549316744,-0.4532300717306537,0.4936837388060189,-0.0001041108143761231,-0.0002771287370845702,0.1271382778332913,0.068359375,0.068359375,0.068359375,0.068359375,0.0,-107.2727,57.919807,-19.1295668237005,-18.488870499999997,25.426418034837976,-88.0341372785771,77.18012713074839,-0.055110303343413304,0.5256072417277124,25.45872949881403,-112.80479,77.42614,-13.875159473959773,-13.920738499999999,26.829275435555722,-98.68623397964876,91.41783252786425,0.07225774517694675,0.01606061708557505,26.887992575137165,3820.2715,3851.6885,3836.55024805,3836.4844,3.9467596032210546,-46.24384703571014,52.60124614828729,0.05227761735771714,0.01807667551041392,13.50256799254711,-79.86773038609394,51.90170959471023,-0.07547175629440861,-0.1862201310167542,14.471763735380915,-118.9583712794306,0.4565449413053896,-65.49525414911182,-65.56059691613687,17.851407150454147,0.0,147.3044164901529,81.84587018096872,82.00028741761801,19.04800285146125,0.24169921875,0.24169921875
E855_processed,E855_processed,-16.227905,70.888039,1.9731726921862776,0.0,7.459809442796497,-35.19465991863414,34.81647109758936,0.0002367027031106123,4.826034238680921e-14,1.8888592619255986,0.0634765625,0.0634765625,0.0634765625,0.0634765625,0.0,-138.53339,80.480797,-19.312661029900923,-18.531906999999997,26.297333526947163,-118.7086853708759,99.9928246474885,-0.03874605769704758,0.7243811734044301,26.304533031281068,-110.25102,77.7481,-14.458194127655759,-14.162502,26.088171533438704,-95.54017087984562,92.48665530669476,0.040944789719751344,0.3405217725848826,26.10240861879432,3815.8962,3851.5464,3834.9136732055563,3835.3345,3.739492302138707,-51.05200073580502,55.31623908630259,0.04865493765918754,-0.13904500487492455,13.709686780753291,-66.2561559626073,51.5445716218325,-0.05849063183563754,0.04292747546598652,13.59474467127496,-103.4652066943045,25.86810318110337,-38.12401250352711,-38.06826110427008,18.291593025347378,-8.705699051643014,115.1676380969823,54.76275669115621,55.00306365368851,18.24149415935202,0.2410888671875,0.2410888671875
E856_processed,E856_processed,22.436283,23.253754,22.875930093722225,22.878159,0.12002338984975683,-0.4614320571799724,0.3929578835315016,0.00015783856458959303,0.001085580933933101,0.11477815008449205,0.068359375,0.068359375,0.068359375,0.068359375,0.0,-108.54903,51.614861,-19.573511041677886,-18.951791,24.589176177375577,-88.65478708691788,71.11761572478868,0.0015344384879535022,0.6270450248879413,24.605765562135417,-120.11876,92.858147,-15.061436644709417,-14.6678275,24.488483101435005,-105.0252938730029,107.9244451079287,0.003860922228315734,0.36077245915991263,24.489357364008974,3813.9275,3851.4326,3833.843922661111,3833.5122,3.5865190920803522,-39.53398602663091,41.71443829432591,-0.007784786848711429,-0.26596375603165523,12.983179182945484,-46.111871063107,52.92889818475314,-0.014586326282099476,-0.15739068033264736,12.621167923840096,-14.55732712014228,90.87658271343008,37.49579762440148,37.473732959100076,17.276063994823193,-73.64755253982855,55.21678935859736,-10.969761516437984,-10.871465819827804,17.126892915632062,0.233154296875,0.2239990234375
E857_processed,E857_processed,-16.227905,70.79966,1.9640866000940553,0.0,7.43246584647027,-35.20506037810787,34.72299413587347,6.882637505012326e-05,6.902981322791213e-14,1.8883050388250708,0.0634765625,0.0634765625,0.0634765625,0.0634765625,0.0,-113.20501,63.479939,-19.62079653925197,-18.938540500000002,25.806349826341517,-93.63658711528922,83.52615305991861,0.015499493483297572,0.6933561882029533,25.820893893766684,-98.475372,72.12928,-15.5240923819646,-15.139792,25.39817646778777,-82.88369497799475,88.09876455786176,-0.007513845276184125,0.4099483791941885,25.41573262987587,3815.7344,3849.6218,3833.032910061111,3833.4968,3.618611023397326,-42.82668175945378,46.01510640814107,0.009790047520110715,-0.11260980707216375,13.43618115987318,-49.35883156217641,59.1854277492957,-0.014614797380745788,-0.1740901481191705,13.311348210883606,-58.89329736329875,48.64572226506495,-6.8269650175885905,-6.633978052963116,18.07796062285194,-46.84767802615237,71.0083982006162,19.92288103760908,20.149593928252187,17.920896959657476,0.2252197265625,0.2392578125
E858_processed,E858_processed,22.259533,23.187469,22.72774916627778,22.723499,0.1242977317688577,-0.434085382743055,0.4773762519794158,-0.00011070592355259347,0.001206729922663616,0.11971487083509982,0.068359375,0.068359375,0.068359375,0.068359375,0.0,-100.48682,61.563812,-19.67245782348224,-19.198137,23.676491870693948,-80.72262159293774,81.37373691748235,0.007067694659118713,0.4536671857254895,23.67783211464554,-103.50385,74.146385,-15.886290776458916,-15.5747965,23.507809453979167,-87.63747443096479,89.96534580329829,-0.0063384143890140325,0.27574045062056096,23.556133569493582,3817.3982,3846.8103,3832.462584205556,3832.5232,3.460531390828146,-73.23365800131492,46.96235177150819,-0.04213069615567894,-0.0903787284619908,13.029123474627145,-51.02953401577943,84.04796874366747,0.04409630652606189,-0.045838264195424916,13.083792098932266,-7.381873839671727,96.77817242753835,48.372825211440784,48.30476930215559,16.770353024662683,-123.7643072901896,0.0,-64.50530529776849,-64.2633854327962,16.912609915838306,0.2349853515625,0.2349853515625
E859_processed,E859_processed,-16.227905,70.711288,1.952886870409945,0.0,7.403199849477301,-35.20065759588532,34.62742885131135,-0.00023051168600679646,2.6541300926321268e-14,1.8945191893307354,0.0634765625,0.0634765625,0.0634765625,0.0634765625,0.0,-99.260246,55.975227,-19.564717778531385,-18.923089,23.92806856603147,-79.67777449241257,75.5215899085709,0.04311190837530309,0.6773073042615193,23.95931991608009,-99.466133,67.636963,-16.190206082167027,-16.0925705,24.25085497733583,-82.88158020481004,85.0742074314227,-0.006432405405313269,0.07788812738845297,24.242005698823483,3817.2292,3845.0183,3831.8284820055555,3831.6384,3.404313758227985,-77.51162610541931,45.01895481186496,-0.035688807703260064,-0.08357784615055319,12.942058150151917,-46.01832397593286,40.2677617385467,-0.012457601036488622,-0.0317500085784963,12.738647811599865,0.0,127.7097760970427,75.84428961253435,76.09707232118163,16.84726653321172,-74.32149935491988,33.17145979775598,-23.73823412540941,-23.578384829625506,17.075868227313954,0.2264404296875,0.23681640625
E860_processed,E860_processed,22.038593,23.054909,22.57699073961111,22.568844,0.12353213861943609,-0.4950815453041895,0.4755905891792693,-3.5853522780366215e-05,0.00015097381210141606,0.11688880051091888,0.068359375,0.068359375,0.068359375,0.068359375,0.0,-100.45577,56.878826,-19.58240176385035,-18.938811,22.73550165371265,-80.68110644686834,76.54503037330765,0.028822793028401572,0.6603350263071694,22.74717244512939,-99.468887,64.197762,-16.405130819839364,-15.87557,22.544085195349652,-82.68265656820145,80.70166422394594,-0.03171788494093808,0.48067839536308377,22.558959957731837,3817.2979,3845.8718,3831.5246768944444,3831.6194,3.2848882719944337,-44.06905555074241,65.8103035922966,-0.030089821779155923,-0.4971509827454841,12.59138142516235,-45.21799119924303,48.74061703007053,0.02726833859589574,-0.10883238942378676,12.523116529018477,-34.99585451176091,90.9229018401771,33.69047148389161,33.58790755301048,16.19685559831168,-86.48710544371505,24.4561540907462,-32.11665371502191,-31.969793202112264,16.2608075414626,0.2349853515625,0.2349853515625
E861_processed,E861_processed,-16.227905,70.556625,1.9365006365290554,0.0,7.337844317343177,-35.16086791056391,34.53598032986659,0.00028479490803214654,2.400608196239393e-14,1.9071770262162675,0.0634765625,0.0634765625,0.0634765625,0.0634765625,0.0,-98.225716,52.597256,-19.52142718327025,-19.2273205,22.555576401859817,-78.9113125021278,71.95116602905534,0.017217266934943683,0.35736860234075335,22.615793923185254,-91.85833,64.547928,-16.53849111512408,-16.250477,22.652687470275456,-75.05961929285525,81.4714737116173,0.003669784186021963,0.20956464078070455,22.673733119646634,3817.1575,3845.8787,3831.110005655555,3831.5071,3.3673068004014133,-115.1732024196811,79.6294448822604,-0.06637639272859626,-0.024441846392815325,13.48096938102728,-60.67984754698949,55.0001788335565,0.02415696715637275,-0.07561809356616965,12.798818375230946,0.0,162.6099662637076,84.35827634014736,84.18914566399556,16.515401264730528,-121.1415288461189,6.068204333071137,-51.03457099641818,-50.90355222426152,16.494437046144274,0.2349853515625,0.2349853515625
E862_processed,E862_processed,21.906029,22.767689,22.372372839555556,22.369999,0.11982212810448327,-0.4045113448192352,0.3839314583535156,0.00027334018607917286,0.0005236869956773919,0.11260114029018688,0.0732421875,0.0732421875,0.0732421875,0.0732421875,0.0,-93.086815,46.715809,-19.47455942543976,-19.318386,19.645011222216585,-73.53752742081758,66.2120034311604,0.010215305906228362,0.15211554201732105,19.64872281463809,-88.766426,55.458855,-16.71009586659411,-16.462772,20.13582301653538,-72.09498883058265,72.42951629782738,-0.030074367462670126,0.16624442860544564,20.146108869935436,3817.2725,3843.1741,3831.1227723,3831.5161,3.1990224551828716,-34.48031921474443,34.50284136677261,-0.0016445200939751584,0.149054921101186,11.233290691764038,-39.80830570207118,45.60094383322479,0.029540822769891936,-0.06172025452096175,11.5628818319447,-10.87157493387899,76.4943182339476,32.60302965604078,32.69710450860686,14.179763691571134,-94.77420905111761,0.0,-47.96948391323273,-47.82391278763032,14.725681360053958,0.2325439453125,0.2392578125
E863_processed,E863_processed,-16.227905,70.424065,1.9234358268308336,0.0,7.321332891651141,-35.222130079212,34.30183770136178,0.00020966053618036781,4.613072876695945e-14,1.896943036710894,0.0634765625,0.0634765625,0.0634765625,0.0634765625,0.0,-94.525406,57.544769,-19.292045419663765,-19.0654515,20.491063424616307,-75.71620612189378,77.0392680732266,-0.03262091893078421,0.21265786955019128,20.511039955778596,-89.897072,54.599567,-16.67108349938018,-16.584121,18.66479958984246,-72.75699695849168,71.594519031765,-0.023172931504940687,0.04032400331808987,18.666205174201554,3817.3145,3842.8127,3830.948278488889,3831.3262,2.9817296473244186,-44.43133739861635,50.20382993863866,0.033161395909986575,-0.3363588983990571,12.262666611013001,-33.30754293434144,35.13223223623245,0.01919788578748078,0.057362633907637184,10.7825690050405,-84.21456202196693,23.2001377216395,-33.911680834868086,-33.99853200068122,15.091382026854781,-74.55352554081458,11.88866945977373,-28.183404641818612,-27.924089080010553,13.713499812305784,0.225830078125,0.225830078125
E864_processed,E864_processed,21.707188,22.546749,22.155045690444446,22.149063,0.11036102710100301,-0.4217677814410245,0.3840353818852367,-1.706719621577461e-06,-0.0005578681977733758,0.10449752362243132,0.0732421875,0.0732421875,0.0732421875,0.0732421875,0.0,-98.355705,46.344688,-19.065633013871768,-18.889523,19.746209413500708,-79.25280538261515,65.32418094367522,-0.02997322173483575,0.17601124719101735,19.79043673549547,-85.110748,61.185749,-16.646631900316113,-16.407995,19.830870619712893,-68.42887122687533,77.91236000820757,0.004033870668621158,0.2626861057836971,19.84637103801388,3817.0806,3845.6802,3831.153030311111,3831.417,3.2192320523031723,-41.2426297758801,79.04531359972108,0.05452022870654001,-0.1749685052700114,11.991676021853284,-43.46942948854568,41.51581496982052,-0.0021641006168191214,0.0025412518686533936,11.579851604462007,-124.1363109810993,0.0,-77.54294826481221,-77.71607825405684,14.51930214127493,-20.36307370904731,82.60952029211536,34.46809397170416,34.76625112992376,14.678207748380528,0.1776123046875,0.1776123046875
E865_processed,E865_processed,-16.227905,70.313599,1.9084482431759444,0.0,7.28361992930446,-35.2317166033833,34.16781684526141,-0.0001407418284017983,3.0322704961763094e-14,1.8953973286053802,0.0634765625,0.0634765625,0.0634765625,0.0634765625,0.0,-91.331474,58.422344,-19.017778197379705,-18.775149499999998,19.772264258465754,-72.1748648833146,77.42325864984436,-0.0013004647596320733,0.26645481839236096,19.775486727569422,-86.668312,52.581646,-16.705659312297804,-16.6677675,19.7291193555723,-69.79578158439516,69.37212504760376,-0.03463728567654496,-0.01752745788810495,19.728742564868494,3818.0579,3844.8516,3830.9292512833326,3831.3606,3.3396901325162176,-40.8073824518527,44.255308943331,-0.006562493201725074,-0.051871591209488255,11.705971304126914,-41.24227901354371,55.42808692481135,0.04194569099352264,-0.09884976953734781,11.936681515720903,-38.02388434484639,64.51213666381511,12.7398611477799,12.81249389702865,14.489240124027605,-99.5352031304508,0.0,-52.126061099270316,-52.0539279335692,14.689597542974411,0.2362060546875,0.2362060546875
E866_processed,E866_processed,21.574623,22.369999,21.954640237388887,21.950218,0.11290839002261555,-0.4094803367168198,0.3773451172275553,5.714072516493089e-05,0.0014060161908996105,0.10704617855499254,0.078125,0.078125,0.078125,0.078125,0.0,-87.497917,45.039211,-18.84577328344455,-18.851391,18.63935762749959,-68.4341865368374,64.11407780915887,-0.0035069389480584636,-0.012799326360347984,18.637174324433918,-89.516594,65.135742,-16.71622167938165,-16.643195499999997,18.700929860419805,-72.52580237004807,81.89788282634024,0.05267008568176859,0.10939108895247801,18.764938105823536,3817.0579,3845.53,3830.968987005556,3831.2122,3.127858431372432,-36.22110999349673,40.09547374891656,0.00965252015367843,0.027933963871757006,10.945162392005676,-104.4677110674655,57.74914146553883,-0.05940827229264981,-0.20018897661989365,11.581364848969445,-49.4466469755275,39.87627927948818,-6.750716714373589,-6.741972606460628,13.497004322360864,0.0,147.9247372486914,98.26040045663167,98.46141447212885,13.912312720758859,0.2398681640625,0.2313232421875
E867_processed,E867_processed,-16.227905,70.092659,1.8955546802678336,0.0,7.244476484301431,-35.22641497580362,33.93509992713894,8.879672363085666e-05,1.3436585443385491e-14,1.8986226086234124,0.0634765625,0.0634765625,0.0634765625,0.0634765625,0.0,-92.494064,53.310982,-18.677576585062653,-18.7990875,18.278676185918123,-73.57204252688395,71.7625715254038,0.028887694906541254,-0.11322274985255254,18.31015339448479,-82.82074,46.719269,-16.696886219208704,-16.790492999999998,17.12773993841379,-66.10108414795366,63.35841747869567,-0.03196473251497188,-0.12172850107814895,17.145955885212594,3817.7258,3843.6755,3830.7844118666667,3831.1343,3.2387467619877772,-39.89225012727099,39.52854597498702,-0.022535062182735374,-0.18695375012450755,11.538924603163398,-35.38194824779713,47.62935803086776,0.029651743189417136,0.25924486379023937,10.655017562933152,-47.20919326955246,56.66376866764217,7.5550804661991355,7.78784093503276,13.766216431984814,-82.21616464167946,5.694789819599874,-38.001504139751496,-37.94625424093934,12.886405568990426,0.18310546875,0.2471923828125
E868_processed,E868_processed,21.353683,22.193249,21.791694815666666,21.795563,0.1182478064243117,-0.4175057361599811,0.4260888979909279,-0.00015508392963322904,-0.00029327164648928,0.11333076519189865,0.0732421875,0.0732421875,0.0732421875,0.0732421875,0.0,-94.62558,53.098866,-18.610404627925192,-18.3803225,18.031255026701615,-75.93767921222113,71.73162705500192,0.036097073972290394,0.27728756621166983,18.04756090851641,-79.246597,39.541298,-16.658557512873873,-16.818285,16.59829679132391,-67.98652604511379,56.62368997299903,-0.02719946553402425,-0.13175033511863427,16.63322047285948,3818.718,3843.718,3830.9737693388893,3831.1472,3.2339959123642084,-70.79220171602098,45.22267230665278,-0.061194493573805527,-0.1045559193722427,11.985257013931356,-60.69378705443848,87.17754566053097,0.04758671146584965,0.030752635635697075,10.89137089722229,0.0,101.9452253101492,54.60939727097106,54.676778451481276,13.75069443069642,-124.029835477715,0.0,-73.42766207234482,-73.23147018575574,12.689841974566667,0.2032470703125,0.23681640625
E869_processed,E869_processed,-16.227905,69.960098,1.8865545197258333,0.0,7.22165739014325,-35.21870724974762,33.7932323865633,2.3118522168391572e-05,-1.799661412462007e-14,1.8950579461260115,0.0634765625,0.0634765625,0.0634765625,0.0634765625,0.0,-90.709839,44.052353,-18.394854091618637,-18.4630115,18.605133241305225,-72.38836797627637,62.53704413995852,-0.0009630646296902765,-0.04526366026183615,18.609568936415535,-78.35437,53.380775,-16.532058554095318,-16.608566500000002,18.192355537229997,-63.64567586973822,69.62884801812328,-0.049907346590659776,-0.09040579655002112,18.225790998243518,3816.0945,3847.4307,3831.183381161112,3831.2812,3.6722025233259994,-34.82695256908046,44.70625661143447,0.0017811009229836844,0.020655070257632246,11.982688149624165,-38.4457226128492,73.66270251359117,0.032219113490521964,0.0058387589282880015,12.034983053540454,-65.89372281631634,32.95545983082841,-16.587836554423145,-16.580271783500315,14.169731796512316,-123.0000093922867,0.0,-74.28900658635379,-74.24626268616363,14.17837023526599,0.184326171875,0.179443359375
E870_processed,E870_processed,21.331593,22.060688,21.718953385944445,21.729279,0.10989473037763148,-0.3998577897530059,0.3432871102866951,-4.6197878626479656e-05,0.0010162909865290446,0.10766210790149693,0.0732421875,0.0732421875,0.0732421875,0.0732421875,0.0,-83.899429,50.756462,-18.294336013089794,-18.355991500000002,16.934799992327967,-65.66817239580162,69.01874433032908,0.006657935188918605,-0.045153490429946874,16.927695695646587,-82.603821,51.661877,-16.50567529032708,-16.632558000000003,17.238213505173494,-65.90733727621708,68.35014844713534,-0.010594565370374596,-0.18983262244007595,17.236529499288164,3816.7556,3845.6448,3831.424556405556,3831.2417,3.317161877662751,-44.64277612491043,37.3162500650254,-0.004524482451527259,0.0019837522250429895,10.616123330175444,-35.16112044088518,35.85863778750551,0.014389927724613153,0.05120005274941031,10.479303442945817,-30.39328721920892,71.33255972631186,19.483144470276564,19.51064308321053,12.549731706094716,-56.22293271609595,29.58744109308672,-12.233425184162066,-12.169089798889026,12.872134476888641,0.179443359375,0.1800537109375
E871_processed,E871_processed,-16.227905,69.871719,1.8853166498285,0.0,7.216471052237132,-35.22377977950583,33.70239136450077,0.0003670905461679116,-1.7968900667217235e-15,1.8951808736758011,0.0634765625,0.0634765625,0.0634765625,0.0634765625,0.0,-79.481461,42.057724,-18.226607865619513,-18.1010475,16.949759437865428,-64.45126439940883,60.09058118183831,-0.03825836061226321,0.07500697898507219,16.991489510218695,-78.919006,45.696976,-16.592747958736574,-16.500844999999998,16.2872120104624,-62.55345646287059,62.4003927194176,0.015095201506033346,0.09044642201488795,16.28686341757217,3814.1331,3845.3196,3831.367525877777,3831.0508,3.2524627610938355,-51.2985909107553,83.37705253234131,0.05627529214251535,-0.22697784474052266,11.123605854680948,-35.88628323452542,33.80289981101148,-0.01035297521114037,-0.007134526508965955,10.078250205481666,-122.4776400499888,0.0,-78.78479543422435,-78.9454248234329,12.758221141421133,-22.33078131233384,61.73021178878057,20.72829288225741,20.75195716568294,12.253825780229507,0.1849365234375,0.1849365234375
E872_processed,E872_processed,21.265308,22.126968,21.710788459222222,21.707188,0.11974371173661817,-0.4407802933275332,0.4227133988633326,0.00025180514048702443,0.0013721655872827344,0.1167342943980695,0.068359375,0.068359375,0.068359375,0.068359375,0.0,-83.29142,46.207985,-18.19391707773599,-18.3630985,17.140602416284647,-65.10616065530718,64.14606186780104,-0.018247007502821936,-0.1597413862412873,17.144793766406924,-82.093811,45.912369,-16.684886085670183,-16.796145,16.63792665787413,-65.368414987807,62.84138491173777,-0.016712931236446307,-0.1326977179096004,16.634226187483094,3817.6787,3848.9272,3831.719667311111,3831.1685,3.2668460050116095,-34.86944591993765,38.19766865512378,0.010577619166705262,-0.2084451979877322,10.775926314494189,-32.93055307744821,36.94641228606133,0.013162813966081913,0.0751172864405728,9.8244628373205,-57.65498033767414,27.18045668613222,-13.222711845391322,-13.208857460324971,12.72947106370746,-59.8605377242128,24.89357796532937,-14.85013369905862,-14.67650331487865,12.196408728664577,0.2313232421875,0.2313232421875
E873_processed,E873_processed,-16.227905,70.203125,1.887414950504389,0.0,7.223820054357878,-35.23448543731865,34.04511833927025,-2.202777392924243e-05,-4.8856074372234954e-14,1.8946329583366852,0.0634765625,0.0634765625,0.0634765625,0.0634765625,0.0,-97.887222,49.927803,-18.11058545197389,-18.1014635,17.403227654587113,-79.22760702515805,68.14402144158296,-0.022379653587959025,-0.038922358143288746,17.413270675748027,-79.771973,51.254189,-16.47876391343554,-16.8459305,17.162192544362718,-63.58424220980827,67.51543771714843,0.03966774541295445,-0.3599353361617802,17.187359273125086,3816.6946,3846.157,3832.175382794445,3832.0139,3.419760856798489,-42.3504295072117,50.7309419541478,0.02231784789349381,0.08502407623077435,10.577792511236625,-38.85605891950759,35.95924246872403,-0.017370267113615195,0.0284052729507831,10.202077422323562,-61.22061169440003,42.70257535694576,-4.194566815220042,-4.308283758587692,12.738103620467157,-10.30253339983581,79.20556553538277,33.07343679636509,33.05341036964265,12.712066608892096,0.19287109375,0.2484130859375
E874_processed,E874_processed,21.309498,22.149063,21.764212568944444,21.773468,0.12219859949654269,-0.4647270326906174,0.391232709425453,-1.2678597417168764e-05,0.00027780409413580287,0.11886171797049334,0.068359375,0.068359375,0.068359375,0.068359375,0.0,-82.807175,54.585426,-17.764373461225283,-17.8188095,16.809152818175022,-70.64230797898632,72.07859525179755,-0.020437497083375618,-0.05950175481427844,16.835886954504325,-87.358932,54.780769,-15.658625764456112,-15.706261000000001,17.374421918811656,-71.52151510141721,69.87531845622333,0.01858167450833327,-0.007355728286822696,17.371609458345166,3818.5237,3847.1235,3833.9273634000006,3833.7317,3.379714435526353,-36.34086137490407,49.73343461004288,0.015619003043826764,-0.0651732936377094,10.606129997703329,-38.84316460886132,37.83272665791219,-0.030518220024016985,-0.18629595532283716,10.244693851118685,-51.14651489518581,64.12474190880792,-2.3084922707570836,-2.3091687337097704,12.520804389828681,-39.67755390365726,52.6754572481597,12.189863725959446,12.349551535544457,12.76411060933756,0.2252197265625,0.2301025390625
E875_processed,E875_processed,-16.227905,71.15316,1.8770578586539446,0.0,7.136779951333787,-35.0380631464161,35.34342912316099,0.00018121500345970817,7.311848841714976e-14,1.9406886230341913,0.0634765625,0.0634765625,0.0634765625,0.0634765625,0.0,-82.826469,51.921303,-17.341205752231065,-17.450504,17.154128013820266,-65.57382081862849,68.90416353096903,-0.047663715490108144,-0.12956705456829498,17.185570294453154,-77.164299,50.286366,-14.22766045606905,-14.436442,17.180284683637176,-62.73849375315615,63.84664959913835,-0.02275932927799765,-0.17380897576601684,17.18108348309497,3822.0461,3852.3972,3836.457327011111,3836.3281,3.49194374239848,-49.11761193238819,72.4800972074613,0.060046090389325374,0.21177668486879764,10.98018361210954,-32.1834152461909,37.60450165892905,0.025057382210641455,0.09622288222161579,9.978624182225795,-104.4215607924882,0.0,-57.965386709274505,-57.82241237053927,12.762699289680315,-64.01098778729775,24.57675359782071,-20.25200791931424,-20.05807157425899,12.509488144240883,0.250244140625,0.1861572265625
E876_processed,E876_processed,21.375778,22.303719,21.85426569088889,21.861843,0.12364227984989958,-0.465664474551982,0.4589393164895521,6.414786594384338e-07,0.0006837931316337029,0.12008878302817652,0.0732421875,0.0732421875,0.0732421875,0.0732421875,0.0,-80.351784,43.062248,-16.570263495558358,-16.399331,17.112948357616546,-63.31658883817866,60.03195889115216,-0.00796654526617267,0.1794421028408139,17.105615577859705,-71.84552,51.740601,-12.143325288496673,-12.379709,16.350254234406133,-59.609895320123,63.85651504658178,0.01003067414936672,-0.23020281075053967,16.34358367190584,3826.5059,3855.9683,3840.4710534888886,3839.8979,3.4235489544317272,-44.75554375341771,41.43956891014542,0.030328189878491275,0.13518550577277266,10.504006382535383,-37.0795062082704,38.49954759604063,0.01750110869878084,0.0007999010355911885,9.408609437061749,-57.8071479020849,31.47818483139991,-14.592572079120876,-14.596354593771753,12.527023909087777,-59.76493623385808,28.28926918368881,-12.87841898170857,-12.762137985576526,11.867006140095443,0.2301025390625,0.2301025390625
E877_processed,E877_processed,-16.227905,71.970627,1.902820469453833,0.0,7.261404892988268,-35.25534718302752,35.78687942600161,0.00021437409750222575,4.7982392072718775e-14,1.8943943125230411,0.0634765625,0.0634765625,0.0634765625,0.0634765625,0.0,-77.451851,56.732418,-15.454575698888517,-15.397713,16.596670769959466,-62.6001896394415,71.63954097879912,0.014743942822290718,0.11276521095008454,16.588686670883458,-76.301758,62.327091,-9.389041934003824,-9.45328475,17.197208893368245,-67.29196574470748,70.63496453494272,-0.003027104714975724,-0.05486970234101085,17.173270646431064,3830.9702,3861.325,3845.445509805556,3845.2546,3.400332282706714,-37.16244256536247,36.44758996313686,-0.016150130957312298,-0.21797213810368476,10.089888579406562,-35.37989788598996,36.02978938501812,-0.014955141252224052,-0.035548765014500994,9.706713398235328,-35.43505443537879,54.04661162617713,9.203393474642883,9.12617002357833,12.110057402517967,-48.25424658460342,37.88240491262525,-2.819949470097238,-2.6737475587763324,12.395492153756775,0.228271484375,0.228271484375
E878_processed,E878_processed,21.442059,22.436283,21.969584196166664,21.972313,0.12259368160956578,-0.5145162584858076,0.454359328162125,7.263476280904947e-05,-0.00010599751423682159,0.1186171425556762,0.0732421875,0.0732421875,0.0732421875,0.0732421875,0.0,-96.415955,52.929035,-14.409326979333462,-14.234033,16.486819681474035,-81.70237167354321,67.65687313287413,-0.030538095134070575,0.1400345216841339,16.49691399752207,-63.748894,53.294285,-7.04005596710629,-6.852710050000001,16.463539471251355,-55.76991425381075,61.29615003219714,0.0010535318680455785,0.1087483628992085,16.454175447029954,3836.3269,3861.325,3849.8649795166666,3849.7185,3.1214434787454746,-38.32698090819358,41.90009422350682,0.02007119638323209,-0.10185978356350811,9.67467682729342,-31.21447820543961,28.62059972168804,-0.014200872025786399,-0.07896845236369487,8.967790476354201,-80.89199091759083,16.45561564658204,-34.49552200179372,-34.53264833562261,11.797331706413727,-16.88675354309767,59.72555559290636,24.721817366602107,24.83028794438857,11.639742844280844,0.19775390625,0.2294921875
E879_processed,E879_processed,-16.227905,72.257851,1.8896169453207776,0.0,7.174233458551327,-34.84079061661449,36.36265953758879,8.706669038792828e-06,-1.6901391843899053e-14,1.9375627894696796,0.0634765625,0.0634765625,0.0634765625,0.0634765625,0.0,-79.501854,38.672623,-13.2797837379967,-13.0343745,16.035425367381308,-65.88858469446195,51.97758645470854,0.011192643204529973,0.208533435357107,16.03250618975529,-64.717293,53.134144,-4.534780397506935,-4.15913155,16.857817533476954,-59.2652568522287,57.66532778184437,0.021782144644196283,0.3699184491030876,16.84772507345893,3840.0017,3867.6223,3854.411375255556,3854.249,3.38352196623722,-30.15412372589203,33.67232227447839,4.84857714195499e-05,-0.23436222300418455,9.745768211706919,-37.08185999820435,29.09955995573735,-0.018463262730775813,0.01091184279027102,9.533706867893375,-19.92569729287007,57.14753924658815,15.726548894007163,15.71941801407184,11.668259588813092,-3.182132241544828,73.36334454418014,36.779403795902226,37.008904533989764,12.120248299788814,0.1806640625,0.230712890625
E880_processed,E880_processed,21.618809,22.458374,22.056741746111115,22.060688,0.11038660335855782,-0.4261992888645372,0.372291789397228,0.00013740840663456873,-0.000794938684840249,0.10604605872236027,0.078125,0.078125,0.078125,0.078125,0.0,-74.769844,47.372128,-12.367504355755973,-12.320201,16.544169857682064,-62.74801956172156,59.71459365213583,0.01855234296872911,0.0676156026374119,16.554781115200715,-59.827888,68.96788,-1.4881044458465775,-1.62721995,17.275654856155334,-59.18833954455962,69.30974272584618,0.012362562191876578,-0.1642802610047545,17.25441808224581,3847.0642,3877.5674,3860.3324144055555,3859.7842,3.590952815460745,-47.48240858063329,35.13644960178645,-0.025397526208217117,-0.00112393322265103,9.871334083122305,-36.09903555992729,32.29651875141266,-0.00243847489181444,-0.07040966146688832,9.660164962534317,-0.8232577107775477,80.00685916590348,40.30237050477815,40.40235623396518,11.998688576909254,-56.95390990927331,26.46907050645674,-13.946928977223711,-13.85658809582879,12.442519248075923,0.2349853515625,0.2349853515625
E881_processed,E881_processed,-16.227905,72.257851,1.91737905165,0.0,7.302203724526567,-34.74962935881612,35.92188801389965,0.0002403273427194927,4.297378697935143e-14,1.8937184743963642,0.0634765625,0.0634765625,0.0634765625,0.0634765625,0.0,-74.372223,51.017857,-11.03475333621041,-11.051234,16.43652975715158,-63.37929033923497,61.94234797897333,-0.02183320052675663,-0.04015710497095992,16.44789337642885,-61.009258,65.927628,2.3246777699909043,2.40309285,16.693140182095007,-63.19053950057356,63.75059601124455,0.00986791270635153,0.12138125252101485,16.65086946412453,3854.3774,3880.5027,3867.1307809055556,3867.1013,3.5310075283968456,-40.41555813054906,36.03791182136744,0.01665079249121318,0.029852403504722957,9.851739305615625,-33.34769022092819,31.73159517456527,-0.007927002540866803,-0.024619662584059916,9.170911646966152,-51.0297557707876,38.05790248590216,-2.894659066251059,-2.8034491812399054,12.036685000406276,-55.80367077844657,26.98445626393438,-14.316793992286211,-14.14891763028714,11.884062510331235,0.2252197265625,0.2252197265625
E882_processed,E882_processed,21.751373,23.342129,22.161170594055555,22.171154,0.11880639477672637,-0.4098174298671705,1.136207703669255,2.4017611243673337e-06,0.001303863570812629,0.11446552742355363,0.0732421875,0.0732421875,0.0732421875,0.0732421875,0.0,-69.480186,48.386086,-9.47153631995489,-9.30968805,15.414206135540757,-59.9546152308609,57.83305595310655,-0.01638311162784042,0.13245059702507428,15.408658187257293,-50.693924,56.983627,5.674226649188978,5.8521602,15.857596351226274,-57.01553284220545,51.16205311967308,-0.01876782708085465,0.13134634183706306,15.835984561414907,3858.0632,3887.7715,3873.830362738889,3874.3196,3.324006625162559,-34.48713568657033,35.03644273471248,0.02514415386797883,0.057524989436381735,9.330881329181329,-28.06893027831553,34.19656408841427,0.00892765637004289,0.03776739790985317,8.728940738372398,-45.92279249849781,32.91678382812876,-3.934552772942738,-3.772416515657968,11.24378346804763,-74.686219279514,0.0,-41.00847362154889,-40.96455432240624,11.288100811876847,0.238037109375,0.230712890625
E883_processed,E883_processed,-16.227905,72.169479,1.9042590066117777,0.0,7.214305603817229,-34.26694601281869,36.16219533326084,0.0001861756741007567,-2.1290134719649548e-14,1.9355082596026372,0.0634765625,0.0634765625,0.0634765625,0.0634765625,0.0,-61.343533,43.041557,-8.026507932995399,-8.031171350000001,15.112108998242306,-53.83976879783111,50.74220724458163,0.011888915013815013,0.009549636704982878,15.11551942722923,-51.983212,67.443611,8.225080404678668,8.39030125,15.240620741242473,-59.15053051620171,58.43736310774221,0.00308258969276553,0.22036961182342735,15.248709276860644,3865.5239,3893.3318,3878.9435927944446,3878.9341,2.9875386857706845,-34.1734800792625,29.11129687916559,0.005319035041550401,-0.11407512547185394,8.960064392895113,-42.17207723152563,30.80286419136945,-0.021878355039845605,-0.08219523107403903,8.809217326573641,-38.22010665407181,35.53289558652203,-0.7493888538294844,-0.5571620120803253,10.914585308056363,-9.899723433703237,71.57801572453387,26.145079827012896,26.077118663105097,11.028776299243248,0.2276611328125,0.2276611328125
E884_processed,E884_processed,21.839748,22.613033,22.24133196588889,22.237438,0.10511248625207897,-0.407484620459992,0.3629688018422422,-6.516096403200796e-06,-0.0007109770764118679,0.10258068302979952,0.068359375,0.068359375,0.068359375,0.068359375,0.0,-59.429226,42.512035,-7.355993178613338,-7.35281615,14.14275285927051,-51.93992905394377,49.73575890661756,0.001011868371020335,0.052862871226286634,14.15633175923193,-49.140091,64.758461,9.08374656088164,8.9799976,14.114446096133975,-57.87772741864529,55.76226233910408,-0.03525541801680778,-0.1417970514804042,14.15891454333828,3869.3037,3892.604,3881.2662357500003,3881.6499,2.7004563892155873,-32.05989927498625,33.01293022078777,-0.01454930964075681,-0.2466869209563649,8.35443128049298,-49.99998695084309,73.04713996383839,0.05366218159439097,0.051925836310123596,8.44799876684665,-7.3096080056407,66.34117212615159,30.04300986476039,29.912851354608172,10.126896436940472,-114.7720072621698,0.0,-72.47970157926052,-72.44834527547582,10.176158572331019,0.1898193359375,0.1953125
E885_processed,E885_processed,-16.227905,71.683411,1.909550477852889,0.0,7.228397199412346,-34.23476841437025,35.51694916335175,3.511510956010259e-05,-2.5769611516667215e-14,1.938347214777626,0.0634765625,0.0634765625,0.0634765625,0.0634765625,0.0,-60.207161,43.44577,-7.049631950721977,-6.828243,14.557477938973841,-52.93037854112822,50.50547723812738,0.0008183953722963879,0.2497590147163835,14.550001111042896,-38.174946,67.020699,9.820561010144413,9.98981525,14.913558448231505,-47.88078126185721,57.39664992373068,0.014672916746421545,0.2224191192457073,14.912591880003754,3870.9949,3896.8826,3882.4849689722228,3882.5952,2.9051223016767027,-32.9377754688793,31.16206955002263,0.00534225385566711,-0.06303390858356983,8.379420038469794,-39.74165941326314,31.53704207032976,-0.023692104777726,0.005637644255144902,8.223875630727864,-28.18231495144186,50.66512156463089,8.171773329291966,8.270505082387459,10.324736782075858,-16.16064115856362,53.25499420373347,20.70808924417452,20.83937746081981,10.53554077997105,0.23681640625,0.23681640625
E886_processed,E886_processed,21.883938,22.789783,22.30908271466667,22.303719,0.10821048967893628,-0.4381044663198722,0.4521071709765855,0.00025543627521730175,0.00026745869255947324,0.10493305993494689,0.0732421875,0.0732421875,0.0732421875,0.0732421875,0.0,-61.297279,51.293625,-6.479492516061328,-6.432078349999999,14.260589590086761,-54.72630131544268,57.66551841623573,0.023143292333953448,0.05329058323374747,14.258402498659102,-41.104908,69.573097,12.613974697142286,12.452555499999999,14.18665421935551,-53.50932165027923,56.99520947170473,-0.03706726996240124,-0.1474257022480328,14.190942276505497,3872.7263,3899.4985,3886.3149157000003,3886.1492,3.1846723166179327,-35.18436678209998,34.36341425877914,-0.023669533355340982,-0.04045421245369418,8.39468351340236,-28.30697247198275,33.78054484757904,0.020444879582316312,0.07760461904131755,7.9070213332566635,-10.42226253085111,67.09380606802982,26.627357753469887,26.64129274418389,10.159243671369214,-66.2916687323626,26.9823006170494,-12.059753608619614,-11.912932518350484,10.17965847947344,0.234375,0.23681640625
E887_processed,E887_processed,-16.227905,71.462471,1.9163124032718333,0.0,7.243147211523321,-34.32358126558009,35.26267292670917,0.000425878132074484,-1.065458154262411e-14,1.938299446339497,0.0634765625,0.0634765625,0.0634765625,0.0634765625,0.0,-59.329758,52.517776,-5.0553684467211495,-5.00606705,14.386643900370819,-54.36686996033747,57.15839851227135,-0.009125633382421559,0.027642471533756652,14.375525127438586,-41.669231,71.160301,17.049688592778445,17.0705405,14.48939494313016,-59.65028506439809,53.06833758228841,-0.010341887287248084,0.033239924640284024,14.449442616675402,3879.8459,3905.8367,3893.4752983555554,3893.3931,3.448471744951561,-29.67471059542196,33.10998909666723,0.004466507158703709,-0.03573736968224672,8.565154235741069,-51.54615125344773,72.4580207690605,0.04365873335736215,-0.14557817230577436,8.64354176653951,-53.75058351294913,19.31535257059775,-19.899953599412886,-19.876251693918753,10.337994100814754,-88.53192436076114,3.924124852915392,-32.678307497009335,-32.606644627017175,10.454287638748042,0.233154296875,0.233154296875
E888_processed,E888_processed,21.928123,22.745594,22.358018030999997,22.369999,0.11048259093303832,-0.4109579137233374,0.3841719664332252,-0.00014781630479507074,0.0007028398206263553,0.10733776823017932,0.0732421875,0.0732421875,0.0732421875,0.0732421875,0.0,-63.95607,44.109589,-3.8634115900590857,-3.8618356,13.473189924732864,-60.31477692765633,48.3029322551,-0.0066838319017286756,-0.01350443244038735,13.46777446015649,-27.017271,65.431992,18.357337714707718,18.230930999999998,13.19916020581613,-45.48727882238035,47.15502002552936,-0.025527014346280533,-0.15218756052307736,13.205814725481899,3887.2729,3907.8853,3897.177901394445,3897.2463,2.515912970962939,-27.50949839682436,30.27826646872785,0.004602497818844671,0.13097441916767294,7.94692764213085,-31.06600948022649,56.71732455405145,0.030893522481382857,0.02509391520796732,7.653909874868772,-48.75685318819568,22.35279385732093,-9.824163858721011,-9.834754047034252,9.46334597549104,-83.08728442590521,0.0,-50.35453994514509,-50.35998299830125,9.356748657207795,0.2294921875,0.2294921875
E889_processed,E889_processed,-16.227905,72.147377,1.9196326048901666,0.0,7.254388535026894,-34.83736346220024,36.32043459851983,-0.00014194180734471645,2.2593006746654256e-14,1.937688390133307,0.0634765625,0.0634765625,0.0634765625,0.0634765625,0.0,-55.283695,39.295326,-4.250481236623384,-4.2239921,12.600369718561838,-51.49959124593735,43.23535552347008,-0.026774753258905742,0.031281115761980116,12.610023225638036,-31.31851,59.519081,13.221498057007269,13.056417,12.732445574720053,-44.25495268139875,45.65529739591442,0.0008113190051979429,-0.14331089841784572,12.582025135423276,3877.8162,3903.6987,3889.871664144445,3889.4263,4.138810960274764,-24.28002113873647,44.11591404231372,0.027738950980827674,-0.012887174853218775,7.645219330668042,-20.83207008329445,21.81871743000399,-0.009462356133248532,-0.004582093337346049,6.85768709923089,-59.31468779630205,1.150819020093774,-29.476614080650222,-29.446724735431715,8.89475440798694,-13.74230093358395,44.41952257221971,16.29071903683225,16.353551442984063,8.741286347425431,0.2423095703125,0.2423095703125
E890_processed,E890_processed,22.060688,22.900253,22.44168474372222,22.436283,0.10553053393678381,-0.3866607680652426,0.4591644209854757,7.589031971236568e-05,-0.00017892200865789534,0.10257766924323412,0.087890625,0.087890625,0.087890625,0.087890625,0.0,-53.474396,49.031498,-6.497495944167745,-6.5084295,13.15945694897048,-46.83683725437795,54.77962159955376,-0.029491967391509864,-0.03787841883523436,13.16075816081231,-47.152431,52.770935,6.575728474775383,6.59913255,12.640370405366141,-53.82932494857327,46.14854445536139,-0.0103287215024205,0.018909140461884546,12.528243012978617,3864.4197,3892.9985,3878.136128338889,3877.8162,4.113749800678817,-36.90801899417251,35.56248799048613,0.03139945295412067,-0.024381363827989166,8.188921056708946,-24.01979601415293,28.00291261343252,0.008799417655469032,-0.01813627240714677,7.035607138706734,-60.75263028799642,25.04432495671477,-25.612614601694858,-25.57332863098555,9.558711201987352,-33.38530146894752,33.19438461886917,3.1259839787820884,3.2360422723893123,8.84736085963108,0.196533203125,0.2398681640625
E891_processed,E891_processed,-16.227905,71.683411,1.9202144067942222,0.0,7.264720820343667,-34.97926895972722,35.91533850477879,-5.791838570447225e-05,-2.460249317125281e-14,1.9371717525343362,0.0634765625,0.0634765625,0.0634765625,0.0634765625,0.0,-60.68602,42.302132,-8.937417512200184,-8.95344305,13.435319621240572,-51.1741312198129,51.86331176935153,-0.03618643522489127,0.009512441861061705,13.453219847484977,-46.293087,50.084415,1.2726702715027667,1.17829645,12.95498918332536,-47.00770211348379,50.37700753878823,0.021863967055282048,-0.1813013100981524,12.912336711670156,3853.3665,3882.2815,3867.533228638889,3867.8875,3.673518780447253,-40.2049975914767,74.09860133094693,0.05601870980597281,0.13373552718001291,8.69241790660717,-30.00026958336006,36.58063624523906,0.00933265399512664,0.2106581357165904,7.337467871687878,-105.5321167860237,0.0,-56.49512158109889,-56.51406667459949,9.79507322785781,-35.6769882515767,40.62808762137747,3.140888271108559,3.1924205343478835,9.196484403968022,0.19287109375,0.2508544921875
E892_processed,E892_processed,22.082779,22.988628,22.51094993272222,22.502563,0.10983862846829126,-0.4188157978424496,0.4728882227244027,-0.00014685327751812235,-0.0002359841094708454,0.10629570870420743,0.0732421875,0.0732421875,0.0732421875,0.0732421875,0.0,-66.805222,37.858597,-10.920787561270851,-10.7403725,13.18414554712353,-55.32367435307952,48.96551694437821,-0.015875962441373657,0.1817237505032847,13.182339877924763,-53.444706,45.782337,-3.3065123706006854,-3.5980787,13.053982233688592,-49.06551861457054,49.54293399781655,0.003402940064885322,-0.26088378283198166,13.013469014873914,3845.9309,3872.8247,3858.6832086277777,3858.5273,3.5294117959802116,-31.46143833812431,30.33401003896511,0.01943454317781965,-0.09738658313981885,7.6963710690211995,-58.42749551519136,33.02530346816432,-0.03770967065492202,0.17181599206630688,7.495232844967673,-60.83520360351038,4.187217318626442,-28.959804064848875,-29.013211041538042,9.144040506144242,-7.981128247435533,67.5662389433333,31.684204611707827,31.64614789038468,9.108548565663533,0.2252197265625,0.2252197265625
E893_processed,E893_processed,-16.227905,71.108971,1.9302953237558331,0.0,7.290146485796981,-34.99049702628879,35.36347419124719,0.00014305001850095072,4.620823211453869e-14,1.9357383070316554,0.0634765625,0.0634765625,0.0634765625,0.0634765625,0.0,-65.103493,45.202549,-12.641205598163932,-12.7868775,14.82410954518883,-52.12852194752751,58.17454407181521,0.0005941910660754136,-0.1210842606417338,14.82308951081268,-63.793831,42.476746,-7.408878103525845,-7.51932955,13.9292084217049,-58.06385574586692,50.13874655808915,-0.03535010816814637,-0.041553871047722374,13.924304151501241,3838.1045,3864.6709,3850.544244711111,3850.3789,3.3819802960711227,-36.83000344856784,26.46615781974253,-0.01734005373871527,-0.12277472134306236,8.12270099616484,-42.9025235630734,73.35361010624898,0.05371160902620186,0.061728907868377814,8.016369080434629,-20.09393297952863,46.17359249968452,14.569719415099144,14.5470626874185,9.86383198232722,-96.24120072363387,0.0,-60.546816248538875,-60.55786755141703,9.61096130192477,0.2362060546875,0.2362060546875
E894_processed,E894_processed,22.171154,23.187469,22.636107644888888,22.635124,0.12913142087723778,-0.4744992566520222,0.5543748877117215,-7.13439521011962e-05,0.0004854380746437581,0.12547864641774767,0.0732421875,0.0732421875,0.0732421875,0.0732421875,0.0,-80.162651,49.832344,-16.19715978716374,-15.988684,18.71628267604304,-64.53946754101112,68.16099466162396,-0.00752384035013409,0.13081475168827006,18.670893495947574,-82.158318,56.322536,-13.159580761850478,-13.355692999999999,17.3754775053987,-64.15530271483095,74.163073328381,0.013411438479033038,-0.22576450488823357,17.134251106613927,3815.8635,3858.7273,3840.432615911111,3840.8071,5.969282546698289,-32.13741451974705,33.55255839562997,0.021392956252918923,0.04293640080956207,9.24450789040298,-30.35800614203807,38.34592052302729,0.0002806917250865655,-0.14176362257126185,8.289537296437345,-49.05201442795349,33.00194975510714,-8.288206798425074,-8.458008165882427,11.98327833200782,-44.42255990117803,41.60589775859579,-1.8268028895791941,-1.6771489830214326,11.145366125491744,0.238037109375,0.238037109375
E895_processed,E895_processed,-16.227905,69.717056,1.9510917512866113,0.0,7.385006828321691,-35.09331552124152,33.7103319429611,0.0001775187470833219,-3.359145772823546e-14,1.9062699633682925,0.0634765625,0.0634765625,0.0634765625,0.0634765625,0.0,-112.1676,70.529831,-20.8303974059489,-20.752144,21.56181998694312,-91.43884460983998,90.66441994729679,0.03002197668953353,-0.1097530589995315,21.53812615343021,-109.57959,69.57605,-23.47735108721125,-23.5236305,19.31315119857016,-84.5752789100543,99.7214606073365,0.0032774480352316384,-0.2446539798222074,19.220528481563502,3795.3591,3842.7207,3820.2591744444444,3819.4712,6.218376154399622,-33.21014600778119,36.66954437598285,-0.015520198328834169,0.020333325147202874,9.446612397851771,-67.4381035397376,40.75871456346778,-0.036173794521916824,-0.1217750575127048,8.786321808863262,-19.03260401979528,71.70677933407705,23.355205958779955,23.298439452151463,13.069691783090335,-7.224004227011319,93.16551921877439,43.92291323641209,44.049292875305824,11.946883608809195,0.2264404296875,0.2252197265625
E896_processed,E896_processed,22.060688,23.275845,22.756348420166667,22.767689,0.15129713400679978,-0.6360971037194205,0.5304043727518257,0.00016868879377153367,0.0040871615388212885,0.146971585381353,0.0732421875,0.0732421875,0.0732421875,0.0732421875,0.0,-114.90752,51.347881,-23.420182767978158,-23.4123995,22.448313523573397,-92.0138640389439,73.80805165774954,0.013052284356884882,-0.040643977089715344,22.44397490805631,-104.65931,65.274361,-27.049186072427915,-27.7708195,21.114415683515663,-77.48623947863615,92.28946194300399,-0.03739630151348499,-0.737097302566629,21.127308286154797,3790.6404,3830.0723,3811.1506897777776,3810.4851,4.3437844006219475,-35.70016369607053,38.39067436839683,-0.020967860298809805,-0.22239923530939354,9.632791068343199,-34.48535011519931,49.70944433015755,0.04120266663049198,0.01098849203054109,8.901948770456913,-41.19646303621368,58.457652741225,11.197578100553443,11.246202643390664,13.634534903632169,-87.16458242436656,4.480748999134526,-42.164090125064206,-41.931535085798984,12.768735627561286,0.294189453125,0.25634765625
E897_processed,E897_processed,-16.227905,69.562408,1.9549643103526113,0.0,7.37460840027845,-34.99219668989416,33.68146191121124,0.0002542919737898732,1.9930029094057045e-14,1.9205041234166307,0.0634765625,0.0634765625,0.0634765625,0.0634765625,0.0,-113.62524,59.858765,-24.225354029994257,-24.236234500000002,23.067523159885162,-89.4000710749749,84.08602936105913,0.0039052296288174314,-0.020760917866935794,23.090223947950946,-100.97553,62.370403,-28.001668521038123,-28.199759,20.35341134412993,-73.07396276481936,90.03995745948635,-0.008710021416336481,-0.2194427487739801,20.3519792035969,3791.4529,3828.176,3808.1272942444443,3808.4287,3.9399015137898434,-46.52628882669725,47.02836280222856,-0.026451065183563577,-0.1156724174247521,10.52455413797818,-31.36206975776158,25.87802458014832,0.014072089045155747,0.10318810039674235,8.431764544541995,-10.14070987496179,91.4687376656511,40.540151269856985,40.7717783915877,14.525867040431335,-46.57741411746305,35.35802668093464,-3.169373423695123,-2.853300314256777,12.404530851342425,0.2679443359375,0.252685546875
E898_processed,E898_processed,22.259533,23.496784,22.83993921427778,22.833969,0.15624127264476056,-0.5917127880716838,0.62120540955129,-5.297674460480777e-05,-0.002621430261594778,0.15315943191507206,0.2734375,0.2734375,0.2734375,0.2734375,0.0,-191.22821,90.852028,-24.220485445983353,-23.730602,32.871276942459275,-166.9210608006179,114.6693262856052,-0.048859047058767285,0.42554003113033945,32.891240739580674,-163.20323,122.85271,-27.8268230909366,-28.414753,32.71936220208273,-134.4290887249768,150.9024442186085,0.004814845005998137,-0.5738990224141265,32.71762350569138,3779.8425,3840.5576,3808.171322688889,3808.4138,5.519839127754898,-52.03867798657332,66.13418270597684,0.054185467680635396,-0.044249171957676525,14.093689804693351,-47.09387679608118,51.4314752420164,0.0040101620594542,-0.03916742184467825,13.084006875931108,-150.2390213240671,20.7884399960712,-72.6223600373299,-72.93407775197048,20.595086612227167,-63.8727973838802,83.65927902802987,19.89982243048128,20.623850342588803,20.07888610984697,0.25634765625,0.2618408203125
E899_processed,E899_processed,-16.227905,69.739159,1.969620489795611,0.0,7.450638752687388,-35.1258333112523,33.66818104979698,0.00028804288755985376,2.9107674294347825e-14,1.8844022671479612,0.05859375,0.05859375,0.05859375,0.05859375,0.0,-169.67914,118.73282,-24.152942902609784,-22.480225,39.23549197459448,-145.233533272344,142.7308352386633,-0.03003445444672773,1.6795800528529865,39.226885653238774,-180.05852,127.93349,-27.423862303919133,-26.7749,42.13980542492522,-152.0513025066329,156.015182371716,0.04397635807505002,0.7308931024052807,42.13070494292419,3774.4712,3840.5493,3808.696666661111,3808.4055,6.729458573850837,-52.92934878871612,58.68339374173827,0.03077548655180425,-0.4810621375322144,17.11381009741397,-70.23886165995832,57.48740881088278,-0.03316452327386809,-0.13246254411316893,17.62094730143323,-146.7308267502573,25.58953913847243,-53.82758528341822,-54.19975006499892,25.10586449469579,-59.70324734249194,111.7825674811857,33.18324860222229,34.34421280328242,26.54155373817629,0.2642822265625,0.2642822265625
E900_processed,E900_processed,22.237438,23.474689,22.904621295333335,22.900253,0.1669260976283779,-0.6684121478324867,0.6829833144480093,0.0005539109750237433,0.0027318265081533767,0.1655232280900444,0.2490234375,0.2490234375,0.2490234375,0.2490234375,0.0,-188.30165,97.609352,-23.870619678055334,-22.586605,38.005459383240485,-164.3266509756197,121.4173803155517,0.09274370427380689,1.3558386782000849,38.056454364128555,-170.94508,127.04615,-26.91151209155624,-25.780230500000002,42.44127135351513,-143.3521924594791,154.9953465844404,-0.017868826230449088,1.0228023316153712,42.462253371498306,3778.043,3838.7632,3809.987286388889,3810.189,6.674982111932508,-108.0852648589271,67.95544700748042,-0.07966432301400132,-0.12933572457290365,17.189244508297524,-57.73232750785298,76.42981637129935,0.03131032331918325,-0.16186297413504924,18.06178863693168,-0.1037027406355652,212.1687601321743,126.75668660852621,126.6431425737545,24.636597399773194,-182.1699555831043,0.6424908074940324,-90.76360319321306,-89.81461306358003,27.128135460563072,0.2496337890625,0.2496337890625
E901_processed,E901_processed,-16.227905,69.915909,1.969710091309722,0.0,7.454739380213338,-35.13290056831678,33.84244262386154,0.0005009020282558523,3.3874970380500595e-14,1.8896711391545582,0.0634765625,0.0634765625,0.0634765625,0.0634765625,0.0,-164.19867,97.955208,-23.18757310551352,-21.708704,37.55940305791047,-140.7510078778171,121.2632595286461,0.08434127696523397,1.4605653929985705,37.6241614550743,-162.96123,112.69109,-26.23096824260648,-25.377005,39.700497765109525,-136.276914436723,139.467744403022,-0.055861823914124066,0.7925783726165458,39.747621711423065,3778.9358,3837.1077,3811.4865087333337,3811.9749,6.247032885323053,-61.73262069065765,56.24276815809631,-0.07418957599076605,-0.30334403584022684,16.288951359331413,-52.23915348330075,49.39987508839049,0.003309066984750015,-0.05723507975676689,16.55943107904072,-37.88167058615603,150.4260559199813,39.01167115933807,38.70558258755525,24.018548855371606,-99.75822415346762,92.05133511820725,2.611354893660222,3.4926507828061837,25.2063232047759,0.2490234375,0.24658203125
E902_processed,E902_processed,22.281624,23.452599,22.896617239166666,22.900253,0.15307309635608243,-0.6085891374692443,0.5849886191053036,-0.00018981565747745437,0.0028320174113262778,0.15042734138887243,0.2734375,0.2734375,0.2734375,0.2734375,0.0,-158.42566,92.421608,-22.385664850183698,-20.777571,36.03947059126846,-135.7334334074224,115.3612466417908,-0.038550926113562124,1.5419636546079296,36.05517298521278,-166.85918,124.62689,-24.915670876593968,-24.22106,39.490094395003965,-142.4522306276648,150.7014428750293,0.0018249882477366964,0.6482471068088941,39.479268409011794,3785.2356,3840.6523,3813.3272681277776,3813.7939,6.423027648023308,-95.17411934495327,59.82170214988827,-0.043475609312510065,-0.2511007850310314,15.129902379850662,-70.86619631825155,80.82183387900999,0.045184812598135206,-0.08592904504698273,15.886770817208625,-71.51779184746357,72.15712515515084,0.6456939034905161,0.7598410364691168,22.509502262694454,-94.98115394278784,63.66962432139916,-10.483925489246584,-9.201102990117537,24.428652968222252,0.260009765625,0.2490234375
E903_processed,E903_processed,-16.227905,70.026375,1.9724890029258333,0.0,7.4547145284744,-35.14642070704945,33.95553681590401,-0.00016244377503227248,-9.085297185595946e-15,1.8885779240273584,0.0634765625,0.0634765625,0.0634765625,0.0634765625,0.0,-124.98467,79.226128,-20.966303707929857,-19.844353499999997,33.621003662452765,-103.7509687256565,99.81126526922753,0.01400122170445089,0.9426372121842498,33.6668385417941,-144.30482,119.2504,-23.83229923968838,-23.051675,35.69911153412796,-120.3144262218937,143.4615386086882,0.02978111131843835,0.7436118327394212,35.70485042266554,3786.9951,3847.7292,3815.5158593611113,3815.7295,5.966811806617492,-66.81664809503707,70.67906934732729,0.029285599946385864,-0.1843822972622822,14.078048142606347,-47.30630494282303,45.33944898416546,-0.016983230701215327,-0.1848567862342118,13.92277820777975,-138.6638377931694,24.90755615759525,-41.05840217157619,-41.034465370325236,20.89227970337179,-68.34955451447493,74.48898919994433,12.58088136050693,13.476791164457195,21.84301515724527,0.252685546875,0.252685546875
E904_processed,E904_processed,22.281624,23.452599,22.858453835055556,22.856064,0.1560991267438491,-0.5584353299271727,0.6082910362412621,-1.3895814326456059e-05,0.00013732621951164075,0.1532487617820642,0.29296875,0.29296875,0.29296875,0.29296875,0.0,-137.54166,82.817642,-20.51417580262629,-19.3574725,33.83360086528516,-116.9997523601309,123.3811695428691,0.11749836923372384,1.1573784792479969,33.936815268042686,-163.68706,116.91164,-23.280278272106298,-22.688761,34.91269327428266,-140.4373671690791,140.27800793157,-0.009833955394396089,0.5585416212250987,34.901581625097954,3787.1702,3853.2263,3817.321286972223,3817.4702,5.976883723574987,-148.5523342388625,85.30103434565584,-0.11914097153694105,-0.038340470106440705,15.189864723409844,-49.34879193367707,49.64643139816141,-0.006155355424109952,-0.06613601997396734,13.586680793826122,0.0,261.5277204317803,175.42801995330097,175.5930050685191,21.16280799095079,-91.50113799874325,60.7165771750314,-3.29617568520748,-2.427125145316619,21.27684768165984,0.2508544921875,0.2508544921875
E905_processed,E905_processed,-16.227905,69.82753,1.9622086195352777,0.0,7.431867980781985,-35.14002138019728,33.73756269785977,-3.9195408586459744e-05,1.7987687215883535e-14,1.8930740320030854,0.0634765625,0.0634765625,0.0634765625,0.0634765625,0.0,-177.71341,102.71728,-19.90890027697447,-18.511529000000003,34.725722325402515,-157.4869001088776,122.5223139697754,-0.06139664139266246,1.3441217551629374,34.79810670908493,-151.67061,125.94414,-21.65001608214543,-21.3312,36.259402783021905,-128.4189779071883,147.3097026639452,0.05954001427502625,0.275467944575156,36.26912030433389,3785.1025,3860.1079,3818.9770937333333,3819.1152,6.53805863520489,-58.68905728186589,63.77373311660243,0.019578653585222493,-0.3316026944594618,13.920754403149157,-44.72175520552703,46.59976388926758,-0.02967670563785294,-0.09289400503329848,13.90797257245605,-109.8046595540409,66.3411817129498,-15.832001257795724,-16.003839172823092,21.303645010349612,-9.983071748172959,136.6185639274212,66.80962404276215,67.7232616335679,21.92893067532642,0.2545166015625,0.2545166015625
E906_processed,E906_processed,22.126968,24.247974,22.752215671777776,22.767689,0.16943343429273616,-0.6055229740153659,1.39767971796445,-1.804559995454675e-05,0.006054523516143061,0.16593354971308377,0.2978515625,0.2978515625,0.2978515625,0.2978515625,0.0,-133.23184,75.528198,-20.007009302885976,-18.9969255,33.795155686940866,-113.3415602013191,95.33085758881498,-0.03488670515047582,0.9750977452052494,33.84929592400583,-149.89636,133.17551,-21.353449199081503,-20.780111,37.0691381093371,-128.5274786020309,155.0768100204435,-0.03393537424378792,0.47317111545117907,37.091897758544185,3789.7217,3849.3052,3820.5553198944444,3820.8882,6.3985097365845665,-79.5451509581637,144.1986764279387,0.0968531510031975,-0.11873510776240839,15.340047723986565,-50.36461279236865,44.29182373561324,-0.008481971138001358,0.029867073517465315,14.566108343861972,-183.2920644212546,0.0,-106.00984862267956,-106.1487451931937,21.256217516398962,-78.19869396609751,71.50533855939238,3.4563153550826824,4.244493803416457,22.731458371651133,0.2532958984375,0.252685546875
E907_processed,E907_processed,-16.227905,69.672874,1.9504123563196114,0.0,7.381371086012388,-35.08730646532981,33.64726735955608,0.00047360662739218275,4.3669911383683114e-14,1.9051667391045664,0.0634765625,0.0634765625,0.0634765625,0.0634765625,0.0,-136.39769,89.149345,-20.013499707721387,-19.4510825,31.127850422148327,-116.4202343567207,109.2926832469263,0.03779098232522688,0.560168842011612,31.142168663518262,-145.08441,99.975716,-21.035467916006144,-20.511286,34.224416705147,-123.8408864838759,121.2424014169275,-0.012418423764662777,0.4746152287353558,34.22039718814786,3793.1953,3853.0061,3821.452499005555,3821.7024,5.821032271282477,-49.72843867188887,51.88064111626674,-0.04547782381426072,0.056337391305235185,13.188888995260278,-42.65844671872244,46.97529515256081,0.02690570609332583,-0.12458180829154711,13.528152874074104,-50.7428799902975,80.41734583842835,18.609712521774927,18.504390767899423,19.465408304845003,-73.1494563847648,63.20877362691695,-0.1726710471104561,0.5768439547503339,21.018635104966943,0.250244140625,0.250244140625
E908_processed,E908_processed,21.928123,23.275845,22.62730944072222,22.635124,0.15855471211852515,-0.6662691834968678,0.6150286988084183,8.452067481719008e-05,-0.0005911773002238406,0.15480901270649605,0.068359375,0.068359375,0.068359375,0.068359375,0.0,-121.10055,84.387291,-19.368895958905814,-18.375887,30.937818749416838,-101.8894692397639,103.7339529357124,-0.003265802595512167,0.9564850477813303,30.917964877221348,-137.61115,119.65369,-20.78659896754501,-20.1796825,32.64242797195672,-116.7586556481417,140.5759140534432,-0.004857955325497351,0.6000900035932735,32.64833915232752,3792.0068,3852.7219,3822.1190622222225,3822.425,5.54282600839194,-52.82760246343776,61.59976994185514,-0.012141125371967584,-0.1480575136322524,13.182449221412767,-69.65248200199325,67.32253358103607,0.016022631590927743,-0.10010335983567234,13.582954218669368,-70.15406116062901,60.88319018534455,2.4597712862408687,2.250896253451245,19.408923030623445,-50.12117322450888,127.1278635963731,23.761322744800665,24.355534072082936,20.463475558647136,0.244140625,0.244140625
E909_processed,E909_processed,-16.227905,69.606598,1.9410599250461669,0.0,7.376727743667132,-35.13907236978771,33.39753748536066,0.00030332809165825646,-3.340269295751612e-14,1.8947382931711567,0.0634765625,0.0634765625,0.0634765625,0.0634765625,0.0,-149.11435,75.687836,-18.828505371502704,-18.098739000000002,33.47589876278877,-129.851218608225,94.56491034391314,0.09234674315772065,0.807898374856064,33.535764389096755,-187.50491,130.24535,-20.632552501421916,-19.2655045,38.09068067760072,-166.5851661529096,150.9119201909852,-0.11219108767729924,1.3635209056281705,38.17039272759099,3786.5347,3849.0332,3822.4480265555558,3822.3386,6.293618704956936,-89.64385102454993,55.88901640271216,-0.06871926140297308,-0.24928497746424882,14.742503347044861,-81.7364956189941,148.2750828413065,0.11838106524446175,-0.24696271175520962,16.648941024709483,0.0,190.1520310902436,113.67221572907468,113.38739475756896,21.417569639912355,-257.5375412118446,0.0,-159.52139732030884,-158.80850583040518,24.116314838828444,0.24658203125,0.24658203125
E910_processed,E910_processed,21.883938,23.121189,22.48620124027778,22.480469,0.15986867383600264,-0.587310895509829,0.6074486803543062,0.0001155761886120539,-0.0015086366071748163,0.15699217024392656,0.29296875,0.29296875,0.29296875,0.29296875,0.0,-128.89545,97.369942,-18.89627990409078,-18.1342925,32.60566609773566,-109.6997359351458,114.4220611255322,0.03178982528816733,0.8610190193685866,32.614852394235186,-160.11172,106.31999,-20.16125072386435,-19.303900499999997,38.87373665013721,-139.7020941274485,126.4820643347929,-0.012009355034025504,0.7752057915894794,38.87775858385151,3783.0942,3858.0955,3823.4215427944446,3824.0005,6.5037275398216305,-60.29603034496798,76.1975229512051,-0.05351580722640625,-0.04196635911584945,14.343333943389966,-46.4281245057218,48.28958139841397,0.028995986445581833,-0.22268992889359396,15.671461156041328,-9.190997317054894,122.390659048692,58.327389673753046,58.1034213842193,20.788863536727014,-121.6904656718162,22.87834330569573,-43.081670401854055,-42.15908151057346,24.0811804258628,0.2398681640625,0.2398681640625
E911_processed,E911_processed,-16.227905,69.628685,1.9338315810918332,0.0,7.350887203924266,-35.14302666948255,33.28870748921941,-3.1413655129539e-05,1.608407051462524e-14,1.8928141321238257,0.0634765625,0.0634765625,0.0634765625,0.0634765625,0.0,-121.02073,78.906898,-18.228166385093264,-17.9878915,29.832259640551396,-102.938920601912,97.23546906440691,0.002505954261485164,0.28794708188935325,29.830421553261772,-166.88609,125.00328,-19.609601957106555,-19.706659,35.353528693820564,-146.7304283514491,145.0568160520878,-0.04140783899194731,-0.11900210995378345,35.369639130411784,3788.2517,3854.3206,3824.165388705557,3823.9819,6.070470923019432,-42.10690542391957,42.33198461734532,-0.005882314507094831,-0.14508846372403905,12.840994717005014,-50.44085801970731,53.46487935311951,0.012107708599906295,0.03634234408483428,14.223684391781712,-59.37182423754838,59.07608264895594,-0.2450318598818336,-0.6134685322708423,18.886238640481785,-114.2065290919629,43.25297561485412,-20.045909489242835,-19.111857584502715,21.90217525641526,0.2447509765625,0.2606201171875
E912_processed,E912_processed,21.618809,22.811878,22.285286353055557,22.281624,0.15742084495609507,-0.6344335758388456,0.5620258473208372,7.061450918136072e-05,-0.0011424057164003236,0.15235332514409575,0.068359375,0.068359375,0.068359375,0.068359375,0.0,-127.19455,81.72802,-17.74675596544842,-17.507509,29.534889322370116,-109.2087506447091,99.29437832519984,-0.02890963712810507,0.3326046247592568,29.58323807572718,-150.56845,111.26636,-18.994242974532394,-18.741213000000002,36.286160862936974,-130.8962367762984,130.797571249628,0.010119119029403689,0.3188172110955283,36.29621009629329,3797.2114,3857.9031,3825.3002908500002,3825.6997,6.289575985382659,-53.85760830206539,47.10471212769445,0.002403002939646901,-0.08999112564923539,12.851036982716007,-46.82055936544767,63.17797634014556,0.027353200950703295,-0.009018872502171149,14.517516723252232,-51.39648078204265,100.9253351967269,14.581352706364786,14.291977107641985,18.76939376362159,-92.82500747457821,55.06484851817796,-10.751279483762723,-9.71965496153804,22.247775236029455,0.2423095703125,0.2423095703125
E913_processed,E913_processed,-16.227905,69.694969,1.9109552787939446,0.0,7.269482025237931,-35.08770101563029,33.2549423857665,7.30477096817074e-05,1.9387473028140095e-14,1.914323365070313,0.0634765625,0.0634765625,0.0634765625,0.0634765625,0.0,-126.02253,78.986755,-17.676454844431454,-17.3709565,28.054671491090666,-108.1602220471139,96.12285711883034,-0.0563421464021617,0.2391955165672197,28.083244103451783,-154.27829,117.073,-18.978630713160328,-19.1906685,36.701512821196665,-142.2755937979873,134.0074619279748,0.08972610964278341,-0.16129603465663167,36.730993139159416,3795.3521,3857.9687,3825.5210378555557,3825.748,6.891617808067745,-59.61731232365305,84.2923944127908,0.06742564398082275,-0.161053944964746,12.301253240209077,-99.76008737755093,76.62329059662659,-0.09301632892301889,-0.07414900002373503,15.009362119144303,-144.5286892229136,0.0,-78.17791741962516,-78.35510663570767,17.456911084654095,-3.116130742240121,172.5886102421938,96.67528754940801,97.58846779564846,22.471804065514927,0.2398681640625,0.2764892578125
E914_processed,E914_processed,21.397873,22.657219,22.077019026000002,22.082779,0.16116342230990635,-0.6688191313042746,0.5619783010882244,-0.00010444555667588275,0.0019355299991699435,0.15778288378789293,0.2685546875,0.2685546875,0.2685546875,0.2685546875,0.0,-129.02399,91.567131,-17.81023485296498,-17.532491,28.778332638534614,-111.3086892346672,109.5545768074591,0.022546125131379158,0.349462264990287,28.783197837309306,-128.86971,116.93449,-19.252091221338933,-19.7781125,34.32209411654949,-109.496985518499,136.1881125240115,-0.026608283898252923,-0.5780739472001826,34.31517457567894,3795.272,3859.6094,3825.4953670666664,3825.6411,6.532930766203007,-45.53953260433317,40.47710849492621,0.008520754133628638,-0.010201475770949209,12.296277121908389,-46.87211016100247,46.46355668545539,0.001318879843434036,0.052232930737442174,13.696642452434807,-48.30304021623397,70.7483622582734,13.059114326275875,13.093215188735755,18.0077090830454,-128.7899613103705,9.320151631229947,-57.55109398821921,-56.71627289977824,21.067604354375444,0.2398681640625,0.2703857421875
E915_processed,E915_processed,-16.227905,69.739159,1.8997291695448333,0.0,7.240070267632654,-35.09215355960286,33.1249786978231,0.00017167564283504202,7.377350880649276e-14,1.9111230761630047,0.0634765625,0.0634765625,0.0634765625,0.0634765625,0.0,-124.26501,77.682938,-17.758274897762128,-17.316805,29.011740402949833,-106.6672961208335,95.69735155554969,0.01314198614528007,0.4611297855900591,29.011115763279314,-147.5556,113.52544,-19.348995674744586,-19.4961995,31.093503467590182,-128.2911905689087,132.8003696000691,0.06696283188728203,-0.09308163677795378,31.125280861495934,3799.002,3854.3572,3825.4680547666667,3825.668,6.001719341701299,-43.36938488798511,44.20923258119366,-0.021817877620869498,-0.12651167333968294,12.299375972715952,-73.03902211159686,51.87720260000901,-0.05651349566187555,-0.022078278216659974,12.896086509247642,-60.60658658858074,71.87829599795653,6.720760793894066,6.546207923682365,18.088139580870862,-0.009809127726839862,165.8107499639796,98.77014579627027,99.43807851718165,19.26262870236472,0.2471923828125,0.2667236328125
E916_processed,E916_processed,21.243217,23.916565,21.917158095666668,21.928123,0.16512078703494976,-0.7352563647831758,1.94317157194773,0.00011180880878360309,0.00192502420307223,0.1614977821697552,0.263671875,0.263671875,0.263671875,0.263671875,0.0,-134.1339,94.38855,-17.330006927439264,-17.0322345,29.731115341652256,-116.7616510437944,114.5382411557318,0.11168985015078096,0.40231809995402634,29.908515376794576,-141.20822,113.19234,-19.241460175204562,-19.9481725,33.52053355692431,-121.347778157665,132.2585976033565,-0.01931038308454704,-0.6277670732541099,33.562691414294015,3795.2866,3855.0869,3825.8325119,3825.6416,6.465658781449148,-91.31410392059486,73.88582161324332,-0.058031695155094036,-0.00924519103011412,13.48692068182933,-60.10793352938815,56.66622496072075,-0.020349563762297247,0.1246487994387484,13.950917519217594,-41.48835432339968,200.2615576196013,72.4224942771525,72.422809415904,19.322349759956403,-44.12038067190064,95.82589903587146,32.68575590959789,33.46889866529081,20.840213529281627,0.2490234375,0.2667236328125
E917_processed,E917_processed,-16.227905,69.739159,1.8978886393811667,0.0,7.249611187590279,-35.15119432864556,33.04658590559151,0.00036391185913116266,1.009552792384295e-13,1.8982671809582594,0.0634765625,0.0634765625,0.0634765625,0.0634765625,0.0,-133.54866,87.416191,-17.101944396616055,-16.9359265,34.908920216120606,-116.4035549879001,127.9304880043129,0.07301950734326872,0.21802614756239405,34.9655714011663,-145.4597,116.2925,-18.901812614175917,-19.992452999999998,37.34922421433383,-157.8976351253767,135.1133181883069,-0.17001733050826615,-1.2514477787635911,37.593403741683396,3793.5654,3860.55,3826.377882211111,3825.7595,6.989804885648432,-172.8992842438561,93.11361412591293,-0.13074717364403413,0.04767845425562678,16.249218870458066,-100.571082074645,164.8438125263259,0.14495546632109962,0.1282363138341336,17.165604736020526,0.0,214.5672541556458,131.6603879398208,131.88828034619274,22.093490479614967,-304.2342134592042,0.0,-163.962339812042,-163.31308305529302,24.035353319825436,0.244140625,0.244140625
E918_processed,E918_processed,21.221123,24.22588,21.83763392338889,21.839748,0.1750731003807305,-0.6424801586499904,2.335716435624698,-0.00020310141134143364,0.00038758262804880483,0.17321783182646744,0.2685546875,0.2685546875,0.2685546875,0.2685546875,0.0,-144.03033,105.64319,-16.570166577599917,-16.220742,36.89801804231269,-127.9184721760448,121.6264444700517,-0.00360642228076607,0.4139567231546819,36.89651128704552,-139.76115,133.55135,-18.14915716901676,-18.661592,35.5818508246291,-140.8551595724556,151.8694615915054,-0.10003872979085322,-0.6192832263963567,35.67849350604363,3791.6885,3857.8015,3827.0990944333325,3827.4016,7.425685874620124,-50.09833212845952,48.53020211879087,0.005961466375807397,-0.010951088005393964,15.145229130933922,-135.5867844374718,194.9004658769959,0.14611413100767656,0.0108323619303925,16.743642867174117,-101.6815767195958,41.47440261586064,-24.63718178851506,-24.525188811409848,22.845457652439986,-296.6494887544355,0.0,-159.4233525106277,-158.77609559697544,22.502617925215823,0.2630615234375,0.2557373046875
E919_processed,E919_processed,-16.227905,69.783348,1.8897059512042778,0.0,7.232705770640174,-35.1521682121037,32.93784754943805,-0.00019302081400064103,4.88013334857433e-15,1.8983215892006366,0.0634765625,0.0634765625,0.0634765625,0.0634765625,0.0,-181.45961,145.30603,-16.135276898123976,-14.886025,41.93615782968722,-165.585490041656,160.8422174989089,0.0781486193188588,1.442371296658231,41.97510860903744,-150.7755,138.38336,-17.81092785905338,-19.2621105,39.82179064685115,-133.5102598093708,155.7155216186867,-0.10270649946265396,-1.4513671450824526,39.92039213990387,3772.0459,3864.896,3827.451851994445,3827.3987,8.811819009718855,-67.49664631377642,55.07355463153584,-0.05970181308035363,-0.10166844585406476,17.965673931449235,-70.41634524696246,68.68619409297733,0.05558872618094768,0.011159316327188586,17.004712553060127,-22.50208447301279,167.5889745376127,80.05115739438574,80.47761459037494,26.54774302629879,-184.3621803519349,55.63081074096945,-56.34713199561818,-55.72523221294953,25.392036833794258,0.234375,0.27099609375
E920_processed,E920_processed,21.044373,22.502563,21.79594043680204,21.795563,0.21364289165888078,-0.7619661908291651,0.7390305904589383,-1.4163111065989654e-05,0.005748543205371992,0.21241584459531437,0.2587890625,0.2587890625,0.2587890625,0.2587890625,0.0,-189.70131,156.18269,-15.794661595626497,-14.107047,51.305106355827945,-173.6731350238572,213.4655897300409,0.18918256175538228,1.832158671513302,51.56806376142655,-186.63777,214.44238,-17.29794459186909,-18.636972,46.87749558505392,-169.4731919967699,231.9143128572782,-0.06643988853164937,-1.513450872894539,46.909234902391496,3772.0459,3880.0735,3828.0171069559424,3827.3987,11.439019221194751,-156.6002074029789,141.4478871850985,-0.1502165674469754,-0.3378964817240178,24.730179785515674,-105.2015329019219,148.2941725978097,0.10395861922219324,0.1225726587329056,21.915215670568745,-43.20151240599567,338.085374310851,161.1199313364119,161.6138199082348,34.673523541481316,-216.5288248743865,21.85889105752415,-94.77986125183929,-94.67720088317718,30.875504628112292,0.242919921875,0.242919921875
E921_processed,E921_processed,-16.227905,69.540306,1.893803122961167,0.0,7.240282500396544,-35.18466945929006,33.36710653096624,0.0006383852415185277,5.876388277762938e-14,1.8979244785276936,0.0634765625,0.0634765625,0.0634765625,0.0634765625,0.0,-239.01262,198.88921,-15.636251037267744,-13.7074035,60.3676962144408,-221.9915642713111,214.6011657626024,0.15014962512688543,1.934176462693391,60.442438740583526,-199.16534,210.4216,-16.94483614001057,-17.9232255,60.8752908845164,-181.5837329790372,227.4926150178423,-0.021505844518829975,-1.0987513718857982,60.882852945774445,3770.2603,3893.4656,3828.8491535222215,3829.1846,14.762453149643132,-219.5448217998339,136.0613155052512,-0.1917108689651586,-0.01628359205860824,30.69206759580987,-93.06969019756482,88.00883939228045,0.0405813256722995,-0.18127254640948331,29.875840039130313,-2.138054970626655,316.2796296337304,193.821234603626,194.24815348540085,41.206244193853536,-178.72055960278,77.31706563401595,-51.99511353964416,-52.24151788723522,41.723396182353014,0.223388671875,0.205078125
E922_processed,E922_processed,21.044373,22.701408,21.85513951838889,21.861843,0.25681330117053847,-0.8091624102508801,0.8575916690219498,0.0004017219945642691,0.0033634375800606284,0.2549572949844097,0.205078125,0.205078125,0.205078125,0.205078125,0.0,-246.44031,231.05437,-15.556940135778252,-14.372452,69.15294321711299,-230.6526830307006,247.3039821258196,-0.08215622705159054,0.9674540302027754,69.1643823234352,-241.51575,198.49263,-15.673101836687058,-16.3992565,69.38322959006814,-226.6838127157924,222.2671880336326,0.040013818051536594,-0.5877771441475286,69.39300467287661,3753.2971,3896.1438,3830.922617944444,3830.9702,17.371305794236946,-164.4451674644704,118.8944291968799,0.0233892629467702,0.03599875195668245,37.553373437676896,-185.8676189854393,128.9922220458742,-0.05480465602657556,0.07298224449480717,37.86646841501259,-275.1207565306914,81.13457908214845,-108.09705955756328,-108.00688040370264,49.565438334942705,-90.80009517772172,237.4684819394161,69.19466844809237,68.71944520438561,50.11460850596309,0.2008056640625,0.198974609375
E923_processed,E923_processed,-16.227905,69.82753,1.8928371230386114,0.0,7.22484692346278,-35.14962024841488,33.74456103670502,-0.00036212614005481507,-1.3279130899879064e-14,1.9098573046824794,0.0634765625,0.0634765625,0.0634765625,0.0634765625,0.0,-314.35098,321.51343,-15.036100102791421,-13.866802499999999,74.84546852160778,-300.008117986441,337.1635802991646,-0.07400316952859054,0.9818866144122482,74.95445508910153,-262.96014,211.22592,-14.524541597415539,-15.182973,72.26540426761447,-251.0155553630795,225.3986341029211,-7.341236728288752e-05,-0.42374749700347186,72.29200840631879,3749.73,3903.2947,3832.537441061111,3832.769,18.27541840578268,-191.844312835955,281.1007189536253,0.1816937744346247,-0.5431735776155415,43.57855406675885,-150.8066726441663,213.9763512103345,0.1144322472911453,0.06822588508843097,40.83601573712074,-438.8006097343637,0.0,-217.26009370449407,-217.1861523958751,55.24204536136746,-242.8183192388038,112.8243640354748,-68.7385604298953,-69.5918842878508,52.97810984753054,0.20751953125,0.2215576171875
E924_processed,E924_processed,20.933903,24.601475,21.968809138523085,21.972313,0.28408157720862603,-1.041055820703063,2.580406783732264,0.0004732985484271055,0.006935572319017487,0.28191038201051344,0.2001953125,0.2001953125,0.2001953125,0.2001953125,0.0,-271.11087,268.19293,-14.863047772832035,-13.337659,74.28635677587305,-256.4515647456296,283.6542319290123,-0.058562321602983004,1.247406756296925,74.27593846331129,-268.85715,253.57813,-13.692069024240245,-12.666474,77.47728415586144,-255.7249897285752,267.7101507599575,-0.008926942582906402,1.144254769904109,77.52197554012396,3739.9053,3916.6782,3834.133158865367,3834.5413,19.111680918225463,-138.9496823748951,125.2151027296896,-0.013205715664472612,-0.5990157422693585,42.25163454662237,-137.4078924865585,125.1553740992451,-0.04295983609551865,-0.3335386931095763,43.85471482882972,-243.7571669543389,112.1253776703667,-50.6738181700549,-51.42697865677997,54.768501755539454,-104.5935704411974,252.4886317233779,64.86579638301866,64.5286335314323,57.149695767740695,0.211181640625,0.211181640625
E925_processed,E925_processed,-16.227905,70.954315,1.9094461516776113,0.0,7.284835729794303,-35.27033051424927,34.81769842520323,0.00023374939471323695,2.261911584308705e-14,1.8977499165016745,0.0634765625,0.0634765625,0.0634765625,0.0634765625,0.0,-284.3746,262.88736,-14.405367802963344,-12.224759500000001,81.8809203602715,-269.273400877471,278.2759499935995,0.03435207742657208,1.9489215231097026,81.86735479014777,-274.2182,260.54752,-12.276371298238166,-13.434990500000001,84.07058960223569,-263.5327660145625,272.257427005669,0.017423566495821306,-1.0696492978733474,84.01774255291383,3735.4412,3929.177,3836.163500083334,3836.3269,20.998354699511122,-152.3886279148324,143.5291366642959,0.026571927776201664,-0.4750838524469785,48.92173312683138,-164.4474124277648,191.945053304513,0.11113915088353878,-0.09022724302589682,51.20043354495561,-95.82133301934965,284.3742253271685,99.87368686837802,99.9547403525108,61.793820848413965,-252.0189083894544,110.4696522118427,-87.20373533427868,-89.5297434275181,64.0965934089679,0.1971435546875,0.208740234375
E926_processed,E926_processed,20.779247,23.099094,22.096887065170286,22.104874,0.30746725188911395,-1.288829198178458,1.003936132707301,-0.00038012961649387065,0.001825701119875067,0.30605289682186754,0.1904296875,0.1904296875,0.1904296875,0.1904296875,0.0,-279.86493,249.88889,-13.854549950277633,-11.50018,77.4822095483806,-265.7749504503527,263.3948875305971,-0.09789509001219492,2.242609696939326,77.57275224743536,-276.89874,279.84732,-10.73915331666241,-10.25141,80.73624368508109,-265.3929614782018,290.4641640410519,-0.14977773486956494,0.3050719575292558,80.86414522947028,3752.4043,3913.1067,3839.431786471471,3839.8979,20.171671771016,-185.7891439398205,258.3156827050607,0.13202615123031092,0.2848059285972226,47.47405764666958,-187.4824539462504,295.9089279029859,0.1314125493206837,-0.3274606314226958,49.37907943430758,-400.294086127509,0.0,-206.84201601121083,-206.4314886756253,58.82043111922115,-481.6357553724919,0.0,-319.4762443038438,-320.938020457153,61.52565354672293,0.1910400390625,0.1910400390625
E927_processed,E927_processed,-16.227905,70.711288,1.9165075560102791,0.0,7.3080363404949304,-35.26015943261253,34.57522943840381,0.0006161455769389537,2.4157713813862567e-14,1.8928574860238128,0.0634765625,0.0634765625,0.0634765625,0.0634765625,0.0,-263.94843,271.64142,-12.921744424003728,-10.530068,78.93388887864516,-249.6136945370241,285.0920033879293,0.11197084181139735,2.479404468726805,78.9671740835894,-260.81555,279.04315,-9.383115307505829,-8.897773749999999,81.00272086291234,-251.7456044459175,288.2297469323433,0.10906240484013009,0.5851792219907939,81.03571413675309,3747.0476,3927.3916,3841.939443532615,3841.6836,20.57443568826247,-137.3285796661626,139.681702302094,-0.05939261176423876,-0.41678001835082235,46.82946065677696,-143.8552049675999,140.625682495282,-0.07866115313432837,-0.2066629634739239,48.11500601450908,-121.4380041453865,214.9613201327334,45.08601017476519,45.210432128547545,59.58623465132123,-65.65964328121623,304.1011311114042,107.65817298685916,105.92526910141714,61.203042857663874,0.20263671875,0.20263671875
E928_processed,E928_processed,20.867622,24.446819,22.197007041946776,22.193249,0.3201066068297941,-1.270352921140431,2.213659084130246,0.0002985642551564454,0.002381642245963961,0.31775970170599804,0.1904296875,0.1904296875,0.1904296875,0.1904296875,0.0,-250.41942,219.64754,-12.630789244983,-10.724302,73.46937491369384,-237.9591090914517,231.3105217580799,-0.04170152791320433,1.733702451623621,73.5269114817537,-273.95013,263.76416,-9.613080519073458,-8.6219301,78.33828868778451,-265.3926771024302,272.9865380360679,-0.020731027875301025,1.040741277109625,78.36391236716624,3755.9756,3936.3196,3842.6930388410465,3843.469,19.39830786928276,-123.376039161095,186.3860833425913,0.04361151819018615,-0.4846231287225606,44.44243631431744,-146.9041424590375,145.1604376019428,0.0009235049092415274,-0.291554515315422,46.577970612907485,-330.2617470704124,0.0,-165.03884587170288,-165.3007114705644,55.6344577515083,-262.2253400626824,106.3174257246356,-97.04770239939799,-98.24330743027411,58.87248211743863,0.186767578125,0.186767578125
E929_processed,E929_processed,-16.227905,71.749687,1.9051675856849268,0.0,7.223229501377706,-35.00745379866566,35.96517574455246,0.0010721762322351263,2.398035684588475e-14,1.9430713501426982,0.0634765625,0.0634765625,0.0634765625,0.0634765625,0.0,-296.57724,243.52228,-12.658272878897522,-9.4326267,76.81217033675321,-283.4137183215636,256.045214883224,-0.02221547464481142,3.068591305534721,76.79141082315215,-266.98077,290.30139,-9.187528647013448,-8.7070494,83.58731778955189,-257.1618991699218,299.6904104940766,0.13289947073531572,0.5755540654939786,83.63008236715297,3759.5466,3925.606,3843.2043875493077,3843.469,20.66808971754402,-171.3970989258671,146.8697240703274,-0.03515814635751816,-0.4146083681307502,49.04208536815214,-174.6438966237349,142.2015131136659,-0.14769059594328804,0.08667294832254768,52.80373420665329,-233.612290094022,101.9294143367455,-65.03539129579778,-64.00272842000015,59.79791294336989,-2.840249585706317,355.8316040285746,155.37414716388844,154.3246179972002,64.64874671938387,0.1861572265625,0.1861572265625
E930_processed,E930_processed,21.022278,25.021255,22.27600352719898,22.281624,0.3393767499671394,-1.281735783745016,2.474203842028352,0.00024045870755316987,0.004615682909960464,0.337338597151305,0.185546875,0.185546875,0.185546875,0.185546875,0.0,-255.72493,223.09613,-12.490499266593144,-9.9426928,73.02835810783452,-242.1314670300187,237.464216321014,-0.13442387888308985,2.322948153897888,73.11413717323674,-255.9906,265.90857,-7.65069955215186,-7.7260251,80.65505579330822,-249.4809935531707,273.5467683948274,-0.04761368556272554,-0.2368373425614489,80.64483385559258,3759.5466,3936.3196,3845.1090016113794,3845.2546,19.75946900687834,-196.3005609067689,242.181935706668,0.15706379645025037,-0.3066162393155913,46.94189675407218,-168.8611313194189,144.2286452884142,0.033975227010909846,0.6566857635672818,49.65449963991627,-387.5396226170197,23.81888297209663,-184.7153282449471,-184.8153730130838,56.462851223957145,-217.2043066140559,134.0246314067317,-58.35594877748116,-60.32995546511277,61.500378084693956,0.194091796875,0.194091796875
E931_processed,E931_processed,-16.227905,72.147377,1.9271429449823878,0.0,7.334682897387839,-35.19442357855963,35.96708761334001,-7.336127767412405e-05,1.892617664481958e-14,1.8972180814033002,0.0634765625,0.0634765625,0.0634765625,0.0634765625,0.0,-253.07219,232.91129,-11.349562267744803,-9.3297472,72.59321148039554,-254.056417966278,244.9631480044152,-0.14372386657241829,1.970139707880282,72.75263068603286,-251.16565,282.7959,-5.277171930266521,-4.7854567,84.55350539533308,-246.5585613988448,288.4239576605644,-0.0692022471384982,0.477865350786459,84.74834080613519,3768.4746,3922.0349,3848.9317675093057,3848.8257,20.178596952214953,-265.0417307113394,387.5697950096262,0.24283248838233723,-0.1054571344279456,47.98474065632152,-222.2666176913243,351.0679504858186,0.19460741193698994,0.05688436438265043,54.13477284201062,-534.3005200242679,0.0,-326.66447335260364,-326.4366434275555,56.36486124938229,-512.8175268797909,0.0,-296.21754988889137,-298.224537182263,65.20857365389162,0.1837158203125,0.1959228515625
E932_processed,E932_processed,21.000183,25.242199,22.339716422134565,22.347908,0.3618528118568545,-1.330174840122037,2.755777430655351,3.572713675891643e-05,-0.001942502082164316,0.35918535311702726,0.17578125,0.17578125,0.17578125,0.17578125,0.0,-240.33897,270.84558,-10.537303067600261,-9.1715841,73.95869827079288,-228.6577877818056,280.6214295826361,-0.09660854926264993,1.369281923132744,74.0784040892629,-283.332,276.36261,-3.9303152097447636,-4.6668382,84.32470196504951,-277.031684406307,278.8935076509013,0.028263424859623718,-0.437531138932723,84.27226801997935,3753.2971,3954.1753,3851.849821034502,3851.5044,20.565166002200325,-150.1405765816237,283.3684717568242,0.14383959209999783,-0.1308161229310834,48.072598276476306,-163.237682463572,152.6241679560584,-0.043052393750768005,0.3350270879738364,54.019386103163654,-461.489735039818,0.0,-289.05998231510654,-289.1310316919738,57.53117681816665,-229.6853191469496,178.6863170520611,-41.43412052069761,-43.79211501256582,65.68459119746252,0.1824951171875,0.1824951171875
E933_processed,E933_processed,-16.227905,72.257851,1.9309922763348149,0.0,7.346711309451043,-35.1078133776583,36.04341547314606,-0.00035541508060882266,-3.318825477696721e-14,1.8961076561664343,0.0634765625,0.0634765625,0.0634765625,0.0634765625,0.0,-289.41483,255.99019,-9.905980310210811,-8.765164850000001,75.43330163302915,-280.9159964297235,266.8448261550193,-0.16863954743273335,0.784184556209162,75.53511206151555,-284.13617,287.08475,-2.538863296890099,-2.11539315,83.93512589236562,-281.9888284821098,288.216573819824,-0.22273893554768287,0.004333624971879502,84.07730298228311,3752.4043,3954.1753,3854.260398899877,3854.1826,20.56328154366054,-149.9532377542658,205.9299921531475,0.1293191599782838,-0.28233771877617775,49.49036119853912,-209.8398669846564,269.2975342264064,0.16679660951824982,-0.03248226511131769,56.06081455515704,-344.8278886711635,0.0,-178.50999793704338,-178.0762661779354,59.25042025808587,-463.808454963781,0.0,-288.35028662393785,-290.6865667421015,66.59144566909747,0.179443359375,0.1849365234375
E934_processed,E934_processed,21.066463,25.816639,22.400217679539896,22.414188,0.3497572094031887,-1.33869085841757,3.290397391906867,-0.0007309860719664144,0.00396361019435507,0.34844765148180384,0.1806640625,0.1806640625,0.1806640625,0.1806640625,0.0,-235.30199,261.29568,-9.003256826431118,-9.32830285,75.97752200801051,-226.8109282184308,269.920832744212,-0.10199574985247468,-0.3067906942269474,76.09742633579687,-283.86935,289.49722,-0.9275876367782675,-0.849982265,83.66011143790486,-284.3482080574879,289.6970871127838,-0.04325733301996358,-0.0404340538413388,83.74049911834626,3772.9551,3940.8008,3857.262646632585,3856.8877,20.52431308769915,-204.3415833499298,283.9929661739253,0.1705316042861403,-0.03697198136873148,49.600711622394705,-232.1048763577245,253.4740546639689,0.13942520998660746,-0.463738372222118,55.55779852423456,-421.7107517201979,0.0,-242.36360473947323,-242.66135834998826,59.271104495077765,-338.9247559068535,39.77141795279093,-171.64607366536978,-174.1339074436715,66.17924278972036,0.1904296875,0.1904296875
E935_processed,E935_processed,-16.227905,72.12529,1.9380317784458272,0.0,7.3612650511092,-35.18980916039467,35.96122866809251,0.00034114127229246477,8.053297719849861e-14,1.900531795025787,0.0634765625,0.0634765625,0.0634765625,0.0634765625,0.0,-255.99246,271.37857,-8.810923844374063,-9.17996835,76.4313802563168,-255.4971927436549,281.4272281385971,-0.06699958179773428,-0.4981284755198168,76.6862944021054,-273.68686,342.30426,-0.36820052915989554,0.063733924,88.27350370002033,-273.7398189183193,341.9296141507695,0.06217586431566359,0.6679585482313177,88.30521311096817,3764.9099,3947.9609,3858.3339098844313,3857.8596,21.47773595812264,-232.1976227399013,186.2439665805012,-0.10202215331816304,-0.04883527509456309,51.54389502738867,-284.4706541959868,225.3248835959985,-0.16731238045512112,-0.14599704296028904,60.68368342115122,-118.8727822802856,392.4811771361836,126.06037932200854,125.4884933034437,61.044573114570575,-90.47039852242536,394.8305045248134,105.51551883810956,103.35776348346245,70.93967932520127,0.19287109375,0.17578125
E936_processed,E936_processed,21.199028,25.08754,22.416834083833333,22.414188,0.3458798437041232,-1.358943902925271,2.545112151581045,-0.0008399183880898591,0.001982969979643732,0.3452737534559222,0.166015625,0.166015625,0.166015625,0.166015625,0.0,-247.25729,261.58334,-8.195330282378823,-9.22247645,70.8915585697429,-238.7400172277079,270.1891793031463,-0.012676917834011748,-1.0970638088983344,70.85656976674699,-272.35672,293.80618,-0.9889668165705888,-0.1124011815,81.18346370463189,-271.3455930984488,292.2789113952258,0.009081030165420157,1.1226336535568406,81.17178157454542,3759.7524,3940.145,3859.212578583333,3859.7886,19.868721109158383,-173.9596831392729,230.9649163966149,0.15711671855443743,0.30368680163231865,48.189136985642726,-184.790841893153,165.7638426195695,0.051052636574970896,-0.5432556485724758,55.31729016944588,-228.1672993839326,98.29772092240651,-54.25374581265516,-54.705876508932775,56.46423964448981,-212.7038324963258,225.4131497926138,7.252343286136872,5.5329392957275605,65.13165313467162,0.196533203125,0.1959228515625
E937_processed,E937_processed,-16.227905,72.235756,1.9361493021493499,0.0,7.35758788985722,-35.12092064204889,36.03218327264699,0.0002130039455406598,2.0901250717849344e-14,1.896076843571517,0.0634765625,0.0634765625,0.0634765625,0.0634765625,0.0,-223.09875,221.77235,-8.622740804327703,-11.035476,77.3725890319998,-215.573721857379,229.9596437600447,-0.020853773004892218,-2.455635810527873,77.36200209929282,-270.73669,297.81235,-0.5176832826563617,0.94007599,87.7510490480233,-271.1784206316431,297.5311455341414,-0.08941520592333521,1.263161473189734,87.78000773286973,3764.9905,3956.0337,3858.996486859651,3859.6106,21.730041280390317,-144.939711249209,130.3796260239969,0.0023243245320129185,0.3254858202082662,51.45097561879837,-186.2893554391521,168.0037682597305,0.07780366210089887,-0.0964751275739104,59.94805463397631,-167.7353698764133,138.5000122691449,-10.258944400655729,-11.74044284877534,61.30671106475957,-256.0323573766743,154.338467262956,-78.26030042969988,-80.21522338989284,70.64855883763634,0.194091796875,0.194091796875
E938_processed,E938_processed,21.044373,24.844505,22.401117783475943,22.414188,0.3611056394424829,-1.341601017035153,2.379309012308136,-0.00018543029678868767,0.00639752592227609,0.3602847773970812,0.1611328125,0.1611328125,0.1611328125,0.1611328125,0.0,-223.38312,257.33658,-8.815323777756973,-10.066002000000001,75.63103810617194,-215.0277171176824,265.6349186294853,-0.124584501989559,-1.543600751079813,75.69999547331898,-283.62164,303.74408,-1.6228032663016334,-1.8545558,87.3419621259508,-282.3654837389666,306.1816215906855,-0.15728592315844983,-0.1790965884974076,87.47605583533036,3756.4353,3954.4829,3857.0157520780085,3856.4404,21.561383512758855,-143.1942605365731,226.1879801310959,0.15906458503488333,0.8585824389210295,50.67378444003479,-179.6124373510786,232.6554226986326,0.18365614373376254,-0.2967318413024245,60.120205612188634,-357.6786905728638,0.0,-183.05790680499328,-184.15799053658412,59.76165995704679,-303.8002525845326,136.729593715081,-114.05866883540641,-116.82897711574344,70.37894101886098,0.2020263671875,0.169677734375
E939_processed,E939_processed,-16.227905,71.749687,1.9353101392419025,0.0,7.356013320001538,-35.2519028869424,35.61494514969235,-0.00022140494971595887,3.337708042728784e-14,1.8957019374607713,0.0634765625,0.0634765625,0.0634765625,0.0634765625,0.0,-258.94156,275.11673,-9.438286481672874,-11.82261,76.08288158989303,-252.2446847015508,285.0086204955601,-0.14893955231120767,-2.530832796555037,76.21631855695331,-286.58554,420.8974,-3.4488805323000724,-3.5537229,90.27353502077115,-284.229296375125,421.6622913427958,-0.2228622915841516,-0.2127763735175576,90.4526320184975,3753.7595,3966.2922,3853.222883954664,3852.8884,22.14338592691439,-163.1367876369099,155.5964476392542,0.12905101279247744,1.012631510611662,52.31529110613175,-291.5639792416225,403.5762774025652,0.3059620581739824,0.3123803675840122,65.40151047410204,-273.4157360450065,120.2571285723892,-84.79160470318645,-85.34646674629944,61.186007709087924,-515.0350210659475,1.789090062481703,-302.261369685345,-304.3359528482476,74.06017722094525,0.17822265625,0.17822265625
E940_processed,E940_processed,21.022278,23.629349,22.42392482159129,22.436283,0.3902846448901449,-1.407923914333034,1.22949997688611,-0.0006756971937016019,0.009440830296851159,0.38986682720382054,0.1708984375,0.1708984375,0.1708984375,0.1708984375,0.0,-251.5106,273.53741,-10.177788860277747,-13.450016999999999,79.63246938358209,-240.3173261605617,283.8518340078655,0.0014584988437284995,-3.60185099034088,79.62155323057782,-288.98672,335.10135,-5.391489574063247,-3.4908619,90.91959278059734,-285.2404951950637,340.8877803467222,-0.06032983727299846,1.884409032730138,90.9077869143347,3724.165,3951.1689,3849.656336104011,3849.3188,22.1881873815276,-162.4192503991973,157.0945955006273,0.11498950231363142,0.4591221058759701,54.29729117183748,-193.4432172117972,182.1017062972678,0.12708201079437373,0.3383340393326207,63.25356392962502,-247.9881517191025,100.6679418551235,-62.761745739156844,-62.60412091324858,63.2897454362823,-287.5064717217636,150.2984346586102,-98.50712107006345,-100.56903108178764,73.22038695780344,0.1690673828125,0.1708984375
E941_processed,E941_processed,-16.227905,70.998497,1.9347434573178282,0.0,7.334973087057471,-35.1861743475519,34.97412296455491,0.0006550315365653315,2.7974809594548174e-14,1.908295609724055,0.0634765625,0.0634765625,0.0634765625,0.0634765625,0.0,-295.80106,287.57416,-11.665310969305155,-14.3502255,81.07571440236866,-282.3665926088349,298.0076941580658,0.06316508064025271,-2.6914441725100016,81.08632647210845,-329.45758,354.65613,-7.211251239111037,-7.7429767,94.36138113978102,-322.2432171654598,360.1506985609312,0.05891587346265759,-0.3034818264632557,94.39496809665756,3713.3521,3966.0056,3845.1360437534736,3844.71655,23.22312417639404,-254.4894470268628,154.8002887459487,-0.15063676502109338,0.3687852671505967,54.52536764658994,-215.8175547297244,204.0777299010174,-0.1328148250410712,-0.6764161959849311,64.32256098598512,-53.60017858403658,324.4112417037813,140.12154692515642,139.78117705437177,63.97302012678732,-39.03706450996727,431.609035610203,158.86319799571294,156.2058944104947,75.3019813499476,0.1922607421875,0.206298828125
E942_processed,E942_processed,21.000183,23.850285,22.49665066383286,22.502563,0.41741790992107225,-1.528062491176957,1.35198582580485,0.00025406103047800833,0.009538156347631055,0.416782959650522,0.15625,0.15625,0.15625,0.15625,0.0,-252.54616,289.15906,-12.904201700579847,-16.059723,78.15974713511446,-241.307861574494,302.2970426358336,0.1287928531678682,-3.15555788644075,78.25541521536331,-337.48477,324.62128,-10.142173771043174,-8.5805607,91.97483319882055,-325.9319646848325,334.0832100120172,0.07063533524525221,1.663711203553689,91.98752481251663,3695.3318,3945.3584,3840.364047291215,3840.0557,22.460868732715483,-266.2967473831883,152.8525282658266,-0.14208730408346384,0.9242056899933577,53.738824881719765,-220.6616286717829,204.7883109384927,-0.05900837191983278,-0.5730686475618461,64.09296561917608,0.0,413.8266416050261,245.59922531118823,246.3456380682127,62.227937771580294,-72.46278496289865,392.7396034242299,129.9556193466692,127.9641440267209,74.1247731728536,0.172119140625,0.172119140625
E943_processed,E943_processed,-16.227905,70.379875,1.9446464967305002,0.0,7.382899304722773,-35.20318657304865,34.27734254097213,0.0004339516606012197,7.064279620043854e-14,1.8949241025301014,0.0634765625,0.0634765625,0.0634765625,0.0634765625,0.0,-254.67082,312.5112,-13.693880686311914,-15.985768,76.04336155640001,-240.5337769121598,327.4262399590103,-0.09719399669466139,-2.6388328508164296,76.10924840643244,-346.87012,377.16092,-12.369148491849334,-12.8974795,88.88816480016143,-337.0197751894524,385.5811689156003,-0.0989304870006864,-0.5742302568967956,88.92549836519372,3680.1895,3948.0344,3836.950152777778,3836.4988,21.695855753606168,-161.7992883428343,158.2081511258564,0.07795062058022995,0.5589385064244019,51.07898245863164,-226.045961097143,215.4376980926874,0.09953996625576131,-0.13014329277632797,61.2157798821293,-266.6076930885025,114.0781125707455,-69.20856567377984,-69.57704275576069,60.1225232499802,-340.8164369468576,160.7231755404275,-133.17232970526575,-136.1428527966561,71.09963953940428,0.2056884765625,0.2056884765625
E944_processed,E944_processed,21.309498,24.004944,22.570248660147783,22.590939,0.3946538805119484,-1.271593340935638,1.45535831835032,-0.00021711242221387556,0.01351355239632335,0.39364030450288673,0.166015625,0.166015625,0.166015625,0.166015625,0.0,-247.50827,248.83577,-14.14126873443745,-15.551748,73.94091123469298,-233.417201101065,263.0296559266621,-0.07719200085317743,-1.55024768287573,74.00420975694975,-296.47186,274.76816,-13.548985036877548,-12.555576,87.65627967732358,-283.8624775819198,286.0513472862423,-0.028737356743986427,0.7750264364018058,87.67417180008466,3733.8437,3935.6248,3835.064571070615,3834.7156,21.117862129886046,-183.1911066581806,265.9550913493286,0.1834591524611609,0.01699273213040264,50.68321459178156,-199.7517933691355,203.7832095747797,0.12565881523210307,-0.9277351805371978,61.3289602768502,-353.0325677066255,0.0,-181.28508849655157,-183.0906742228051,58.64842641835019,-281.3214496439925,129.6704267751079,-105.97404029335479,-108.3127469703595,70.86844711997857,0.17822265625,0.162353515625
E945_processed,E945_processed,-16.227905,70.22522,1.94125782632098,0.0,7.33784514626845,-35.05008628655912,34.32600801715864,0.0003357579249385223,3.264458643391199e-14,1.920925096166546,0.0634765625,0.0634765625,0.0634765625,0.0634765625,0.0,-237.16093,278.53885,-14.435275351682492,-14.9357225,69.71254632971151,-223.44310239206,293.4516729708409,-0.009488990793737377,-0.5747249116441697,69.7209355185443,-280.116,294.32251,-14.17024308424581,-12.0317895,79.06943481368026,-265.8637262440185,307.5400944382851,-0.08242609439739512,2.010110443639046,79.08368464077552,3718.4822,3943.4661,3834.287971191244,3834.5842,19.15529107542521,-151.9716967313407,148.3190917004958,-0.019788016308149525,0.07084345473130949,45.983063034934666,-186.9995045793788,178.6293130310475,0.005300537365626544,-0.12502007270495602,54.72736083671614,-273.4390684598027,81.28069245164907,-85.7322985059324,-85.72392526173087,54.46026296038839,-247.340352541342,169.5964286444022,-67.4960805892816,-69.70773021689968,63.45410328894805,0.1983642578125,0.1983642578125
E946_processed,E946_processed,21.309498,23.850285,22.675424515557285,22.679314,0.36908329635182824,-1.394002159684626,1.212704198883654,-0.0002093320078301336,0.0035763489773048274,0.3681311385881924,0.15625,0.15625,0.15625,0.15625,0.0,-247.2446,245.38762,-14.785108081029335,-15.485925,67.51783211862853,-232.0546663653796,259.5778022654285,0.059007415987000045,-0.671773768381323,67.60327367236549,-307.4595,354.10114,-14.019872435317914,-13.145529,79.39013928740248,-291.606542615872,367.6946894148424,-0.06841707519802703,0.80262008656296,79.46071608228657,3696.1914,3964.9238,3834.534170207801,3834.595,18.902557591828653,-212.8653848323571,160.666695940166,-0.12328806924068025,0.40061239367146223,46.264782866879465,-219.9068114710246,188.4176518261465,0.05287533178846894,-0.17299771976969552,55.51815485925922,-21.95798243676453,336.2996790178768,178.4056903229977,177.54722607224681,53.730657603944614,-175.1643352457269,311.1321187877071,45.76409501276859,43.64997611064119,64.35610985785887,0.1806640625,0.1812744140625
E947_processed,E947_processed,-16.227905,70.00428,1.9566283078644777,0.0,7.396866184966239,-35.10329987662696,33.98916066171749,0.000315697578073613,-3.678579233447191e-15,1.9064104902136598,0.0634765625,0.0634765625,0.0634765625,0.0634765625,0.0,-235.29886,219.64764,-14.33865944958878,-13.553519,69.00745530922035,-220.3777485132807,234.6932265049529,-0.07610034593970043,0.683030731895105,69.08848229445152,-273.146,272.07391,-13.814749983991494,-13.615699,75.7082570159347,-259.4163422790324,284.1036484306023,-0.051679108172664245,0.2219074703265935,75.71211703894467,3734.5486,3927.3916,3834.6970139801083,3834.5464,18.14547916941109,-128.8749181978364,135.02211657972,0.051705319063384936,-0.512149929135699,45.7008408434724,-174.100226993316,163.8739534652069,0.08912949957452183,0.1181282489452702,53.110382883936744,-189.9550245368455,177.5668636228245,-8.270031273788144,-8.969749873076967,54.19850894422406,-237.3575473163327,149.0592003297925,-66.82025582933574,-68.12862714449899,61.13919356862765,0.16357421875,0.16357421875
E948_processed,E948_processed,21.309498,25.418949,22.786515057555555,22.789783,0.3797223035203315,-1.632101405477207,2.538819188869048,-0.0009699745189191301,0.003252519358337527,0.37927268542865694,0.166015625,0.166015625,0.166015625,0.166015625,0.0,-215.93372,250.94998,-14.263035011731223,-13.537037000000002,70.0695312086919,-219.4060723913746,265.2920818558159,-0.1580070741027769,0.688309591773562,70.19787521561881,-277.97095,263.22803,-13.856242311213666,-13.109959,77.13613277180352,-264.664188745298,276.5436164310139,-0.04914339776792324,0.9115388894069436,77.12440406427483,3741.6907,3945.2473,3835.133168694444,3834.5413,18.374175706269764,-201.7006864784547,336.3495076451506,0.2374856394522097,-0.48985365987233465,47.26677903535541,-182.2658045690941,179.3073749461976,0.08712817360923253,-0.3608931397474606,52.920923823998514,-425.9749928201729,0.0,-246.53395546140212,-247.09780212024418,54.7139825464088,-190.492214177476,208.6146551799083,-19.039102274124044,-20.385029188372435,61.736873135734804,0.1947021484375,0.1763916015625
E949_processed,E949_processed,-16.227905,69.761246,1.964524066507639,0.0,7.44063841762121,-35.12789739839138,33.66340605011681,-0.00020492093199036128,-3.890703389932822e-14,1.8855396285081427,0.0634765625,0.0634765625,0.0634765625,0.0634765625,0.0,-238.48206,232.38074,-14.384236004581016,-12.621287,70.36528230569749,-223.9288538111012,248.1125829490698,-0.099762023504739,1.51467334113887,70.45035982913274,-267.24884,266.98077,-13.653659889184139,-13.03499,76.72721649243486,-253.1463768053922,280.0327445888745,0.10959123303836206,0.7519150538611239,76.75215353020904,3747.9404,3924.7131,3835.5698494805265,3835.4341,18.16020552384968,-162.8876210998561,200.5267879942897,0.15465316272827853,-0.394727239043581,45.8756082699441,-161.6113028807801,197.0132535063087,-0.010188275929714032,-0.4013640668539651,51.69418085372806,-398.0055185056206,0.0,-229.2006202463178,-229.469752067314,54.55302363936904,-105.5620470794685,337.0537102734602,133.83787649400693,131.4507730844949,60.638668543234395,0.225830078125,0.1971435546875
E950_processed,E950_processed,21.309498,24.80032,22.85506970333333,22.856064,0.3856520706711142,-1.52915479055479,1.819653032558429,0.0002292574986444368,0.0021679219921017165,0.384318944673146,0.166015625,0.166015625,0.166015625,0.166015625,0.0,-227.34052,235.82932,-14.324011869694834,-11.532419,70.34466764280444,-214.2213679713781,249.9312600389737,0.011280693863824885,2.7845861778323506,70.35769243510904,-287.62085,281.72369,-13.429243184802768,-13.2285255,75.93105707583712,-274.1903870466375,291.6735389495328,0.18613362073939702,0.4430130940177932,76.07847456299346,3738.1196,3916.6782,3836.2536444055554,3836.3269,18.310100304579617,-135.3159835950106,120.7613626947939,-0.012668478373176738,-0.9133087327572866,45.141247241819485,-314.5978500010486,156.3283532794437,-0.24652070848688654,-0.764040458402341,54.284172344881846,-204.7316442685405,116.9441139819695,-37.19175888102782,-37.300095200385336,54.33582121262324,0.0,515.3004790422061,296.4928423717402,294.5264077664486,61.314185482887424,0.205078125,0.1739501953125
E951_processed,E951_processed,-16.227905,69.540306,1.9631326976661483,0.0,7.4198424441201185,-35.05179726847818,33.51866087728405,0.0003623400358695156,-4.054341054949731e-14,1.902918930793115,0.0634765625,0.0634765625,0.0634765625,0.0634765625,0.0,-235.83188,237.15828,-14.053049896769286,-12.965538,66.16699514761795,-219.8231304184648,250.2296023531529,0.10888636100932775,1.188255513127118,66.1982411604092,-245.0013,249.82626,-13.403642607618806,-12.74469,77.24464360928117,-231.0048237262635,261.8505116291457,0.09229060344679994,0.7894177434222538,77.30795137641954,3739.9861,3916.7205,3836.6976080171116,3836.3928,18.025452065832155,-158.1344190439547,141.5352180001204,-0.13875689663683016,-0.9017823289191025,42.85901593788176,-191.1762559516591,188.0380339704356,-0.11591074556118437,-1.299630109668502,52.804472325982886,-0.4221150905502803,306.1359325763556,162.14382724574898,162.6231989239942,51.00251777030894,-179.9618565497334,280.3209553758709,74.3500385652045,72.96329234179144,61.39329515120229,0.18310546875,0.1800537109375
E952_processed,E952_processed,21.154842,23.960754,22.869019496111108,22.878159,0.37915456654958707,-1.81000420238394,1.10041407417757,-0.00047127395679823317,0.008393439476256773,0.37970901880312563,0.1611328125,0.1611328125,0.1611328125,0.1611328125,0.0,-243.25703,194.42506,-14.168272716597334,-12.1915245,66.52037042676585,-228.3669365129852,209.1578036271671,-0.0839568148711423,1.908977751327115,66.51926723695927,-283.60004,299.95135,-13.488898194460385,-12.2766455,78.17777067446177,-281.7314648885144,312.5693283928441,0.006970635068082528,1.2909533608712032,78.37535118048983,3712.2288,3929.1782,3837.080936677777,3838.1123,18.377326203141195,-123.1436450958637,153.6094830571994,0.0406712193332946,-0.6838981978818559,42.526393525099685,-242.3739481932151,202.599412990353,-0.14833649022555628,-0.5536445038780506,53.005984522001164,-291.4731501498125,13.14716613561994,-130.31579124439955,-130.8721640410696,50.89690958751949,0.0,506.6054157007794,276.91000267430064,275.9694745333187,61.757494680199606,0.19287109375,0.19287109375
E953_processed,E953_processed,-16.227905,69.562408,1.9616799475785875,0.0,7.413496324508076,-35.05560760084931,33.42068391349498,-0.00021244393799111594,1.09791376907624e-13,1.9093187957491238,0.0634765625,0.0634765625,0.0634765625,0.0634765625,0.0,-219.38228,196.55595,-13.970326788724497,-10.647095,66.61602355599456,-204.8149389924079,211.3406232642797,0.14723646176456137,3.262703563495734,66.71875056823116,-333.18985,237.763,-13.064141386405494,-11.750388,72.18137232243728,-320.5060274170698,250.542215430854,0.07833351249423916,1.413099624638077,72.16700792627219,3720.2637,3909.5356,3837.41892434024,3838.1123,16.982107182956472,-252.1045116813678,125.710487546344,-0.18764140880500485,-1.006851252985955,42.26391643582045,-159.101067312242,180.2083701807225,0.011318399495911959,-0.4087319693158307,47.20249798320656,-4.596991797094784,335.1426913647407,193.06289812935145,193.2754638439531,50.55884016909356,-63.53548334643575,349.5517809462928,117.50236518815788,116.5143152629748,56.01969382122784,0.233154296875,0.1934814453125
E954_processed,E954_processed,21.552528,24.159599,22.813279245333334,22.811878,0.3466191864862992,-1.242998992041572,1.300806281629614,0.00024479350630439694,0.005988736630020301,0.34551111079962465,0.1611328125,0.1611328125,0.1611328125,0.1611328125,0.0,-213.28094,243.78757,-14.172357900003066,-11.7912785,63.798202844808344,-200.4090779070089,257.8944719612125,-0.05280555851855221,2.3233769801109077,63.906634206864844,-250.09344,260.27945,-13.319031776061166,-11.699766,72.71032846846715,-238.3868167150047,273.6866247730134,0.025366124959250846,1.7335658102810225,72.70753431262747,3755.0828,3913.1067,3837.8348543055554,3838.1123,16.711128489704308,-145.3470723072515,128.7432669639611,-0.06218603676981626,-0.8721472706788891,41.373888631806174,-158.9998776760396,155.30415000307,-0.04496996999842268,-0.9622988012554146,48.00437354495452,-93.69970292172475,221.0094955387515,73.63108050334897,74.08500055917514,49.40550162270514,-145.6388974753627,225.3491394202598,17.06081634710387,17.032298335575764,56.745055654873404,0.177001953125,0.177001953125
E955_processed,E955_processed,-16.227905,69.606598,1.9514078064341667,0.0,7.386844338447032,-35.05548381880791,33.33427169497503,-0.00017206402593400094,-4.9596467121606806e-14,1.9074886274582823,0.0634765625,0.0634765625,0.0634765625,0.0634765625,0.0,-226.54469,196.27896,-13.957650335616577,-11.1666925,63.37002816061844,-211.7770061670817,210.022018870574,-0.022403221328760364,2.644860107688069,63.34959554090367,-220.0715,220.33954,-13.124632823251247,-12.214224999999999,68.65455720786278,-207.1928664700208,233.8329519151399,0.026177015596487257,0.9618119609471125,68.65051797777083,3744.3694,3913.1067,3837.853305444445,3838.1123,15.44873474328819,-112.8229666448574,189.9261829164366,0.1246183053678556,-1.334297410204954,39.81731456359647,-150.6910704185554,132.7006271732183,-0.03797197659332399,-0.625895468258582,44.92029035434924,-175.8053535970475,103.0039272713544,-36.14230859379552,-36.337020073078726,47.959287142265886,-111.6895754237563,236.3054657556452,63.30517273232074,62.40313515417513,53.17621873247432,0.2166748046875,0.1611328125
E956_processed,E956_processed,21.486248,24.137505,22.698553487000005,22.701408,0.345192598249145,-1.220511729661794,1.374914971481044,0.0002964182864988753,0.009062650696657147,0.34347579158075386,0.1513671875,0.1513671875,0.1513671875,0.1513671875,0.0,-229.99326,172.32103,-13.830750525197256,-12.2036025,61.48717442661967,-215.5068144539769,188.1425661508174,-0.09078443075697652,1.4525115320042596,61.55227004414887,-249.55733,241.51575,-12.686769411529498,-11.0101975,72.50472161923858,-236.8215090896085,253.6425832807889,0.09434916408170502,1.8318320851452214,72.52402203649267,3761.3323,3897.0366,3837.975567755556,3838.1123,16.287806574848226,-112.7741668513563,111.4304143094154,0.04715342022911018,-0.16227781352135115,39.31657778414853,-146.4453759104696,147.9319316755864,-0.060160676672179184,-1.018811981094435,47.34530274231442,-184.9041784237716,94.11387705940302,-36.552932625734584,-36.82444355540876,47.32727220539144,-71.2154764534678,257.1536574686771,88.12099482598803,85.50415729270344,56.124595423201484,0.224609375,0.24658203125
E957_processed,E957_processed,-16.227907,69.644424,1.9480560154154678,0.0,7.39471824083808,-35.10110966264136,33.14463051136908,-9.888693232364144e-05,-2.380455163840312e-14,1.8957848850222068,0.0634765625,0.0634765625,0.0634765625,0.0634765625,0.0,-251.21524,222.83084,-13.599850707904045,-12.117274,64.97939216350828,-236.9217164041449,236.4326898757373,-0.02012237556266251,1.413230760667744,65.01288112051766,-296.46658,251.4337,-12.417020946398383,-11.837484,74.09543515005483,-284.979853684319,263.7453955228067,-0.015947841249324853,0.5240489021403272,74.083732085718,3740.7979,3919.3564,3837.871643730207,3838.1123,17.009473133649863,-123.9586171831243,136.4861637526301,0.08355760940447167,-0.6473505744039194,40.77735069325479,-161.9082490975878,152.5246557566155,0.0028868027012223566,-0.5568459851602157,48.38773437809699,-263.7294335212637,51.91280859158535,-92.93179094551819,-92.52995875558494,49.32039043625229,-190.3393606308527,169.9067528790424,-25.946485992251787,-26.53292838189568,57.3840927020233,0.2386474609375,0.1788330078125
E958_processed,E958_processed,21.397625,24.711147,22.56399518063118,22.568356,0.32687471522744077,-1.194864359717933,2.025761304700208,8.225526640940104e-05,0.004605390505685127,0.32531246546011355,0.15625,0.15625,0.15625,0.15625,0.0,-219.38228,182.85287,-13.65147793720884,-11.787209,62.79552991107129,-204.1674169542124,197.132116990669,0.04800039820057287,1.916058979821584,62.78266661590124,-249.55733,249.02122,-12.728651323863984,-12.572522,72.01991064547836,-236.7460205972773,260.6888597387603,0.0361381300289737,0.2177597418991013,72.0725815003959,3753.2971,3906.8572,3838.01231174575,3838.1123,16.120548103696493,-165.2536155630925,158.3024972144485,-0.1045917967070832,-0.5814266319295216,39.010152915570046,-200.9754210462549,188.3669202804081,-0.10165918641604932,-0.23380130320388215,45.939972569027454,-57.93089854925078,233.2421912471651,75.32319597036658,75.9678023565535,47.446050789568545,-40.36443176118169,307.7895670974027,123.44421140528439,122.08032972828224,55.068793686998454,0.2392578125,0.2490234375
E959_processed,E959_processed,-16.227905,69.739052,1.9402817108279997,0.0,7.369493592361385,-35.09633899786282,32.96438069336848,-0.00025209651322356466,-2.696829164647431e-14,1.8987996029644,0.0634765625,0.0634765625,0.0634765625,0.0634765625,0.0,-259.70404,241.1348,-13.742371976708062,-11.7863945,61.95455853133651,-245.5615580576665,255.7591462809141,-0.12453074526109316,1.708420367694899,61.96559031065273,-258.67111,239.37131,-12.052250440468015,-12.349929,70.13612322408312,-271.3602076834636,251.2458641443428,-0.13076023645284407,-0.340408990455078,70.27835673356088,3775.6169,3897.9294,3837.7138822888883,3838.1123,16.106698038845497,-147.4411971376682,221.1954751165897,0.14485967259252291,-0.5844950768330932,39.11364465629455,-151.1199008405418,179.518431169514,0.10838450182411269,-0.28435128765317685,45.74025718766835,-373.5784211786066,0.0,-197.00380880537676,-197.16376032511445,47.09088799633827,-246.1897520654728,188.6209936698099,-88.06043049583563,-89.04848612153395,54.70173680519466,0.1934814453125,0.1934814453125
E960_processed,E960_processed,20.933884,24.910759,22.407683284880815,22.413319,0.35114823523748595,-1.485760922149041,2.304157950646977,-0.0004924594758342118,0.00252355390345773,0.3494798890494974,0.166015625,0.166015625,0.166015625,0.166015625,0.0,-233.97238,222.83084,-14.970168100403752,-14.474467,67.4487286673033,-218.1932333949617,236.876217547488,0.2722434793577266,0.4099919525442406,67.65640174045488,-286.54865,377.41861,-13.596839314913547,-13.174769,80.17702195335829,-272.1737410420444,389.7226296887161,-0.11920044258249886,0.135447490282802,80.20637865360506,3732.7629,3957.7466,3835.023137561816,3835.4341,18.20824045205166,-267.2175649420481,142.0265239025054,-0.18449152680627787,-0.5239355807180921,43.55815293692957,-192.5776263694995,188.2007885355581,0.16901493720697136,-0.1367580590561772,51.852448723469955,0.0,486.8667907846564,313.70367193712127,313.7433832897612,52.035366656458834,-333.6505794792255,98.47892018882905,-156.41203138372381,-157.2866340715475,61.75024700378605,0.20751953125,0.2069091796875
E961_processed,E961_processed,-16.227907,70.023323,1.9205505453882223,0.0,7.3004809809401126,-35.00464753462755,33.18104349622322,-0.000862039221272394,9.497957575743321e-15,1.9080377574185938,0.0634765625,0.0634765625,0.0634765625,0.0634765625,0.0,-241.66536,219.64754,-16.1005340849608,-16.170398499999997,69.83410079055838,-223.9526936582077,235.9575356073845,-0.10902789083456327,-0.23720141019698904,69.84427169598818,-301.0235,314.96228,-15.363570569311921,-14.134538,84.08846307072993,-286.6175055659797,329.9744612213823,-0.1777739905111231,1.105276635391589,84.08260901971289,3747.0476,3927.3916,3831.623751716667,3831.8628,19.275787424094172,-124.217494282518,140.9549113834655,0.07969994485230038,-0.24791979237627815,44.53516336275413,-180.5378626176923,208.6147581846158,0.17278036328531027,-0.37011192912659485,55.25858826424231,-282.8689601957556,38.59052738195765,-116.19974776776347,-115.7182863461887,53.6211287940718,-401.7884758327097,26.97807831888419,-199.94032079365832,-202.62148997911498,65.24605645549236,0.20263671875,0.16845703125
E962_processed,E962_processed,20.86734,23.452354,22.23697693643738,22.237316,0.37833657677036436,-1.425979454233899,1.221684265144106,0.00017263413614757565,0.007791188113430211,0.3764949856882771,0.166015625,0.166015625,0.166015625,0.166015625,0.0,-237.95151,244.84865,-16.574491771165217,-17.68173,72.47833511342098,-222.4423303912651,262.4326071735409,0.09752466482603271,-0.9633268865100106,72.52124433682042,-321.66357,301.0235,-16.32476212429547,-14.618323499999999,89.25038183499542,-305.6025869593179,317.0219693619836,0.22982493295797465,2.1257189211008223,89.45071772634151,3737.2268,3927.3916,3830.0824960940104,3830.0774,20.55949131817714,-129.702786148444,138.0490522659727,-0.08933984617522117,-0.7729772156488997,47.330764472302015,-357.1567118631207,233.5541127627844,-0.22301425431794875,-0.3145097403486954,61.127446937602514,-102.1856037801469,209.8369758623328,58.55729629156168,58.18607960008559,56.56065307804623,0.0,549.4140692982104,324.7315912792206,322.9397013927624,70.6273143114802,0.1708984375,0.1702880859375
E963_processed,E963_processed,-16.227905,70.048386,1.9166451795939998,0.0,7.3044569540410675,-35.06732680386348,33.10264881841024,0.00041587418656165664,2.3101486493278607e-14,1.900632347265689,0.0634765625,0.0634765625,0.0634765625,0.0634765625,0.0,-240.86954,242.72644,-15.841204873363436,-17.640169999999998,70.62747567910286,-226.4947381978334,275.1283263489939,0.07088411783683427,-1.889550825632789,70.74205497156741,-326.22049,280.91953,-16.542127420948866,-16.284416,91.82762737283407,-310.0841069527482,296.1721367491662,0.21630958157468108,0.5309158727448018,92.03622613833208,3731.8701,3920.2493,3830.1999996111113,3830.9702,20.586034170145886,-134.3010078335284,132.214209308212,-0.019507902967339986,0.5631700655234919,45.672169451817986,-228.8891593611058,250.597463145353,-0.17025464963878179,0.26104357252288324,60.39155578620089,-249.317755325439,126.0168722062073,-81.12074231828362,-81.19182732222235,54.95893727736755,-116.6830981896502,399.5197872657993,158.55079213640093,158.71709352354623,72.00318337496638,0.1861572265625,0.191650390625
E964_processed,E964_processed,20.712952,23.408386,22.10748691722222,22.104862,0.35489566791679555,-1.415262770126504,1.287528023502248,0.000887805545790949,0.008595466488882209,0.35480101109540885,0.166015625,0.166015625,0.166015625,0.166015625,0.0,-252.01108,231.8502,-15.502197786765578,-17.280736,72.74464471617013,-236.8041229604784,246.7960239559918,0.05346216050552789,-1.896239732465512,72.81813013113606,-314.42615,297.27075,-16.522345195301902,-15.2069515,87.46202785381111,-297.5992181807877,312.3009034243487,0.031913697979302075,1.257502724543027,87.4803641756014,3710.4431,3910.4285,3830.7260002944445,3830.9702,20.07170576795854,-131.322885323801,150.7796911006233,-0.04991640147424358,0.7089763118348253,46.3690152562549,-282.8725457470261,188.993756914627,-0.203973767874855,-0.7576605918963795,58.32896915666648,-254.8863062631951,93.9606586216409,-66.29513072452771,-66.57472743554186,56.257555066802304,-34.93925324168807,361.3314039421211,148.80619236340635,147.3908863878067,68.54683840680175,0.216064453125,0.19775390625
E965_processed,E965_processed,-16.227905,70.00425,1.9069994369579444,0.0,7.281231707977537,-35.08593549219753,33.03635292773108,-0.00043418455515120257,1.38848702959397e-14,1.8939361417908054,0.0634765625,0.0634765625,0.0634765625,0.0634765625,0.0,-239.01262,257.31659,-14.829124502051389,-17.251389500000002,74.17133134191187,-224.2564661667203,270.5344747412776,0.1252809734336341,-2.195416435824427,74.338307134273,-314.42615,320.59137,-15.375850551017868,-14.078464499999999,89.25619002144002,-298.6173564305082,337.4326814315683,-0.07673091707822596,1.344333479047271,89.3159831848928,3734.5486,3933.6409,3831.364793877779,3830.9702,20.77994110587616,-179.5450264742811,138.7730950234093,-0.1075892122799018,0.6782469093175836,48.883068465881124,-215.4504972359556,288.7865781481444,0.16829168928930519,-0.16014145731292118,60.97055430256949,-231.7596916095156,223.363367364246,36.71368982336855,36.119549053716256,58.37701600775119,-429.0190500052818,86.9962924001351,-175.65879622118496,-175.66704270051758,70.79927343110153,0.189208984375,0.2447509765625
E966_processed,E966_processed,20.381546,23.209553,22.02724078169797,22.038582,0.36173863365145165,-1.659371429351596,1.193053999438071,0.00022617582690204538,0.012175120024582584,0.3614091802480255,0.15625,0.15625,0.15625,0.15625,0.0,-243.78757,249.35834,-15.219640125463167,-17.773224,73.30362285979845,-227.6417390689065,262.9540950513912,0.11915241709574612,-2.2567087653343725,73.32636307724113,-349.27304,325.68439,-17.723200729536064,-16.881600499999998,90.19131153082296,-332.439949978187,343.7332092667653,0.15625324908162141,0.7913652984970394,90.26870782755799,3723.8352,3932.7483,3829.0413857928656,3829.1846,21.26573361671396,-307.8388315502088,190.6482541022343,-0.22376196063377932,-0.011485360943463085,48.520839451669104,-229.0755927396927,195.0558013822941,-0.12672541758635356,-0.5060635590506486,58.88476476402818,0.0,382.1787932727613,169.45093977924458,168.74009608496675,56.912829960011535,-94.6417980827561,388.8201067468542,112.27204216993049,111.73650346430846,70.3244913964279,0.172119140625,0.172119140625
E967_processed,E967_processed,-16.227905,70.401939,1.9059820315136158,0.0,7.276680709589455,-35.01256587774116,33.49219004015023,0.00046968939344887685,4.9395187204115864e-14,1.9049962588152067,0.0634765625,0.0634765625,0.0634765625,0.0634765625,0.0,-233.17656,234.50293,-16.218152962093825,-18.034574499999998,73.58286518982825,-216.8269487334788,249.3958270218118,-0.07064051793881965,-1.9712101000346125,73.5977181759184,-324.88022,311.74564,-20.57594422524105,-19.273885,91.04112923880287,-304.2258473446726,331.6877685655148,0.012570050723923847,1.3002869939399986,91.03596381525628,3717.5854,3917.5708,3824.9229247137932,3825.6133,21.246762493317753,-144.638762425425,128.9017514932041,0.06734513264470099,-0.30351889697049117,46.76828175041623,-189.8117533236253,187.8054460276071,-0.030243298426377855,-0.9814612853914184,60.37620044241111,-265.0545704087147,71.47304677368487,-89.94794819203105,-89.99360207111697,56.4652435163687,-144.1463160277198,299.4088050714292,44.90752219932211,44.06420653436821,71.40312144224264,0.21240234375,0.167236328125
E968_processed,E968_processed,20.690857,23.054897,21.979844268307588,21.972301,0.3585460376591738,-1.286855369614346,1.073701904056791,-0.00012565710976506308,0.004372265866195005,0.35876759079211873,0.1611328125,0.1611328125,0.1611328125,0.1611328125,0.0,-215.13788,242.19591,-16.17013718417647,-17.731827000000003,67.79704790568688,-198.8512743098477,257.9473176025304,-0.0046419139004050865,-1.6864112921979955,67.78697851328178,-287.62085,297.27075,-19.606393191743916,-18.2218,86.24275631380611,-267.1427682231858,306.1371406170472,0.015624744016207144,1.4117050539368075,86.23316085995268,3732.7629,3909.5356,3826.049508295366,3825.6133,19.516730666919923,-120.2755616705721,115.0863610556617,0.03786753052051751,0.727117734362384,42.45379486017622,-164.4144004916506,168.4913565395422,-0.009435087812029173,-0.888872280662131,55.56717771386886,-144.3469098873706,158.6849902887357,4.762884302908726,3.4989360750079666,51.58384536955024,-228.994574232386,186.5726872282408,-33.63901800306213,-33.36918899137903,66.3961340984365,0.1959228515625,0.2197265625
E969_processed,E969_processed,-16.227905,70.401939,1.9004892003486693,0.0,7.246632843550326,-34.94910064893061,33.59853629228388,-0.0002757902803084209,1.420251568643454e-14,1.9102510475883303,0.0634765625,0.0634765625,0.0634765625,0.0634765625,0.0,-242.99174,236.09459,-16.13030179158674,-18.966541,73.67897368318772,-224.3813675897532,252.29342834545,-0.14649344844536255,-2.934437669798713,73.69293956705685,-342.83975,327.8288,-20.165994406060324,-18.502333,93.04250657717473,-322.1498626536431,349.3723679518856,0.1938388335065768,1.773969263001057,93.20718652420412,3724.7278,3910.4285,3826.2276745902095,3826.5059,21.188061809088094,-137.1942786166954,126.94381794501,0.07341101685975561,0.009182997933424808,46.10574589208894,-379.4439449463506,180.2634078911987,-0.2675757090727186,-0.9054254634573624,62.78066078532318,-271.1795680591623,52.92684565093128,-100.32265407652548,-100.6538735300389,56.17816756120074,0.0,584.086121323478,362.7971417239628,362.5133286579904,72.96619039633183,0.2130126953125,0.1873779296875
E970_processed,E970_processed,20.646671,23.651428,22.028148940885604,22.038582,0.4298826304531496,-1.404134463892001,1.631046324491248,-0.0012333682027130869,0.009193693392768196,0.430202611821512,0.15625,0.15625,0.15625,0.15625,0.0,-237.68623,240.60426,-16.230993217083753,-19.221062,73.48599317687881,-220.9349141187505,255.9038180359549,0.13911292226102326,-2.845273546013315,73.50934675846555,-349.54111,332.38568,-20.856701162947886,-19.337173,95.45622310668224,-328.1461615621515,350.1797037047983,0.09956994206135616,1.656587535872806,95.50400318909527,3707.7649,3923.8203,3825.92354355242,3825.6133,21.825262949450362,-167.5432481846296,131.789287476775,-0.04866811610597475,0.6380572674550464,46.36215708046566,-219.1402122795396,188.8959544903095,0.0012974276038127972,-1.009713809676501,65.21461305507181,0.0,369.6156973271937,209.8970178641512,209.4437167941875,56.1156107426822,-216.3991426355072,322.5372211576711,58.963187314706424,58.11329616141813,75.99235034395343,0.2032470703125,0.164794921875
E971_processed,E971_processed,-16.227907,69.688438,1.91280742520948,0.0,7.292609264988944,-35.13630388848894,33.09273140689757,0.0002631696651805119,-5.528106325165388e-15,1.9014629452243454,0.0634765625,0.0634765625,0.0634765625,0.0634765625,0.0,-220.44336,213.01569,-16.136906965394367,-16.363639499999998,70.5549361096509,-208.3377630766678,229.3550112312888,-0.11517612959079059,-0.21035088142146668,70.6679736302888,-334.79816,317.10669,-19.69093582872184,-17.258088,88.96891715066293,-315.809579433507,337.2092832573107,0.2470291558797932,2.4553465597768103,89.22798572541087,3718.4783,3919.3564,3827.99696975439,3828.2915,19.874074346841116,-134.9088986531536,129.8209120306416,0.029376763072301013,-0.41602752994944225,43.86658558047667,-496.2072647103309,214.9504726432712,-0.3820162431516444,-0.7178300601357148,63.50384775773468,-205.1563484781617,143.0656396074469,-23.860022039777252,-24.233107378603954,53.67720842749184,0.0,672.112334061283,441.24180535551267,440.54181955475383,71.22982611032026,0.1983642578125,0.1934814453125
E972_processed,E972_processed,20.446091,23.539074,22.112629926769642,22.124279,0.4019020705332112,-1.661419759719232,1.463107473040191,-9.380843274150914e-05,0.00633671457180692,0.40126070979272765,0.1513671875,0.1513671875,0.1513671875,0.1513671875,0.0,-252.8069,235.29877,-15.205162257908956,-15.5871655,69.75211205594395,-236.616895410203,249.4175532944856,0.004197154655069471,-0.43444926448754395,69.70519347197713,-395.11011,324.61218,-17.70356426626758,-15.617275,85.52846416056161,-380.427427426537,341.9596824849389,0.0941983344674329,2.2444601213950905,85.51737283307804,3697.9438,3947.033,3831.8207072619175,3832.7556,19.6526562970007,-139.3977510164067,143.9320523808346,0.06551427801574071,0.16055573690446862,45.245694882628285,-208.713337272803,220.807119961298,-0.04509483955203361,-1.0222352366021021,59.96377770420239,-155.2846446125459,165.2443612255758,1.4710741288509475,1.620114177969207,53.86240124298818,-26.35986806613263,441.3144915968406,178.2256053208517,177.9290960132686,68.73839654994231,0.186767578125,0.1751708984375
E973_processed,E973_processed,-16.227905,71.373924,1.9137008099899437,0.0,7.280101752105212,-35.21843237456915,35.32664698016791,0.000173969161062405,-3.526515280353899e-14,1.9124970883295411,0.0634765625,0.0634765625,0.0634765625,0.0634765625,0.0,-228.6669,227.87108,-14.194862621779535,-14.592766,65.04885693429921,-213.5821022366119,241.6693139358886,-0.16577603460313273,-0.6141368259650619,65.15711055590073,-338.81897,310.40536,-15.813176316506294,-14.787956,83.68934033155152,-323.7797863626434,324.4215802142177,-0.13948290707871777,1.095057685361581,83.79969536450972,3741.6907,3929.177,3835.813893649648,3836.3269,18.709424973196054,-167.3165817674485,240.990328269258,0.18337459049981322,-0.1010903928077873,42.93775840372533,-195.2557100078504,327.3081220960502,0.20704119937897172,-1.358948326258357,59.33875714977476,-376.9597812629785,0.0,-201.38722180131003,-202.296285411151,50.58121011584007,-497.3004255228647,0.0,-283.63489296093184,-283.9891273366345,67.5409986501412,0.1837158203125,0.1788330078125
E974_processed,E974_processed,20.686058,23.584213,22.226321862040226,22.235657,0.38534134442469103,-1.575100158211449,1.360011073502895,0.0002739889854702274,0.010949508429018,0.3842661780280322,0.15625,0.15625,0.15625,0.15625,0.0,-244.05283,202.1394,-12.910600929204023,-11.8000645,65.06605895048841,-231.0248911206506,216.955936632487,0.08305220627433478,0.881610956365654,65.11649034988103,-293.24997,299.41519,-11.673304499809806,-10.478959,77.78929839313226,-281.2409364314033,310.9760612183237,-0.0788155404947864,1.025644981185513,77.78199232032671,3735.4412,3931.8555,3843.3875659073224,3843.469,17.4078527152036,-117.7429604209803,127.2266811947446,0.021052494700137824,-0.004360340171081667,41.503949864381546,-186.2303269711919,167.2802717346451,0.05552767305623117,-0.5073976804837521,53.113482902945485,-190.934320809283,149.5566193902901,1.6367097815922278,1.3661627066424091,50.23762671206367,-307.5736573928635,96.22082226152324,-123.66696255302597,-124.74411116881825,61.55146976889347,0.2142333984375,0.167236328125
E975_processed,E975_processed,-16.227911,72.024498,1.9246777317885495,0.0,7.32790422580211,-35.24324827527929,35.86867125238308,-0.00041163671191148023,-8.058100174542512e-15,1.8999957866478494,0.0634765625,0.0634765625,0.0634765625,0.0634765625,0.0,-230.78908,237.15567,-11.529627834478022,-11.222942,63.81208848657317,-218.534900463399,248.2971351859162,0.0007847186721956133,0.2222523272845152,63.8612015055238,-257.06281,294.32217,-7.529551820953113,-6.4864058,75.78206127666527,-250.4184363071393,300.3397972618034,0.013809944130796756,1.147011185181423,75.80751683623119,3767.5818,3929.177,3850.2197412022892,3850.6116,16.641182164074024,-144.7386880274302,143.9919111107974,0.011939029250468346,-0.2346432206016651,39.04993392743767,-156.795444866686,182.8077538450418,0.042594489697839646,-0.4108786267363858,50.98960722017596,-251.3168598707,81.17339011090361,-88.53652207144141,-88.39038644840421,47.98018118688556,-231.0928029264255,153.0153455089029,-45.438280612847144,-46.20774629069142,59.40985295543903,0.21240234375,0.1593017578125
E976_processed,E976_processed,20.910431,24.839619,22.33076527662648,22.342167,0.3757599024068711,-1.414568906282959,2.325964662488222,0.0003139506541620159,0.005661586780939747,0.37501727267024665,0.1611328125,0.1611328125,0.1611328125,0.1611328125,0.0,-219.64754,200.54776,-10.721362505436298,-9.3371639,63.816104400987584,-208.8878600376719,211.7643676100213,0.0878019207288182,1.216781496163982,63.90030053272987,-279.04315,305.31235,-3.1981365575471754,-2.9980781,78.30803514432935,-273.1607008024773,310.1556723999996,0.030649847141848943,0.3314966989720789,78.31746920275646,3761.3323,3934.5337,3858.3826916328685,3858.6465,17.349277087649316,-113.027346749884,116.177352421554,-0.10088016400830872,-0.9122698627492802,40.77435706014948,-265.1535484349694,171.0150150983209,-0.15360316033044785,-0.8885918560825701,53.65740988518011,-123.7261896335417,159.3522287977348,19.975158498793874,20.05248969015523,49.33215604003044,-91.84843974916097,373.6617540627379,147.9322372007084,148.0860999536055,62.10810554971306,0.1837158203125,0.1837158203125
E977_processed,E977_processed,-16.227909,72.224983,1.9343795613269625,0.0,7.3515356886769565,-34.57556446845825,35.88077936381582,-6.654359399929447e-05,7.413148621972662e-14,1.896665734423482,0.0634765625,0.0634765625,0.0634765625,0.0634765625,0.0,-209.83238,182.21205,-8.816082242305017,-6.3249049,59.54202662262537,-199.5371990570208,189.9494442934525,0.08918363996498745,2.532646606795282,59.58723799277008,-242.3199,241.24768,4.294189677902789,4.4555368,72.69080442528366,-248.254012241027,237.9899949470679,-0.05959883574773777,-0.3683851151612068,72.76295378582167,3782.7593,3945.2473,3870.4539546030337,3870.2527,16.055831535792816,-212.8874756131871,129.854835011181,-0.1679827650016481,-0.9318093630631226,38.61082060214024,-152.0274441507907,156.031303257921,0.008016742903224528,-0.2860251428713738,48.53002219124502,0.0,304.8884331252716,168.92298276544213,168.9213471195571,45.670391744304034,-123.3675839016807,229.6246866531452,51.46731574600075,50.90845070797316,57.11352231375315,0.189208984375,0.189208984375
E978_processed,E978_processed,21.154564,23.452408,22.410514112172898,22.413738,0.3774720893969337,-1.283838005235394,1.061393474411982,-0.0004928853393270997,0.007744033727762334,0.37735645056281264,0.15625,0.15625,0.15625,0.15625,0.0,-228.40161,201.87415,-6.107507269125924,-4.3350115,63.34720951341085,-221.3441551164577,208.188752143975,0.14734001274221473,1.701787191670427,63.48652124387992,-212.29796,259.74335,10.876685707465525,10.809491,77.80884659527648,-223.8124159778811,251.7029504037957,-0.14041524930168317,-0.4879318841576925,77.86281598899522,3810.4358,3963.9961,3881.3597621701206,3880.9663,16.662039498571524,-123.4259251527394,131.6299065687457,-0.0757692787561189,-0.786982997352613,40.11770690441298,-180.0696149057883,264.963784759668,0.1974075440646127,-0.2369488469886356,52.77517964157435,-71.98425232259753,263.039783070787,88.77041232575527,88.71200791983955,48.733284136422355,-357.6148985900692,28.9334473091142,-181.87152519893948,-182.0302371839318,61.133380125050245,0.1800537109375,0.2288818359375
E979_processed,E979_processed,-16.227905,71.705467,1.9222921489406637,0.0,7.263346096329019,-34.24303969510395,35.54650070098359,0.00015967549459505734,-2.656555972492194e-14,1.9364545485955527,0.0634765625,0.0634765625,0.0634765625,0.0634765625,0.0,-195.06213,181.3837,-3.5324837197573555,-1.93038,59.2079757503883,-190.1868034510541,185.2434960678518,0.05416885811299427,1.621592104979239,59.19054373554264,-225.46506,269.40237,15.967405149991896,17.160566,73.6828617108821,-243.2726208920812,255.3517854939821,-0.05765399285607984,1.233243519561125,73.87811329632854,3810.1567,3958.1729,3889.192309717207,3889.468,16.1503683705454,-146.6681107405454,120.6905996876178,-0.1218122224581667,-0.6792589396815316,38.53648561976313,-194.2335152306195,285.548961776835,0.14870580409131298,-0.3915369127199178,50.918863226419674,-66.05931425087584,206.1159036329567,69.12176039199052,68.48379125424043,45.66016486673925,-405.9117599322571,0.0,-248.05706272276979,-247.4888334506064,58.48835840822998,0.1898193359375,0.1898193359375
E980_processed,E980_processed,21.044361,23.540958,22.463922515,22.458363,0.3439036082283113,-1.415298298885764,1.061021825995934,0.0007080724173917557,0.0010585649723642216,0.343388030169827,0.1611328125,0.1611328125,0.1611328125,0.1611328125,0.0,-212.2556,180.64737,-0.941143644799255,-0.25233674,60.44362731810973,-211.3643170390063,181.648940861338,0.07886769962740083,0.846112033208261,60.5034939760307,-194.78578,255.76563,20.719495309102943,21.088791,71.10545698455792,-214.8787758354183,234.4352016504283,0.08012837713926863,0.40246948480036204,71.1828176432334,3828.9368,3967.3435,3898.525242438888,3898.5767,15.505222744314722,-192.8966251812037,142.2291474880811,-0.1252691468544441,0.001955086543995621,38.87359645870983,-251.8552929701798,174.5024977637464,-0.17544982044250063,-0.2124928478439876,48.682886927760144,0.0,331.2931486944781,190.56262752566977,190.81676616492985,46.41988583939981,0.0,362.9159430039346,193.32624323269962,193.45668615750458,56.16868402556005,0.2020263671875,0.1763916015625
E981_processed,E981_processed,-16.227905,71.595009,1.934246687015223,0.0,7.336296060290152,-34.4531705465921,35.14243141184706,0.0005787698771335982,5.830307197468508e-15,1.9080939942795605,0.0634765625,0.0634765625,0.0634765625,0.0634765625,0.0,-200.8497,190.48378,0.19923231659120508,1.9628857,61.020109054530096,-198.8429336872265,190.1732098239423,0.14081536283260973,1.671844810359147,61.07439829374907,-236.4659,259.80292,17.918438563499038,18.606115,70.05738625342552,-256.3153978629917,243.2358242786067,0.015495901400071982,0.778326607936898,70.06486013674015,3793.2725,3987.0437,3898.15009501639,3897.8918,15.546829816191265,-146.8800044218816,124.1117660791503,-0.06721941190432693,-0.561642525870063,38.530418695739705,-180.8486264218786,188.2397864370521,0.09857211762375653,-0.04883000044855379,47.644402031413996,0.0,290.0771208554121,158.89857444647112,159.3396093255653,46.62313245548112,-220.223948697547,140.6438175901452,-57.126013985004924,-58.31626237281235,55.05676318825239,0.2337646484375,0.2337646484375
E982_processed,E982_processed,21.176922,24.689838,22.493723868970882,22.502552,0.35644697500783185,-1.390570380753973,2.139696723388781,0.0009497798234905904,0.011560348345529766,0.3560051493654393,0.146484375,0.146484375,0.146484375,0.146484375,0.0,-226.08382,213.34372,-0.21030805398693037,0.120273275,60.1837176602245,-225.8964089077172,214.6777246549981,-0.10457902418520679,0.31824373610600665,60.21577304992898,-211.81764,297.36475,18.264770464948178,18.132872499999998,75.52528869675321,-229.1719943268156,279.8792938316474,0.07680029398764097,0.004138630321955716,75.52141645388744,3813.3003,3980.2996,3895.8379716937093,3896.3191,16.4331794483916,-121.2682306888815,118.4034262139676,0.026991886841954606,-0.31097497604387314,38.67183939273293,-158.8395907278317,181.5831324681245,-0.08794776391450711,0.08805188518177953,50.4212007737435,-254.3220626321832,34.47687533594473,-104.3736746391996,-104.11032132402735,46.326856837577694,-174.4360979906393,187.0515971223613,4.289078797834836,3.8818006490393726,59.359011375798836,0.185546875,0.2410888671875
E983_processed,E983_processed,-16.227905,71.572906,1.9291239368144997,0.0,7.303807443519629,-34.37944827024853,35.2408306647242,2.0751526818865667e-05,-9.257773397072921e-14,1.9160201436884958,0.0634765625,0.0634765625,0.0634765625,0.0634765625,0.0,-197.96146,203.00151,0.4055269781073555,0.48123018500000003,60.15631969617055,-198.9521829323354,202.930987779607,-0.043433225269803456,0.05653183988221189,60.15586387336261,-199.04318,259.83008,21.270203910814985,20.9283215,73.18169481568299,-220.7342965190277,238.5947768524037,-0.02924923717306594,-0.5425474098564438,73.21326068740349,3813.4897,3975.1436,3901.7080133888885,3901.8694,16.383596360390605,-111.255886147223,123.2746594044122,0.09054659893755207,-0.058941461538157824,39.11360426082832,-160.3118648422561,157.9248525661624,0.058319918993098706,-1.0959236113278337,51.35387924716665,-234.0006487207613,34.14747344489454,-101.84611071612014,-102.82673772971219,46.46065937676648,-288.4322011348463,87.23817892283759,-121.02099047828787,-122.13625519098659,58.84874301201979,0.174560546875,0.174560546875
E984_processed,E984_processed,21.154827,23.629333,22.482704710444445,22.480457,0.3739681801247384,-1.323637026239604,1.151571722834543,0.00013350025653878752,0.004919014912035411,0.3734499117484411,0.146484375,0.146484375,0.146484375,0.146484375,0.0,-193.73024,209.90643,-0.5339746953104556,0.0277267015,60.20234231860661,-193.4360436215541,209.0973531411925,-0.15487832065860757,0.5089067322690033,60.31384345465921,-246.42953,296.85477,20.221739149163444,20.411825,73.30963550821254,-267.8327738300408,277.3505949865151,-0.057377171464701504,0.03611811857666147,73.29746745175578,3828.0942,3979.6733,3901.6308813944443,3901.1919,16.583212142032554,-122.9687826047483,170.7386611474942,0.12013424868246397,-0.7815662683562774,39.29535036399971,-156.218341537249,146.8193546601678,0.0023788984765539976,0.01713466804069874,51.75371051834506,-323.9416633509258,0.0,-162.69367118507287,-162.55690365734517,46.834788175008406,-221.4351818892552,126.5580821974585,-49.434163711508994,-49.50441096669317,59.26383203593226,0.2166748046875,0.15869140625
E985_processed,E985_processed,-16.227905,72.169441,1.929499731370708,0.0,7.32577559768386,-34.87972582223932,36.02288091291688,-0.00046837199207033146,1.2802253035414476e-14,1.9113975947558357,0.0634765625,0.0634765625,0.0634765625,0.0634765625,0.0,-187.40408,207.78156,-3.641676146356473,-4.2835474,59.015071649196244,-184.8971610240336,213.7627911322615,-0.10487489955707155,-0.656425401895353,59.05449881641511,-233.84483,261.4664,8.721348064378674,8.74968625,73.10780599469093,-247.371845827254,248.6672366954924,-0.03270114779415515,0.12182885642658105,73.00206068116208,3809.0898,3955.0186,3883.352639104346,3883.2407,17.577202282957487,-126.0010028778097,173.085479657143,0.14348890545758375,0.165611198359441,38.977021009534205,-159.6363626780183,168.4757918127883,0.09153832017371717,-0.26428486539285156,49.9439807569831,-253.9547854096894,50.37813583782503,-96.03471392468478,-96.00743588881689,46.100620401250154,-222.2817936906197,133.3478397139122,-54.12633165450773,-53.043471747167715,57.99608797454185,0.17822265625,0.17822265625
E986_processed,E986_processed,21.199017,23.474678,22.444279891555553,22.458363,0.3246052185328972,-1.248707127937177,1.077756452813274,0.00031409949106707045,0.00404082708887922,0.32387701030546034,0.146484375,0.146484375,0.146484375,0.146484375,0.0,-225.82559,200.35059,-7.9796641467713325,-8.075530050000001,58.5778604576695,-217.6961324542398,209.3734982311473,-0.0070882343059049426,-0.0017943141099826605,58.56095803129326,-234.35799,263.31744,-1.6089291688966003,-2.59215605,72.12050176082981,-230.9618295335195,264.7298035646493,-0.025687511300960024,-0.7891695759395567,72.09008907373251,3772.3672,3941.2361,3865.805900872222,3865.3208,16.320097835506136,-114.4725492746738,113.5187068887739,0.040004643144257473,-0.40378362395025036,36.88914681657041,-136.3055557907051,145.5173570877669,0.006752814782660048,-0.10127730546215477,46.97741847572963,-138.1773835019768,146.6071763136122,19.637387034736022,19.84771355868834,44.70426825975369,-199.6580876171491,149.665909191541,-25.781391669571214,-25.481956445376348,55.88907068581375,0.196533203125,0.2349853515625
E987_processed,E987_processed,-16.227905,72.147346,1.9350623588017668,0.0,7.353886965028648,-35.01869551907147,35.9278724129972,0.0006942067647813484,-3.162985883471975e-14,1.8971100884481098,0.0634765625,0.0634765625,0.0634765625,0.0634765625,0.0,-180.35547,189.8735,-9.857135170616939,-9.9270067,54.89015753733199,-169.1305650779692,198.5764461472305,-0.028112386174441766,0.08390664765560985,54.868519689959484,-230.03816,264.63904,-4.442738523486461,-5.8188434,69.45432962735633,-224.9125163223718,268.6300722188685,0.001085633257435754,-1.243463635097164,69.4734752456274,3772.8125,3935.2439,3858.6932965831434,3858.491,15.189480312234574,-113.0857398251742,106.0735520070556,0.06680904645725642,0.3814616912918756,36.18029170651946,-177.8776960858584,158.8767646193651,-0.031229946516760896,0.03253503123619339,47.265099056190934,-157.4684467426221,99.89731553067452,-25.13246644770778,-24.42481149922838,42.695208073486434,-121.2158539312132,272.5035402269698,64.71236651684153,64.70326378240426,55.02963116638023,0.2069091796875,0.1934814453125
E988_processed,E988_processed,21.199017,23.430492,22.381207591143955,22.369987,0.3019506389825621,-1.177125525931641,1.091104535983535,-0.00021433861295892806,-0.001913183916965877,0.3011797005431412,0.15625,0.15625,0.15625,0.15625,0.0,-170.53856,183.25746,-10.252930945168359,-10.59831,54.398317176129126,-159.1389073360892,191.8902440561876,-0.10084632506939478,-0.3692134809554064,54.49962474996994,-235.93565,257.65247,-4.6030668432866815,-4.8912983,66.67040232738482,-232.0243378702723,261.1405579026626,-0.1057362948920976,-0.3472864538248821,66.72113282689207,3779.0808,3916.5991,3856.416263720207,3856.6487,14.652449456664474,-146.34581573016,233.8236469074696,0.15345982059813543,0.0290523461114045,35.93040818770253,-178.4808902634846,284.6898937665898,0.18670371170299327,-0.1004395780209855,46.04639157094801,-329.9281577277461,0.0,-199.9967520955261,-199.1143578718405,42.20190893907065,-365.8890706300332,64.97851799123285,-160.60896918454424,-160.4694608746479,52.93528587324034,0.1934814453125,0.2032470703125
E989_processed,E989_processed,-16.227905,72.213631,1.914309414114889,0.0,7.243680718687945,-34.69630539410797,36.29815632819671,0.00034585715401188417,2.012148953480753e-15,1.9330977288375926,0.0634765625,0.0634765625,0.0634765625,0.0634765625,0.0,-190.36316,207.22708,-10.378776618866395,-10.44578,54.63040978842878,-180.7267118625727,217.9343325262608,0.017582748400817458,-0.036486101186725683,54.62588670619551,-224.68124,211.81639,-5.045562559061978,-4.52461265,67.16514549476517,-219.2644112130091,216.7587224414471,0.05781528006546571,0.5704650924048851,67.18729482415466,3781.8538,3914.9104,3854.3581898777784,3854.1758,14.656545708802435,-111.4138739029726,113.0800733212139,-0.0428804636485239,0.1687213529892837,33.95877091890383,-142.8606755435814,153.186823812085,-0.09365639429544954,-0.24913511811913597,43.77942438999866,-135.6929721276191,153.3229320136383,24.175984084461724,24.155045525567793,41.475896238277386,-40.72463748902938,290.8227990735574,109.31080158281307,109.34530762036596,52.09608136449652,0.18798828125,0.2325439453125
E990_processed,E990_processed,21.221111,23.386303,22.348648093111112,22.347893,0.29358764680820215,-1.128841151912835,1.063584531126853,2.2390995968257778e-05,0.001348310393677676,0.2929864843062001,0.15625,0.15625,0.15625,0.15625,0.0,-178.19078,161.86572,-10.042731666458913,-10.107361000000001,54.572663277226184,-167.4883609621899,171.5127367454645,0.0154207721863836,-0.006760486544850952,54.63142020368787,-230.30916,234.60112,-5.850980455515133,-5.7427399,67.46414665513807,-224.1332695887381,239.3409268880981,0.04984673832520001,0.30555423323641673,67.4770624404905,3787.9641,3913.9954,3852.749193922222,3852.354,14.781111823134099,-116.4803942165332,120.4419282759205,-0.061575308064617806,-0.008392978048691546,35.073847657391724,-152.7773691024914,146.4811824358345,-0.058192676069278325,-0.26455260209924436,44.5184180936506,-26.50800210534286,223.9039823339787,101.88074542258418,101.9320283943829,42.22051725792807,-98.88871246613364,251.8249185918754,63.58013811044713,63.42988921806766,52.64168576866206,0.2069091796875,0.1904296875
E991_processed,E991_processed,-16.227905,71.086845,1.916764894135389,0.0,7.250545699910978,-35.00709440342612,35.32015689921882,0.0001796912044958024,2.0105400812084336e-14,1.938127404914682,0.0634765625,0.0634765625,0.0634765625,0.0634765625,0.0,-169.60733,181.81055,-11.040158213617856,-12.127073500000002,53.306742057581516,-157.4898791981379,192.1374960013991,-0.02150984562539571,-1.0933301066743455,53.28208557917353,-203.75601,187.40372,-8.6465848262145,-8.99501515,61.45157422567175,-194.216253424977,196.4873092126054,0.04000881507217174,-0.011435352123812196,61.463029418904235,3756.7007,3901.3611,3848.0870219722224,3847.7505,13.954795169332373,-90.70434746534123,102.4642973578392,0.07095334486309972,0.481329372084943,32.46489612744217,-133.5411514147624,131.6800980175582,-0.01822923826006312,-0.40449576267322973,39.95851115884122,-186.6213442157049,59.31717388515503,-56.189904286849064,-55.833662182251295,40.03251904542187,-148.3692441249146,169.1838670353967,2.022094029122281,2.811310590973682,47.78017621499567,0.208740234375,0.23193359375
E992_processed,E992_processed,21.221111,23.297928,22.396849415333335,22.392082,0.2806392604966983,-1.13846305666559,0.925035599987,4.822461239747167e-06,-0.0007107105242270054,0.27985414901551736,0.15625,0.15625,0.15625,0.15625,0.0,-176.55101,176.57764,-12.867012930955923,-13.435169,53.926478007517886,-164.0459668613522,188.2053245263417,-0.07569309555370733,-0.6809316541190933,53.992583330818,-223.07286,178.18393,-12.5206809482536,-12.6570715,65.43211516896754,-212.3340684883099,190.92466009362,0.004904724699720014,0.0706938854694128,65.46170984826732,3785.2202,3896.8479,3841.7736918055557,3841.5093,14.25716944962817,-117.3242324121282,180.7399614646768,0.11138696392990556,0.38462976995333253,33.45469015518827,-141.3194925563248,140.2288259674634,-0.06608177415401982,-0.6299482830814576,42.24020365785625,-303.2657574614186,0.0,-175.46139998484725,-174.79093914449777,40.72218472053764,-49.81940343285648,273.4334794999829,93.460521590489,93.45674894398843,50.62481371130571,0.189208984375,0.225830078125
E993_processed,E993_processed,-16.227905,70.821716,1.924554191242389,0.0,7.294226860242326,-35.10015709784449,34.91363359338982,-4.6049590432530354e-05,5.750833220493021e-14,1.9207667349237432,0.0634765625,0.0634765625,0.0634765625,0.0634765625,0.0,-201.38251,183.2529,-13.996057187908416,-14.4380635,53.80436016773829,-186.8292047354312,197.5054679018154,-0.07550888145058406,-0.6909915225913146,53.82815547330766,-214.48512,193.88208,-14.08883545783666,-14.065190999999999,62.58226245113429,-199.7615809979892,208.5817340203321,0.04870345764780465,0.17066315775188115,62.58316117678062,3774.5103,3900.4165,3837.2172174666666,3837.0022,13.8151843917253,-108.6324475667219,100.1279209742574,0.04049186227342832,0.297449139451607,33.00931374005377,-117.5574596064584,118.4110688696163,-0.002649947265536453,-0.4927459400574836,39.72353691838961,-215.5083541424984,66.45832530508177,-68.01527587886511,-67.82242662020445,40.748033182884384,-105.0751877191335,180.0751942758469,29.319353875489348,29.76024881385466,48.03067719026556,0.1812744140625,0.1812744140625
E994_processed,E994_processed,21.375767,23.275833,22.4556384262459,22.458363,0.2645409647504989,-1.06982063376932,0.826519267928095,-0.00015704725711436393,0.006610279197145916,0.26394031672662266,0.15625,0.15625,0.15625,0.15625,0.0,-170.91325,157.26436,-14.451701326073843,-14.654079,48.887641115190235,-156.6302897873265,172.4521122208551,0.008184208318481078,-0.05828834568678687,48.8798803842362,-226.28148,201.08217,-15.056326714026225,-16.305088,64.39573235621238,-210.7353467098966,215.8311890900323,0.08233956952780219,-1.12057652905624,64.44081726997229,3771.8992,3887.1199,3835.1323427801544,3835.2173,13.683575807089385,-87.33633327694417,97.67627709225579,0.02545892338938471,-0.07207327282092812,30.440878386891857,-133.8994822119861,132.466527625267,-0.04102806234883298,-0.1775527639159549,40.15528981640099,-92.02326237094238,139.4172680286187,25.438179903392065,25.80760069381038,37.166723433560854,-163.5753591673079,172.2170555915039,6.775377691917583,6.317944059222101,49.23203932365676,0.185546875,0.185546875
E995_processed,E995_processed,-16.227905,70.843819,1.9301224479326669,0.0,7.30796255850666,-35.10232892729835,34.93874071224823,4.395344506799952e-05,4.3352680788894817e-14,1.9192387511524118,0.0634765625,0.0634765625,0.0634765625,0.0634765625,0.0,-211.9881,167.10764,-14.914262874053907,-14.723928,51.49720728991097,-212.2769526349633,181.6903052868221,-0.1147438379323026,0.09854508209073343,51.69060981061227,-209.12148,198.08319,-15.454684810908963,-15.351320999999999,59.833323239256075,-193.3694524722628,215.0026207580815,-0.09840756679743161,0.03731080055470137,59.844907170595576,3782.6245,3883.5056,3834.0585473388896,3833.5132,12.801790023286483,-112.0944086152604,125.8127578106532,0.05031684573346906,0.1670458445115104,30.616482687687608,-108.9598582305743,106.3224789515017,0.008158114910966482,-0.3494925942569993,36.15375488939335,-203.9827733405722,156.4357873973487,-12.548921253369254,-12.440278489585204,38.930871666931885,-202.6076547017392,64.96064577612891,-68.27326379877526,-68.38626266300928,44.99948845897602,0.213623046875,0.1959228515625
E996_processed,E996_processed,21.596706,23.695618,22.543558433944444,22.546738,0.2527926670048792,-0.9536229824510979,1.167790475394481,-8.750272658399523e-05,0.00683490578054618,0.25235673417369614,0.1708984375,0.1708984375,0.1708984375,0.1708984375,0.0,-209.34378,187.55562,-15.105258017919605,-14.712452500000001,49.135346754009966,-193.5241302865869,202.2334351812984,-0.007829685587294976,0.35270647082536666,49.12558783140456,-236.73389,196.14157,-15.41394300173364,-15.112759,58.03017263045172,-221.1480448288697,211.8590021835214,0.14640776619978169,0.3208151359973912,58.125866146230784,3776.3044,3880.8513,3833.9270615944447,3833.481,12.593100160619738,-89.11805993381421,107.8933925037841,0.08693078879206677,-0.10611628483307545,29.968388107522642,-116.7772828562902,113.5760204614804,-0.04886286740163065,-0.18296099455766068,36.578480903626904,-192.1873901341491,47.72221513637902,-68.57831040207864,-68.30275917895892,36.948490100434235,-21.40750995452539,275.9870028319539,132.89550181681693,132.5959937896144,44.55869302487331,0.1995849609375,0.172119140625
E997_processed,E997_processed,-16.227905,70.821716,1.947728759767,0.0,7.391048093075425,-35.22121751232714,34.73187989949936,0.0009113918840501779,1.5117526084516405e-14,1.8948621087684188,0.0634765625,0.0634765625,0.0634765625,0.0634765625,0.0,-178.17003,137.25423,-15.278230616553806,-14.6571615,49.590643435476764,-162.2704149697702,152.8421026835387,-0.01919313797307499,0.5479825649183958,49.64433609306723,-221.44942,191.56787,-15.98241892098349,-16.408846,57.7708191279909,-205.6269528728811,207.84833964085,0.06003641186044296,-0.4790355995404125,57.80230807021811,3781.3477,3885.9846,3833.634312933333,3833.4075,12.26999651191341,-103.3096001623331,127.355272354906,0.03994881419857503,0.06897343656409749,30.410779699729456,-136.2264699285186,152.6232209386816,-0.09025292008902436,-0.11741748844811535,38.47213139375388,-262.7346631837336,21.40249494234814,-89.79319965226338,-89.82612622827162,37.402442660707514,-175.0466192016437,158.6476978372777,15.939902161642948,15.177180310235894,45.3871866798897,0.225830078125,0.2056884765625
E998_processed,E998_processed,21.640892,23.563053,22.60072247638889,22.613022,0.263521831750701,-1.086905260551095,0.931205911706394,0.0008301482743796186,0.011490955190009741,0.26321014499635104,0.1611328125,0.1611328125,0.1611328125,0.1611328125,0.0,-186.06819,151.9353,-15.406216104295885,-14.490965,49.29165946706706,-170.8962324263562,167.1841667380299,0.12896154490787012,1.1314519859946004,49.39065678613323,-235.12294,217.9646,-16.02485785239001,-15.604367,57.001333421432214,-220.3834975958169,233.2818532593063,0.22358080542437017,0.5813277200097033,57.2573741725362,3771.8022,3888.7783,3833.9273554111114,3833.438,11.903706361843408,-217.829463942396,129.6291214693323,-0.16832039500359683,-0.6185209959540381,30.513933646769125,-318.2094672183276,236.9697514682705,-0.25772600396729645,-0.544366444035461,39.02343718020315,0.0,282.6213648449136,141.1417438159691,141.54266385387754,36.97117035487844,0.0,481.0470175554539,281.44161912054363,281.19730410408755,44.809615739584075,0.240478515625,0.2264404296875
E999_processed,E999_processed,-16.227905,70.75544,1.9509366564303887,0.0,7.403671457183985,-35.22151006180084,34.65988807636253,0.0005192360000505347,5.569050031213913e-14,1.889726694409298,0.0634765625,0.0634765625,0.0634765625,0.0634765625,0.0,-262.89841,173.0616,-15.035530482478931,-12.9909925,52.85135762967128,-247.1289177063413,187.7572677734466,0.07286095200360403,2.1117371951397823,52.87984966985051,-217.41707,197.94069,-15.643189781674256,-14.9805525,57.10006999595355,-201.5385131578938,213.5229713925088,0.05796516946499806,0.4815818773999476,57.13114072208611,3749.1587,3913.4468,3833.9012731277776,3833.9016,12.306292969168332,-120.4399451262938,93.39285342616996,-0.0986783550715631,-0.6358628655458864,31.33044448995261,-179.6295966123748,147.0965847995795,-0.11969474219064434,-0.10931927127523444,35.37672193927805,-76.56645802422707,183.9580678247876,57.03930682018959,56.77072173299452,39.32312869466258,-36.58250199506188,294.0082411140087,117.12987437063911,117.14198678268224,43.12757267799858,0.230712890625,0.230712890625
E1000_processed,E1000_processed,21.618797,24.645649,22.647628872555554,22.657207,0.2631735652221972,-1.015119098379825,1.899009729727793,-6.983490089483121e-05,0.0021579999395834044,0.2620713853354538,0.1611328125,0.1611328125,0.1611328125,0.1611328125,0.0,-192.69473,148.78946,-15.012175994777422,-13.5789215,49.32397584457644,-177.7923194928583,164.2249748963533,0.0353064531090771,1.3762824076699398,49.325378742033315,-203.19205,194.29698,-15.163170427045232,-15.260379,57.39470110753788,-188.010136794803,209.1769363852277,-0.05398755886092078,-0.1985260140019769,57.41455661928198,3786.4775,3881.1169,3834.4634127388895,3834.6602,12.080376195509514,-95.02367878251432,90.57638433650126,-0.07441348470754498,-0.20255273541791163,29.18339210000398,-108.4221264287202,116.7794052451534,0.02711918287526574,0.3389880344431502,34.42281417039221,-104.8796180613783,125.702811274118,20.06594541766047,20.53782318586552,36.6208177745637,-180.8582634559974,83.44490534641558,-49.92684090385454,-50.018534399057614,42.91082860759633,0.2447509765625,0.2410888671875
E1001_processed,E1001_processed,-16.227905,70.57869,1.9532307318212778,0.0,7.404663873280105,-35.202893405272,34.47897614877463,9.107085300236549e-05,2.976956449496287e-14,1.8884072883480445,0.0634765625,0.0634765625,0.0634765625,0.0634765625,0.0,-187.66499,169.2209,-14.320412178496756,-12.973815,51.38154752978935,-172.8627123157838,183.7150214188547,0.0029834693763705093,1.1115214996565603,51.37127577083174,-207.21533,179.28439,-15.42116429753934,-14.684777,59.198703074236384,-191.3332126512652,194.1364292583727,-0.09813458668444258,0.7847064159733166,59.21724574711478,3773.1274,3886.4788,3834.6125208611115,3834.7092,12.600086145096789,-92.65471267746653,94.85300958525534,0.01149476108251076,-0.13627811460461858,31.15965238990248,-129.9184361063786,126.1658405373415,0.09939102011565507,-0.7658353712538091,38.84064801045358,-111.519104834222,133.7414708706778,12.489410298759573,12.99814265731068,38.524069041511645,-211.055732409064,96.06799625543131,-66.68471397488973,-67.44087122985556,46.27448643712065,0.1885986328125,0.24169921875
E1002_processed,E1002_processed,21.640892,23.518867,22.64603318872222,22.657207,0.26277822679598456,-0.9931064744870726,0.89440416475596,0.00038494076960147804,0.008226640360171601,0.26207968090012657,0.1611328125,0.1611328125,0.1611328125,0.1611328125,0.0,-198.96472,157.62465,-16.132143012816915,-13.388230499999999,53.72382963770404,-181.0875764015713,173.5212746665524,0.05303083022790159,2.8268113746223937,53.738394145147055,-201.045,212.31117,-17.12000060939521,-16.614440000000002,56.835445537883665,-184.907053819894,229.5015870663021,0.027122395065876517,0.5441455264427084,56.8509360154035,3774.0552,3882.9937,3832.0606315388895,3832.0728,12.151122978908289,-148.0356737889905,123.482287487007,-0.09453811519457729,-0.9017346963380422,31.51884065533987,-122.062972436595,115.0003008863514,-0.019486611134569877,-0.362569389955544,35.745160756957404,-45.48432776313017,192.8798074791591,87.43446382126938,87.37586645037581,39.39072623909996,-48.42601986160832,240.5926248125643,98.7048551307437,98.62063769418702,43.4720163506934,0.20263671875,0.250244140625
E1003_processed,E1003_processed,-16.227905,70.269379,1.953359618309111,0.0,7.405417746218338,-35.19209470262103,34.16098110865479,0.00021984904610654367,7.16233312138005e-14,1.8915571719248874,0.0634765625,0.0634765625,0.0634765625,0.0634765625,0.0,-198.00578,143.70071,-16.793190751896713,-15.213343,53.60305404516824,-180.6390750534325,160.9000042113547,-0.054025216767374526,1.386201584988848,53.62953600998145,-220.07974,193.92162,-18.16024380390518,-18.174022,58.84686928038642,-201.7120929605715,212.0432967396446,-0.11851913123914988,-0.21165505374407625,58.92270193421597,3773.0798,3896.2192,3829.9101768,3829.3738,12.417828319765427,-110.0880310935949,156.4936424778919,0.09252858836463398,-0.5353185995940146,32.48507976085612,-172.1580161657133,216.310243487279,0.15228148880890297,-0.65087790195604,38.529886337229925,-225.1216581958569,32.52078258547358,-91.807834674621,-91.48520238723378,39.84200785456867,-300.3649249790121,1.071848610932894,-160.8426316683106,-160.86558430693873,45.75343532952216,0.167236328125,0.167236328125
E1004_processed,E1004_processed,21.685081,23.430492,22.63932059614423,22.657207,0.267444585146342,-0.9584704227931241,0.8246886049156881,-5.834774285682322e-05,0.01062807288350757,0.26652130314252226,0.1611328125,0.1611328125,0.1611328125,0.1611328125,0.0,-238.22195,164.51292,-16.615866641963606,-14.496525,51.912086849081085,-220.388523528354,181.2385036822793,-0.03581007754737531,1.810024456102871,51.917710686120714,-204.5331,171.82675,-18.520989637792923,-18.483219,58.830035820295,-186.6868619111106,190.8448138485755,0.06455774034112817,0.08925836533463016,58.888812920968746,3777.5247,3881.0195,3829.5616048558254,3829.3252,12.403567797371544,-102.3878494455546,104.413451599047,0.044611586023141254,-0.505092021087453,30.72120325527025,-114.0148987579464,122.1836313387819,0.007964358334732597,-0.2877890077633154,37.79938402713457,-164.6260525707497,87.30587470553361,-40.376348501109014,-40.55191408675383,38.333340181495664,-122.1196515518414,149.0687526443791,11.426255958569417,11.62747299047492,45.70760520372858,0.201416015625,0.189208984375
E1005_processed,E1005_processed,-16.227905,70.00425,1.950171359384111,0.0,7.394673889394123,-35.17042846965992,33.89319525825135,0.0006222260222179111,5.4294465590692015e-15,1.8929504201252747,0.0634765625,0.0634765625,0.0634765625,0.0634765625,0.0,-228.67119,166.61397,-16.237025939411556,-14.124476000000001,53.73092759597708,-212.1301237983116,182.07444639334,-0.06861298368387127,1.9336226338016045,53.75384880095729,-223.0273,193.81039,-18.494685059218863,-16.7743675,61.53818254457061,-201.0193661774769,212.7638096666982,0.05293049665846878,1.695094984124145,61.60864019105128,3772.1899,3881.0247,3829.083123994445,3829.2778,12.877340984882554,-119.7905663142018,122.1488827550287,0.07847169658749666,-0.7671817721334584,32.4234252829862,-208.7085985771062,119.616663934087,-0.15062630696322996,-0.5490488444119848,40.48687931869104,-230.7060039388707,27.78316554459156,-87.00383769855398,-86.74488890043244,40.05344372812719,0.0,310.0152970520082,160.4526322738754,160.81829076570733,47.96250363450694,0.2081298828125,0.238037109375
E1006_processed,E1006_processed,21.530422,25.308464,22.5543610915,22.546738,0.2680803836822139,-1.037828050261882,2.593442568785441,-0.00019817504955035203,-0.0047981050464868495,0.26683855855509037,0.1611328125,0.1611328125,0.1611328125,0.1611328125,0.0,-217.53091,156.6963,-17.74490453557566,-16.51495,55.19638978039251,-199.9050739942148,173.5209669560642,0.07422253345959216,1.303735561203733,55.20427106790236,-224.3654,190.88748,-21.57124379148009,-21.666291,58.037353036728135,-200.4775965304898,213.4459359815705,-0.10416960358292422,-0.09285053924400621,58.10361145415966,3775.7021,3874.0664,3823.4233605611107,3823.9141,12.850702860828514,-100.9997338819958,106.5587444662824,-0.04387751905390284,-0.6820383801774952,33.64947062276276,-119.8869057847641,113.6838397242262,0.1120567705618777,-0.26992154322790274,38.06871728409873,-32.95440307508215,234.0067802538469,101.58010406528153,101.6019352344934,41.405624646448025,-201.8128162767915,80.86958642228416,-60.261892116738196,-60.65104160492625,45.54797181239073,0.179443359375,0.167236328125
E1007_processed,E1007_processed,-16.227905,69.739128,1.9392165180904999,0.0,7.3681961697399245,-35.11990048896825,33.10499863281447,-0.00015099087889716562,2.23330597221491e-15,1.893360612413593,0.0634765625,0.0634765625,0.0634765625,0.0634765625,0.0,-224.70052,175.95619,-18.892596453412875,-16.249665,56.529091717500435,-206.5555089053504,195.2295405873809,-0.04775121131077143,2.561556144362918,56.507288567640046,-213.9166,196.6983,-23.396153474167324,-23.253265499999998,58.345029556057554,-191.0971788182648,218.9850450301362,-0.08955906294155978,-0.020324810213006472,58.387002000185944,3772.2278,3868.6538,3819.0723328111108,3818.6812,12.410976054845962,-103.780010162077,99.52604518414735,0.023109212910434638,-0.38001383719053045,32.614409405547704,-154.7330105337249,179.8157027273555,0.13273482579697798,-0.38907960007288755,37.273459682111536,-177.1329873160173,66.54520258771579,-49.98579320439219,-49.35741605364561,41.39347311375904,-277.6523892448175,8.847195328576813,-131.6544465087567,-131.2703946673854,44.89743121439678,0.2264404296875,0.235595703125
E1008_processed,E1008_processed,21.464142,23.430492,22.43319127394444,22.436268,0.28221508012613505,-1.016605637221672,1.005850828100225,-7.977950102773481e-06,0.005262378562877295,0.28115212616551377,0.1708984375,0.1708984375,0.1708984375,0.1708984375,0.0,-205.06216,159.62282,-18.235104602498588,-16.672355500000002,55.738891782920845,-186.4385340102328,178.895617639973,0.12432885102825493,1.623758297384897,55.80688938013826,-212.57515,186.59087,-22.828450372980672,-24.086658,61.81058818146283,-189.9141137119469,209.3522635254674,-0.040933882780576365,-1.2304071370955434,61.84263033828045,3763.2209,3870.3425,3819.8107864277777,3819.4741,13.341226390653066,-143.2818201445903,105.1040595340548,-0.1016585650434206,-0.4275603985813097,34.30183757199169,-115.3869382744988,123.7530629120434,-0.006032198498534263,0.32685644558812577,40.761841872959906,0.0,281.0994264388949,158.62900085801914,159.17461179403233,42.02743249486673,-148.8046781283194,153.392027119633,8.058545666952181,7.82296089644009,48.704016180726555,0.189208984375,0.189208984375
E1009_processed,E1009_processed,-16.227905,69.562378,1.9313406866410554,0.0,7.344176272431768,-35.1502326118255,33.40893319540409,0.00017892896108420443,-3.553551710427137e-14,1.8982896115376673,0.0634765625,0.0634765625,0.0634765625,0.0634765625,0.0,-224.42578,153.34439,-17.34576710628776,-15.958858,55.21772963209102,-207.2108354552292,170.5054240735634,0.14496192194994964,1.5198603960140065,55.32878987296381,-240.4442,160.16553,-22.366366559974875,-21.747886,61.370936506212075,-218.2325610533392,183.2221046902671,0.04025162705017671,0.6314876897709294,61.48573404345556,3771.2397,3866.7036,3821.546902083333,3822.053,13.195736207961481,-171.832246242393,107.6561808847958,-0.1437606079777558,0.08258138261150083,33.52859218044677,-125.166484058042,132.0014748071447,0.024252261631959933,-0.0016434282134023537,39.29441704439698,0.0,258.476556909529,129.99066779229793,129.86152984393823,41.40275652180387,-254.987512376008,79.53006386903623,-68.44509365826002,-68.35575885991653,47.774559017531814,0.2337646484375,0.174560546875
E1010_processed,E1010_processed,21.287392,23.342117,22.28831971261111,22.281612,0.27764501907255856,-1.027112832046626,0.9909499146599776,-0.00011234251085092363,0.0007032453644797675,0.27645795771473586,0.166015625,0.166015625,0.166015625,0.166015625,0.0,-210.63316,193.6971,-16.87615040175396,-16.638999,57.93964541181219,-193.4828316431606,210.2348217183033,0.034585526009864906,0.23902971674438245,57.966258068175584,-264.84268,241.25346,-21.60598561242466,-20.4034175,63.392721167830025,-243.6101566318561,261.4599950841177,0.12787203946024198,1.2946158635860385,63.44210936953925,3750.7087,3889.0947,3823.509920372222,3823.8567,14.055770743882709,-109.6147570126415,120.001171590632,-0.05907421798181555,-0.6488356041071812,35.74701412862369,-194.5942434625856,141.5899745860215,-0.16487931339520226,-0.3737700067800427,43.62990515649618,-180.0716196460796,110.3376835277722,-26.718067183094632,-26.693012459106157,44.113038162070474,-25.5978042730476,359.606630599925,170.47809954066787,169.51514092067788,50.776440357147706,0.1953125,0.16845703125
E1011_processed,E1011_processed,-16.227905,69.78331,1.921926247879938,0.0,7.317735958797305,-35.1754950310828,33.65368176207986,0.0001406874594674507,2.464467829487733e-14,1.8994493948368736,0.0634765625,0.0634765625,0.0634765625,0.0634765625,0.0,-228.66977,217.79337,-15.771195010018516,-15.867555,59.437908716910165,-212.8050452584036,234.8148808521437,0.036017680103811824,-0.1956810112778058,59.438373835399275,-246.87778,202.6506,-19.97964020022527,-21.155138,70.94708563433952,-226.8567582878897,257.9897756244394,0.16878915537535616,-1.073146489487577,71.20856051341521,3741.738,3886.4192,3825.6438582143455,3825.6323,15.519176494301467,-159.9243521943018,142.1764316284994,-0.09165168151026182,0.0943652917832587,35.999504778892195,-397.6388084464134,237.868286223924,-0.2579438661743709,0.5357418782795378,46.8769995963232,-118.173959929956,191.1576188221121,48.11859346236395,47.86836449901239,44.56418892650768,0.0,556.1969909351221,376.835189012301,376.4394439428297,55.14643643213835,0.1971435546875,0.196533203125
E1012_processed,E1012_processed,21.044361,23.032803,22.1571696305,22.149052,0.28104838290267026,-1.086919136460145,0.9251007467483302,0.00047973195312532417,0.0004835088667560893,0.2805090423843509,0.1708984375,0.1708984375,0.1708984375,0.1708984375,0.0,-226.27943,222.03502,-14.157393135818438,-14.7320465,62.32705240151316,-212.2821072047115,235.2532593216743,0.02231320320742787,-0.6370115531567899,62.338113603488274,-241.24768,238.2991,-17.82558048755334,-18.703125,71.06841799296338,-222.9316728464395,255.610513786093,0.08805119909479966,-0.6888430910531618,71.10514171007067,3764.9036,3892.5725,3828.322441833333,3827.4011,16.190296953601262,-125.8505162820333,123.7174933303473,-0.08932727669062718,0.11448764676731216,37.758261135598154,-143.7576636431689,134.9798453796514,-0.0677419117854269,-0.13724343691352298,44.82003594154902,-100.7481505772359,222.1326323355649,77.72813508788127,77.44681338680182,46.83981441066163,-170.7760158792303,206.6194994921083,34.40755961443697,34.00725567705555,54.9130965130044,0.2239990234375,0.1666259765625
E1013_processed,E1013_processed,-16.227905,69.937965,1.9125162986061786,0.0,7.293569976900831,-35.19697575373322,33.79098366458173,0.00047324425240634235,3.000274622926693e-14,1.8965462883452069,0.0634765625,0.0634765625,0.0634765625,0.0634765625,0.0,-232.64603,236.62514,-12.668440451442388,-14.796016,69.78568350120482,-219.324161708001,249.1096227145516,-0.10393852601543921,-2.0472250854634053,69.92322493585006,-305.04428,268.85715,-16.49184767273867,-18.2425705,81.29046087742645,-287.8097236870388,284.8116697263182,0.015163341798145394,-1.6819899686202515,81.27730735010655,3739.9053,3906.8572,3831.118201083454,3830.9702,19.043552662563606,-128.4561783094931,145.2019130125007,0.05927620076364911,0.32621585867957137,41.920015981312886,-163.7283369303144,151.474204286124,-0.029430552559947903,-0.04824794172100333,49.21074012391174,-185.3689532872025,173.1242747364635,-13.543956041051134,-12.535850212780055,52.76824147918116,-198.2866067579476,204.343849389917,0.47408049060969876,-0.09257495273076546,61.63256090831347,0.2056884765625,0.2056884765625
E1014_processed,E1014_processed,20.801327,23.032803,22.069183461444446,22.082767,0.30720817454032434,-1.291926552708683,0.999934936129625,-0.0009144209823599409,0.0006498426313246569,0.3077190292723343,0.1904296875,0.1904296875,0.1904296875,0.1904296875,0.0,-255.99019,267.92755,-13.317863574927449,-15.3598505,74.90426547201182,-244.7239072642226,281.5271167103255,-0.1316148023743392,-2.2869876121184984,74.95719891966661,-295.66245,275.29041,-16.579322846126846,-16.7662525,83.66147271030653,-326.7842246382157,291.2468005522205,-0.2556317572441586,-0.3717066123965669,83.94890935824311,3752.4043,3914.8926,3833.508783433333,3832.7556,19.78736366656322,-166.4694577312207,265.1895613623977,0.19522696218817465,0.07182155158422177,47.543557895839896,-175.2510933762727,205.2969120016649,0.16059286460431116,-0.1604031322958157,52.90292513521389,-358.3858877341094,0.0,-183.87511284030887,-183.0365021739403,57.563611418142415,-455.4796810476836,167.6242237943984,-140.57103151168187,-142.7264783891154,65.39509424842673,0.1904296875,0.1904296875
E1015_processed,E1015_processed,-16.227907,69.782104,1.9086040288881114,0.0,7.283084282064566,-35.18916307223198,33.6254073690862,-0.00035134729181296535,4.447842545125785e-14,1.8988421461914209,0.0634765625,0.0634765625,0.0634765625,0.0634765625,0.0,-231.31964,263.41791,-12.294760989985727,-13.854941,73.03335138169277,-218.751392445715,277.3829884891816,0.13448395992998793,-1.345326111631601,73.09168385893548,-293.24997,249.82538,-15.130916970920943,-15.253394,84.69818435925367,-278.0440264790046,264.4694042464893,0.16875559220355021,0.21601017323550104,84.82070717162489,3747.9404,3905.9646,3834.4878275777783,3833.6484,19.70470281986309,-177.2691331231185,134.5309470899871,-0.0962504115236862,0.6032160135542832,46.2381009678552,-181.9843778598204,180.7343109691562,0.017522930253159024,-0.1993822704217363,56.59710042862268,-18.19013560653341,329.5403410905326,178.52620079196626,179.94935427156895,56.25717748384654,-180.3134757381848,324.293059978088,100.19467729254848,98.98623272779929,67.67344942879117,0.1849365234375,0.1849365234375
E1016_processed,E1016_processed,20.867275,25.396606,22.041757172306497,22.060329,0.3345025790397836,-1.1951296866263,3.208922472423318,0.0003622077721637489,0.007479682407035081,0.333663979094931,0.1708984375,0.1708984375,0.1708984375,0.1708984375,0.0,-254.92911,304.80078,-12.418398608063283,-14.328367,74.14880264485184,-243.0436761086348,316.5863620081221,-0.019999035569082224,-2.172041840291609,74.14060804332468,-307.18872,313.89005,-15.149069448250485,-15.023515,86.7579732040032,-292.4726324963677,327.5270273869857,-0.0013644612352634827,0.0558892613554598,86.81956497917874,3742.5835,3930.0698,3835.209167472356,3834.5413,20.407024435932282,-161.6925742654351,140.076330384347,-0.013264834869624119,-0.1144007086651868,45.71023679868506,-234.4354890584054,178.1170703840575,-0.15593147381809724,-0.1445624720345151,56.431067475166536,-254.1864253028869,128.1299210550191,-34.03915847002026,-33.55574727507296,56.51250020179762,-64.09764225287108,381.6376973383821,144.59924383166822,143.2670069446189,68.13274426710616,0.1995849609375,0.1947021484375
E1017_processed,E1017_processed,-16.227907,70.419327,1.9034313242155174,0.0,7.251854946516426,-35.18337259150749,34.35981489232957,0.0002026967323249068,-1.208569977111063e-15,1.9094158301637627,0.0634765625,0.0634765625,0.0634765625,0.0634765625,0.0,-254.39854,257.31659,-12.641019904074655,-14.782719,72.22512577209842,-242.5986810989289,270.1001927210897,0.06725609316061244,-2.119487941146698,72.31071637505978,-316.83862,259.74335,-14.54569189435191,-15.007167,82.79360578028175,-304.2344539215685,273.9891600445926,0.08666192700033905,-0.304000315739855,82.89820246148074,3732.7629,3929.177,3836.467402766821,3836.3269,19.524162321788744,-137.3468003048294,152.0104024129317,-0.060322335658887345,0.0793172927722523,44.36089088016925,-185.2607735350916,217.0589628244306,0.014207231778778535,-0.4241378615541009,54.369307794254226,-201.8753827084633,145.8030364170761,-17.970347805757413,-18.03832006212311,54.91102439505942,-261.0292764858223,253.5715469574016,-4.385980626846865,-4.996664176223193,65.46724244465315,0.184326171875,0.184326171875
E1018_processed,E1018_processed,20.756485,24.18161,22.068550779709987,22.060593,0.33527762817220574,-1.299920692059845,1.795334005947557,0.0008878424334923398,-0.0009448202060436534,0.3342416574453961,0.1708984375,0.1708984375,0.1708984375,0.1708984375,0.0,-237.15567,228.6669,-12.260993316726765,-13.2789,70.6315949952395,-224.4208097820247,241.7876647562398,0.07649844259613257,-1.142451640880768,70.71482983601142,-317.10669,301.29153,-12.42413511427287,-12.016787,83.95019030882303,-305.2731921282433,312.899900907666,0.1626996720775492,0.6374525525479893,84.04087520482057,3739.9053,3939.8906,3841.32337094283,3840.7908,19.700477020918616,-305.5197786359748,161.7766489520636,-0.21077064640512927,0.04932447611423019,46.44966856522936,-418.5799841936073,254.730255469872,-0.30045990528215355,-0.08003943370771083,58.021271597593554,0.0,396.3274375669416,193.4346618848349,194.0233354878293,54.76386629142545,0.0,552.1618705347871,245.02931732993224,243.7524808543523,67.07253136401872,0.172119140625,0.172119140625
E1019_processed,E1019_processed,-16.227907,72.124268,1.8948945578357133,0.0,7.191952976087134,-34.95689392168889,36.29172220448041,0.0006919995532990766,7.045568672965536e-14,1.9453243969972416,0.0634765625,0.0634765625,0.0634765625,0.0634765625,0.0,-223.36139,236.62514,-10.341128929051402,-11.376218,73.90101407903481,-211.3210192603767,246.9877309023314,-0.15603767464990836,-1.218741330499918,73.9864801234156,-335.06625,317.10669,-7.345011786030513,-5.9549518,85.37599390299064,-328.5421065903658,325.2648906192996,-0.06732628726334515,1.279648920686324,85.36881614936415,3745.2622,3941.6763,3851.2822216678705,3850.6116,20.44626573421135,-128.3790818173377,167.0788930211845,0.1449844674681306,0.1832892477387498,46.51580819138752,-172.4457357071993,163.8307553932719,0.03528611762542547,0.06960065977425955,56.982406495788204,-340.0510570366225,0.0,-171.69674111847493,-171.5587735663729,56.69684372238283,-291.1982421570767,123.4330595399564,-88.48898030466931,-89.16521704744909,67.85610498409866,0.17822265625,0.17822265625
E1020_processed,E1020_processed,20.845348,28.51202,22.151647934714966,22.149025,0.3702833166653457,-1.295520388772368,6.061790248890202,0.00047470855974667084,0.0025471680114344843,0.3678501635488546,0.1708984375,0.1708984375,0.1708984375,0.1708984375,0.0,-235.29877,274.82471,-8.379873603258929,-8.261090750000001,71.13252893800222,-218.3482492762988,293.3806042776556,0.08773172075733966,0.07920127668573029,71.26780963449464,-284.67227,294.85828,-2.611328127483735,-1.54886605,84.70747628969907,-281.4764577294932,297.3253259334847,0.13057831867026073,0.9894526061133804,84.86420575942098,3761.3323,3945.2473,3860.3679711579066,3860.4321,19.94334152578579,-193.9466109645139,131.221227378739,-0.0031630519633358187,0.0021160623773042175,44.54486790088308,-204.4911531889676,229.4472167213769,-0.07483081042364212,-0.6219211150448434,59.06373218145388,-245.0680316286325,194.4413262441884,-10.436146703839709,-10.828289461153076,54.60214560218759,-257.2568896895742,272.4955271994392,50.179889235915745,48.76440531081464,68.97042581284778,0.17333984375,0.17333984375
E1021_processed,E1021_processed,-16.227905,72.279907,1.9117575789827777,0.0,7.254921873597061,-34.57640740161721,36.14450104634367,0.0016645333644249092,1.0459017719048025e-13,1.923795548161063,0.0634765625,0.0634765625,0.0634765625,0.0634765625,0.0,-265.00955,250.15416,-7.042706142640328,-7.09194825,75.37675290403212,-260.4686828209398,258.3146414907078,0.13969358910263202,0.0820908654027237,75.47981764214927,-293.24997,318.17889,1.628650282790811,2.9244088,83.84020436406203,-298.9649415269158,319.8160385279463,0.18816879151237426,1.451363518774204,83.9428683567941,3761.3323,3963.1033,3867.1946094888885,3866.6816,20.16688006560977,-227.7069858827424,152.3229159159805,-0.168920510753046,-0.28011022430199883,47.37371310461847,-408.5768605108701,249.682836207283,-0.3103047410065105,-0.8770713086391568,61.4621653787248,-116.2982616544583,318.9921341564818,112.10137594790862,111.75538084985266,57.38261260193616,0.0,547.1553110070146,274.7263317641591,272.67723773750186,69.05522505037311,0.1837158203125,0.1837158203125
E1022_processed,E1022_processed,20.668766,23.563053,22.275663841640274,22.281612,0.37433663962728164,-1.591203027905213,1.309071692754462,0.0007504265724062561,0.009890851978667459,0.37404865444099733,0.1806640625,0.1806640625,0.1806640625,0.1806640625,0.0,-246.97086,258.38641,-5.409611869597727,-4.9034834,69.44736829112243,-241.5550012118228,263.7931578423189,0.14115093735294734,0.4844956355622472,69.5293932735929,-339.8912,352.48965,7.445418246984832,7.9333868,85.25820011509587,-345.2844456541665,346.0591376186338,0.13474712580323195,0.3327942473767251,85.35401345999531,3756.8682,3989.887,3878.562021542479,3878.46,19.906255629196817,-377.5000365378905,201.8934430097012,-0.27447393447160096,0.1587377617594896,47.21168487387198,-215.4412695839165,198.9685612850223,-0.15583644823851692,-0.6077392537420394,58.666577814123855,0.0,426.6604752125588,230.26395448898867,230.6830875464286,54.13922502984597,-173.1058583935298,303.1274751080658,49.34355953125616,47.54389334980408,68.57989908050446,0.1690673828125,0.1800537109375
E1023_processed,E1023_processed,-16.227905,71.595009,1.9125524217244292,0.0,7.241414488952839,-34.2971619550226,35.39996193544742,0.0001982509697966089,-5.783576171210043e-15,1.9376114790660088,0.0634765625,0.0634765625,0.0634765625,0.0634765625,0.0,-243.28265,249.66479,-3.9397571512412655,-2.5075309,71.8926821022007,-237.4161518892222,251.8260149468749,-0.13038344212022251,1.227125079899263,71.97634257023503,-257.37015,268.63098,12.720347402769153,13.307454,81.2503195234868,-272.0893663484191,253.1773841642836,-0.015194306111009062,0.5033390049810209,81.20608177930237,3795.7769,3986.0447,3887.4629340407805,3886.9546,19.334925688168386,-125.2123382356413,138.0498381389422,0.06952840912863369,-0.5214716409334699,45.637663971535616,-212.3336510392524,175.3321001870485,-0.1223413655160337,-0.114396035928003,57.385594309258494,-232.2417369656122,118.2992337739111,-61.78833659646884,-61.38573121315229,55.239216779273505,-164.685485708088,238.5972268439774,35.489520454090915,33.01405340292878,65.87351612117294,0.1953125,0.164794921875
E1024_processed,E1024_processed,20.933891,26.148029,22.390403954939437,22.392082,0.4062852992361357,-1.645714242625419,3.627891256530735,-0.000419655925837819,0.00354390952505948,0.40492308486017664,0.146484375,0.146484375,0.146484375,0.146484375,0.0,-232.41959,214.91481,-2.255902581148511,0.071801059,70.60830103644842,-227.891328118455,216.5422094606324,0.05873444300948764,2.36059612253308,70.64470528957732,-268.63431,279.62634,17.01840594074855,16.792557,82.37961869549905,-284.6405518856346,261.8870079811879,0.15373373385028052,0.02776884583155681,82.50975991544604,3797.6855,3979.8437,3894.9740525058346,3895.0122,18.940052596246296,-128.8145812234236,127.4979384517964,0.05219895045019267,-0.6937631867184137,44.11775285895699,-168.0346313322319,165.2609754007425,-0.046601129280650085,-0.8574213206339087,56.34007505689855,-162.2667166779977,135.2637973867333,-11.813078928281275,-12.909793887836605,53.408737794730996,-143.2380801511707,328.2215527865557,100.55675027850164,99.10324016055608,65.66543918560377,0.235595703125,0.17578125
E1025_processed,E1025_processed,-16.227905,71.484535,1.933157275088126,0.0,7.328985580241089,-34.50824121326994,35.0107285705469,0.0009284577773504579,-3.592728658606708e-14,1.903499709026596,0.0634765625,0.0634765625,0.0634765625,0.0634765625,0.0,-276.73175,305.65283,-0.8741040288508807,1.5220308,72.32321036270112,-274.8132440020034,306.1839679728013,0.15469937199306108,2.101237911332244,72.47895834413174,-275.87726,313.68405,18.063424331624653,18.15752,81.71050524530479,-294.965280140975,294.6910254883794,0.05599348972989064,-0.009161567222385258,81.75538485110296,3779.8833,3992.4624,3895.5562794243483,3895.9226,19.384617785232113,-147.0070476868348,156.1563816024505,-0.13963511167307063,-1.470894973092882,44.69460970033589,-235.6898021428836,171.7684852038045,-0.16136790904622592,-0.2116594838608137,55.63369037676197,-135.8800404637258,274.7612133349596,34.10986802298478,33.7615941643235,54.820934096162276,-42.44263500169116,397.1965485243244,181.01779289363702,180.0879959801661,64.75879477227805,0.235595703125,0.1995849609375
E1026_processed,E1026_processed,20.757141,28.136471,22.494661402111696,22.502552,0.43173063782606075,-1.732320580724188,5.349572436304602,-0.0006452957353990578,0.005349763114113337,0.4265747570854408,0.15625,0.15625,0.15625,0.15625,0.0,-230.83511,247.28481,-1.1222954438157264,1.8145676,74.48134031203716,-228.9547083720282,250.2349095230211,0.032528162109904606,2.980838737007655,74.46907558873204,-287.14417,312.88156,16.406533657362814,15.958641,83.40004638813365,-303.4289313515175,296.1219473723401,-0.09363935181133304,-0.6909482795136839,83.65922947817016,3781.7598,3988.0376,3891.9580125868306,3892.3416,19.93003901424154,-143.3457420737386,138.8640276342056,-0.06986588858224707,-1.459030789741941,44.42030396213891,-198.8933896240143,332.7221144706509,0.1830669338752793,-0.1002474573552048,57.613989784055974,-164.8382490781756,165.293014160784,8.05322515541338,7.892549148063689,55.026319797036024,-554.2932013800823,0.0,-316.5005047408976,-317.5275307042074,66.37730175508007,0.1983642578125,0.1983642578125
E1027_processed,E1027_processed,-16.227905,71.46244,1.9351159754426293,0.0,7.316347876901691,-34.43297808673035,35.09888135891815,0.0007460033352096506,-4.21599723824042e-14,1.9217114104363096,0.0634765625,0.0634765625,0.0634765625,0.0634765625,0.0,-236.42213,253.40421,-2.291567316568112,-0.13861191,68.36996629442706,-232.6220717121175,256.8620614275046,0.02739867659609091,1.942504972074264,68.36229946298789,-309.41791,315.58481,15.531864083883962,15.296817,79.67036780773377,-322.9202400333327,300.7918902020674,0.194486348115893,-0.00808759666449177,79.83141727304472,3781.1167,3982.0498,3888.6477169083737,3889.0317,18.656930557525115,-177.1387561157998,130.7069634989622,-0.10426673448197178,-0.2149270746137724,40.6669078800982,-376.374903093351,193.4771920378071,-0.2763893001282976,-0.2899424316556301,55.07035631523712,-117.3002024361944,205.5484067483383,51.755471349779725,51.96842408871295,50.23455382081945,0.0,570.8046870404348,311.89155844649713,311.0997076580262,62.94802984400315,0.2056884765625,0.2056884765625
E1028_processed,E1028_processed,20.779232,29.727226,22.559907871944446,22.546738,0.45093786836909244,-1.756422370990288,6.691751323392173,-0.00015485261163712991,-0.002374135089536756,0.44255572601278853,0.1513671875,0.1513671875,0.1513671875,0.1513671875,0.0,-258.44809,251.28761,-1.7822370447229448,0.74884069,74.42853380937768,-256.3790084215588,250.7567801919263,-0.021528047499122037,2.455319624908883,74.44299711948364,-310.49475,320.94772,18.535109775082443,17.863929,80.90455124731334,-328.3946340170885,299.3455506108909,0.08946569162754331,-0.6774964177044005,81.00075042348507,3765.9878,3982.9988,3890.991317166667,3891.0151,19.439358243068078,-121.397812022967,128.0960387838997,0.0544061903922092,-0.5635424652439855,44.201222594447245,-190.0100377177477,211.2928595091089,-0.07671449699107773,-0.2432551033643584,56.15095793090388,-257.5227839011956,58.95899218675885,-86.17598066466661,-86.25083797695484,54.67113488216155,-214.8952237602925,222.4487121032862,-18.740292034880817,-19.129360681182316,64.9459593037412,0.1922607421875,0.169677734375
E1029_processed,E1029_processed,-16.227905,72.169441,1.9311582938976055,0.0,7.288533410700921,-34.34003671998646,36.21059056879876,0.0012182112446457994,2.973127279190562e-14,1.9349396202438591,0.0634765625,0.0634765625,0.0634765625,0.0634765625,0.0,-268.28146,258.19769,0.16655702042392911,2.1166384,72.02502096231353,-270.6745353314229,256.9183352847359,0.146125076408186,2.153228359130498,72.10334586900737,-265.46014,325.24469,23.4338990696927,23.522377,80.70627339812323,-289.7243873722894,302.5180158535663,0.11521147913613547,0.4592177809333506,80.92998876881626,3800.085,3990.3123,3898.07793895772,3898.2908,19.4804741938918,-147.7930885654522,136.9099192847277,-0.1281026362757023,-0.2464941678253645,44.43739045870513,-429.1394236843846,247.9854808118415,-0.2878907592860712,-0.168974234202806,58.73137980769783,0.0,308.7426713336205,160.31294119559078,161.5223198897311,53.87967500693551,0.0,582.9377059717469,340.68752375796134,339.1570534341701,65.50902508130324,0.1934814453125,0.17822265625
E1030_processed,E1030_processed,21.221111,27.120159,22.560129552975166,22.546738,0.40036066071390164,-1.381918714682055,4.348091063027499,8.058937810021701e-05,0.0006451947270531,0.3976292672089777,0.15625,0.15625,0.15625,0.15625,0.0,-272.8042,239.64842,1.7760147080985835,5.1056333,72.12568478386062,-274.0288545961212,237.8303829388218,0.07850343002530898,3.28027944998788,72.24530311744213,-243.23425,299.28271,25.90093416982487,25.565619,78.06254937822513,-267.3865036392262,273.3129422757056,-0.02079649918578773,-0.3831327776119373,78.04922108031705,3812.0435,3982.7634,3904.6587194733047,3904.6082,18.735611712060418,-247.0332822465239,160.6084273765818,-0.16195270118360794,-0.4276420744841687,43.995973211134405,-180.5237921871713,156.5366578488226,0.08680438031156316,0.2018400277173029,52.77478343764326,0.0,381.0000874982744,230.53292401434265,231.18230700004,53.60489169466264,-151.663701326868,240.2250878940573,29.28332958232069,27.86228969016633,61.891140061059154,0.2252197265625,0.2276611328125
E1031_processed,E1031_processed,-16.227905,72.125259,1.9381305091550087,0.0,7.34776537176685,-34.55530669414426,35.91199386420107,0.0003121594503139311,1.561645325819805e-14,1.9088487543004695,0.0634765625,0.0634765625,0.0634765625,0.0634765625,0.0,-229.30592,234.08298,1.231367381248286,2.2319264,71.27193475237556,-231.0921729374815,232.9790748662501,-0.08537975111924873,0.8810271741792046,71.35925449150002,-235.19775,299.29379,24.115581271760433,24.221298,78.89274956692196,-260.0695932915523,274.8539768826191,-0.04015856285732992,-0.1883229481856601,78.88507324076036,3801.6467,3990.1208,3903.373781382299,3903.3088,18.806233991980417,-148.0172584933443,248.2804041087711,0.15260108656749144,0.05809185589185972,44.33448532522115,-165.1363191009866,187.3854241502574,0.06808982621400388,0.5134959935975676,52.76560604292872,-364.3855818568604,0.0,-196.4534515743769,-195.8838525605026,53.55002925799149,-229.7571843472373,137.847322364131,-49.2649248045969,-52.34736853377856,62.0327996169044,0.2154541015625,0.235595703125
E1032_processed,E1032_processed,20.889702,27.78297,22.52469766898161,22.524647,0.4296067173466332,-1.772352879942871,5.107230340660397,0.00107673037483144,0.005605653257768212,0.42698706918194956,0.15625,0.15625,0.15625,0.15625,0.0,-232.76428,264.08273,-0.6279864846089227,0.87149954,68.6395570174199,-231.4429569707133,267.1141232701839,0.05384125246846458,1.527750835387572,68.66105104012719,-230.10649,316.19501,21.36070880727985,21.561373,78.39530492896844,-252.2876758380726,293.3692979064363,0.06813044718638184,0.2006775244419448,78.31381805085395,3801.6553,4002.6357,3899.2574112450698,3899.0183,18.540074749505248,-147.1443912520822,148.1161476034125,-0.10213374812860775,-0.8742400358375946,42.90319744143201,-174.3292353774958,165.5138585030431,-0.046684035240357497,-0.3038575878181788,55.56444073063066,-42.76487557280696,264.1855509125052,127.753400470805,127.1547942403448,51.635031498926,-152.4724667719796,228.8121088261565,24.42281385057633,23.53183383783118,63.611233823602774,0.1806640625,0.1715087890625
E1033_processed,E1033_processed,-16.227905,72.103157,1.9215585470302272,0.0,7.263351076509812,-34.3586131906921,36.13508684547253,0.0002731132780138846,-5.127415518551409e-14,1.939134578359912,0.0634765625,0.0634765625,0.0634765625,0.0634765625,0.0,-240.45058,261.42432,-2.952378038572879,-1.3534238,71.05622287914807,-229.5975638414248,270.8645449053173,-0.048686913130350916,1.572733029914481,71.05503824781644,-269.79556,280.52237,15.99227215656569,15.324807,77.04715120597317,-285.4025962305063,268.7471046067237,-0.20380745057158606,-0.7969828332751246,77.2091087370093,3795.3613,3994.5305,3888.7612822637107,3888.3005,18.871066442477762,-142.8601305616604,151.7507172316587,0.08039441970723182,0.1130318937552062,43.077404321995914,-180.3236362032185,362.8379998843536,0.1822744775519558,-0.3587239953809878,54.281380664357634,-290.9483003770865,26.76411589068148,-126.00511719044258,-125.615572239765,52.86925915830922,-558.4322519185326,0.0,-362.6273286772792,-363.756377552805,61.8134338050605,0.19287109375,0.1885986328125
E1034_processed,E1034_processed,20.955986,24.093304,22.438010458743125,22.436268,0.40727886555165904,-1.52821952923576,1.577551591762625,0.0002605636125461725,-0.0008899722132104659,0.4061822964556822,0.1513671875,0.1513671875,0.1513671875,0.1513671875,0.0,-241.22169,245.46513,-5.539114492940479,-4.8584757,70.44279482952213,-235.2642477964831,252.3766975161869,-0.13638512310635004,0.4633725910186151,70.4979873161762,-269.50189,322.85071,10.493288072451742,10.031004,79.86429516169476,-283.1170301532541,311.9743854648409,-0.061303796564373014,-0.6931615879878379,79.87234620884274,3744.9866,3980.5903,3877.529462215925,3877.123,19.169062229187134,-136.6932366646042,212.1111516145855,0.14305681500761522,-0.8628345292771069,44.269310321773354,-190.1495333754112,208.2358596812197,0.04527297212673374,-0.4082505503226903,56.39292650477958,-350.9666536233113,0.0,-175.22305071624376,-174.777394505662,53.25396068328133,-225.3258379340644,222.5678340667365,-26.349176407896,-27.53524872914063,64.66203873818546,0.2392578125,0.194091796875
E1035_processed,E1035_processed,-16.227905,72.125259,1.918373645637793,0.0,7.252792072427154,-34.42111333510491,36.17193688759782,-0.0009013503922202791,-5.240541229430623e-15,1.9433681781805674,0.0634765625,0.0634765625,0.0634765625,0.0634765625,0.0,-238.28946,269.33627,-7.306480228552761,-7.5218,75.81330741531808,-228.957165985916,277.4947015289779,0.04988505113737653,-0.1684907369254576,75.81330501517986,-275.92078,266.80383,6.047048629269086,6.995596900000001,82.93597939847075,-283.819044404881,258.1422574709715,-0.028911398659557067,0.8145879331035475,82.88566485016094,3762.6174,3955.3848,3869.094589143238,3868.8911,20.120768095947383,-146.7564917276285,136.3638601831597,0.0039797099845094745,0.22044008322051845,48.06954722619605,-171.7318122409517,178.652003724839,0.050835414278142345,0.6302157852672519,58.4748258941496,-139.7589721538378,203.0404326565291,37.449475086749985,38.54204577990566,58.074015294404916,-151.8035695654647,256.5184872445624,28.175447332834707,26.883857096657884,67.11681519500108,0.211181640625,0.211181640625
E1036_processed,E1036_processed,20.823421,24.800308,22.33038657753209,22.325802,0.4041959882066096,-1.492502606386066,2.421403899342008,0.0004561758538254821,0.003352547989320914,0.40334871165911773,0.146484375,0.146484375,0.146484375,0.146484375,0.0,-290.26743,301.97855,-8.383623215380084,-11.095452,75.13298727504876,-282.7145022577723,319.1611615986749,0.10759046848476987,-2.747296611211954,75.22864920241038,-300.81427,322.25772,2.7481676253518525,0.98684359,86.39203583665838,-301.4892419572901,318.6688578924523,0.019470316814384894,-1.607170630827371,86.55893849192344,3734.3857,3973.6799,3862.625715756431,3862.1057,20.819338208083494,-387.705650572426,234.4994552951621,-0.2442332270927826,-0.07630033782987855,51.17449551334278,-271.1596868477412,225.4523022387543,-0.10638232567043217,0.6248997303355193,62.52025316065911,-14.24136124084571,476.1112594074411,206.25988646183174,205.6097917680517,58.97496171421874,-2.462216251861547,431.4481635752247,194.4330454660764,192.6125891185355,70.9105661001344,0.1898193359375,0.1898193359375
E1037_processed,E1037_processed,-16.227905,72.169441,1.9281896262093128,0.0,7.332940006224655,-35.01732514300514,35.93773022964903,8.281943819561976e-05,5.636202934445631e-15,1.9004905014263325,0.0634765625,0.0634765625,0.0634765625,0.0634765625,0.0,-238.78787,269.03436,-8.945037709189755,-10.408818,73.68494878486794,-230.4580129376706,278.702785109773,0.010692191764316348,-1.603820373175086,73.71233452042578,-345.04306,366.75882,0.04093036154236252,-0.17473856,85.41874359488398,-347.2789520510162,364.5915328830833,-0.01043797188567075,-0.4088462164414359,85.39903589185037,3739.6504,3987.0999,3858.126956470522,3857.5232,20.449691536571944,-151.3869254391013,134.2409668167498,0.04220864947537862,0.1640662578256178,48.23650615464665,-218.1013585284688,212.1076206255528,0.12979438446470137,-0.3114876212248987,62.009808772970636,-249.6617288404115,101.6613736976402,-67.98408920887182,-67.42118601991324,57.310712767332056,-290.6458602573836,188.8570698830528,-80.38068300766159,-80.80142236207824,69.902674178341,0.184326171875,0.184326171875
E1038_processed,E1038_processed,20.116421,24.689838,22.261839420292272,22.259518,0.41433826150573916,-2.15944779956014,2.384418379318499,-0.0006436637309261755,0.002878868339199869,0.4135735504691661,0.1513671875,0.1513671875,0.1513671875,0.1513671875,0.0,-239.05865,271.42532,-9.69780976339598,-11.624909,74.69025982668967,-228.1371353264907,282.3154300007413,-0.004859642134158448,-1.893185829251248,74.67371939947469,-311.53149,324.40506,-2.976188274800956,-4.3010335,88.21191437471911,-310.9890574370171,327.1878481947854,-0.04336874475264125,-1.185499134058034,88.2076042787273,3755.7327,3956.7043,3853.89535838751,3853.1069,20.99633658095186,-140.487980799647,194.8617385996909,-0.0025818612313165674,0.6166579380751411,47.751682366604435,-212.0216174163226,185.406869823506,0.0859177347400369,-0.3756007416798539,61.050556109317974,-102.9264220882667,280.8597801338346,81.07135999198705,80.63210307782418,57.493160460678176,-284.1792116225584,207.116565957463,-57.70361836151134,-59.98787293461154,70.82530071851934,0.1885986328125,0.1885986328125
E1039_processed,E1039_processed,-16.227905,71.374069,1.918064286549728,0.0,7.290200862458939,-35.20484020348633,35.33593419080855,0.0005088379984017405,-5.5946836632907994e-14,1.913877882227462,0.0634765625,0.0634765625,0.0634765625,0.0634765625,0.0,-242.52136,260.03384,-10.514525760850852,-11.910534,73.13518902547473,-231.6436587316815,269.5067155649213,0.11900932548047463,-1.399745717392096,73.2112654250035,-262.492,287.42078,-5.708680672938866,-5.6318047,86.81440431911814,-256.2015622335883,291.8134712033359,0.039314754304032216,0.28535766710324983,86.8038391955538,3744.3269,3940.7217,3849.574461240138,3848.8628,20.24878412945984,-220.4621708451635,159.714962622201,-0.15265167698744828,0.26636568902178936,47.38319876868345,-201.6779706029595,183.106456228191,-0.06951519308471754,-0.8099557374761348,59.423294432260725,0.0,380.6364233891239,221.9936041399728,221.58254784564258,56.38717758573536,-144.1101420684988,286.3723845760722,59.01086812582232,57.555318246738054,69.12835842556967,0.21484375,0.172119140625
E1040_processed,E1040_processed,20.646671,23.518867,22.210269612277777,22.215332,0.3971583545817252,-1.540068212897128,1.313595367869776,-0.0001263460921233524,0.010215622546107075,0.3965646686206705,0.1416015625,0.1416015625,0.1416015625,0.1416015625,0.0,-235.08617,237.4687,-11.487584445141882,-12.596071,71.74855849129861,-224.9901483047024,248.7810797096724,0.06890862559305386,-0.9755683239701893,71.74212709261035,-286.62491,287.69739,-7.8147569816184985,-7.27606105,83.86091421674797,-280.0498707103118,294.4544654331289,-0.04254823253488405,0.7336448132693685,84.08913582547775,3749.6733,3944.3457,3845.9506412833334,3846.0583,19.649850485576668,-127.451584899371,130.4065132984687,-0.02808771787737977,0.050698927025275786,45.80300338148164,-203.5904457786547,195.2054856807037,-0.06869493732002681,-0.46048128981028214,59.712413944849324,-136.9459048313901,178.4776558543501,30.398174549914437,29.86486268954754,55.12040372533346,-74.55680353847234,456.8760117310842,175.45058005679098,174.0039178340537,68.42389216321709,0.1898193359375,0.1898193359375
E1041_processed,E1041_processed,-16.227905,71.241501,1.9155741664144905,0.0,7.285561094329087,-35.20814745748224,35.20475411844473,-0.0001815982836880984,8.94514084814025e-15,1.9138473333010342,0.0634765625,0.0634765625,0.0634765625,0.0634765625,0.0,-259.5029,267.71194,-12.529420208016214,-13.4854375,73.50149497207765,-246.7731282613477,280.9643411169501,-0.12754781324956355,-1.0402470065578302,73.55521796029578,-279.38,331.11963,-9.59757237319259,-9.218772399999999,86.90321090647062,-270.1436587475282,340.610273420871,-0.1442074989990292,0.36606135474972623,86.98188885542336,3743.5085,3933.7202,3842.8159765696187,3842.459,20.41009812295858,-168.405509629791,157.8336712109408,0.07688020848599546,-0.08684745293606388,46.66004714027619,-295.717679810482,361.3701707910935,0.24345520300786386,-0.1421428296194254,61.870901317671795,-322.8671417177393,39.99545517920692,-134.22354769577112,-132.3188807245184,56.22180085624783,-467.7910652191872,74.58008976409309,-200.83256389665647,-202.19545454035216,70.15789307506024,0.211181640625,0.1983642578125
E1042_processed,E1042_processed,20.359451,24.314243,22.236612753764096,22.237427,0.40972472701733925,-1.865047819921871,1.914731112135452,-0.0005237139649519771,0.001141304069630152,0.40913654868127997,0.1513671875,0.1513671875,0.1513671875,0.1513671875,0.0,-238.5329,232.96518,-13.581893837519035,-15.022388,67.77949839353461,-222.7822859279152,247.0772887799025,-0.046365480562633204,-1.335153756731152,67.82783246329308,-272.67209,250.41486,-11.443522447405721,-11.360847,80.0942861033229,-262.270361854585,260.4294439548927,0.0009182614091901083,0.1808281228387685,80.07979764580267,3733.5913,3930.0146,3841.1472755986447,3840.75,18.698920717142737,-133.8122001830785,161.4060685921416,0.06990844514285233,-0.1900229958825097,43.82692955300681,-195.9221443949076,186.9061224166968,0.0388809352221492,-0.1250961962095936,57.98405385812619,-129.9505300609706,218.3062697155374,54.26670945246817,53.77203070034287,52.269687438083935,-189.4518197235627,215.6197676729907,-0.10495736434748637,-1.001859433175639,65.3116407891026,0.2001953125,0.2001953125
E1043_processed,E1043_processed,-16.227905,71.15313,1.9212388952882777,0.0,7.2980975788142155,-35.2011825947077,35.12177782303996,0.00037314338760912247,3.84159478126135e-15,1.9125691457527514,0.0634765625,0.0634765625,0.0634765625,0.0634765625,0.0,-261.60974,256.3064,-14.3030203711873,-15.088118999999999,65.9677447518166,-249.7610173215121,267.0728925034909,-0.08478837597069909,-1.016896287267833,66.00654370259288,-314.22055,336.46921,-12.278714326443787,-11.9993235,78.1131641387422,-302.937761223261,347.3984359117741,0.09786781590479202,0.42245056343538323,78.17982303627899,3721.8962,3958.4844,3839.5368525555546,3839.6973,18.32377538765117,-142.1505897429905,126.6856582133529,0.09186666502463223,-0.260224130241248,44.09414873481578,-241.973739596478,203.2650026709688,-0.17402600806624027,-0.17084075889642092,58.318479015200346,-240.1083853446358,78.16117854876912,-82.23922853429698,-83.90004558280805,51.68407731076771,-21.0552166137475,458.9671249907025,193.59258232762602,191.78614931422038,64.8869105589607,0.181884765625,0.181884765625
E1044_processed,E1044_processed,20.845516,23.806087,22.290019700333335,22.303707,0.41609155800729486,-1.458619908551436,1.459754581852693,0.00045137171117205663,0.01047192415609623,0.41572638993517014,0.13671875,0.13671875,0.13671875,0.13671875,0.0,-249.93137,241.70645,-14.536565826040288,-15.1801265,67.28684322469142,-234.2025657242431,255.6588401309859,-0.031712867997399904,-0.6170923440993716,67.33719734076092,-268.90274,232.97757,-12.81016949638274,-11.189061,77.90831460171839,-258.5413125326244,244.5664242702937,0.015366525655541446,1.469202993957905,78.02092638222372,3752.1479,3910.2004,3838.8673294499995,3838.7793,17.8757418413242,-174.8317572644552,160.0303622593998,0.1211008786456084,-0.7346771796233931,45.11553009494063,-193.9335849262658,170.7565596938806,0.083835003238597,-1.1346798964829434,57.99028577848909,-285.7366782844267,49.39941230448616,-120.89934695426678,-121.10740469302445,52.64022196477754,-310.7116889331062,84.63330615090476,-125.88300735044221,-127.6966634742482,64.6726443757845,0.2008056640625,0.196533203125
E1045_processed,E1045_processed,-16.227905,71.064751,1.9296646162221667,0.0,7.34075033290098,-35.24707192957371,34.95075282006022,0.000510330828791904,-1.4081409393248845e-14,1.8941908411018764,0.0634765625,0.0634765625,0.0634765625,0.0634765625,0.0,-216.23938,219.15892,-15.013119477528697,-15.274418,63.80602342853015,-200.1519367547133,233.3325200048435,-0.011592885509266302,-0.2364217147705592,63.81470617198164,-303.21555,251.20432,-13.427231037326784,-13.0197125,72.39283579290998,-290.0289084331004,263.1880664559993,0.08676370034139097,0.5580882659441112,72.36311715345695,3752.1006,3928.0259,3837.9744478888883,3838.6882,16.70699091523832,-130.0443649885477,139.6232372637888,-0.06475810405844301,-0.2847306070462121,42.66239609174036,-178.8565143907115,205.5198406505701,-0.15732572497003972,-0.5176795576994054,54.15875346704335,-109.6538651786487,202.3552079989943,58.857485512115694,58.20922681256036,49.905434997976705,-95.10829881689405,317.7816808933778,92.2122080378664,91.67792291265074,60.075547578176504,0.1873779296875,0.2032470703125
E1046_processed,E1046_processed,20.823421,23.783993,22.345156021444446,22.347893,0.3954072989722122,-1.569518301078903,1.399914691730096,-0.00047675363070905785,0.007264762398589628,0.39507362713940114,0.1513671875,0.1513671875,0.1513671875,0.1513671875,0.0,-256.56094,217.55261,-14.954515681289415,-13.450775,62.020982262477105,-238.9878210627008,231.823200190193,0.05807304016212922,1.5342547416837946,62.04681547476264,-341.01682,331.36539,-13.782326719762683,-12.6957255,72.34472257479526,-329.4137968169404,343.0034881107849,-0.056844936392342005,0.8720641539956162,72.40415248114243,3712.8103,3956.5806,3837.408404316667,3836.9155,16.267286653733496,-129.1607732309578,181.1732935256197,0.06149300018306469,-1.012634836655838,41.33086931264426,-211.4458831582384,218.5809796671897,0.11796636725424443,-0.017233352083636966,54.53507750231074,-179.6448754008532,163.9750141028062,5.483408842710301,5.67598987818481,48.353703728437175,-364.9202506999949,126.9708567303046,-163.40636666181962,-164.20516303954224,60.1006182744288,0.1934814453125,0.1934814453125
E1047_processed,E1047_processed,-16.227905,70.976379,1.940660390906495,0.0,7.386932870420006,-35.27032908220546,34.80844348364967,0.0005576370842077232,2.151691156691596e-14,1.8859681502493728,0.05859375,0.05859375,0.05859375,0.05859375,0.0,-218.09181,180.48407,-15.060043937038861,-13.524797,61.422521382695585,-203.6362788677862,194.7974104793382,-0.09369520993921679,1.323711053334517,61.501646693989265,-250.13486,247.71599,-13.78094903616631,-13.634426,70.68066860539516,-236.9041315728545,260.4609943645165,0.09462120058962911,0.2921373776271707,70.77756011398701,3741.364,3915.5508,3837.128988060447,3836.9409,16.145400798627353,-120.1725847734005,127.6750336524285,-0.009774364167829966,-0.3339861796820855,41.57430705913546,-256.5386844396339,160.2282617798729,-0.1923347421580156,0.4858672475731893,54.802581847392425,-166.7322885846765,151.7055197758535,-7.00425399093158,-7.475591077755479,48.5807699302269,0.0,422.5102058907484,223.18768428455306,221.1541819517512,59.52992989539697,0.1727294921875,0.1727294921875
E1048_processed,E1048_processed,20.955986,25.838715,22.418318667481525,22.414177,0.41171119135680506,-1.452549192904971,3.302992061002858,-0.0010852033523471524,0.000524652482180997,0.41141056733658027,0.1318359375,0.1318359375,0.1318359375,0.1318359375,0.0,-203.7598,206.41292,-15.241543555632214,-13.374535,61.10641214286879,-187.965624961097,220.0124852682836,0.05900778317996791,1.853407000645655,61.153212308348394,-267.82269,269.43124,-13.998430150826437,-13.203016,69.02764722574135,-254.2185164665748,283.1372139205715,-0.09767232836067137,0.4959033987378092,69.0616233085265,3723.4778,3928.8384,3837.0996364131342,3836.9082,15.897661526283503,-122.4957575309027,135.2060392067189,0.042622452696286534,-0.8770630393455399,40.88198388202034,-191.7040209346114,182.1435303260833,0.14367730697290437,-0.1354066698646479,51.76908054675978,-184.123573376255,130.1266822562874,-1.9636578504872682,-2.605094151989782,47.69792906826692,-322.1974463226672,90.12893601786149,-134.51182363855307,-135.3323601005957,57.00438724051003,0.1959228515625,0.1959228515625
E1049_processed,E1049_processed,-16.227905,70.888,1.9381052670060566,0.0,7.36233772753281,-35.23404999825181,34.77913269518554,-0.0002918916813697326,3.031599717373683e-14,1.9025195089017424,0.0634765625,0.0634765625,0.0634765625,0.0634765625,0.0,-227.6346,204.55275,-15.749793481069757,-13.405986,61.116977692515825,-211.2526991409865,219.5201979376253,0.12812213886883564,2.27445543098,61.32471810858487,-269.69513,250.39731,-14.543564596936873,-12.466715,71.19809626009547,-253.9996929263042,265.4910060775105,-0.03668079168030455,1.917460940046475,71.15683379564429,3734.1602,3927.9221,3836.5915535700387,3836.8079,16.339475351532315,-337.5078781577016,171.0356564027514,-0.2287404680255173,-0.8013864928660297,44.385009492942956,-201.2943451405131,190.3827821932248,-0.002129243578269067,-1.057393472858683,52.9424531240902,0.0,453.2281313499728,302.64546837501524,302.9454391534733,49.24025755350842,-177.8953444749964,240.0726689063316,14.575190868619355,13.06043245564125,58.793341863041704,0.213623046875,0.1708984375
E1050_processed,E1050_processed,21.221111,23.739803,22.443701767555556,22.458363,0.37876212272285803,-1.21465148492737,1.308376522683589,-0.0005195453392615508,0.0034302706739453154,0.37800211565953185,0.1416015625,0.1416015625,0.1416015625,0.1416015625,0.0,-212.24112,158.21655,-15.978111740970984,-14.09339,58.994871150264025,-195.7912797172373,174.9079077154077,-0.005543212166021059,1.8781225620227116,59.002026685026806,-243.96773,213.66615,-14.815749028290208,-13.3864915,68.1903031667126,-230.7645893829343,228.0010618225791,0.15210937437950917,1.5509492508691325,68.26483085441258,3761.7427,3900.2654,3836.314860777777,3836.6875,15.213190191115293,-108.3603298553511,126.6463032267177,-0.009529887088826768,-0.13194170505225936,39.15759496414895,-219.0567304360414,163.3780279588626,-0.11226026574949258,-0.24342376002590885,50.32877491719534,-116.2382055958428,161.2759034928056,24.83887770522002,24.268722992768804,45.88979105984451,0.0,450.1997890411857,252.4200165169058,250.90257926729686,55.91955545557876,0.1934814453125,0.242919921875
E1051_processed,E1051_processed,-16.227905,70.75544,1.9390480620485582,0.0,7.366887691499665,-35.22231298412048,34.6561236043964,-4.098175721767265e-05,3.267674475957612e-14,1.8948676139494856,0.0634765625,0.0634765625,0.0634765625,0.0634765625,0.0,-206.67136,192.07449,-15.926022855608235,-13.771199,58.769195972259645,-190.321672146863,209.0265535948922,-0.0025151315812098948,2.046062021516123,58.77027528983831,-297.84082,217.15009,-14.963696905983017,-13.529595,67.67405363088345,-284.3478700992009,231.6724016429543,0.10318812869787397,1.540574844303865,67.78338904485571,3734.9744,3917.928,3835.8518105450307,3836.6064,15.079992855840377,-116.4637352454069,111.9434070251182,0.021504034503236423,-0.7780628943684533,38.31343639708086,-159.8749245944099,196.5573068807126,-0.08295732981286733,-0.6372317905253269,48.29912404540389,-96.81848999637559,168.7337111914634,39.785725099352206,39.96656105129359,45.49068818796559,-144.4510230483905,264.1627506807856,48.12336147907436,47.66553645735375,54.658640497784845,0.2294921875,0.2349853515625
E1052_processed,E1052_processed,21.088547,23.916553,22.4629150588366,22.458363,0.37565788728312205,-1.371319403258818,1.480499786487628,0.0012183200451678917,0.005020073812523423,0.3757584963270348,0.1416015625,0.1416015625,0.1416015625,0.1416015625,0.0,-280.43726,192.85025,-15.66158707208982,-13.424001,57.44914391770185,-264.6128448101389,209.1368549821832,-0.15858998966811957,2.009222837446057,57.59007890468177,-250.39122,211.25084,-14.832077456477021,-14.431211,66.77514863683633,-234.8929286895604,239.2754388637364,0.2112087440850047,0.4112375662061609,66.94811102964856,3758.2104,3910.0378,3836.5050532974055,3836.8213,15.042994184015482,-102.9635744544358,140.7589273286053,0.11819831871196768,-0.597952409519884,38.292762672969765,-360.9762708174765,199.5735633991048,-0.2797884715092956,-0.8979044165680397,51.72887933521713,-304.9744651990681,3.280725600568681,-138.4829463477555,-138.6873300783028,44.96252739703273,0.0,510.4952348056447,319.6933716748795,318.1229280558262,55.68907444734492,0.189208984375,0.189208984375
E1053_processed,E1053_processed,-16.227905,70.600777,1.937886839561309,0.0,7.363914750962009,-35.21054986112057,34.49761218564956,-0.00023894852120699082,7.299098206099287e-14,1.8925117619109826,0.0634765625,0.0634765625,0.0634765625,0.0634765625,0.0,-213.02116,195.24384,-14.882755195057545,-13.3918,54.474365490024645,-197.667261982707,211.1265596258252,-0.10891891796315316,1.478227599209674,54.54280375406608,-229.19366,214.98634,-14.643470743564048,-14.129819,64.1055649774263,-214.6682284921563,230.1630539013497,-0.11846964093044261,0.4101941307210026,64.2126807968793,3770.3977,3896.4219,3835.941199066615,3836.4507,14.223404409044528,-141.8595594401592,280.576356045663,0.19993346287167038,-0.6876089332316919,38.887173081176144,-170.9363465059997,197.0344027989957,0.13590354377991776,-0.6745487057621986,49.95788250698043,-349.953760335845,0.0,-186.7831754767902,-187.116676813382,43.28295603439245,-261.9973943166924,89.41301757411799,-94.17663812279895,-94.9159697101181,54.0890839652307,0.17333984375,0.17333984375
E1054_processed,E1054_processed,21.022266,23.761898,22.447357081055554,22.458363,0.35857372464433557,-1.441244972723919,1.288551521337757,-0.0005724647943223857,-0.0019990938910330915,0.35783361808629915,0.13671875,0.13671875,0.13671875,0.13671875,0.0,-200.81689,160.57112,-14.738634662537414,-13.2766615,59.23927327165819,-186.4391273577966,175.7030174911077,0.11583227286448167,1.509101092935472,59.296163072296906,-247.95377,213.64233,-15.027980846895028,-13.8422965,68.58773733515386,-234.1283464908011,228.3387122083446,-0.13623503631338027,0.9806338528269545,68.67563168494763,3741.7625,3912.3459,3835.2067028888896,3835.5073,15.273142653035809,-146.7982415016612,110.5919696013206,-0.09611405484820121,-0.8252523504970476,37.76870711161336,-180.2239389979156,251.8064072183542,0.20322416078839617,-0.5139159991951683,49.412596981642864,0.0,282.2841756969922,162.30370166729676,162.18996196075864,45.10709416313158,-393.8431051821259,0.0,-232.4771063962718,-232.5659680828179,55.356828780205134,0.1873779296875,0.1873779296875
E1055_processed,E1055_processed,-16.227905,70.401939,1.9323091259274443,0.0,7.330755848764295,-35.15611690943398,34.37057407399756,-0.0005043990669096925,3.111207431046523e-14,1.9104134410099636,0.0634765625,0.0634765625,0.0634765625,0.0634765625,0.0,-215.41034,205.06425,-15.098694251945895,-12.9556425,57.388307924081566,-200.5765881752016,218.9782430336516,0.05506920816911359,2.0926237464848567,57.3938860078478,-235.89064,225.97469,-15.493597226734837,-14.7929455,65.17222943363723,-220.3344451027943,242.4558916092349,0.10075532797807442,0.6672431593050652,65.2080553579008,3757.8862,3914.9966,3834.216158044444,3834.5951,14.437498576098957,-120.5450386702004,115.8062676504036,-0.05388987401989842,-0.7221718693353694,36.27163058379781,-137.0672218374648,155.3376403052625,-0.04696218653854229,-0.2531820179262019,46.69809880947674,-67.62356666708466,221.1966963016551,94.53637315010207,95.03330078561112,43.379209019404925,-60.02914542480537,283.5689496404077,108.56087999834304,108.2559310349652,52.624716599146446,0.206298828125,0.19775390625
E1056_processed,E1056_processed,21.199017,23.607243,22.40622655891994,22.414177,0.3253716065766978,-1.200000179763785,1.210650525472845,6.002500594051435e-05,-0.002629825136000401,0.3246810849222055,0.1416015625,0.1416015625,0.1416015625,0.1416015625,0.0,-213.02226,170.79393,-15.104501644853704,-13.518085,55.68604703417273,-197.0607542126503,185.3334902319158,0.04597107844485767,1.568019221812317,55.69737011832197,-240.99425,228.12378,-15.780400244720983,-14.991153,62.90818175970947,-226.2813510187829,241.8060431359664,0.10802255241041292,0.8986277572196251,62.99795918157685,3764.1565,3900.7588,3833.8472723095733,3833.7217,13.636538919052136,-106.9797389180448,114.7198292193851,-0.06615225478295048,-0.5609041206531913,34.1428045838811,-270.4396975084966,153.3240422648086,-0.1809853619866051,0.1355746230769448,44.813979309534815,-7.624299148908769,253.8500812691352,130.21876437360365,130.1082784638374,41.267554451664324,0.0,372.5212727185178,182.54276153828505,182.9172875548803,50.37211252235155,0.1934814453125,0.16845703125
E1057_processed,E1057_processed,-16.227905,70.291466,1.931646308027889,0.0,7.344774102726143,-35.19969495150289,34.17928407034871,-0.00047643061079626086,3.127696643711689e-14,1.9002246668036145,0.0634765625,0.0634765625,0.0634765625,0.0634765625,0.0,-221.5183,183.89999,-14.714007015651971,-12.5872095,57.437148277615044,-206.6607439524795,199.9125382421627,0.1340577007132891,2.312454619849971,57.535692325355,-230.27451,205.07263,-15.504307289156603,-15.08397,62.50561008961605,-215.4660187900919,220.525627682953,-0.02958701256484494,0.45201568073046405,62.49700969609297,3767.6953,3909.7664,3833.646898183333,3832.9949,13.633463569851578,-111.0595247730981,158.6401719054485,-0.07015236551331755,-0.6147799294266854,35.95972738793796,-155.9400388196341,137.2234727039063,0.017087423346268935,0.036152114157550486,45.37206579732445,-28.7374980144783,242.4865622534135,113.3327936894406,113.78859957094076,43.324902465527515,-192.3368968106456,138.9401021194291,-32.35086686233809,-32.27473046970954,50.774846618817726,0.24169921875,0.196533203125
E1058_processed,E1058_processed,20.978077,23.850273,22.331946371944447,22.347893,0.3696901265949143,-1.376887022710183,1.500777246939714,0.00022824050468134462,0.0040804446358145615,0.36876372118624307,0.146484375,0.146484375,0.146484375,0.146484375,0.0,-233.44542,173.23495,-14.471924223658128,-13.2081595,58.25250824411518,-219.9179473739057,250.6833513609524,0.24028523531970525,1.4024678793044734,58.48020666552464,-209.61768,194.82141,-14.930986137888427,-15.0042105,63.27542143281743,-194.7428389471891,210.0110124022944,0.012777653561841735,-0.08760721466880494,63.33848988345247,3777.4067,3911.3596,3833.7485451944435,3833.65235,13.740266019927512,-321.8053374028036,183.4199470185772,-0.25575164096230624,-0.7896163606970887,37.60622198472197,-172.696632338347,146.0250865850056,-0.052970906833045575,-0.6201535447679127,46.200386248312576,0.0,429.0845958994067,250.8448368420501,251.22085571886646,43.95867642045453,-58.98743282178813,283.2461744619787,102.26180554203503,102.25129134700401,51.38137018589565,0.1837158203125,0.1837158203125
E1059_processed,E1059_processed,-16.227905,70.181,1.9210897664034443,0.0,7.299923669814577,-35.1490741950406,34.14283938699439,0.0006593593086609298,-3.882320227814897e-14,1.904632846803492,0.0634765625,0.0634765625,0.0634765625,0.0634765625,0.0,-213.02631,180.703,-14.21966405294522,-13.060748,57.457083557836874,-198.3219244906173,194.0106204779015,0.0021071156893074645,1.171901549495772,57.48307453318137,-236.43216,203.98924,-14.610838327511628,-14.2053365,61.12273434921667,-221.6030476150671,218.255614528496,-0.055547057003952446,0.2985587934959905,61.14152702469836,3769.5178,3889.1082,3834.1650204277785,3834.5496,13.46195790230068,-101.5289766970338,108.82202134266,-0.03201729207013121,-0.16437243637454735,33.61518360187836,-156.984215571336,146.0134600067134,0.08748993997513357,-0.211531701604712,43.92701071882961,-226.1624886436829,35.42244818973817,-100.00319499164786,-99.80750955718915,41.81894364817281,-253.5254696873118,72.70002860825093,-98.30707047562716,-98.79817758812806,49.20248587690727,0.25390625,0.1873779296875
E1060_processed,E1060_processed,20.867611,24.932869,22.27563261258959,22.281612,0.3792310062863059,-1.39726728709084,2.584898190373988,0.0005932056742445048,0.002775456136478505,0.37849288766794426,0.13671875,0.13671875,0.13671875,0.13671875,0.0,-223.1031,181.97069,-14.016737058574348,-13.706619,60.13702698846877,-208.4145582420482,196.6338945095423,0.028952036809491894,0.3905171208885569,60.12614541887927,-238.5731,195.44244,-14.561360102319059,-15.235435,64.65405680066277,-223.7774228684935,209.6333686757152,0.016390780226864674,-0.6681232564771538,64.6562899791781,3763.1792,3896.2214,3834.5544758542137,3834.6177,14.691514894494519,-109.8247380672263,113.4544465092491,-0.05595569283741966,-0.01718600893680389,36.50101021789399,-143.6533468711435,163.9338705576601,-0.006258342506924551,-0.4247955115409408,47.86064421976758,-144.718812468221,131.0229736886156,-4.121705599238978,-3.254384873623204,44.41661783478788,-206.3687380951701,136.9035433909393,-34.96723717971382,-35.69320201564511,52.90801119250466,0.2545166015625,0.174560546875
E1061_processed,E1061_processed,-16.227905,70.048439,1.921983334542586,0.0,7.319925667803881,-35.19917952582188,33.91717487184867,-0.0002336703202825136,2.680426818092648e-14,1.8929548476552525,0.0634765625,0.0634765625,0.0634765625,0.0634765625,0.0,-255.99471,217.53476,-14.033543793270656,-13.421885,61.24606568810356,-238.9765388901584,231.0834865214441,-0.03789837447565325,0.4811389048867314,61.24148123615104,-246.88113,238.04247,-14.68210508533138,-14.35006,70.03437206938636,-229.0011163495548,253.2741564810508,-0.04664570137328374,0.3033649482431748,70.03647767904151,3731.0427,3913.1755,3834.581203844658,3834.6348,15.47776043697824,-125.0361017380947,121.363777558342,0.030582697806017106,-0.7192287784674534,36.75522115423625,-165.1805679196939,162.0048937040325,0.053849451770497984,-0.5995679612962519,50.3894311699453,-193.5786007376063,86.50847065753992,-55.4080765056708,-55.67368889073987,45.09873693095876,-225.8423656564257,153.5029429085179,-58.197728661984,-58.62708673340823,56.46798429415913,0.2496337890625,0.242919921875
E1062_processed,E1062_processed,20.712952,24.490993,22.220837835555557,22.215332,0.3619013948576353,-1.48016616419657,2.221965651668087,8.149650059246868e-05,0.002305091687679612,0.36097689156571783,0.1318359375,0.1318359375,0.1318359375,0.1318359375,0.0,-249.88963,184.53065,-14.065146336768146,-13.543136,63.456569633675045,-235.253582229234,199.0200641024331,-0.05851499695668238,0.4660137682756389,63.476743168261464,-268.32898,247.14543,-14.850413539231587,-16.1880905,69.24740287337389,-253.5289973086257,262.6272499649904,0.014930594446760299,-1.2577127713509104,69.25269134319115,3753.3147,3907.8108,3834.7719659111112,3834.5701,15.299323724749435,-105.0791786316254,117.5254943971743,0.053993289641982425,-0.4885531656759738,35.91146194283379,-162.4133238985056,152.7896013658125,-0.037815711122115264,-0.12112352379161176,46.68282538451197,-254.3062349557897,24.31574971607325,-112.32023493375027,-111.8361928158791,45.65862562618735,-108.5321747051778,249.8952835639243,51.0982656633818,50.879223092003826,54.283077275509406,0.2459716796875,0.1983642578125
E1063_processed,E1063_processed,-16.227905,69.893776,1.9172718295467224,0.0,7.288134740103318,-35.12921545218803,33.84389564101399,0.0025818556305413636,-4.0284904874082906e-14,1.9132803769973752,0.0634765625,0.0634765625,0.0634765625,0.0634765625,0.0,-215.93381,203.20059,-13.936691989945368,-13.805637,65.4572365435935,-200.96723631316,217.3412088439436,0.06165649031603868,0.13932563471863513,65.48370809144184,-265.37247,225.70068,-15.009202670775743,-15.157042,71.04905185263675,-250.5256384807984,240.691351178214,-0.08071940239654748,-0.38591978070774413,71.09325206594838,3757.762,3905.9656,3834.6152480555556,3834.5413,15.716796886567897,-112.7973864227673,127.9922895074208,-0.021094497184094507,-0.5768182186624973,37.241795779972435,-152.6336567880855,154.5522949899638,0.0645468241470094,-0.03343692166740375,47.71169270591794,-188.2739901502447,127.0954927236467,-8.843767005930754,-7.869227489055012,47.72737104128138,-228.0489055692968,125.1415444011611,-55.66716758836261,-55.4550608922342,55.972816491961204,0.2325439453125,0.2301025390625
E1064_processed,E1064_processed,20.337357,23.717712,22.210954520555557,22.215332,0.36247965746842137,-1.810085387852994,1.596468807222033,0.0007825571223823975,0.005396148686732877,0.36225713468471604,0.1416015625,0.1416015625,0.1416015625,0.1416015625,0.0,-221.24161,228.13716,-13.961869781738002,-14.658312,66.83546766215916,-206.9626960188531,242.481441119312,-0.10526647879979847,-1.040279137815674,66.8671393358056,-312.55197,276.6326,-15.007580991374025,-16.470432000000002,75.93875918314336,-297.5643925637655,290.4299219681818,-0.02027314510735156,-1.461199269825716,76.00601287862827,3742.6096,3916.7051,3834.969831855555,3834.5747,17.005606761053617,-142.5757629986325,109.6635867831471,0.0053737501106333905,0.2552387822737625,39.63984230600689,-192.774910982325,209.7318578312664,0.07705400127878427,-0.8536273394879101,51.29290481799303,-254.1123610425571,63.55510165185556,-95.02422356770995,-95.19271884520924,49.70445607432874,-331.3838523417971,112.3689264296437,-130.08304151167212,-129.24932976109335,60.11168209242837,0.194091796875,0.225830078125
E1065_processed,E1065_processed,-16.227905,70.998466,1.9070593527704314,0.0,7.225765290557173,-35.00890827634947,35.21076218500745,0.0002463153388709674,-2.085685155758813e-14,1.9428275589142376,0.0634765625,0.0634765625,0.0634765625,0.0634765625,0.0,-253.60274,273.23309,-13.389079087520125,-13.976148,71.76932081848834,-280.7072066296767,287.1163258590349,-0.17176684687562493,-0.7947532488769191,71.88449187733539,-311.74564,273.6821,-14.270903620139274,-14.76564,77.29829516971118,-299.0789130125922,287.7709841901609,0.04684212471283478,-0.03345812563755857,77.28593063916927,3755.9756,3913.1094,3837.0445290571697,3836.3276,17.710994559198898,-187.8994843577199,285.3950012130242,0.19764954500978663,-0.3625187843465021,43.4161061998251,-173.6880794031966,180.4003172073643,-0.0969494256853513,-0.8734847014558724,53.862223987711964,-482.9282463510219,0.0,-279.30666988297133,-279.6046301798246,53.463110838607854,-132.5550515882802,281.3889280950755,52.02891696938408,51.69411408384971,61.967681437940016,0.230712890625,0.1806640625
E1066_processed,E1066_processed,20.757141,25.993374,22.26166278132815,22.259518,0.3890536763125419,-1.497046077697782,3.528283083858901,-6.985815296584181e-05,0.006743984409241524,0.3877329325727731,0.13671875,0.13671875,0.13671875,0.13671875,0.0,-249.35834,232.64603,-12.851177890894803,-12.479156,71.6366256379277,-235.8543014872358,245.3380523889086,-0.06198406411326261,0.4320160202743075,71.7612221098929,-283.06396,272.87793,-11.341815018737917,-12.476713,80.48855068152521,-272.0136756858572,285.0781914736385,0.07823241194180185,-0.8815874318788524,80.5659591813695,3755.9756,3923.8203,3844.751867163101,3845.2546,18.382339134371716,-128.5124833176896,166.5015006756648,0.03312280279203625,-0.4648971126644712,43.29586590516624,-252.1118748512804,172.0905181801186,-0.1383085713206702,-0.03609832013967029,54.55214275604676,-123.3069317028924,280.7667645612856,47.780516952458434,47.81874174831877,54.010046815809524,0.0,404.2577873894915,197.57069203145485,196.3818619337439,63.59135996077337,0.20263671875,0.228271484375
E1067_processed,E1067_processed,-16.227905,72.2136,1.9089387584157222,0.0,7.233473555665658,-34.92183577879982,36.38467278232916,0.0001883328099754696,4.140469267410933e-14,1.943359427933936,0.0634765625,0.0634765625,0.0634765625,0.0634765625,0.0,-237.4213,232.1158,-10.987546595948723,-10.233515,70.10893876674639,-226.1998165806547,243.0103009865979,-0.1558506527432955,0.4983763607080589,70.28826052327518,-265.1134,252.50648,-5.406040475233712,-6.4312496,74.8786165095923,-260.3808602394902,256.6470968187498,-0.04864440147344294,-1.264463145071716,74.94606307114306,3775.7449,3923.8245,3857.2199545222225,3856.97865,17.21487474953567,-218.3626130940975,333.7201902209181,0.2522047555536595,-0.34974847664156794,43.83388379692085,-182.7308514894761,254.0700455800828,0.17395106139204194,-0.6964521460194568,53.50066582810581,-471.3038075700519,0.0,-321.4714164308709,-321.6991948465135,52.64287787638668,-368.249966930431,6.639430139112749,-180.83426193572524,-179.7748618760636,60.63975538525573,0.224609375,0.179443359375
E1068_processed,E1068_processed,20.735043,24.225868,22.35024528592066,22.369987,0.4116802832187702,-1.597289879174693,1.771114453515798,0.0009461939726161618,0.0076141455092538154,0.41144532242941934,0.13671875,0.13671875,0.13671875,0.13671875,0.0,-242.72647,212.21991,-8.853805079853762,-8.2614074,66.10521377185094,-233.3716792935593,221.5614903936971,0.11536415586896515,0.6597576853117202,66.13415929631871,-287.08484,304.77637,-0.09700973907435832,0.472253825,78.86184604109596,-286.3145467128928,305.8998646784152,-0.027482828034147595,0.5511325397015248,78.81110756550412,3759.5466,3943.4619,3867.928189298811,3867.5774,17.433715506740864,-131.9013341884772,134.6615550339172,-0.1395333663742251,-0.4281754027167821,41.00799838898622,-217.9328707574786,183.5996473997937,-0.10217672555380174,-0.9801891613721097,56.421035805212696,-28.60363108805874,276.6345138695659,127.35519468096513,127.330491621374,49.91583213294541,-213.838115675028,184.6675003113182,-22.485889618469155,-24.038766375136852,63.99761835610779,0.1983642578125,0.1885986328125
E1069_processed,E1069_processed,-16.227905,72.25782,1.931031241696261,0.0,7.3266842202530045,-34.61509931477667,36.00939833518515,0.00014083671432741938,5.380426434202547e-14,1.907795373032786,0.0634765625,0.0634765625,0.0634765625,0.0634765625,0.0,-289.16562,246.71927,-8.148065564871349,-7.5353265,66.31605117957787,-279.8419434236598,256.5995843477119,0.06802082722711807,0.6338302941510623,66.34331996172664,-282.26678,273.69055,2.7461928799835986,4.9792862,76.69105766474334,-287.6219069810098,269.6343074466585,0.031029270725742176,2.269778496879285,76.72831231862754,3773.8313,3947.1396,3871.9897160397804,3872.1262,17.25231782261426,-142.5801746631874,138.7654903180454,-0.04364132503695312,-0.8347798032765077,40.2188608035573,-169.1895732655416,176.6465437973101,0.06379829070575288,-1.126811964965505,55.23447103549173,-183.3045897861809,150.1789519889212,-15.13865301529465,-14.88710616681854,49.771284054681,-242.6094027210213,146.2209189304981,-55.31868996336443,-56.07021028428962,62.50928388778308,0.21728515625,0.189208984375
E1070_processed,E1070_processed,21.154827,23.695618,22.486874313444442,22.480457,0.3896165741658692,-1.336667082860443,1.198326967309426,0.0002880993884306437,-0.000714425856315419,0.3883970129194268,0.146484375,0.146484375,0.146484375,0.146484375,0.0,-263.16672,217.00642,-7.650672353962123,-6.22786905,66.02703858791779,-253.9925566147625,225.4009839792895,-0.11404959038476227,1.2852722624634003,66.05759100617756,-210.99133,243.69765,6.779522285385772,7.1293693000000005,71.61731783095829,-218.469035313069,237.124340720461,0.02501483684680748,0.1849787045452378,71.58926206202625,3783.176,3952.9976,3878.835186427778,3878.8696,15.918599259594775,-112.0907923762211,113.2552804467922,0.032366118910019136,-0.7550793707171337,39.63149569145746,-178.9671462376711,160.294493628156,-0.09875562018384947,-0.35550277809224085,51.25806847245906,-283.1610818777114,5.039616655054109,-132.39333335343198,-132.7378845767565,49.26191891859742,-129.7131016543456,211.8923762461397,36.9618770745143,37.14719835146933,57.93467836614938,0.22705078125,0.1776123046875
E1071_processed,E1071_processed,-16.227905,71.617096,1.9280499263837223,0.0,7.263626891687816,-34.13856091889467,35.62353387295498,0.00018431867785279415,-7.637147011521217e-14,1.9571107232315965,0.0634765625,0.0634765625,0.0634765625,0.0634765625,0.0,-224.46048,222.33792,-5.713804007120389,-4.035471449999999,63.70875937734809,-219.2073285646318,225.8328635001519,-0.11586406707872499,1.4971187430102981,63.78080307544688,-233.51353,287.93747,13.47192330454209,13.960514,72.07470385393044,-247.5652878042819,273.5811575935172,-0.026154714000134877,0.6117792187676248,72.08369651194381,3799.4722,3965.5576,3889.7321773944445,3889.656,16.083245773794943,-170.8326245883115,220.7385842802989,0.14868039778657208,-0.9182833771654488,39.32638788296438,-160.7242249410286,167.5910206771068,-0.015933551729102526,-0.36974943636043545,49.63811557639404,-297.1092374570592,1.832838027358359,-141.08753403728267,-141.00287252055335,47.760785651241584,-139.1243520816795,218.8263165790353,30.348973278254736,29.387019570747867,57.451845656016246,0.240478515625,0.20263671875
E1072_processed,E1072_processed,20.558296,23.982838,22.654184614000002,22.657207,0.37924426850549986,-2.135324800168721,1.32461323977854,0.0005775513683492829,0.00025233099815027277,0.3781136139216092,0.13671875,0.13671875,0.13671875,0.13671875,0.0,-264.78906,215.453,-3.737615368252788,-2.21001755,64.62502237713703,-260.5997689933679,217.9857077389663,-0.08926917417067871,1.2706027460981884,64.65969247553612,-229.76636,274.80466,19.271355705545357,19.799351,71.51212281301476,-250.3414656523597,256.7961877160025,-0.02995136537244164,0.523981316580322,71.48501598085738,3808.6392,3972.9504,3899.6710136944444,3899.6196,15.807548388312506,-148.107633931941,154.9198981314328,0.1217865435492234,-0.4278713657731317,39.11811077965744,-185.5304077128945,167.9375308592196,0.07254734134904543,-0.4593550278382663,49.0746997411696,-297.7904885410264,0.0,-154.28161710361408,-154.47058155894314,48.08733794099194,-229.1856303852763,169.649932667436,-34.31912821899607,-35.848925924427625,56.79705450350595,0.23193359375,0.23193359375
E1073_processed,E1073_processed,-16.227905,71.595009,1.943758577859318,0.0,7.323541284526281,-34.24264464009499,35.44573490994699,-0.0001696413286716558,-2.822422388260548e-14,1.9311984632287253,0.0634765625,0.0634765625,0.0634765625,0.0634765625,0.0,-236.94699,239.86572,-3.272642321579603,-1.25852575,61.812201345698924,-234.8411267624097,242.3711107118106,-0.03649628229217593,1.925207478415059,61.82750981775894,-200.83858,298.96246,22.172734908966532,22.661973500000002,68.05278164576973,-244.0342471263262,271.9662584362003,-0.0793768542087595,0.30931046020186503,68.0539197523497,3808.667,3975.0342,3902.818962379153,3903.1785,14.855742357841226,-118.2338473442095,123.9639136943768,0.06851045249062582,-0.8915370551542754,37.09323623829879,-157.9909482834792,197.2969183749959,0.11739243070625853,-1.5489110377613233,48.84261455563794,-239.3271719273684,66.80313503075084,-80.41832615696359,-80.2791940223519,45.59879327631256,-335.342263774339,42.64052990945797,-148.74253193741183,-148.2996500158392,54.72109534094086,0.240478515625,0.1708984375
E1074_processed,E1074_processed,21.486237,23.960743,22.79018062420134,22.789772,0.34428821136624377,-1.253081195581461,1.181285926416807,0.0008191494927162564,0.001027062097571002,0.3441953543349647,0.1318359375,0.1318359375,0.1318359375,0.1318359375,0.0,-215.2103,203.52698,-2.393059974876656,-0.080269061,59.62759923221316,-213.4636971176559,206.730946231938,0.030623917468993653,2.231370669151143,59.62180459541898,-179.95485,276.98584,27.135005107877564,27.984768,65.79850866438905,-206.7664648742912,251.5862507039698,0.18297205785549625,0.9815484753212331,65.88543968947292,3838.5083,3967.1165,3908.007307600422,3908.3083,14.527025451032316,-120.5641936043456,109.5039608021331,-0.06983076247736769,-0.3266175629056001,34.95149750961706,-335.0497155617613,221.9470975106206,-0.22453056139327549,-1.296278641321329,45.550278651758504,-117.7803950538943,166.3233619570666,36.02922918354639,36.42473580493217,43.53179693877626,0.0,465.8149176884345,292.3266440896204,291.5768624875244,51.58537296671685,0.1934814453125,0.172119140625
E1075_processed,E1075_processed,-16.227905,71.484535,1.9477183304972225,0.0,7.33859950651581,-34.25654791799125,35.33687384973533,0.0004039217853299636,3.321288074302337e-14,1.9392935342812117,0.0634765625,0.0634765625,0.0634765625,0.0634765625,0.0,-201.17841,190.43935,0.010998706357031198,2.50369205,59.88737104674562,-201.9136644289694,189.2182438611302,-0.09109960308022758,2.226342889037533,59.93795941283125,-180.28165,256.92398,29.944294211449282,31.238468500000003,65.53359655259585,-255.4459828863746,225.0484721670144,-0.20548895739226478,1.3003477603634424,65.69162554786818,3827.5381,3970.3713,3912.906007088889,3913.1785,14.370699664976915,-102.1021166176628,125.3985019615588,0.050593873300750915,-0.7195432372043378,35.31399217241168,-159.7032027167785,284.3132192146415,0.14532814143119252,-0.4078432248439956,46.55683115510693,-196.7438040127834,90.64889413928562,-43.697405184086264,-43.71976996046317,43.96320154658845,-470.2781465388413,0.0,-320.47701523464883,-321.90571796791573,52.500279446809664,0.235595703125,0.235595703125
E1076_processed,E1076_processed,21.596706,28.35741,22.84988754158564,22.856052,0.3423779145829543,-1.253885212963097,5.228921989082641,9.179544205038233e-05,0.001983986332461753,0.34068755870234013,0.13671875,0.13671875,0.13671875,0.13671875,0.0,-209.93892,197.4128,1.0637189394049391,3.5198274,58.77401310829513,-211.0218342692545,198.0438471241713,-0.018573055875906214,2.364849821792836,58.76650543919132,-223.93813,274.3577,30.801696168776864,31.830812,68.3441565158474,-253.8618170784574,242.7580442123439,-0.028950216027444617,0.7575665776580109,68.4108783221339,3811.4812,3977.6221,3913.978826362576,3914.2046,14.967656598699103,-109.1410583512854,186.1089999914024,0.0978346533477663,-0.4676883293781273,34.826378147259675,-146.2919333532791,166.9709688827687,0.09224790088954822,0.09376467801754274,44.879565288990385,-217.7903418964528,81.29862297702765,-52.995489125651275,-52.49144210555117,42.89486988503784,-326.0586300974164,31.8585056909348,-155.89321530422532,-155.8968677693599,52.766937888442854,0.2593994140625,0.185546875
E1077_processed,E1077_processed,-16.227905,72.12841,1.9434137348092777,0.0,7.309759155990811,-34.27114832030754,36.38797755433225,0.00043609248840404937,-3.014103313267448e-14,1.9494376740801715,0.0634765625,0.0634765625,0.0634765625,0.0634765625,0.0,-231.70813,186.28224,1.9089357861256055,3.78481255,59.717119319924464,-232.4104913783724,184.3760130674459,0.056137805990392975,1.7479667300438884,59.85430552698787,-188.39449,271.15369,31.602421719490565,31.675784,65.52838541874985,-221.6022811696573,239.9221486536596,-0.029101657052142887,0.15282669792917725,65.55481312966626,3809.6948,4003.7395,3915.584213611111,3915.991,14.601099403160111,-107.1117840130738,113.4731434932101,0.0337627506004816,-0.665921324191614,34.733640708793246,-143.6020174796442,153.9866614848223,-0.022970159696159113,-0.6908148421861657,45.938044549218446,-248.0653749279269,98.67331251074346,-82.19228829393812,-81.22963211226883,43.469600596928814,-100.9682141655015,238.3704354110212,53.524423877339935,53.03577519035797,52.13016209704782,0.2423095703125,0.155029296875
E1078_processed,E1078_processed,21.445431,25.068165,22.838648665425858,22.835754,0.3668310726033932,-1.415229320722834,2.154445779961191,0.00038475095448546815,-0.00348267123141982,0.3661107485818724,0.1416015625,0.1416015625,0.1416015625,0.1416015625,0.0,-229.05846,216.05283,2.002823841520123,3.781059,59.482113108611884,-231.5244181184051,214.8363441314634,0.053858065908480954,1.88138171087347,59.46752352750901,-207.04918,270.07147,31.991172862173173,32.860634,65.22918581385792,-239.0307350183422,238.9293367224466,-0.09294430523723017,0.8176075213820049,65.30893496665834,3798.1484,3985.7334,3917.814582021223,3917.9873,14.356966373605662,-124.6641441128161,128.2629824742987,-0.1173265890932079,-0.6104235355715169,35.17216716688673,-151.5639934413707,145.2620869825109,0.08937774004627246,-0.7042244135850879,45.294550785399466,-115.2503857071777,177.0039762340931,23.91047620414105,23.45692490406417,43.46860638770406,-182.3690791510308,207.8454056949201,-15.821175327392728,-16.30366660479997,51.82895618211182,0.2093505859375,0.242919921875
E1079_processed,E1079_processed,-16.227905,72.131363,1.9485417435566001,0.0,7.337942944050604,-34.456953191627,36.23566663530845,-0.00046152962988748214,3.511662930702527e-14,1.93568742698911,0.0634765625,0.0634765625,0.0634765625,0.0634765625,0.0,-204.37161,172.24515,0.5852678405628611,2.8896823,57.406143463812285,-205.2804793529027,172.7479417714608,-0.0794821265173192,2.2213634266834354,57.358736223992,-195.5625,221.79401,29.4401904569503,29.258850000000002,63.89373614751941,-223.5385352414202,193.5569158515774,-0.15479196460023759,-0.3172445571596789,64.0079775060757,3843.7295,3966.9351,3914.9634340277776,3915.1362,13.628205809242843,-95.85769437495381,113.7128025449303,0.012613685318164092,-0.7420783507861457,33.376908092561756,-155.7110907194366,241.4020912753643,0.1632918871492265,-0.2060378002602372,44.59532884155366,-154.0764049890263,109.4177091617059,-18.887069788756047,-19.12700131629611,41.747629157620146,-347.0267129936299,0.0,-194.77654194798524,-194.8093143659505,50.66001709350496,0.2642822265625,0.1708984375
E1080_processed,E1080_processed,21.578579,24.027939,22.804839694316353,22.813599,0.3329201865123434,-1.239956287581834,1.252955551633659,-0.00018925426615631414,0.005638401088227538,0.3316000631395223,0.146484375,0.146484375,0.146484375,0.146484375,0.0,-218.69841,166.83777,-1.8937969503989611,-0.60107273,53.387987374113635,-218.1709564165308,169.1823561798228,0.1715828343422374,1.454128818299685,53.499778297873284,-174.17946,220.7206,26.793831612785972,27.429836,62.144773210224045,-201.1768925528874,193.1208728167405,-0.002936235640892369,0.6279370455211932,62.13214162606567,3830.2522,3992.8235,3909.8777224679156,3909.822,13.11746766026162,-178.6264654438698,101.3783527015095,-0.10967729037362785,-0.9609575325151773,32.88710711588579,-132.8719940026578,148.4179990568571,0.016517250443394246,-0.6457273051656891,42.79638764171359,0.0,320.8036371919707,206.5540952883604,206.5647897525755,39.8722036959156,-225.5080892774635,133.2387612140359,-34.645582255636405,-34.23792747023693,48.98881949008233,0.1995849609375,0.1995849609375
E1081_processed,E1081_processed,-16.227905,72.083122,1.9447763404754708,0.0,7.3271539885237384,-34.4287653451265,36.15919815680887,0.00045712753928684477,-1.063106936076942e-14,1.932037721300154,0.0634765625,0.0634765625,0.0634765625,0.0634765625,0.0,-165.93683,166.76186,-4.642114703960743,-3.8773425,54.05157782425105,-162.451028194351,170.5578427514371,0.05728846721355125,0.9067614437005993,54.05739243976711,-211.87048,239.49506,21.83427448903357,22.912165,62.3757775617911,-230.9759306722078,217.5679237576024,0.05516823234154805,1.008718563369943,62.589534357240765,3836.5085,3960.7314,3899.8672428134896,3899.9619,13.688332080909113,-93.72120442289476,106.5197123930535,-0.06386130781917437,-0.5053616748315095,33.44479577711929,-306.4115910860663,234.0600471118935,-0.1789208173271279,-0.5248777783119323,46.18710137240972,-109.1217578127324,143.353591073003,24.410883030098134,24.28026820398453,40.77687507708325,0.0,414.0072103164229,247.103187183846,247.1510631216607,50.98293151629786,0.228271484375,0.2484130859375
E1082_processed,E1082_processed,21.442497,24.756729,22.72333879772222,22.723789,0.3354736387168019,-1.291265586422642,1.936032893143269,-0.000984693942421739,0.00554039257609627,0.33544213075145873,0.146484375,0.146484375,0.146484375,0.146484375,0.0,-201.44618,160.97986,-8.078569994454753,-6.80180955,52.76801822601686,-192.6600242085524,170.0095495769445,0.03345867016705366,1.0916936271840485,52.767538070778684,-185.21391,217.77,13.63171707732808,14.174838999999999,62.220273052102904,-224.4526246522826,205.4573109705735,-0.22734962822336222,0.255315490174701,62.45373218100818,3806.1248,3958.8831,3884.22972325,3883.8813,13.678091842809511,-91.84992938214938,105.4149304898765,-0.025859768322224745,-0.7899740611274817,32.73833479726619,-164.7911712235454,320.5687642013074,0.27025693220335406,-0.6199340461961977,45.73969314517452,-109.0335404939376,130.4248198453004,10.37419267191392,10.761445824434835,39.875451227615265,-405.7608058256375,0.0,-193.70403551063686,-194.04705269511334,50.90613910873403,0.233154296875,0.233154296875
E1083_processed,E1083_processed,-16.227905,72.103188,1.951117101221389,0.0,7.399631277060702,-34.7254239663029,35.83742927125778,-0.0001532082342855853,-8.904303335459762e-15,1.8940447252969843,0.0634765625,0.0634765625,0.0634765625,0.0634765625,0.0,-173.44504,192.60143,-10.979353051309367,-9.8490801,50.98924664985116,-162.4140196373561,202.3984622692353,0.014643438727782862,1.1629868651102289,51.09847378941223,-197.3887,251.02534,6.732782510752512,6.39761015,60.19295555446748,-206.6647497973816,240.0664035290802,-0.09040652954379202,-0.22777785217088908,60.17989405483705,3777.54,3941.897,3869.8924195888885,3869.5447999999997,13.430359709544646,-130.8383335103039,115.4215649076217,-0.057213606012241625,0.22792065640366843,32.842220318396926,-172.827197066629,253.3236372719241,0.1856949026371039,-0.007057440682955107,44.17592114756331,-8.699089996340401,286.0422353848953,129.13484947006492,129.24357501751064,39.36321301108709,-287.8107663123073,72.35578833205837,-120.7449413042823,-121.4477128988411,49.06414477170056,0.216064453125,0.186767578125
E1084_processed,E1084_processed,21.199028,23.850285,22.592164429888886,22.590939,0.3329885204149586,-1.390422743773685,1.174346225841885,-0.00022032930121913634,-0.00221345287326202,0.33130001477064697,0.146484375,0.146484375,0.146484375,0.146484375,0.0,-158.7746,155.13174,-13.188972451215273,-12.977235,49.95407489525426,-146.4709059867172,167.6643806398196,-0.0662977465906159,0.09699314899848897,49.96542327131439,-201.36937,207.53648,1.4959042179702886,2.1577328500000004,58.00618227165464,-201.6663577637009,207.7320511492212,-0.06300725839446288,0.4653652992106177,58.052967852426896,3798.3413,3916.2776,3859.965925527778,3860.72,12.403821480121024,-141.5409275654225,173.6450226457002,0.12406515894399485,-0.47252533729184165,32.32240472796381,-166.4883321180868,204.6833559427691,0.11071545135263484,-0.5267654314764147,43.36295621217787,-229.6796665929153,23.31298995072252,-82.34042870979918,-82.4886265328272,38.25571161616109,-302.7596625439724,17.86687301168168,-132.22495127468045,-131.99075780833925,47.81760163713588,0.2203369140625,0.19287109375
E1085_processed,E1085_processed,-16.227905,72.147377,1.9237420588978886,0.0,7.270050497478223,-34.6532739294983,36.25976220638326,-0.0001873148592931777,4.7354228396522553e-14,1.9391562147226573,0.0634765625,0.0634765625,0.0634765625,0.0634765625,0.0,-168.40869,135.73883,-14.124587033930151,-14.3486145,50.079610373292454,-153.8871261172226,149.6807002573694,-0.026319844804809128,-0.2600975220181464,50.11504642909021,-215.02408,199.77466,-1.7568430262841555,-0.6362645,61.07197438928232,-212.4477948122218,201.2596479480048,0.004344175955990863,1.049984486537423,61.04698340018081,3763.0229,3917.5088,3853.8786926444436,3853.6702,13.175533423035096,-99.99966666064736,97.44798037924144,0.01016050000476734,-0.06989421983390809,32.30683691893905,-162.3017456042247,152.0906814172675,-0.010388494178872084,-0.6681886600669813,44.44692349059057,-75.56060213940482,151.6261233950451,32.597517889783795,32.32232577819928,38.77976308287726,-156.7575450093399,190.3461970873438,3.2581813641943738,2.9053178043985484,50.12498693923991,0.20263671875,0.18798828125
E1086_processed,E1086_processed,21.309498,23.563065,22.41608779788889,22.414188,0.31195211900375897,-1.113722571590192,1.184711300806304,0.00040807258063769574,0.004060104956763955,0.3099379993311966,0.146484375,0.146484375,0.146484375,0.146484375,0.0,-179.24159,151.9691,-14.184715063940718,-14.496237,49.41910589536943,-165.6892650508144,165.4647494877597,0.019352323344430777,-0.42637117761184323,49.417565231878406,-206.44203,226.54669,-5.1843802506062,-6.0368767000000005,60.34871299506014,-201.7859476657289,230.432055357465,0.08875823783098885,-1.005564481955916,60.400304313656655,3787.0308,3920.9746,3849.3883815055556,3849.5161,12.73076885733417,-103.5486951079651,108.1311025971321,0.015778462504564467,-0.1699012050616875,31.89336128712896,-192.5545436000241,203.9020066135897,-0.11110128558570474,-0.19464808996776561,44.45502844643155,-138.6700160577878,107.5189145893987,-17.982313604948853,-17.83939153636359,38.17904923016459,-33.92706312684487,307.3436729418676,144.6776978304347,144.92012540626695,49.45455040410648,0.18310546875,0.18310546875
E1087_processed,E1087_processed,-16.227905,71.3741,1.9104066060287224,0.0,7.236036208923986,-34.99730998490968,35.60193189994628,0.0010786927142449148,-2.1598162815802026e-14,1.9415308773967266,0.0634765625,0.0634765625,0.0634765625,0.0634765625,0.0,-152.68896,123.26329,-14.806697285508394,-15.3883835,48.61096401182475,-138.0875406600732,137.8420940109311,-0.09577923873561564,-0.8543685632819011,48.652780176633485,-213.94272,205.63165,-8.025306440973845,-8.022113300000001,59.42144980086231,-205.1836141380184,214.8773441766157,0.15528102196820628,0.05673176756419628,59.46534494347389,3793.2261,3895.9146,3845.190500977778,3845.5176,12.524263615504974,-85.33361172645236,87.68514032998766,0.04608240972065226,0.011912669573534984,31.472776794039095,-229.2612451396597,137.2533583770254,-0.19189423450033744,-0.440042067444093,43.138718151813045,-200.8722103634639,26.24602228705231,-91.98595158394575,-92.53730851638572,37.70729422585298,-12.15527493338855,280.807413093662,125.40061873763129,125.1595814661637,48.277596889359884,0.1995849609375,0.1971435546875
E1088_processed,E1088_processed,20.889713,23.408409,22.272237472500002,22.281624,0.31408673194823183,-1.401215048802953,1.143621468125425,3.94335759916147e-05,0.0038205259366299506,0.31303297078913833,0.1416015625,0.1416015625,0.1416015625,0.1416015625,0.0,-184.48294,161.94791,-15.456588126902911,-15.831914000000001,47.964463358961495,-169.3055960854873,177.6979984945013,-0.0817479957910009,-0.5381116284758019,48.04072382117518,-217.9691,227.62086,-10.635378517387762,-11.261402499999999,61.387988306865424,-207.0959723548578,238.3990497367054,-0.1534134359759788,-0.7578047620411632,61.43589676280349,3760.2925,3896.0022,3841.6428885777773,3840.7222,13.00830290584423,-108.9255970890195,165.5368715370174,0.09988158343420696,0.04352501641801254,32.07804404732769,-154.6774732183698,157.0684959053506,0.059704935901054995,-0.2068775504890059,43.96608407598433,-293.2869249299893,0.0,-160.36338731860127,-160.5361991695744,37.42719396689057,-310.637807900004,9.063114579256865,-168.57801879374554,-168.5503414754151,49.72231654492585,0.2227783203125,0.1568603515625
E1089_processed,E1089_processed,-16.227905,71.15316,1.916336351420722,0.0,7.285118411213053,-35.19492238148237,35.12052301434974,1.5632796363888417e-05,1.4440304142896396e-14,1.912224669747297,0.0634765625,0.0634765625,0.0634765625,0.0634765625,0.0,-155.48175,140.87637,-16.008658900229833,-16.155490999999998,46.58582542724697,-139.9443726501282,157.1312759514611,0.07429859569912076,-0.06382600748662348,46.62966473525834,-200.71629,171.52094,-12.3722201961558,-10.689558000000002,57.4284832863755,-187.4713355505452,184.1039768975903,0.04876119102555459,1.6762247771368235,57.42331977368647,3787.1299,3884.4927,3838.656645877778,3838.949,11.899060743742474,-94.94101462311244,85.8765765538381,-0.054653084775295506,-0.26180535673076477,29.83908463529781,-129.2528689464833,124.1385552528263,0.00865365252516771,0.016494692346091355,39.529754143846866,-71.42059844498172,157.2648201579956,43.37141554383892,42.956801849358925,35.94527439929804,-78.27688408272336,201.1724002077474,62.89895545323986,63.045449780589905,45.62055235703266,0.18310546875,0.18310546875
E1090_processed,E1090_processed,21.088558,23.231659,22.16829102111111,22.171154,0.30741773274845546,-1.075335391251858,1.062907625078228,0.0005840510316385813,0.002588211881313134,0.30690453690518527,0.1416015625,0.1416015625,0.1416015625,0.1416015625,0.0,-171.52403,160.2717,-16.46717732444171,-16.460846,49.219680998712725,-155.0107580351001,176.1424223559856,-0.05748789917392917,0.03069106358153094,49.24140066125255,-212.61223,198.13608,-13.466381268447295,-12.1095845,62.482622277281926,-199.0461476836601,211.2098745892953,0.08596100818639056,1.5532314843987525,62.5065358228567,3765.04,3887.2419,3837.207508316666,3837.2339,13.013726900526326,-110.1154055306039,111.1312447210249,-0.023167763532595552,-0.08608859947715874,31.8997088984028,-117.8019476470247,136.4646288871513,-0.10872280832802002,-0.9503310051659634,43.30690718786369,-140.0948414789615,133.555629911841,-5.717962286704509,-4.791881077007679,38.23579971236414,-29.06242147311046,256.3139218147398,114.2954535342831,114.70457380772255,49.80788676590854,0.1995849609375,0.1727294921875
E1091_processed,E1091_processed,-16.227905,71.108971,1.9105342699876111,0.0,7.269179324415619,-35.19903401584388,35.06394987528823,-2.822259898671893e-05,6.672800952091359e-14,1.9081840659984346,0.0634765625,0.0634765625,0.0634765625,0.0634765625,0.0,-169.34418,134.75691,-16.430470319000055,-16.455882000000003,45.429179381921315,-152.9943487126421,151.2581536078713,0.04234758915300781,-0.009377165558194008,45.42976872964318,-191.06412,163.85902,-13.90762068938211,-13.760904,56.908028015142314,-177.6157427923231,177.7654239469727,0.02281096835741722,0.03303210699488135,56.947299727536866,3790.7327,3881.0332,3836.186871305555,3835.4897,11.841759490358445,-81.36537626959807,82.45402033407586,0.0076423333569700215,-0.19672782463786295,29.482803975475495,-128.8050240642931,122.1707864219423,0.007166266321573112,0.06606487368170155,41.27144886175496,-75.37071486411747,133.2029955058821,35.784017039425194,35.389669794971724,35.24856430035079,-184.7548036072206,105.9919475377748,-41.59580424272725,-41.7261800592988,46.554867679854475,0.2203369140625,0.1715087890625
E1092_processed,E1092_processed,21.044373,23.275845,22.122418121722223,22.126968,0.2870662511399431,-1.076684860139433,1.166950491323807,0.0006938374829789265,-0.001245816810316085,0.28723669097675636,0.1416015625,0.1416015625,0.1416015625,0.1416015625,0.0,-156.30803,153.00893,-16.614212052907334,-16.77688,47.46311788181945,-139.5899249732099,169.7501931693104,0.0031296760351470173,-0.05965218294353125,47.45971882743695,-205.37724,178.67281,-14.175972667737302,-14.0551055,56.49230890289208,-191.3636486929261,192.3127644184054,0.1711222564589447,0.1833187653539401,56.62850479365025,3783.6555,3889.0298,3835.780664633334,3835.3516,11.897233039020024,-85.77888736987265,87.0514926833657,-0.02900789002279579,-0.1966481897089851,30.92767569350566,-297.4844374757357,136.8751454008498,-0.22927001927169102,-0.03311138486594212,42.81244826444203,-124.3837276968688,101.6751717943459,-9.35582893537522,-9.581651930473823,37.015211908043305,0.0,421.2529632786274,256.39772691835697,256.3718994030281,46.83191537206434,0.196533203125,0.189208984375
E1093_processed,E1093_processed,-16.227905,71.020599,1.9141907944797223,0.0,7.299276964155761,-35.25333763480754,34.8939911993167,0.00016208646931282925,2.5919997405414677e-14,1.894412392698381,0.0634765625,0.0634765625,0.0634765625,0.0634765625,0.0,-139.62355,129.30078,-16.75297826163705,-16.697793,44.9761524785184,-123.1611191266263,146.1665029491246,-0.00983719536458349,0.08368500634337495,44.96968327033781,-232.18718,224.94809,-14.326206380297442,-13.577709500000001,55.82759935425854,-217.5128090005321,239.4964552304427,-0.15006940262470173,0.8889267857864067,55.96796450397773,3776.2964,3882.5579,3835.4093623444446,3835.3088,11.340389921968331,-97.39823415021112,88.38395944944492,-0.029358012293426782,-0.041793091153676576,29.763995065130118,-147.6198354114425,143.7569278167914,0.0838621021116469,-0.9503549312480151,42.18445298437927,-67.84125320019407,151.9465642318661,47.49627167023879,47.75618457523646,35.12100731858431,-279.9570717705517,48.46838690114109,-125.87837235095155,-125.10756891785039,46.61105346797044,0.1947021484375,0.22216796875
E1094_processed,E1094_processed,21.221123,23.187469,22.15314079561111,22.149063,0.27329982155118526,-0.9323610785289109,1.0647358828235,-0.0003396672483203798,-0.0029323317960330605,0.27284771234784505,0.13671875,0.13671875,0.13671875,0.13671875,0.0,-169.98068,144.12042,-16.776475320074336,-16.614708,44.08911206157827,-153.4351616158472,160.7357503695123,0.08304393366794671,0.2122240468305234,44.09933431567994,-181.22658,168.91171,-14.34063369169657,-13.939133,52.728752304180745,-167.1843501198601,183.614670564431,-0.02760355524825912,0.4369204817422174,52.75053545354997,3772.7468,3876.3301,3835.449164355556,3835.2698,10.430551568116103,-107.3820028351944,95.83685458907652,-0.02427622744857046,-0.052006766212117306,27.73611730823567,-122.3117959329051,197.9190423755093,0.13192443018534725,-0.19174325260520275,38.480468444318355,0.0,241.0726282280564,133.22470675117506,133.60342076765534,33.60812333885488,-237.541938832832,27.64385654121138,-95.04162812878275,-95.07437393410888,42.766662385173625,0.1904296875,0.223388671875
E1095_processed,E1095_processed,-16.227905,70.954315,1.9126810539985002,0.0,7.275585924217426,-35.20537724421738,34.90077417442475,0.000575519263030464,4.266928265263341e-15,1.9070651607946105,0.0634765625,0.0634765625,0.0634765625,0.0634765625,0.0,-160.95683,129.98682,-16.769237308145726,-15.707231,44.50763205244544,-144.271429494058,147.0265432651682,-0.07446820478512273,1.00165437218693,44.51044716453589,-200.32841,170.54868,-14.474985326342612,-14.768779,55.2217999634369,-186.571675269899,184.6479141088531,-0.02795860999316467,-0.3111385737423129,55.1917105743284,3782.5513,3877.3337,3835.4344293166664,3835.3245,10.884990492491385,-83.63144257111554,100.7919361459807,0.03253906523781984,-0.16082373855033083,29.06862975977376,-141.2318255262126,129.3740897795112,-0.05926823111968127,-0.6113146530204956,41.26666202529139,-226.645029161721,0.0,-112.12159777314953,-111.70611181726369,34.39016889756993,-166.2300244560996,110.9732913766254,-30.59105679100012,-29.97096383907656,45.60385450179953,0.1910400390625,0.2337646484375
E1096_processed,E1096_processed,21.176933,23.165379,22.176163774055556,22.171154,0.2835170099959904,-1.006500097180225,1.002364987717914,-0.00021262532792056893,0.00214420922189877,0.28346539878356736,0.1416015625,0.1416015625,0.1416015625,0.1416015625,0.0,-234.2813,159.41876,-16.664326059407617,-16.307519,45.60888366511098,-217.8432128289416,176.1063944088842,0.19792367479384876,0.4057404074691102,45.899929486483785,-210.73117,165.9543,-14.37886025786525,-14.7243535,55.30555915966882,-221.3639384370593,180.3760905586857,-0.060989697442187046,-0.47726782764951636,55.50749649939304,3786.1218,3875.4387,3835.7383289833333,3835.3171,10.87103787938736,-203.5747752949628,107.5598452366195,-0.16623199736290933,-0.16551214408755488,30.696095419498054,-142.2139517137611,124.5601554702252,-0.020582154504266533,0.11648431661742545,40.42667638857825,0.0,354.4267150434803,168.11760740409125,168.9402423604658,35.923126672440226,-108.3523437499817,280.3292545810559,107.46739367373648,107.08212606880079,45.617292971132656,0.2252197265625,0.1763916015625
E1097_processed,E1097_processed,-16.227905,70.865936,1.9234039137680556,0.0,7.321381867593888,-35.24780868017205,34.73754234777324,0.00037040224845731834,-2.083883200539005e-14,1.8935308594506808,0.0634765625,0.0634765625,0.0634765625,0.0634765625,0.0,-195.35316,138.02115,-16.821733883825083,-16.564951999999998,45.38144477420569,-153.5305300555745,184.8626880797103,0.11977474970898783,0.08712544329370786,45.43184063684246,-212.60295,178.71225,-14.279023322466777,-14.2843695,53.38420919180033,-197.8113885014364,192.9510015531671,0.0018237308278912631,-0.08413497994204944,53.36076869319749,3763.772,3887.8953,3835.4688434888885,3835.2341,10.647994823383502,-297.3250821675983,135.2113608576423,-0.23107636983494567,-0.1727202529625086,32.113498555437346,-141.1387001905831,118.8522269075008,0.0784856501843118,-0.01667715582525231,39.57826567300067,-18.64733795508181,338.7285674620662,173.68392795804468,173.99236741091954,35.85335523912017,-175.615407737814,111.3019788763855,-34.40270368140801,-33.95266023072655,43.74614650321507,0.21728515625,0.2252197265625
E1098_processed,E1098_processed,21.309498,23.165379,22.234007836166665,22.237438,0.28206269102770076,-0.9401261738576128,0.9397828883825601,-0.00022057391722482406,0.0079166075686418,0.2813671525019115,0.146484375,0.146484375,0.146484375,0.146484375,0.0,-179.36366,136.98819,-16.963508970357022,-16.293131,45.91410897068155,-161.7360201361529,153.3987181755911,-0.05465443605315727,0.5937475258608904,45.94276439883944,-215.01646,155.17015,-14.716384030377752,-15.2285065,53.114748705125194,-200.1616808219144,169.3897607016772,0.005358021119270095,-0.5391322415403987,53.164253872464734,3769.1152,3881.6589,3835.2820981,3835.2,10.356798084334205,-106.405117673323,157.0444714162793,0.07717785852176123,-0.14293418740465547,29.918473488683127,-136.6955972879091,126.1952268852713,0.020717511043418804,0.08462256374432897,38.50700199558499,-247.0966809601496,0.0,-133.17810282359315,-132.85788066504335,35.317621209348864,-213.186792209622,82.06644647996079,-65.36902747227992,-65.08092475587702,43.33012713191149,0.2166748046875,0.1739501953125
