Event_No,Source_File,Wave Raw_Min,Wave Raw_Max,Wave Raw_Mean,Wave Raw_Median,Wave Raw_Std_Dev,Wave Filtered_Min,Wave Filtered_Max,Wave Filtered_Mean,Wave Filtered_Median,Wave Filtered_Std_Dev,Wave Frequency_Min,Wave Frequency_Max,Wave Frequency_Mean,Wave Frequency_Median,Wave Frequency_Std_Dev,X Acc Raw_Min,X Acc Raw_Max,X Acc Raw_Mean,X Acc Raw_Median,X Acc Raw_Std_Dev,X Acc Filtered_Min,X Acc Filtered_Max,X Acc Filtered_Mean,X Acc Filtered_Median,X Acc Filtered_Std_Dev,Y Acc Raw_Min,Y Acc Raw_Max,Y Acc Raw_Mean,Y Acc Raw_Median,Y Acc Raw_Std_Dev,Y Acc Filtered_Min,Y Acc Filtered_Max,Y Acc Filtered_Mean,Y Acc Filtered_Median,Y Acc Filtered_Std_Dev,Z Acc Raw_Min,Z Acc Raw_Max,Z Acc Raw_Mean,Z Acc Raw_Median,Z Acc Raw_Std_Dev,X Displacement_Min,X Displacement_Max,X Displacement_Mean,X Displacement_Median,X Displacement_Std_Dev,Y Displacement_Min,Y Displacement_Max,Y Displacement_Mean,Y Displacement_Median,Y Displacement_Std_Dev,X Velocity_Min,X Velocity_Max,X Velocity_Mean,X Velocity_Median,X Velocity_Std_Dev,Y Velocity_Min,Y Velocity_Max,Y Velocity_Mean,Y Velocity_Median,Y Velocity_Std_Dev,X Frequency,Y Frequency,Hmax (m),Hs (m),Tz (s)
571,E571_processed,21.574589,22.28159,21.9218317235,21.928097,0.09351839195266975,-0.3565192933883325,0.3447878564449597,-7.097509198354588e-05,0.0006635602590634422,0.09240495650707023,-4.965564243790089,4.978930202099161,0.3077708505925187,0.2837015106193467,0.5008473042716168,-99.657249,69.499092,-13.88079448455886,-13.900795,25.56545214505747,-85.66577950674856,91.57853709912757,0.04072600058216919,-0.0248215596415548,25.64398278811693,-109.75941,71.113846,-20.93401675231457,-20.5595445,24.86742756400534,-88.83224371946068,92.24421306509535,-0.009085338858120972,0.3333486698956105,24.87713188380597,3809.5432,3857.7539,3834.784848944444,3834.5413,6.232262294369701,-117.7991889177511,72.50533570555217,-0.06539116996111441,-0.0718900193027349,14.58582681798542,-43.81962732603281,46.35408751427954,0.01600437685461175,0.005242477297398462,13.53917324113121,-136.27226551270263,179.1497321622062,112.3315741477537,112.3011224112534,18.63064429962906,-43.53199003248927,73.76057743792839,15.21802338894814,14.96742987956017,18.07958065200658,0.2322021223785207,0.2222178989739985,0.5965350000000029,0.3425021731601735,2.586043165467626
572,E572_processed,-16.227907,70.487907,1.900760404191167,21.928097,7.255990759674728,-34.95973864440194,33.60611620979911,-0.0001512790737737179,-1.168600503584249e-15,1.896048596067983,-4.999259898400584,2.103726547569662,0.01443020749940935,5.085325269098387e-10,0.09745121915473928,-92.530151,67.39621,-13.82917826194652,-13.754467,22.19138504433093,-78.74258683353175,81.24708984084118,0.004313953416463638,0.07312356600576386,22.19851392201637,-108.5225,54.742432,-20.88297662348122,-20.6129355,20.9556937521838,-87.36316994343927,75.70874531048071,-0.03875277683849732,0.1966301460103683,20.9794145918827,3813.1143,3854.1826,3834.525006488889,3834.5413,5.076632174819547,-36.45708850607512,41.34293576718756,0.02321807393431479,-0.0004336985020500644,12.0525057895935,-41.46442668205579,55.30783317348074,0.04505920453182083,-0.04920362690453106,11.75277945401544,-64.94519162050533,36.39834662922939,-14.80248311664037,-14.80728456425141,15.91029672816053,-92.74606079716503,9.433542098702262,-40.26529887914759,-40.20983488389581,15.27584252967278,0.2304590201025992,0.2283681449412007,52.67018800000001,0.3425021731601735,2.586043165467626
573,E573_processed,21.442017,24.270035,21.88014471261111,21.883652,0.09240256175284814,-0.4334828000876024,2.333609226023573,-0.0003060872414608338,-0.0006386052791083367,0.09157440166122634,-4.813986549264019,4.869106133317313,0.3005818934051598,0.2743632765767238,0.4590722863803954,-97.661057,69.469131,-13.80625997393432,-13.7694675,22.94853111357056,-83.8452251671774,83.17490426171706,0.04428551381840092,0.03577898637667315,22.97836906427299,-108.25309,57.082809,-21.02694393212695,-20.8015585,21.36433071026908,-86.71511146404468,78.28167320920758,-0.03009318305876009,0.1803995801135461,21.37266059125169,3809.5432,3855.9683,3834.410580327778,3834.5413,5.215998941251136,-44.57823662354524,39.77170869495135,-0.03606637479056733,-0.05611669337382619,12.73844269431846,-42.33777072123931,59.93584941234491,0.04767724299809835,-0.1214218439567838,12.03385118660489,-12.22285901628693,93.9062137241946,41.15056547436845,41.12110358710232,16.67433379640648,-92.29383922146245,19.07729865647767,-39.47251090392948,-39.40208956853619,15.57660431025299,0.2316103521402734,0.2300684036514745,2.4966009999999983,0.33337659624413124,2.8103286384976527
574,E574_processed,8.929566333333334,39.01317733333334,15.234245613434092,21.905874500000003,2.4806372377934154,-11.91658024595929,12.094837764089215,-0.00017611380240603253,8.318326651312333e-06,0.6933426514120932,-4.926270230484897,3.9839209609953787,0.20759431716569596,0.18602159590153433,0.3524569366022505,-99.81147,66.753738,-13.9031393432376,-13.6005165,21.16276320360966,-85.62493023310361,80.89802429967696,0.01864503493616835,0.3142908137245888,21.17234567282771,-95.323853,49.690948,-21.23434630435803,-21.176383,19.28297698041969,-74.15131424825854,70.72563886181356,0.01651590668083264,0.07365383561556138,19.28645365684794,3813.1143,3855.0754,3833.835780005556,3833.6484,4.595895730703374,-55.95641874867368,40.80638358382708,-0.04069180587472576,-0.02910089051733064,11.41645160077416,-37.1472457166806,36.18494948544807,-0.02103912975975506,-0.09012867998033025,10.41948382261174,-3.480179832525649,103.4242930344721,46.57030244420437,46.7651124619661,14.98835214891475,-21.71116791084002,75.6464412412613,26.72975581116868,26.85463713220352,13.8013804748168,0.2438656047528445,0.2366691500322404,18.58777466666667,0.33793938470215235,2.6981859019826393
575,E575_processed,8.929566333333334,21.883911,0.001215772833333333,21.905874500000003,0.1631130420318513,-22.12967515736426,4.043903038547138,-0.01496485830951021,-1.147336657836902e-17,0.6183174335566172,-4.999999997611233,1.044643709102166,0.0005519105286457456,3.533949646070574e-16,0.04062314136954671,-95.585182,56.409618,-14.08332867222339,-14.1550695,20.07638424670713,-81.42744473909809,70.80696654358431,0.008183102568798593,-0.1179780609182597,20.07830410247004,-92.043297,47.244411,-21.40764947791412,-21.3918895,18.72371009809956,-78.8056575045007,68.80899231385217,-0.02168255848476856,-0.01734043958972898,18.78869210241445,3814.0071,3852.3972,3833.4284717,3832.7556,4.345323344340978,-36.59260201609068,43.75704335040915,-0.004903681386627478,-0.06145877802849453,10.85286737798105,-46.42328904839668,51.09798708523043,0.004554052347560592,0.09197524944315083,10.1600555092817,-27.04552560120076,71.97037622590558,22.71529784688323,22.80999998798691,14.32189384599484,-38.24832092083781,99.03614328362231,22.24215827840817,22.36857672302991,13.55577194696338,0.2355572202219434,0.2322037525382726,21.883911,0.33793938470215235,2.6981859019826393
576,E576_processed,21.484592,23.318924,21.89121213555556,21.883923,0.08989975300650359,-0.3793813397100314,1.364034304607886,-8.851798013071158e-05,-0.000606148174743039,0.08874231441578112,-4.994520942462466,4.876201523699567,0.3105726532538947,0.2874285940637956,0.5527328265215452,-84.41404,59.706837,-14.3344203192068,-14.032928,20.31741561034517,-69.99806509914927,74.07550685024455,0.03091950652213756,0.2672027747954993,20.32275480078487,-98.310379,46.736401,-21.52695833500729,-21.204292,19.1840921596525,-76.85507959406712,68.41776327893092,-0.0190676364761322,0.3150953825804191,19.18376711310701,3816.6853,3848.8257,3833.0804304,3832.7556,4.354897026747472,-47.06807332747312,41.59356303517124,-0.003671648454902417,-0.07737440289611763,11.05516097175215,-36.81463946733681,67.72843314017673,0.05010250687441292,-0.03051003910877181,10.56805427299255,-59.91714292979715,54.87633214795645,2.749184764801605,2.831516322965324,14.55200696597873,-84.57141717586134,14.73375149272201,-33.6766640618505,-33.69542850087359,13.72718509569403,0.2366312269960297,0.2344125568921983,1.5686189999999982,0.32048955967078235,2.462328767123288
577,E577_processed,12.06832275,32.4484734,13.519032949738232,21.898557333333333,1.5389849016837203,-11.651759446990432,8.338490127084533,-0.003116343539371804,-0.0001162386389578227,0.5574175404417355,-4.954666326305678,3.574521623157574,0.18678150305592567,0.16909867635367978,0.3301453555395687,-100.98453,63.16444,-14.51251615407457,-14.3379255,22.99362590205659,-86.4056366411993,77.88605998087792,-0.04178316938418478,0.1549599065491909,22.99074079851415,-97.932495,53.830624,-21.61604637729564,-21.6334735,19.15982094580481,-76.17594199537824,75.43755140748448,-0.009247775163094937,-0.09394013914373378,19.1744014139806,3814.8999,3850.6116,3832.465045800001,3832.7556,4.598519540703423,-42.61060356501787,45.71826789308688,0.02676620491760544,-0.07559983994626229,12.67676706862821,-37.58217075620363,41.75948543714485,0.0218978241011405,0.07508092884050832,10.72243601879501,-104.7184693758036,7.813862746926695,-47.68060424167442,-47.73677162905459,16.59338345237897,-85.15433033999194,14.42427019640585,-37.61529293876151,-37.58773984675275,13.91352674935533,0.2311233007751044,0.2349907092463693,15.843170800000001,0.33212277635836235,2.6195668570295223
578,E578_processed,12.06832275,21.835831,0.001213101722222222,21.898557333333333,0.1627546748706574,-22.08105520174396,4.035018389935624,-0.01493197979995625,1.01494401598229e-18,0.6169589605562551,-0.41836066666563,4.999999999346219,0.00110746608420131,3.533949646070574e-16,0.04061179248096512,-82.527298,54.52174,-14.5715036695152,-14.335638,20.70854963337167,-68.11517106233649,69.10735117884772,0.0246475617555476,0.2458525725659165,20.73085533933413,-111.85287,69.95507,-21.87307717187312,-21.714201,19.00957703106036,-93.30352131880306,86.61790779240899,0.06465794561444242,0.1849954496182716,19.0863303419422,3811.3286,3855.9683,3831.962255088889,3831.8628,4.412557868382444,-63.24352767777534,56.47249004889107,-0.03060407314240798,-0.1109126901468835,11.61054325295709,-124.3268792329981,96.6868946550951,-0.08339172176150005,-0.09406249945755274,11.29067433942737,-45.38822806268657,113.6805371458091,65.89197114453621,65.8360571412135,14.9793622244516,-65.46530377123541,178.8393502431528,93.31912272168957,93.3460850933038,13.78716182599771,0.2327821245808574,0.2338711790560287,21.835831,0.33212277635836235,2.6195668570295223
579,E579_processed,21.571289,23.472595,21.89101409833333,21.882648,0.09022035336673863,-0.3744574799442348,1.502662986346112,-5.562584613611758e-05,-0.001683242799386881,0.08932465518789033,-4.914852844810622,4.987250856473787,0.305536750282468,0.2804998556300067,0.5277312309307032,-82.287697,51.302181,-14.75683347609585,-14.734124,20.02783196597889,-67.69388894744978,65.9736539212223,0.01319591455607393,0.01920172805073606,20.01701709325372,-104.35392,57.860931,-22.10223910121115,-22.063749,18.18643403285464,-82.34591511257344,80.20702096879734,-0.01528701704790641,0.08002681487512919,18.19686947111247,3811.3286,3849.7185,3831.803638644445,3831.8628,4.226983347616263,-39.39554073634834,43.50145452949634,-0.003425233774895434,-0.02376090716738066,10.96668578520702,-36.0407676146883,38.93665617307003,0.004104322134525419,0.01407205764007505,9.421743095872824,-18.38350855328924,81.93000107056706,32.48282882247702,32.53442636359419,14.3413672669877,-52.20530055720552,47.75624197688944,-1.54762365869951,-1.594394709158277,12.76827608214179,0.233896031603351,0.234943559198942,1.612762,0.32633549137931017,2.5773638968481376
580,E580_processed,13.968916000000002,29.650113285714287,12.783913135535245,21.89458,1.1354142195222854,-11.530615702377194,6.747161715957772,-0.0043670461918501975,-0.0003234908563108562,0.4990530454218319,-4.300935020429234,3.9799798530868395,0.1772216759494711,0.16085617677120087,0.3170099715870731,-82.497696,51.197086,-14.87526558177459,-14.5269605,19.18430991731149,-67.64653131045294,66.25687826093174,0.02802223096382521,0.3593885998249937,19.22767043879201,-102.6852,60.976902,-22.12643337706558,-21.955702,17.69603317052656,-80.53045187425303,83.17922190785633,-0.02454360924519917,0.1521690867155233,17.701729096721,3811.3286,3847.9329,3831.488336388889,3830.9702,3.98563110729602,-78.11370190908464,56.67534870570449,-0.04464342830222247,-0.02448570375080394,10.92349201933962,-35.29748236193062,37.68781326782339,0.02491935086917002,-0.08934948776139873,9.181911810359491,-41.530410989915524,124.7153705332787,73.89200454453754,73.95484722050949,13.87231657504744,-63.33768335144261,39.85183239125068,-10.77373455949219,-10.70993849457184,12.42005092624682,0.23332176255283,0.2388693242686514,14.666349571428572,0.3306759551135993,2.609016116984176
581,E581_processed,13.968916000000002,22.013638,0.001222979888888889,21.89458,0.1640799700002417,-22.2608590380306,4.067875143316348,-0.01505356942634875,-4.622730818212019e-19,0.6219827960076499,-0.4183606667094274,4.99999999950105,0.001107466084201307,3.533949646070574e-16,0.04061179248221854,-80.344269,44.20126,-14.87741954398708,-14.7873805,17.0768815253342,-65.44271700914945,59.11303203077284,-0.02270582128508516,0.06595907618264407,17.08254306478583,-82.395599,34.613567,-22.03953195123088,-22.009449,16.43679692977419,-60.40718517631488,56.78072288744389,-0.002671002287603023,0.02766989701929773,16.46597159260684,3816.6853,3847.9329,3831.484622155555,3830.9702,3.592939551821055,-30.82222903349712,30.75851918111129,0.0157088043445339,0.08224396484594676,9.16571479402934,-44.55818875219506,33.82685998041899,-0.01116293746313339,-0.08598978840738558,8.331745058872588,-59.31128008487003,26.91192197252571,-15.10388778384362,-15.23557007198513,12.10600377260722,-4.554398178952233,87.40012740110032,37.40531952163788,37.3814601449973,11.33235067388849,0.2355278984575638,0.2499751822193919,22.013638,0.3306759551135993,2.609016116984176
582,E582_processed,21.660736,22.235962,21.96384409283333,21.969463,0.08134598421997813,-0.3119120569249123,0.2846473231184365,-7.226711985973957e-05,-0.0003616584760811233,0.08042980952175047,-4.998477862706236,4.95522103815386,0.32215018282637,0.2951594758981809,0.5681789352569543,-89.095337,45.69128,-14.9662829601006,-14.7707965,17.32481648710067,-74.05961002341652,60.65307668040904,-0.009282872182562489,0.1993256699898678,17.32424527836518,-90.780556,37.139946,-21.86680404312623,-21.71467,16.34500338648837,-109.3189034337764,59.95661804665865,-0.04175086969762559,0.1501992259103483,16.50573641000625,3813.1143,3846.1475,3831.89614905,3831.8628,3.647048846765682,-30.47267900464962,31.53294558587245,0.001189303735932516,-0.1115900906666018,9.240361415597302,-62.49081438382165,71.05303511426207,0.02249062781413741,0.01271628051883433,8.941959421081322,-31.28920295879505,49.16490193135704,6.711337297370626,6.606310298184097,12.22134107694799,-73.92861320859913,113.4145940701303,15.80851801490854,15.63032983545471,12.02536982459642,0.2416510684697003,0.2449859041783619,0.5744100000000003,0.2920701120000002,2.3932
583,E583_processed,21.5396585,22.718699428571426,12.518552413396824,21.9049215,0.12054519132125985,-9.710117581972229,2.5188214874135886,-0.006496129389057516,-0.00046995067561705586,0.3153329101295958,-3.6512227900328047,4.390346179941995,0.17737261749499153,0.162493028881244,0.31850885791747546,-81.462097,39.626381,-14.96021232223444,-14.6307595,16.84358843560416,-66.51831958546344,54.74669441314452,0.008522937556768912,0.3734969713039716,16.8584230095884,-71.536957,34.935745,-21.575461111582,-21.552477,15.27199014194826,-78.5497549529342,56.6749574948477,-0.08219913750364904,0.001722970650957389,15.39576192028237,3818.4709,3846.1475,3832.203668483333,3832.7556,3.559900847682803,-33.00288798067255,31.42283881311534,-0.005275105385347169,-0.009786347700566134,9.461911748199213,-65.47035036850608,115.269606883638,0.09929622020013097,0.06100967414130487,9.793224871427446,-5.893143187659775,78.33045298255739,36.82005899132374,36.92579920808812,12.12499812185727,-156.1557117299655,69.01800509530128,-98.26687103147812,-98.33222741764422,11.3956447861969,0.2455608694253259,0.2461021091246077,10.283681714285715,0.31806793982355597,2.56080532561727
584,E584_processed,21.572205666666672,22.07769,0.001226538333333333,21.91201133333333,0.1645573854205578,-22.32563036492971,4.07971123958936,-0.01509737005705273,8.173489231957583e-19,0.6237925487644514,-4.999999997634028,1.044643709100979,0.0005519105286457488,0.14384798759866402,0.0406231413691524,-76.061279,37.605133,-14.8530264407417,-14.766294,16.51172755635937,-61.38243148877137,52.65903860699307,-0.02291866255355311,0.07635016211811746,16.52174530515419,-85.376686,40.256302,-21.34240400096211,-21.229959,14.61886730609885,-64.20113872090731,61.843519920889,-0.03170813717233933,0.09041628195299434,14.65122451505417,3814.0071,3847.0403,3832.680769472222,3832.7556,3.412576002809828,-45.04985256727619,62.86603394055089,0.04240294476911732,-0.1741676278870784,9.472175513119208,-50.54930128609044,90.79145653100048,0.0650979250562906,-0.04373344050612105,8.54741519296747,-102.2109922594018,71.28180497913559,-51.19466792265526,-51.23823614263645,11.77900790784064,-107.5875576853437,74.56697247739278,-61.65408201862378,-61.52955076140127,10.37122148912652,0.2505413862151106,0.2499523681279969,22.07769,0.31296505435003086,2.4776308879904754
585,E585_processed,21.725559,22.367577,22.06253228738889,22.057682,0.08515227791921011,-0.3348035010457004,0.3303327076902144,-2.572129824532343e-05,0.0005396499157124257,0.08335091053251831,-4.974593919420282,4.962770900055209,0.3233143041606665,0.2909824057250436,0.6150064447680588,-78.534576,49.707397,-14.64326550668775,-14.541275,17.33159004712391,-63.70073696862362,64.29687390829623,-0.05680233647469023,0.04835932702747581,17.38667384803473,-75.651016,38.672047,-20.58472857063469,-20.450632,15.33450390100034,-55.50022516846684,58.84058023486926,-0.01848576532714758,0.1286129631436727,15.32921249360874,3820.2566,3852.3972,3835.961411638889,3836.3269,4.134573504222985,-36.85412827979805,71.81847794208957,0.05045945746449062,-0.04951155744285757,10.04597718994981,-27.22088122752068,28.55496437748913,0.007372075356857781,0.01775911230481019,8.027352545208386,-102.6921413598156,67.71041741743153,-64.56479319633394,-64.73461906232268,12.52989508084096,-53.72741924130365,18.59459651272194,-15.50663393102474,-15.42459747167072,10.66717596485391,0.2505961922641544,0.2495762775078916,0.6406829999999992,0.29891568461538465,2.2994884910485935
586,E586_processed,21.610544,22.474602428571433,12.544609319150794,21.948428999999997,0.11971577125769818,-9.724014140332736,2.237754584943426,-0.006475007361104232,-0.00030162850492837376,0.3149402849980424,-3.6741667000583846,4.403726860904382,0.18062010474577822,0.1923450552195046,0.34078516625851396,-72.125786,47.339092,-13.03335347068961,-12.9224275,16.13684115682133,-59.01283132751514,59.68571571392818,-0.01416139976355087,0.06138381145652977,16.13310801220078,-69.604149,33.511658,-16.51132334195157,-16.629292,15.39961706962216,-55.11945134047498,51.76519252849923,-0.0399338170626152,0.01053556799224853,15.39368802736473,3827.3987,3861.325,3845.285612961111,3845.2546,4.184781492554835,-34.11454085754136,45.69184399621808,0.03124660552587517,-0.0953291950540156,9.058504593404097,-28.21201238949729,44.33696459992298,0.03958071428736296,0.1171545687178681,8.117412195149294,-73.27824916309622,11.03261851799792,-30.99844772719605,-30.90147527185541,11.43929954917025,-71.00170963010638,19.6843042901788,-18.692067497225,-18.60686807888398,10.756071962056,0.2560722639939251,0.2505568441338799,10.046233285714285,0.30945271191636936,2.4330952887550046
587,E587_processed,21.652528,22.185265,0.001232514722222222,21.969931,0.1653592021294896,-22.43441347070392,4.09958990163045,-0.01517093298754416,-6.60590359139288e-18,0.6268320190831387,-4.999999998465664,1.044643709101736,0.0005519105286457453,3.533949646070574e-16,0.04062314137496694,-69.626068,56.062546,-11.71916299102652,-11.561271,16.45439556625176,-57.8470310897964,67.81644610769047,0.02981661676741734,0.1905061419065033,16.47654643430752,-75.998711,51.328693,-12.92032167135712,-13.0073205,14.63526133157122,-63.2091961241191,64.01921775213384,-0.01600304606045308,-0.06632869814608955,14.57941389266733,3832.7556,3872.0386,3852.820985616666,3852.3972,4.377109334061744,-33.64632946216717,33.20626470905863,-0.02202367568323404,-0.05823331617112393,9.242513302314533,-33.52147734635029,42.10261161753779,0.03359946702048901,-0.03892296777940496,7.88743593221155,-19.84353899492883,60.3317045982715,21.41646956176529,21.25564811495766,11.76138725198176,-58.22705951623749,26.21567768524318,-16.32386926841972,-16.28389401573653,10.22666729290675,0.2550138365668225,0.2561471307621354,22.185265,0.30577376266489836,2.4233507959655767
588,E588_processed,21.852913,22.470325,22.18244631211111,22.183178,0.07945081547635835,-0.3048811548284137,0.2833007265995046,-0.0002037086694245717,0.000133712026908676,0.0781914711607807,-4.94630187945045,4.975882511848574,0.3277807135716539,0.2980562442453805,0.6269653853644077,-76.196289,50.744022,-10.5013310179507,-10.579964,15.78268689133601,-64.63001617931356,61.7954315927767,0.0182839136368507,-0.1205970359189976,15.79504147412478,-64.631798,47.244362,-7.58092213499451,-7.45148945,14.32084319302844,-54.04436894445605,57.96188117916266,-0.0352160501948209,-0.1727303156216505,14.1844334478773,3843.469,3883.6448,3864.899826716666,3864.896,5.799986131974941,-50.40953676179256,38.50065696981261,-0.03834168801761341,0.0312323919568912,9.295879025722474,-29.1915353266481,34.39589643598144,0.02798557378251321,-0.01669386259049154,7.645883329796887,-51.61275707023207,96.05095406011863,54.60897784458906,54.63565696996265,11.44645960769707,-71.28900471840676,1.417071410524817,-35.82028976140796,-35.7957730036076,9.97571794521949,0.2466522993369859,0.2493013618239903,0.5300980000000024,0.27570055223880574,2.233955223880597
589,E589_processed,-16.227907,71.256996,1.907497091100488,22.02324275,7.224913860757449,-34.98028690137915,35.50124301721916,0.0001103959325549549,3.568034672056159e-14,1.936123946949223,-4.999716376406611,3.354845218108042,0.01218372955746187,7.139030630617257e-10,0.1259717236853766,-69.787643,55.638058,-7.998976500611765,-7.87604045,15.82989542385337,-60.95635557374543,63.73632678003491,0.01122420205437199,0.2643116929523039,15.82229122961335,-60.548546,50.36306,-0.6374097970803272,-0.67089352,14.51366883287072,-59.9175554376038,50.91474416881236,-0.001070043089278034,-0.04126858826142063,14.4500582568054,3861.325,3895.2512,3878.371995144444,3878.2881,3.914527638854844,-32.65157368938223,30.48594558870269,0.0001560135924665775,-0.005685933888618933,8.824389205318393,-26.66576448293933,28.52769335135877,0.0189619296001098,0.05786234397490242,7.41534959120787,-5.335101828959647,72.02546944640743,32.78157205177428,32.62625377804822,11.21322142224964,-49.35677209190905,24.03900058981656,-12.24591078786917,-12.23606616085998,9.944138516978613,0.2477712894551779,0.257674310671996,59.074406,0.2982554600583752,2.3760019029443322
590,E590_processed,22.038197,22.657131,22.32869033716667,22.325607,0.08645883585574839,-0.3213299435919678,0.2899137472768872,-0.000100146849868068,3.667838148924997e-05,0.08142304927675842,-4.957099450123539,4.984375884235654,0.3222552571525676,0.2926184070013255,0.6077925345851616,-60.268108,43.246223,-7.469097777870173,-7.2704489,14.87029459651136,-53.00721441618398,50.33503730208282,0.02446913613093367,0.2275775812823081,14.88951649566911,-47.297852,53.694355,2.613219791455919,2.6050062,13.90041367065705,-49.89612290177992,51.96076466824373,-0.01326988555844638,-0.07593581309739128,13.82727846588586,3868.4673,3898.0134,3882.888228088889,3882.752,3.877758549864058,-31.8838441761009,30.01734037166295,0.00372900917168732,-0.01601461017514294,8.460366356960664,-24.25377818685454,22.89125009251573,0.007192942425840104,-0.03666239928151586,7.104202885572851,-38.83070725377096,43.82839596967516,-1.697031948735882,-1.891570150226759,10.70253280735851,-49.19739994131776,14.24401745107197,-15.80256021251668,-15.72852372522012,9.505924031741436,0.2510588104695897,0.2522253472402907,0.5302470000000028,0.2972816895161291,2.410469798657718
591,E591_processed,-16.227905,71.86013,1.920093561114111,22.133982500000002,7.259691906841411,-34.79357964257794,36.02716057218951,9.673213545051053e-05,1.586741165080513e-14,1.933812528118121,-4.999917382139186,4.665333310971316,0.01774630928360481,8.657215398569175e-10,0.1289109625206077,-62.396313,45.828434,-6.337579794023816,-6.34361105,15.55286410925372,-55.702102863995,52.48651632902379,-0.007841785419326494,-0.01042215369605248,15.5470405821215,-41.498848,64.264084,8.119356739878326,8.15251445,13.39885855836722,-51.66778034413961,54.22559285551489,-0.05353211725511801,-0.01720458304742211,13.37299254062526,3874.8223,3911.7544,3892.833520277778,3892.7725,4.546800697592161,-27.91706542898656,31.4249424311333,-0.001420717399059429,0.00796595892072871,8.90760210300575,-38.39092536169848,46.53810959133023,0.03984365735153697,0.01040865152871124,7.606082124994876,-56.89660846958849,14.23827347879288,-23.85133603024326,-23.77139219854554,11.16427423516273,-95.63517557137348,3.157813814750493,-43.33265440929897,-43.3130368488593,9.673992918915136,0.246671495696771,0.2482856717718167,55.345005,0.2909920095925799,2.3342783783967276
592,E592_processed,22.171143,22.811863,22.49765860855556,22.502552,0.08819657742617144,-0.3096824877782776,0.3288884405820688,0.0001234493836984906,0.0005876746733994975,0.08521204943365103,-4.952876476813727,4.987303987978073,0.3209840228607417,0.2910965889490056,0.6118783940413726,-60.359592,51.848454,-5.0182422616213,-4.72092675,14.89609703364617,-55.49405377891035,56.63901697359216,0.007820735026965646,0.3282973687999657,14.89584262883948,-38.435726,56.1497,13.16001276350894,13.1783545,12.97922764304495,-49.67647969853387,43.74124746623822,-0.02588106330909567,-0.02289055734907028,12.94728550585856,3885.0786,3915.6843,3901.743798372222,3901.2605,3.338439334645547,-27.54937625876758,30.633475861091,-0.01408267637579503,-0.006637071013413376,8.768436967728809,-36.93217642164607,63.55593842512532,0.04668350992807351,-0.001013927463109132,7.417605607604821,-23.16775282658448,46.59536480591546,13.73963979458189,13.51575238681656,10.77887624959401,-72.57784633248853,1.538584489825869,-37.43133724722178,-37.29185008256474,9.166425619256549,0.2443794817687286,0.2544279073779027,0.5744359999999986,0.30116956862745226,2.3464751958224546
593,E593_processed,-16.227905,71.926407,1.939679263326833,22.267254750000003,7.328109102775971,-34.58838050761278,35.87413477144836,0.0002321455438125623,1.721501943177642e-14,1.918049919040119,-4.999847715703944,4.426841629329354,0.01441673285671904,2.533219921094893e-10,0.1315767941499971,-60.79121,51.10696,-4.429292430447479,-4.3065672,15.95811903510292,-56.23647805426408,55.09959522012514,0.0118533118826976,0.1270418911139694,15.95557806635673,-37.23291,68.767006,16.87439255517061,16.948259,13.53438640235828,-52.63353226100863,52.51665504399853,0.00940954429835057,0.03477630739278381,13.53194988696444,3887.0339,3920.1643,3905.378807172222,3905.0647,3.36564817358735,-35.98777507437458,34.60256675100516,-0.008654851702975296,0.02582163442911156,10.09361960780344,-28.27205942048435,29.54530536627026,0.01080810969514215,-0.03687710780108147,7.89371780045282,-30.93961356227089,52.83814533861024,11.21532435973295,11.18992109695004,12.06915535039908,-58.3359848857547,16.81860533694929,-20.20708591397304,-20.08789962433826,9.90869833983223,0.2294165667818384,0.2371951127553616,52.914677,0.29326687374944294,2.322597177352341
594,E594_processed,22.369987,23.010708,22.66043727294444,22.657207,0.09415406681672459,-0.3482269002794035,0.3548724577479915,3.7248938723924e-05,0.0006350558642379076,0.0896394358079312,-4.988760390096186,4.998817407371422,0.2860897451878185,0.273026772691673,0.5898071222061698,-66.031929,54.830349,-3.639667391299266,-3.4511812,17.33910393704205,-61.26046473110952,58.05968700138247,0.00270552052585106,0.2747058084597342,17.32190439437987,-28.388144,68.281876,20.57153870786659,20.7263855,13.90052057803678,-51.39928004140233,44.58505745505909,0.008596506908086917,0.05699901138185415,13.82368319052092,3893.4211,3923.3252,3908.424260261111,3908.6494,3.871404179312898,-43.42112433892116,44.30706540981053,-0.01716162588625375,-0.1379887840074618,11.43613148315253,-51.78135240503095,30.65128393914374,-0.03387844062816138,0.01188934579412204,8.580073676000088,-36.06151530407898,57.94443766990677,7.825830182059655,7.950378231188149,13.42704639394804,-68.69359296142414,68.28567144773974,36.04142913669043,36.06528587394926,10.38749319664281,0.2284114089044517,0.2410764441860421,0.5302509999999998,0.32118857916666566,2.4965277777777777
595,E595_processed,-16.227905,71.815941,1.943368922290222,22.3452452,7.324265854265481,-34.13877129967672,35.85762218150579,0.0002402437905813732,-5.75450155855148e-15,1.930981973206914,-4.99966908001195,2.51083406022118,0.01385786421647426,2.197438161523852e-10,0.08845582568837933,-61.747486,58.023037,-1.239259711604017,-1.185624,17.70631428090774,-61.11315198253676,64.24806322632597,-0.02032821413562487,-0.008385488873036362,17.74219655543801,-20.040312,76.803391,26.54656837402777,26.479515,14.00301575798696,-47.34620229784764,49.4972891013902,0.000301327229844001,-0.04202675357663824,13.95579349082606,3899.2463,3929.6133,3913.6120089,3913.5356,3.599778865644202,-49.75036075318246,62.34324209967239,0.0419952842111492,0.06987933107791489,12.09110674072313,-35.00084611036266,46.26922364394292,0.02632594519051261,-0.109072362719383,8.632039486538917,-141.136327351184,50.542818209521776,-69.31766550410225,-69.31550982259603,13.95056738361517,-72.54039756605714,2.934810224725139,-33.27939808906755,-33.18186265453873,10.51749878489519,0.2311092072061605,0.2310870504425557,53.37865099999999,0.29885121483288746,2.3573832974374285
596,E596_processed,22.369987,23.143272,22.81518207822222,22.811863,0.09850385657130885,-0.4398863167874182,0.3350197143957104,0.000223975848240792,-0.0007228437869604681,0.09659606896455698,-4.975746383004483,4.976639367668216,0.2690894089102256,0.2444926281745593,0.555949477260453,-75.904961,76.520943,0.3221631061839778,0.23174067,20.18407044869353,-75.64947570509597,75.96337661623582,0.04623662531130058,-0.09790188320715075,20.23524773858137,-28.06517,79.464218,30.02756129659033,30.161954,16.57463399367746,-56.98190059761454,50.55568800671931,-0.01489107126389707,0.03975423814989454,16.55280598115957,3900.7129,3932.939,3916.986593416667,3916.825,4.182082891895714,-109.5346680886827,65.48078100899689,-0.07897733295127439,0.1156852608726005,14.3034387550205,-36.94117790379177,31.60901812048622,-0.00889719173526083,0.00846867697991649,10.33890326503773,-47.27660163938472,156.9380482386045,98.95822496987952,98.82438985021966,16.1394915852517,-57.18981802660035,23.88056349480713,-19.23436408939467,-19.31276685192562,12.68853677964696,0.2233202459386467,0.2220394357350872,0.662816000000003,0.35149201363636395,2.7141993957703927
597,E597_processed,-16.227905,71.510445,1.9586441242225,22.4960814,7.38436290848558,-34.22540814108773,35.28446821025423,0.0003229088404330773,-4.400767641790046e-14,1.914581625009234,-4.999901358487087,3.767210215968764,0.01401308929772644,1.480018111774356e-10,0.1193170556514672,-75.089386,87.116455,1.660189164953301,1.72057035,21.59381160521892,-75.89786812967819,86.10021944733825,0.03931848756562173,0.04655129134784791,21.605228724915,-42.347557,106.23187,32.81093766827355,32.696337,18.17308338918986,-74.17655523002091,74.3713937383169,0.01703096005986672,-0.04412244073078742,18.15901882691336,3902.5828,3940.2424,3922.008438811111,3922.2393,4.694620248538897,-61.53137974812814,47.21898349650643,-0.03838808106466186,-0.2333866081906821,14.60915836823977,-46.81031061756515,39.15440947797827,-0.028350858472279,-0.04235252497070885,11.47803727950964,-1.651906880978234,118.6245691564087,58.31132736239789,58.45718617076683,17.10136644484955,-19.65993041236504,85.2903890867572,31.98990484212261,31.97423100249472,13.98844871261055,0.2188905621726886,0.2199871926348372,51.39244500000001,0.3093664806370834,2.440325478381788
598,E598_processed,22.526901,23.298874,22.93003943783333,22.925182,0.09887892662241778,-0.4062044459685683,0.3326420884177698,-0.0001590887151755496,0.001481850334396869,0.09747978916570069,-4.976817844321122,4.966474813949074,0.2416041100988306,0.2237400394247022,0.4712482818657589,-83.456749,83.030952,2.378439938386712,2.4896944,21.66785279066561,-84.87488198894556,81.76922912926038,-0.009278504317449789,0.1076516619291792,21.65991932336937,-32.726582,99.174561,33.11083446864595,33.019045,18.29341068331487,-62.79409546229279,68.93348169012872,0.01741785702632389,-0.0865775570295805,18.21486446654895,3906.1726,3943.7209,3925.981835922222,3925.8926,4.391346161203619,-51.86089670089716,52.80130230046804,-0.007449309355385959,0.04421012369007782,13.94601032798637,-40.84853077597054,38.95161983434444,-0.01312753884137922,0.06290255659223609,10.96722214963457,-67.6098316357131,49.90365284731652,-9.282962997716425,-9.535608056628988,16.74850503720163,-35.95776438023067,65.90635878254854,16.52349433476647,16.47773724015097,13.76194595712906,0.2205039794095759,0.2219409588712294,0.6186640000000025,0.3553108615384617,3.0704273504273507
599,E599_processed,-16.227903,71.517738,1.967011523986556,22.6444822,7.380968770889941,-34.10604717356545,35.44333999769431,3.617396359296755e-05,-2.434897176054606e-14,1.928948672667677,-4.999624608753428,4.999506381504501,0.01674865123859799,6.219434735195923e-09,0.1617886677154806,-83.433167,75.875038,-0.4841870904953944,-0.1210056,24.15730694242564,-82.07390584181223,76.12071871185074,-0.004706986740341487,0.3038192290359232,24.14746927492097,-39.665997,100.36169,28.30677357847192,28.156047,20.36237952916984,-68.07755891910324,72.03169277533922,-0.0104000514975404,-0.1490014272357437,20.34964701852294,3901.7903,3935.0256,3918.772929666667,3918.8931,4.679749350916759,-48.07624007578817,47.48930286096157,-0.002650659433897675,-0.1001583131007404,15.43190280295656,-36.73816841024487,35.66476845953652,-0.005589526701503945,-0.0413799008350757,11.98572374677339,-49.75251551248923,61.48837854924882,6.990890319997973,7.079725292139544,18.62564011284477,-51.61723631501364,45.69961810211519,-1.250031212155304,-1.181843209392742,15.22226518095315,0.2188572061179859,0.2204921625831981,52.656223,0.32528854249701455,2.6076199036911385
600,E600_processed,22.61554,23.367764,23.02668615244444,23.034138,0.1016650860256226,-0.3922631713506196,0.3410494850291937,-3.239492917228574e-05,-2.197798565173022e-05,0.1005966171434199,-4.87053895782075,4.905697442245467,0.2460269463836256,0.2282127053706902,0.4788213621814318,-88.088943,95.567192,-3.303621402010776,-3.1444247,22.19605948847726,-83.40782536298782,100.1525769087342,0.003461808519670759,0.09503235952318168,22.18908955425782,-41.8167,92.669029,25.3322380703724,25.278163,18.90019824582165,-65.48044862109657,69.05802373400611,0.02070156384176494,-0.02126421440412829,18.82610941136957,3891.9614,3931.2351,3913.163354866667,3913.3271,5.351873889561289,-55.48936157122155,55.55303904635065,0.02525057418256808,0.2054648419620264,14.00766362372915,-38.36598755352927,40.98689629998151,-0.006563457843862957,0.02338234963600128,10.81947021276009,-93.86527204832323,37.14604271888955,-24.68713546986174,-24.58687315622819,16.9661524216,-19.11627099260513,85.86236699287484,34.95321846738242,35.03542610875044,13.91300384778174,0.2227239801195646,0.2266982506577314,0.6186749999999996,0.365513024875622,2.9626446280991736
601,E601_processed,-16.227905,71.506783,1.968083632891778,22.7861884,7.387992420339628,-34.13205564206945,35.41478387212863,0.0001993648576681372,-1.705788747678515e-14,1.929422096933377,-4.731376100269086,4.999926515259732,0.01606217996490121,2.593579781049778e-10,0.1254686707397993,-89.811897,70.577087,-7.210323771621312,-6.93909265,23.01319377140607,-81.63252207014969,77.56097871124096,0.04699657844949755,0.3818119581423099,23.00897308070844,-43.347836,79.73098,17.33688767857422,17.3196105,19.83890891992378,-60.75916780257413,63.2442056483841,-0.002339995836551907,-0.227654430854102,19.65828778136249,3875.7981,3918.7078,3896.822622194444,3897.2383,7.073874110465416,-83.26967568222275,68.65285025349203,-0.06254248374156793,-0.01334085970392596,14.84106114163155,-32.1138633586476,35.24173925848905,0.005054856792386815,0.1015293917198438,11.24699871474189,-55.675704843467855,123.916888661276,68.28838105749655,68.17324518417081,17.62551730929425,-60.21290336108093,26.68906303660666,-15.46796539835275,-15.41587864553591,14.46744416220302,0.2261086195588183,0.2266328543505915,52.583371,0.33893480956891314,2.71805486957943
602,E602_processed,22.679314,23.430504,23.0508492635,23.054909,0.1083708284696135,-0.3703035152506096,0.391252799831288,-0.0001895258114531758,-0.0004486263296185353,0.1077921128536192,-4.810674642118371,4.998316167736502,0.2394391631440624,0.2161063671816177,0.4519671448969349,-96.009392,75.147125,-10.96781819845723,-10.6113665,23.64145044448282,-86.23909005071604,85.16636781977364,-0.02044430312860605,0.3247328171955339,23.62714380463114,-69.368263,90.340065,10.01074291366513,10.0482845,21.03894169631559,-79.26726325825757,80.46072537128538,-0.03525209546826594,-0.1135940907685721,20.98315291818064,3863.2925,3903.5415,3881.975392055555,3882.0576,5.551286935911792,-55.00409418987636,58.07765383776353,0.007380345800121243,-0.353476292633113,14.09369587710722,-40.23198189027974,49.22058817402777,0.0283773479687881,0.04072154063171141,11.87656824099802,-105.0745636223438,35.51305368385098,-36.13727378571557,-36.13088476559278,17.50739897653829,-88.12742998759929,17.6031785805564,-38.51430118860206,-38.56221188385113,15.34583170234938,0.2339034919479943,0.2294988869134537,0.6628149999999984,0.394333884816754,3.1261324041811847
603,E603_processed,-16.227905,71.683411,1.972090677430056,22.8966598,7.418997474913211,-34.15026176377976,35.47896455447466,0.0001225426084699144,4.105289017017351e-14,1.915638195886256,-4.999887316351496,4.511971166754464,0.01386132213394785,5.905258130181099e-10,0.102107543499606,-105.51534,68.612373,-12.79037891231076,-12.316128,24.11872223427779,-92.85364507445792,81.79290452042589,0.01206473853107381,0.4844532028661384,24.13604821122046,-69.600441,79.977333,4.953397660507346,4.712564,20.22096689027253,-72.88882967968928,76.6651504972569,0.001606945061345303,-0.1793726877508256,20.17489476671189,3853.7222,3888.708,3871.436254338889,3871.6018,5.046455475092954,-46.48711830378765,54.00095415876243,-0.003975170238198989,-0.2727639415071448,14.67149229942319,-36.16977617236755,37.96631852020911,-0.007570480796293835,0.02967205095527004,11.35258770244692,-84.33172870645917,42.4307641431483,-21.01556281691759,-21.05404209557014,18.09324309820575,-34.81792965716573,67.11031375879212,15.27096894400112,15.29814706295089,14.69789941256222,0.2261153109755914,0.2338910685522094,51.58907400000001,0.3575676728067735,2.873986311251176
604,E604_processed,22.613033,23.408409,23.02654232055555,23.032814,0.1100054313459754,-0.4313697226055199,0.4039091468109935,8.774595912766746e-05,-0.0004109538108957624,0.1084283475118086,-4.979864876460586,4.974458329596583,0.2427625718469551,0.2152278707345485,0.443346313536353,-106.5489,64.94014,-14.00287113639783,-14.0104945,24.07769189913098,-92.50238051069127,79.19406411535454,0.04010507269335269,-0.06985607510624095,24.10063391591283,-65.593277,74.251091,0.5412852945932822,0.396720485,20.95981020871982,-65.27358944970179,73.15745348883331,-0.04066478597331297,-0.15515133757391,20.97771296645265,3846.1919,3884.0815,3863.682702450001,3864.0498,4.954728737758878,-92.7782400668309,57.10932123563268,-0.06222817156415907,-0.1052720454834613,15.28269234786187,-39.73949738558331,44.77987584096226,0.0264783537950325,0.1626759146943464,12.00105661890655,-18.95414670856325,114.8876910006124,41.89085726037183,42.07267587987883,18.31073542374265,-72.35000061020723,43.48046825924487,-20.82512177642885,-20.8125493395892,15.49124260752951,0.230029857859445,0.2288704560923425,0.684905999999998,0.4054573241758246,3.27536496350365
605,E605_processed,-16.227905,71.94854,1.959653719457611,22.9717812,7.369591383267244,-34.57618966134207,36.07819563946258,0.0001494426293767938,5.232751308980383e-14,1.932705108929247,-1.845476742852223,4.999411404656627,0.01614096184052548,4.29507758504267e-10,0.09574800829694996,-126.13223,75.743179,-14.67890841855241,-14.3603485,26.69764411826742,-110.8020271482702,90.46255818067021,0.009787081908761394,0.2529163059448797,26.71051333279028,-75.597176,71.535706,-3.017760682834622,-3.34817745,21.99203244639152,-70.60614179585919,85.28840647429863,-0.007735831741738278,-0.4507809331655728,22.02992155793302,3838.8103,3875.5208,3857.619917116667,3857.5452,4.829307739240322,-58.05161276007617,60.62896129160534,-0.0331466661215585,-0.1306043064727922,15.79190397303868,-66.86405269645732,70.74996403908352,0.04563917303570929,0.09587885279437991,13.09313731471484,-7.404680219705314,140.135860321627,63.28071585652489,63.24690212476384,19.72304259918559,-157.9800390702548,46.44571303190281,-63.4613241548502,-63.24866854860157,16.3845358897628,0.2349803519002974,0.2299784030257856,53.533333,0.37442142180860527,3.02975374839635
606,E606_processed,22.480469,23.36422,22.92936524161111,22.944439,0.1084738355585957,-0.4195032787702707,0.4260170037320787,4.578046485986803e-05,0.003506914809662717,0.1061398284885732,-4.975651169124497,4.914043487751697,0.2560948190358507,0.2303118042688269,0.505690229937917,-102.42926,65.98082,-14.82340075217988,-14.5565555,25.65866594060396,-87.55691738853753,80.85675171600882,0.04162216033306366,0.3033228284333589,25.67977404119059,-88.124542,76.91407,-6.759084938008388,-6.9250114,21.92536660957518,-80.24790920230987,102.8920693051239,0.06352153735591504,-0.1179653271958623,22.01121323465821,3835.2759,3869.1277,3852.217876755556,3851.7141,4.579027560773354,-69.50109888329894,53.94767182659933,-0.04440178623111121,-0.04527549074309434,15.2829599050415,-168.9241989082591,95.53209290341404,-0.1143178823932431,0.07920978140348289,14.10417498423764,-53.580580666821916,124.603206187326,66.96477727975507,66.82904899812735,18.92878855838649,-59.70293228131228,221.0109268343576,135.4063026955518,135.5309719183974,16.36952913726648,0.2244324651056956,0.2299738990973712,0.6628150000000019,0.3886997107843139,2.9282218597063623
607,E607_processed,-16.227905,70.93222,1.948101729369722,22.998296399999997,7.340482547705102,-34.95145434699255,35.21308565725528,8.617902664819743e-05,3.202360288156278e-14,1.933882376159842,-4.55288514098186,4.999930614158059,0.01567715912408679,1.052653340335466e-09,0.1037848162970672,-115.25457,72.9786,-14.83303927083719,-14.567342,25.25665990022996,-100.512398092747,87.93272192957573,-0.01764622532979742,0.2605222979512167,25.26119581384005,-88.016701,76.215843,-9.656143263758956,-9.98623135,22.14957128432741,-77.75064686056024,86.42358651233262,0.001148265251643352,-0.284206865670348,22.1994489251401,3830.2659,3865.9146,3848.155689383333,3847.9807,4.591145831004888,-66.90548474641596,68.54547077687388,0.008569302967673408,-0.2377829984243863,14.7760361016198,-57.80782660545293,50.38012441681792,-0.01856463695910079,-0.03820586387678393,12.41336569395547,-80.71740256700303,74.5223000086963,-13.47819349777932,-13.47538926229899,18.51597593010056,-59.98216719850249,136.198254555389,65.49254043997207,65.80095844494952,16.16165504336296,0.2349860773110204,0.2322090555392275,60.735916,0.3818629612381953,3.072558241183544
608,E608_processed,22.303719,23.209564,22.79218220644444,22.789783,0.1116341458271204,-0.4612622918522927,0.4213806462195251,-0.0001513427324276066,0.00132393182021466,0.1094683086175309,-4.95146002052918,4.979938957217017,0.2582392502581269,0.2291499183873801,0.5098252979862405,-101.17512,69.942947,-15.44968304069533,-14.9080315,23.16521517666175,-85.59616964221993,85.76592260503361,-0.06326963372181478,0.4718445133893068,23.21916079224563,-88.52562,67.4226,-12.17913105426346,-12.3023385,20.67529733090393,-75.97335403481296,80.29372248079223,-0.03057799906204163,-0.2171156143699624,20.67230376201018,3826.3481,3864.7456,3844.503806572222,3844.3738,4.374111917992448,-84.29115699404207,127.7829817022327,0.09189100288574108,-0.09593489503021502,15.11696046232782,-52.97492345204914,74.88075796918201,0.05889147314815998,-0.08018774648309496,11.84525827713399,-189.7165822747559,80.4547838121992,-125.3158846521929,-125.3532799820761,17.54589481352725,-71.6013540135326,42.25802240510034,-12.19124197273412,-12.14815194220068,15.13585552951548,0.2316509353052216,0.235576404984424,0.8395609999999998,0.3982411549999998,2.9931666666666668
609,E609_processed,-16.227905,70.335686,1.9550852004105,22.971216599999998,7.413030034585425,-35.18505333882568,34.26301824802725,1.592462815403679e-05,3.385933838062024e-14,1.891234872379991,-4.999998879727756,4.999987882126024,0.0149720058703572,3.968296936578156e-08,0.3232781125400709,-105.56487,72.787651,-16.17165266704866,-15.903532,24.65364268194923,-93.19973581249837,88.13718857748722,-0.05722418646148623,0.2014054669206751,24.72469509589368,-81.807243,53.764538,-16.69566465453491,-16.79096,20.91317466921901,-64.43185232570742,70.62042419841757,-0.01000518803785144,-0.1694461058208586,20.77738407905432,3814.729,3857.5291,3837.058542805556,3837.0654,6.029089939031699,-68.64187510400201,126.9467552460773,0.07853088934910213,-0.1480265055894334,15.81685655451138,-50.52319191875225,68.26466804865223,0.03914569686169763,0.1084922210706447,12.514275871219,-186.5123946965537,83.84935391940837,-130.128737228212,-130.0628014610389,18.74091990911417,-79.67378668770807,37.91679353615127,-17.16882415698198,-17.10770879390461,15.59277387614451,0.2288857629488077,0.2250530898767863,61.8406051,0.3904490199305029,3.0571061044314076
610,E610_processed,22.281624,23.143284,22.64244483277778,22.635124,0.1085121100558231,-0.4066057512612289,0.4466524297136534,-0.0001508654429650625,0.0003739550304161024,0.1027467047891138,-4.982063955156128,4.965727269774833,0.2555761455113855,0.2320436381329866,0.4895499163320116,-105.53906,72.920914,-17.63431380184542,-17.4183205,25.03122388398596,-88.4252293891268,91.00797585792131,-0.02152064170721923,0.2099906799433107,25.03560705723667,-98.605972,54.948368,-21.79807279941943,-21.641288,21.22090415541471,-76.07357992058289,77.70324047068789,-0.04210634222961299,0.05709535834519475,21.2393752957181,3806.5815,3845.9456,3826.951113633333,3827.136,4.506627265678391,-49.33510369914379,53.96137863255572,0.02592320918676617,-0.0007467867838309994,14.65435131785882,-44.35688483395302,77.75406409525874,0.05720526945360671,-0.1517958915985745,12.59232584055367,-106.9138441913251,18.67535896301393,-40.39297814413602,-40.6371363323363,18.40088876670714,-124.4520050282878,75.34770977323033,-69.94046207475401,-69.94224826700963,15.78317089689244,0.2327866356781977,0.2266657794326511,0.6407199999999982,0.37749207070707136,3.0203361344537814
611,E611_processed,-16.227905,69.915909,1.944017426577056,22.891413800000002,7.378546731607079,-35.18094058117786,33.83203210684373,1.191813136470126e-05,3.13874289721981e-14,1.89288228261717,-4.999999497712912,4.99999989146781,0.01497640099005638,7.898294340472057e-08,0.743943288775705,-111.9258,74.838905,-19.37030917379628,-19.173908,25.12781367439151,-93.14766861315044,93.3840839763763,0.03707090405031551,0.1957682256642095,25.17757216875494,-101.32214,53.443462,-23.21915903979689,-23.0526865,21.62621764704108,-82.39025554986911,76.81233992505139,0.005030598862605719,0.0780558480826703,21.61338082144663,3803.0173,3838.7593,3823.284771266666,3822.6873,4.855927277445706,-56.47336091176565,63.43077426065515,-0.01224273522743693,-0.0424323568005911,15.45629532318436,-40.5388940092316,58.6261579878924,-0.005206433114141763,-0.1549078797518273,12.8903166004848,-75.11986906119434,72.20849424571887,-3.285721995000943,-3.240251511559276,19.09913712140107,-38.25696677742965,77.42793750070675,13.8023477739898,14.05777534837937,16.29804654044572,0.2249747702744407,0.2211045336843436,62.3708631,0.3928448290967927,3.068644405702329
612,E612_processed,22.104874,23.93866,22.4530040885,22.458374,0.1065367982219118,-0.3678154947437431,1.453504888127142,0.0003031354890941637,0.0004610103906511551,0.1026371014044082,-4.686016851525214,4.915384790759727,0.2339301715544364,0.2181754747109657,0.4085542088682458,-126.61417,88.965141,-21.11129977749331,-21.097927,26.72040155496806,-105.3794393406366,109.4126062697311,0.03920229999700223,0.09931576798788598,26.73165295182335,-106.21555,51.777058,-25.93385422628128,-25.7406415,23.8384710567995,-80.12582890772619,78.04153739207257,-0.01304990960899522,0.1335932439872953,23.87143160673132,3797.5811,3835.186,3817.040299966666,3817.2439,5.101930691841972,-89.6225390587072,70.40242296057812,-0.06868073397700915,-0.1899335045087623,16.45985665905559,-62.98487987908986,59.22532343389024,-0.01813247086160324,0.0260271566112884,14.51927603622861,-17.38475071731035,140.155537952727,60.86441123412718,61.00324024766775,20.14555028583168,-38.20625983678297,111.8757810689488,19.35542397689893,19.18672780230003,18.22841462587098,0.2244011861038771,0.2188660941582504,1.7454109999999972,0.38517236994219617,3.4596153846153848
613,E613_processed,-16.227905,69.606598,1.9323721667095,22.7721068,7.344435091673572,-35.17067128458853,33.50666738826901,3.651646352811846e-05,-3.792602450351812e-14,1.891499537800081,-4.999974457879922,4.999998055376022,0.01829593553752533,7.948842259913621e-09,0.1681899380251214,-119.02621,76.220406,-22.05210744884497,-22.2676625,28.29935466157545,-96.89707031546538,98.21789791800427,-0.003693530710586231,-0.2899340825982659,28.31207865469023,-95.835976,37.339748,-26.4176119482552,-26.1566495,23.33639792907384,-86.30079252936636,63.77884713035795,-0.08311922373132061,0.2305320768656549,23.42277725226902,3792.1611,3835.134,3815.074439516667,3815.4104,5.139557380728479,-53.48682907741825,56.67877360798067,-0.004480172217640452,0.06011021944385231,17.25533766910415,-71.244753379414,134.0833894252809,0.1049889198112491,-0.01863456913155725,15.39419601952178,-45.828010302233,91.23544287427877,23.26896662956987,23.30190185331099,21.39648471287823,-170.5664017182201,92.15981223983634,-110.3810645249896,-110.4867895661876,18.21196515812598,0.2233317725537407,0.2194457026247759,62.65808500000001,0.3910125261218812,3.135341001789169
614,E614_processed,21.883938,22.635124,22.26326502161111,22.259533,0.1079426786503935,-0.3566363582211758,0.3434505755034963,0.0001608580700150891,0.002123922995759159,0.1034415464465303,-4.827567282762162,4.980233520204907,0.2277751570413884,0.2111295361991328,0.4111320162025721,-126.23557,75.55497,-22.32674994024408,-22.3474445,26.92123410171915,-103.6229942504903,98.00832284839476,0.007718536812819985,-0.1134409413357794,26.95770741202293,-105.08405,51.372936,-26.80169797108139,-26.627268,23.1764943113987,-78.22943707781855,78.54798052976065,-0.03820355027293018,0.1054305700951945,23.19714011876142,3792.3149,3833.3933,3814.361101116666,3813.7488,5.183495729711152,-57.69963151621879,57.69435292247501,0.03479224773499335,-0.05023101160669574,16.91424473965313,-43.98516195111726,48.40133310827229,0.04889941238037491,-0.04266705785521374,14.30996409070972,-118.3685545608175,14.79010156008099,-50.57071136149913,-50.66280218940717,20.62858218333366,-89.07885193363283,28.70209736440922,-28.3597347170206,-28.59611543575605,17.78156546758406,0.2233049160445559,0.2183719042230213,0.6407199999999982,0.3912221707317072,3.6377281947261664
615,E615_processed,-16.227905,69.739159,1.9164928408145,22.6174506,7.304022091159534,-35.18801398303791,33.62787349855504,3.524527709822767e-05,5.904615173144213e-14,1.895329908421485,-4.999855592499533,4.999884520525767,0.01497782093859134,5.498870883841283e-09,0.1452339355196644,-116.44491,85.664291,-21.99161443380856,-22.054562,27.24512448818666,-94.33645256174627,107.9746360398592,-0.02410118848132967,-0.0451352725520171,27.23657214666888,-96.265999,48.038906,-26.05665087544223,-26.210382,23.26061216304485,-96.02195650737218,74.39253891112358,-0.06238962488114386,-0.1549003220724945,23.33780512312409,3797.3704,3833.2056,3815.500673683334,3815.3831,5.279408437006243,-62.50221461897288,58.83639267483994,-0.0032972082218382,-0.1372539014514587,16.92490982278589,-77.29512296906451,138.0469429710056,0.09039035155947622,0.007083773495583534,15.1518501400539,-86.74162752764857,57.04501198820088,-12.78594049254507,-12.68625598284404,20.77289211044055,-189.1434416073222,93.62711618072329,-113.186662781515,-112.9798871791364,17.98541141247109,0.2243362994281117,0.2166484891926447,62.7022709,0.3881654954330577,3.2078136480336723
616,E616_processed,21.773468,22.502563,22.0913037865,22.082779,0.09877206034808403,-0.3108294205138133,0.363107868488638,0.0001372658765955711,-0.0004004681475412927,0.09565655681826632,-4.876721910412178,4.814847695116259,0.2332714312208115,0.2206798372738157,0.4332869354885686,-106.49507,74.597092,-21.39074707754022,-21.309654,26.09739363598402,-85.23460694874754,96.27341231938311,0.03931997916459659,0.1028505410425563,26.10607790369066,-100.29835,46.049603,-25.33948983713776,-25.296368,22.02311633295725,-74.86914502431105,73.7659785761194,0.01350614890673999,0.07283649068484122,22.01772624647973,3798.0488,3835.5061,3816.949408788889,3816.9146,5.054325924679342,-58.32468127239418,58.51804526063027,-0.02564706850354035,0.09510915261010089,15.6337261407666,-77.5603518353816,42.08196093498207,-0.02413029891736939,0.06605255730693804,13.14051589953398,-100.8114484332046,125.2258533904284,64.47190379365613,64.62609271323682,19.47908605989781,-27.95669757841125,103.7947014248406,25.80916966840044,25.89383588154372,16.5854675398635,0.2267157001735435,0.2211634225051411,0.5744399999999992,0.3622884715909099,3.388490566037736
617,E617_processed,-16.227905,69.82753,1.907444816012833,22.4451186,7.277213045608931,-35.20838009874133,33.70984629552903,3.337114224773858e-05,5.83940552268376e-14,1.897399749150402,-4.999794532129495,4.999652966862916,0.01386675186773384,4.587569875029205e-09,0.09207971300281519,-104.26035,60.896133,-20.77875145028574,-21.017014,26.14971348039806,-83.22809676524764,81.75271414696724,-0.04376478975285144,-0.326938419144828,26.17294359485336,-98.013344,48.442142,-24.90863194285367,-24.839367,21.76937732817711,-83.49735035888608,73.42232410291247,-0.06793457844082201,0.0194257203618684,21.84211147325453,3800.6379,3839.0469,3818.051905238888,3818.48,4.938324090896079,-53.55155684274431,75.14142914661834,0.05023443161559869,-0.09598632653222072,15.76943803877612,-81.46162785570881,129.0967205492039,0.08847487569093511,-0.007084258441543866,13.79438913216916,-118.1010213975284,3.923096841863708,-61.3599741851483,-61.28696877925753,19.50949716469121,-177.875203187369,76.88194112222085,-110.9391434558376,-110.6917907446123,16.5388044911023,0.2238891789463665,0.2249923666334113,62.768549099999994,0.38288324759437686,3.299867389299947
618,E618_processed,21.552528,24.358444,21.96829538527778,21.972313,0.1203259852020606,-0.4037259882617024,2.325323230126141,-0.000145313973428881,-0.00423222488621893,0.1178257493824077,-4.988562145004375,4.936108939135052,0.2327831867110885,0.2097720313402034,0.403866478823071,-111.65564,68.690697,-20.23010948845675,-20.2454225,24.79350286276129,-91.24666191575312,89.11819775899471,-0.0167836917227709,-0.04967550782268315,24.79558768322765,-94.329964,55.511932,-24.21780845794341,-24.221049,22.07511716692455,-69.9018110960157,79.69776205226142,0.01861387815932584,0.01658240073079165,22.08506733430906,3797.0652,3839.9194,3819.6900281,3819.447,5.030769122316343,-52.27271403796491,62.82611289594615,0.01721446104817141,-0.2610563963505452,15.50916373400668,-44.90015840886738,41.25523433138853,-0.02864349470285773,-0.07971438733260597,13.39636072576686,-101.8607517550153,36.01564185319405,-31.53199112687352,-31.53233441502501,18.96891877874261,-5.434129653398239,101.0403002769605,45.66043207805768,45.67674856079782,16.77041026776224,0.2233397864927565,0.2183389915940568,2.5628809999999973,0.4546170736196325,3.660896130346232
619,E619_processed,-16.227905,69.915909,1.889146856118611,22.2816246,7.189520751493445,-35.08323603522128,33.97933441471925,0.0001311046837656574,-5.429636635097246e-15,1.926720993260499,-4.999251837595427,4.999837288503215,0.01441091986290943,7.790917118130019e-10,0.1086069035238997,-118.46651,92.658493,-19.74009450973263,-19.8917505,26.59176226341066,-98.56274728359102,112.6720651601599,0.01159322092013253,-0.1823104561705442,26.60083349312742,-98.68264,52.822495,-23.63850041877129,-23.683117,22.41402657802566,-74.61265903610996,76.90696453961716,-0.06695546761288478,-0.06356918742807105,22.4704793871438,3799.7249,3839.9316,3820.742966305555,3820.3398,5.191496872111735,-53.57975133130373,55.00335996067138,0.00600189488242646,0.02663523517971855,16.39988437292433,-44.59508550142287,87.45979662479013,0.06891401141105395,0.1934546255312959,14.1414964609379,-82.62168621881844,54.73713410216496,-12.2786076622069,-12.34975754880186,20.2172855723525,-134.663543625516,76.7929351953362,-77.43058493467018,-77.64019987063946,17.31444444125897,0.2238589892415246,0.2161819237532905,62.7906458,0.3941584313183034,3.4334132820358603
620,E620_processed,21.464153,24.734039,21.87543033711111,21.883938,0.1276358468590947,-0.3930667610028751,2.722631445018383,-6.328109703727904e-05,-0.001234598243497354,0.1253887052196082,-4.983419560936514,4.729792865732597,0.2311185897637283,0.208272347298875,0.4018977188200916,-101.51958,67.599907,-19.42202309646718,-19.7177945,24.86334289563969,-81.76183672110025,87.24545758695201,-0.01627508803814077,-0.3458999111858789,24.84970680002596,-100.75175,51.074795,-22.96417356371593,-22.983484,21.93832794558227,-77.53832261728363,73.94349933839746,-0.005547517089315016,-0.01265969119345333,21.96516188953815,3802.4348,3841.7983,3822.502084472223,3822.1094,4.953447013937241,-45.66896676345497,47.81508074295473,-3.402184689234231e-06,-0.1363586881573888,15.4760010457597,-51.69900841425449,80.61329977245371,0.04656945901254129,-0.1213055675875446,13.71253453065259,-59.97763749676479,52.81151768300346,-3.550920825434393,-3.955692046627819,18.91651962544022,-98.3779428038868,7.991692570001677,-44.17545180034124,-43.90186961004217,16.84996914646133,0.2216243890252825,0.2177288429827367,2.9163849999999982,0.4671999707602339,3.487937743190662
621,E621_processed,-16.227905,69.915909,1.898295538542056,22.1313874,7.248235340944447,-35.22336552860765,33.78036362968028,0.0003822181986499208,1.016877060276523e-13,1.897708334560618,-4.999610884563136,1.842933350340571,0.01339351446796671,1.37773147321849e-10,0.0956925424300162,-102.04372,71.797363,-18.64496755842358,-19.0789455,25.33685013301197,-83.09955273357008,90.16384844120196,0.04066965685566428,-0.4118976159240826,25.35679407989927,-92.522209,68.518051,-22.02085801015984,-22.0425435,21.8567517838901,-70.53970205173303,90.40259612324107,0.01569963770307504,-0.0230818513056712,21.85777890632664,3807.7617,3845.2593,3824.7118058,3824.728,4.855634440870368,-74.75718929798732,47.78707191712183,-0.04518181128229071,0.1273047978379634,15.95518622791867,-46.76246104514943,44.86232833555198,-0.02947635631925363,0.05567652478790586,13.37928086523412,-78.44487878192564,126.7948701999596,67.71097439638613,67.44945437166065,19.34750955911314,-52.40583587571923,59.43959375882146,7.711604819327292,7.646998019903729,16.6923627552802,0.2200099979109798,0.2161229010972786,62.8569281,0.412100011328936,3.526933603783236
622,E622_processed,21.508343,22.193249,21.83509567538889,21.839748,0.1031212367097309,-0.3849939722319017,0.3432482426705891,-0.0001245685434526915,-0.000999239989253664,0.1023645782268562,-4.898862099863521,4.9369664161653,0.2294287444390305,0.2149169347628519,0.4188905099781737,-108.34941,78.42231,-18.15625507581562,-18.232435,25.61000616375708,-90.37234709765178,96.57724846479401,-0.04207924187834113,-0.09845581625353038,25.64537940231194,-116.44736,77.524048,-21.26788382457374,-21.128359,22.05361713937342,-95.0939830776232,98.80422387851202,0.02793621854593214,0.135587823829888,22.08496464225262,3802.4006,3847.0403,3826.574109266667,3826.5059,4.928747975757939,-51.84513026063004,49.78859411308157,0.0249139525019574,-0.01058709670729574,16.05985896166477,-51.37584101770273,49.97968504729759,-0.01308053512074187,-0.02975885868947348,13.66547259834117,-86.41335322544032,38.48585637866319,-22.70714788475672,-23.13191208723354,19.6722005022013,-70.12954679077048,68.79237094298038,2.011981472305574,2.006709124189271,17.04328973644168,0.2232923821386731,0.2166470593997069,0.6407200000000017,0.37201214594594556,3.2220825852782764
623,E623_processed,-16.227905,69.915909,1.892138116115722,22.007662200000002,7.236874740328293,-35.2277038339632,33.76951445951269,0.0002060001988135356,4.366801282901232e-14,1.896797448400661,-4.891182743628831,4.999859510588363,0.01447974371539228,3.757973782034279e-10,0.09680770798123478,-116.19511,72.621941,-17.84642566046449,-18.0900265,26.20179313835006,-98.18598750843296,90.79449816155768,-0.05154823125199532,-0.3098864481794682,26.23518714686427,-98.857025,54.562199,-20.73637898374113,-20.9387255,23.11145179150871,-77.97911464047097,88.79178101438254,0.01370187345752203,-0.1612866553561128,23.17300791000896,3807.7576,3845.2546,3827.368005877778,3827.3987,4.929060058243444,-63.59194169184121,67.78692640680735,0.06349857525615478,0.08986929268866972,17.10086001671802,-113.5070399398537,60.99367941462148,-0.06404989865547274,-0.01647369115610164,15.04397675372073,-118.5321120674999,32.69387061867474,-48.67195772820016,-48.71949924691697,20.37377368700688,-101.5631594774246,145.6822794115199,84.59529554005134,84.62305332900686,18.03878670097556,0.214442010853666,0.2160790443080081,62.967396,0.40946796652968576,3.479427043915815
624,E624_processed,21.442059,22.215343,21.80912932977778,21.817654,0.1005479675880878,-0.3801331487527075,0.3937892193391035,-0.0001179599567004594,-0.001382982226127409,0.1002529762175477,-4.9679505710732,4.985527706443436,0.227226431602162,0.2126958761554995,0.4106417716783116,-109.03011,66.364998,-17.70657653911651,-17.6330425,24.81280060855961,-91.18024119042136,84.12610708093813,0.01008853086638573,0.07990195441658829,24.80803107751462,-95.281677,48.221127,-20.5458972565818,-20.508327,21.91395202909384,-74.53678801848889,69.04019479727494,0.01817389793472537,0.02492584046911506,21.92006244528182,3809.5432,3843.469,3827.974170455555,3827.3987,4.65653351456233,-53.13948979671272,74.38378252745143,0.03608831985024889,-0.08127345717700463,15.91791008548973,-45.75948812500972,48.16474315758983,0.006017352709827726,0.09616773531880807,13.82496760616001,-66.60522671961847,60.92198785962108,-6.022961441302844,-6.212506407260187,19.10552753706784,-93.89613256178068,105.7366214671932,55.57231772030718,55.64492545829492,16.98781261725592,0.2201369568443227,0.216120774857283,0.7290950000000009,0.3632941243243242,3.223159784560143
625,E625_processed,-16.227905,69.783348,1.889450038931389,21.919286399999997,7.233180384138661,-35.21291700184533,33.64001160909559,0.0001459791464000133,8.093302303761524e-15,1.896542301119228,-4.998714906526246,4.999372265549434,0.01385322603316748,4.448140012113279e-10,0.1077742340774955,-118.10038,74.477715,-17.44895069220242,-17.4158645,24.02346286840422,-100.3774607942333,91.8461501510214,0.0491431289785469,0.0756660057337839,24.03027039415903,-97.18792,54.451103,-20.35224661115098,-20.310998,20.89372226597695,-76.93505952075071,74.91503363515241,-0.02628634073564977,0.004450241844169277,20.91076366645665,3811.3286,3845.2546,3828.355593072222,3828.2915,4.400075037603093,-67.12838713496832,55.31619761082616,-0.05105347437745302,-0.169989763607012,15.4444376803589,-41.09236016080088,59.88005573144515,0.04265703920879791,0.06190722226101864,13.08566751078926,-11.22811026566282,121.352700141661,54.42355147299263,54.36372695826894,18.44710046504242,-105.9184496760554,84.63965140747395,-55.26652913539147,-55.25662553973794,16.01991553467568,0.2227260071458709,0.2216465080207695,63.055772700000006,0.4038823572482092,3.39651336188261
626,E626_processed,21.419968,24.270069,21.81483566866667,21.817654,0.106895994142668,-0.4007730120185488,2.403109649643231,5.491796755964457e-05,-0.0005728421683660325,0.1057846927473717,-4.95433698484177,4.924873092085574,0.2388440100622811,0.2178862982343773,0.4316090542322423,-105.35709,70.778908,-17.35934089117266,-17.2671735,25.03180801418443,-88.15085269732558,88.17616568992342,-0.01980272255505843,0.0980054533936563,25.07769349761801,-85.706856,55.770138,-20.30603681926483,-20.3410465,21.23725638702422,-65.30901435533727,76.12493964923807,-0.002404066005455459,-0.06969790575969803,21.22258567218505,3811.3286,3846.1475,3828.815386733333,3829.1846,4.555561841550282,-57.58852694495899,74.31118862779803,0.03667366432685435,-0.3211841282269852,16.18319088169601,-43.77165825041911,39.93129825109113,0.01830519887826458,0.05273808254904755,13.24378262880639,-143.3348295416939,65.29625290692341,-79.03375758157098,-79.03224325148463,19.43360602873703,-72.91643791067796,28.63752661283005,-22.4648129414098,-22.34878528450874,16.32170269352106,0.2216535220035541,0.2171841427161662,2.629165999999998,0.37834165405405373,3.233093525179856
627,E627_processed,-16.227907,69.624947,1.888587325061333,21.8662614,7.232624340247365,-35.19980017690905,33.47539258722255,0.0001303984484158887,3.352444169038932e-14,1.897066530990094,-4.999612024926952,4.307069307320265,0.01554534852885945,4.273308455222876e-10,0.1112514786444627,-115.40515,80.483055,-17.2235931169647,-17.204236,25.45211735427665,-97.94169016483819,98.1299684660986,0.02412708527061579,0.001023711914430958,25.4478498755311,-101.85714,54.344349,-20.10174535355255,-20.3368605,23.06061484250433,-81.73804190151577,74.47697732791364,-0.05336294502016446,-0.2210819656962488,23.10774091840549,3813.1143,3845.2546,3829.126525927778,3829.1846,4.848125471774496,-57.74906920133487,65.83072004863311,-0.03484351212183515,0.03375224626590634,16.32291442706102,-56.08004864040456,101.7333254260328,0.05436029450687999,0.0141253329307609,14.85871566826276,-66.67352432414211,79.74462447288228,3.145645182156946,3.240556350764382,19.70400113417255,-156.6747889263021,73.90291214861531,-102.0564268670766,-101.9738241236814,17.94147645134621,0.2210978091265461,0.2166539147904859,63.2076744,0.40709299374083796,3.365433953711034
628,E628_processed,21.486065,22.215302,21.83200496472222,21.839062,0.1004314535904959,-0.3599048786815301,0.3743121956140703,-0.0002256893099421111,0.001543524723178934,0.1000658604253638,-4.964937346380766,4.981889262907917,0.2294650214999491,0.2060873252796578,0.4250556201823469,-95.617821,65.11055,-17.10238746263562,-17.127941,23.29353782629515,-78.41293574249985,82.12487323584357,-0.00183070659937645,-0.06479134339783177,23.31846011658386,-101.69698,52.59597,-20.03278624579176,-20.138464,21.72563709787437,-81.38961839249043,72.52137626278528,-0.0307605201574372,-0.08832124823415788,21.74851640519228,3815.7925,3845.2546,3829.616924238889,3829.1846,4.355882207887908,-48.26683472946897,56.77520354114938,0.02003156677807234,-0.005928457307308843,15.01632812870464,-42.6404374654823,70.72298845568534,0.04215849652362446,-0.1658228563122557,13.41742808023741,-102.5177935011396,13.48311298996588,-40.42795330095527,-40.44827016337389,17.97564638349278,-120.7360170448421,73.90291214861531,-60.79094763659332,-60.7098108019507,16.52761043729711,0.2188636362683237,0.2172027346269393,0.6849060000000016,0.37088504142011824,3.524557956777996
629,E629_processed,-16.227905,69.518188,1.897653945287944,21.8396112,7.248576978643348,-35.18983548014152,33.37590563379526,0.0002028657645814549,6.029018676743137e-14,1.896723672233313,-4.926506106454038,4.999457925625497,0.01630429245682435,3.071539402781532e-10,0.1115552343659751,-106.49594,65.751617,-16.97522295164111,-16.8070105,22.94927281187136,-89.37388725546505,82.50210132703964,0.004131273076947161,0.1616741256869109,22.95231698685514,-105.97646,63.295605,-19.66721719735195,-19.80677,22.02850347624666,-86.31768367851997,82.89346716579303,0.01168882978192309,-0.1663205514667241,22.03442546880234,3813.1143,3847.0403,3829.970024611112,3829.1846,4.398232796748456,-46.65354332075508,52.50054282455859,-0.02565892023080442,-0.1116017006967709,14.94628071655533,-47.31176487749128,44.88115317343984,-0.001222714593524494,0.06090542712416358,13.38259652376627,-39.55776533552068,74.4510701696969,19.50148736849638,19.38012765646544,17.74783586655796,-79.08732198572979,39.39642404350312,-18.97653142537398,-18.7184015095245,16.74482070759696,0.2211265724150453,0.2194202820920658,63.276685199999996,0.39034658730093513,3.3381663189973865
630,E630_processed,21.464142,24.115398,21.87869782561111,21.883923,0.1100877790727001,-0.3901417586267464,2.140204757348702,7.670739991745646e-05,-0.0006486685929192031,0.108325710030632,-4.891791799838542,4.95636152228485,0.2206879078548599,0.2013931444601456,0.4197292053411641,-95.88533,57.690014,-16.90586357934028,-16.745285,23.0372643563574,-79.07933767323048,74.5933841641648,-0.007187629329251278,0.1958019679587022,23.03472732711919,-99.333939,68.750725,-19.46491351356282,-19.3703855,22.61878098660079,-79.7857179897032,88.38980925829503,-0.004109265533234746,0.08399170066911843,22.62086036403341,3811.3286,3848.8257,3830.741652844445,3830.9702,4.523078756402702,-46.45138051680178,50.13103151713227,0.0223796509470407,-0.1778960881153606,14.94542408269967,-43.75221234526011,44.62434839839037,0.00439828804421584,0.1397281609404388,13.4548815319017,-68.80417561751317,42.875688666107,-12.85920750464898,-12.982312755924,17.79113924467987,-79.40989968518839,30.6491213901079,-21.76627003387532,-21.62554545458107,16.9920011045246,0.2205688755194779,0.2216721007433804,2.319851,0.3982280304878049,3.6210526315789475
631,E631_processed,-16.227907,69.512344,1.882867836973616,21.839608199999997,7.157554591124422,-34.92233559644178,33.51187541923009,0.000240659875330923,1.519812160689776e-14,1.940259277442421,-4.999715220107763,3.200117959423904,0.01505541653183731,1.671218923425359e-10,0.1158408648068227,-110.00893,60.191051,-16.76885590956126,-16.8199895,24.17563257845415,-93.17067040958429,76.99750904747653,-0.01299394619081028,-0.0753265785485954,24.17639469532844,-109.116,80.627586,-19.51019322591946,-19.479352,21.88441999737314,-89.62722052618406,100.3561308603007,0.009624782943628932,0.06246839303492158,21.88586300596561,3812.2214,3855.0754,3831.1360721,3830.9702,4.385134077420741,-49.7485438511513,49.8873855581345,0.02337929039080408,-0.3711952655022825,15.29443429340825,-52.96051361414449,47.38080834404985,-0.004044309043378188,-0.03709180447009519,12.81202076793316,-86.89569087007172,30.42952010331531,-27.83666414086185,-27.84256828895214,18.43693633130998,-66.39788117643076,67.94913481620948,3.205589907636175,3.330339204229147,16.2579008587145,0.2211443306388794,0.226647378495418,63.6037556,0.37655219924644934,3.364789296675044
632,E632_processed,21.486023,22.34613,21.95224188966667,21.949532,0.1061742897813814,-0.4599840406158386,0.3944617484680902,-0.0002461170213065163,-0.002196018895605392,0.1052434366877627,-4.931718781732036,4.993513341482219,0.2355438651776404,0.2112797755828311,0.4937018435309191,-97.637939,64.281349,-17.0636857557067,-16.7915285,22.80577871916201,-80.57584014621274,81.67487367751554,0.02736384827442017,0.2501120273882358,22.82137879568438,-101.39574,58.477909,-19.81515546245504,-19.677831,22.22986188678711,-81.54698329955825,78.29360372667269,-0.02151286035463689,0.1287206413008813,22.22489138643547,3813.1143,3847.0403,3830.411020105556,3830.9702,4.58069870820492,-54.09143644859709,50.99213217889112,-0.04158542356201263,0.09693904021742727,14.96104753166061,-45.2014158819246,42.44685345394426,-0.002342625880735623,-0.06758784091618009,13.12308368507631,-5.780501827815237,117.6521096478406,54.61022257535545,54.42951440942271,17.61868216902912,-52.75248948291544,56.27398721041627,1.637109482581947,1.673956457349479,16.59226756592068,0.2261001014704637,0.2216179489546706,0.7511709999999994,0.37331029189189197,3.236396396396396
633,E633_processed,-16.227905,70.534462,1.889152515993722,21.861565,7.170897544240996,-35.00709845732229,34.75768808611611,5.334648554385539e-05,-5.14387292837932e-14,1.940469328989761,-4.999973149641042,4.999968891901201,0.01441608953567151,3.32540138239694e-09,0.1546252342771979,-113.69397,73.083282,-16.58234687273373,-16.5323485,23.57375014648973,-97.64813110270319,89.07031233600617,0.0007721830323354608,-0.004153052980204741,23.56953891325404,-97.337051,64.926971,-19.45085743597258,-19.45352,23.29219977582322,-78.08573743506301,83.74511497963668,0.01676769314261584,-0.1710253119693622,23.31360583020712,3814.8999,3855.9683,3833.6807694,3832.7556,5.370792702693657,-53.85119292681409,59.20975882365509,0.002984708336830435,0.04790550949096106,15.0845515949674,-59.73231655133964,42.61761619931456,-0.02271310820059887,-0.000665931706991252,13.628955877856,-61.81329573630349,70.29783331679934,1.26640153977816,1.114378806091068,18.0768675186301,-91.73666073601774,116.8186244368053,62.96217541066354,62.94586248116703,17.26521052168023,0.2238411513753335,0.2272158161892162,62.37080770000001,0.37681182843563865,3.367652058898668
634,E634_processed,21.618782,24.446049,22.02150910738889,22.015774,0.1109364418324728,-0.4042254485473372,2.320896367352491,7.639954050422377e-05,3.678630967272195e-05,0.1085361248113966,-4.946922014984191,4.941991362467368,0.2067215280538611,0.1896823908647007,0.3891038962309086,-87.313728,72.34034,-14.46136614504627,-14.2419505,23.00905288893786,-73.8434621023221,85.75925022145931,0.0007846637051448037,0.2043089774381922,22.99258481060705,-101.28601,63.690063,-14.73407399360023,-15.011912,22.48919357786779,-83.8897773177673,80.7597120783736,-0.03294845220446115,-0.2295349123190736,22.40450679923045,3822.9348,3870.2527,3847.848502044444,3847.9329,6.761077028557962,-46.73741710440148,50.77934741808289,0.01375070560351625,-0.09431771173623282,14.85768612222817,-41.40852163117376,52.85882273351304,0.04008497795548897,0.1330169064636455,13.17215801023029,-68.13184559194005,50.61936725698886,-5.616494616642119,-5.674377872349485,17.73808212666357,-100.1313414461841,7.768342183403312,-43.15080443850448,-43.00695235860378,16.61642139885471,0.2216901871072604,0.2249806183225387,2.540740999999997,0.4088724144736842,3.935745614035088
635,E635_processed,-16.227909,72.161285,1.896761696317556,21.901189000000002,7.190174186359727,-34.81434771634106,36.30273946185102,-3.87512645229323e-05,2.021187838870274e-14,1.939074060309909,-4.99956084435453,4.999337090809891,0.01555584161087437,3.259313696855704e-09,0.1234366337534105,-93.004547,76.88633,-11.66261602714563,-11.729771,23.69410517662347,-80.75216403389472,88.7330908514266,0.01173828761667044,0.006743689635740679,23.68511044420286,-85.162811,67.104156,-6.769068484346361,-7.0461817,21.74988433554604,-77.59534274952507,74.82180102754072,0.003645484721416791,-0.2183669939684615,21.62048429661611,3845.2546,3887.2158,3865.384419427777,3864.896,6.626840288907959,-61.15834813428184,55.82472057434491,-0.02574458731158586,-0.09307425701276961,15.50177146765759,-42.94454081898571,40.28492967838726,0.001169357743307229,0.07502805690360415,12.97870292695902,-54.21870758797367,80.90495795017259,17.98438506789365,17.7848107934345,18.34132354720917,-33.15291269040119,69.7372418052805,18.58399491356182,18.6203563640521,16.26581920016534,0.2166749643474328,0.2233565272722591,55.36198800000001,0.3859274864655106,3.510169224793657
636,E636_processed,21.749573,24.358032,22.11622556222222,22.104786,0.1120307574737774,-0.3641315856125569,2.152597621912069,0.0003485808506073319,0.0003789922148816748,0.1110524833601989,-4.836380770196239,4.909834979515374,0.2066030035996972,0.1881984091844709,0.3889206798146673,-79.335464,71.756935,-9.551088597323467,-9.809348100000001,21.6208606402025,-69.2612892986416,80.86722748424893,-0.02374563881895569,-0.2458391067815553,21.61666284488088,-73.554558,70.761566,1.472172694363095,1.412702,21.46639424556409,-74.97374115320406,69.32802186817918,0.04883703735504666,-0.08989173022256625,21.38736178905363,3861.325,3902.3933,3881.93197245,3881.8591,6.170175655346572,-50.09007880030652,50.07908194756817,0.02301319577700127,-0.1657021137591455,14.74411608530063,-49.2910664936874,47.7685262716569,-0.03155478717443515,-0.01804969781700683,13.08039461490903,-100.1735569374095,8.73455775457526,-44.21918541978377,-44.04845981992788,17.02174878562566,-31.79464984970747,90.98126444222669,40.55221464907956,40.66750809017684,16.19447518621992,0.212836483498148,0.2215835772369418,2.3640170000000005,0.40714333766233746,3.8777537796976245
637,E637_processed,-16.227905,72.058968,1.901584818742722,21.958615400000003,7.206562738513346,-34.17474183287573,36.0514485427653,0.0001041189993662999,5.683545868101151e-14,1.938050919773819,-2.95719901917204,4.999563968905406,0.01443731081251375,5.440303443146885e-10,0.08866951774084718,-88.617821,83.621635,-7.220766005437645,-7.4548047,24.20000714792711,-80.799089183554,90.9311455850235,0.009744165559530732,-0.2214645009923123,24.2198802061663,-70.605263,85.847824,8.694012445261295,8.656498899999999,23.66101934499701,-80.15521635121753,74.30340140963543,0.05546702575188969,-0.02544924689695144,23.63672397095618,3872.0386,3917.0962,3895.307801116667,3895.5212,5.813542185357527,-60.29547672716964,63.27568531993353,-0.03369570547865478,-0.1518733626378292,16.49148022550717,-109.7282404051829,76.78671550211241,-0.08421777649936907,0.2594623699230976,15.33686039834957,-15.31757091097244,111.6446955784221,52.3007325899091,52.49651612247835,19.15498018011077,-80.01525580974459,137.6456000255222,75.1667524380045,75.19101887789535,18.25305881245448,0.2172078018285664,0.2171916747025736,54.17402299999999,0.3916878231871673,3.63910127569721
638,E638_processed,21.839737,24.756119,22.23456177222222,22.237427,0.1185961717551454,-0.4103600313992597,2.455891629896929,0.0001504449256210968,-0.001410704483610761,0.1160883213035575,-4.97565901869862,4.549392523335692,0.2055303746940338,0.1841578476405895,0.3571821185986622,-101.02542,74.372581,-6.057917821540502,-5.892841349999999,23.6310196306104,-94.59282421784053,80.66829644098756,0.03762983407154696,0.2070037403441003,23.66311883883567,-62.816257,100.93251,14.26070841421517,14.149186,23.62442027243944,-76.59983914082879,86.21248600316778,0.04262904653282087,-0.03603175329487107,23.5674862620911,3885.1157,3922.6968,3904.241616122223,3903.9424,5.059590967073954,-49.76131488993445,48.64366674859303,0.001360534157338426,-0.04307806082057031,15.71625480090443,-47.36537018510738,45.1003710979284,-0.03247925432248345,0.1159735359315917,14.36397895945136,-62.59111774512805,67.99539472854589,12.07409637510651,12.15563867625064,18.57447600783676,-25.91043922536397,86.78271048790235,29.1121762259199,29.00542856825509,17.91885389040882,0.2188344785515382,0.2188555478626019,2.651257000000001,0.4438564620689647,4.105720823798627
639,E639_processed,-16.227905,72.03688,1.912384803217222,22.038288400000003,7.236652200140293,-34.23711050216063,36.06432376626967,0.0002582143374238409,9.02986934582302e-16,1.935183741752067,-4.192184134063281,4.999196425620259,0.01499809542282254,1.860610352857573e-10,0.1163217666712193,-76.962204,65.660339,-5.388206035763734,-5.2450683,24.05874725562039,-71.43841680499125,70.9787964335852,-0.007861764249618845,0.1457792794927226,24.05418070313759,-49.785793,99.441994,20.93891583640363,20.699665,23.19859951194702,-70.16287144673078,76.09079943208326,-0.06515012103915911,-0.3961621934711926,23.09664235117482,3892.3372,3934.7168,3912.789120494444,3912.3547,6.077937587545946,-57.25371461507555,61.66775506352634,-0.02187343794578906,-0.238798318289962,15.48669831870581,-57.71708632493809,86.74162742761784,0.05132439661528819,0.1126210134651882,13.95604391390869,-59.42064764952514,72.25243212802702,3.78459305475179,3.799894198747479,18.50235931767005,-137.1534211889507,70.40024508413771,-83.24089856436065,-83.09279491913885,17.32574854262001,0.220184791599061,0.2211671792063261,54.12984,0.4062821073169367,3.755333849101336
640,E640_processed,22.016487,24.689838,22.38864513361111,22.392082,0.1259361733369138,-0.3896542999787618,2.229715052159975,-0.0001314509096392966,0.0008092669030714487,0.1234140254108931,-4.821648018011525,4.978051058932929,0.1999809004772316,0.1820376631778353,0.3427852777707385,-86.835945,82.233437,-2.922294450610895,-2.93560835,25.46856228508529,-84.08450174539549,85.14677312903504,-0.03306604933131493,-0.0389634586236145,25.49325434549894,-65.35202,132.39766,26.33053708485634,25.969202,25.89016157886034,-91.21138812856682,106.3427256073021,-0.02592201309562983,-0.4064326513814637,25.87761967715278,3902.0413,3945.2239,3922.853955133334,3922.7571,4.986934248526861,-60.07754862192209,81.61569080323409,0.05403536335700847,-0.07414620725212284,16.91521169319854,-55.79194866902571,50.41643489972448,0.02939081932625416,0.114180995293326,15.31518385348819,-130.5820851389473,65.3406557130794,-70.45787360167576,-70.5297050378009,19.85074124569357,-71.61766581595253,68.3481710808325,1.637472842442912,1.844091731028161,19.46134346295738,0.2183200693336324,0.2177689520896477,2.4082260000000026,0.4704943422818796,4.014765100671141
641,E641_processed,-16.227905,71.995155,1.926788921820278,22.1399202,7.271405498582182,-34.35155794222409,36.10609836920763,0.0002001081972895986,2.857149613790483e-15,1.934032138904277,-4.999752345241903,3.921819461216093,0.01169421820064291,2.24120259394079e-10,0.08321377023373934,-87.788002,93.961639,-2.335693058639224,-2.23992525,24.6146841152333,-86.64147749337278,95.38798153624842,0.03831984690690655,0.1844931685955942,24.6266739216173,-40.73127,109.57339,30.97815418338658,30.920824,23.45850006432722,-72.35498869080473,76.69016691142795,0.01939743174422211,-0.06783151377227054,23.42749888170026,3911.4846,3946.425,3928.478836177778,3928.4709,4.882357190273032,-58.61516937675319,51.13339408664929,-0.04075200658047597,-0.09991795704268466,16.34563453767426,-54.97842733902448,43.55698914470095,-0.008681269671527938,0.07448657151203453,14.15508645328064,-26.31514359843819,102.7351836188604,41.64211753180977,41.43698864336153,19.24240627827924,-8.392778484042283,119.0505250800874,50.00514033392338,49.85073479839998,17.65422204708955,0.2127837426873093,0.2211226633559421,54.042975999999996,0.4207353696757516,3.834076342919775
642,E642_processed,22.105721,25.065563,22.55347162927778,22.547432,0.1223172587679582,-0.4099909403364374,2.432921926283026,0.0001813234859277053,0.0005786128741767718,0.1190138287788306,-4.994309721573526,4.887383554273809,0.1944417477445525,0.1819577379047785,0.351561275535137,-94.069252,92.525826,1.154521444286555,1.02282675,25.91476996740259,-94.29550357689612,92.29860421828282,0.06339880041533454,-0.02444766918071495,25.95002557324388,-54.239594,114.19975,25.81281547430318,25.7618025,24.43165874431507,-81.69429078942214,81.9501032017299,-0.02740036478561506,-0.1623917014616922,23.65189796601989,3887.4087,3949.9612,3922.590346594445,3925.8208,10.66006926388776,-82.9735265633748,59.83552867028214,-0.05649013392457743,0.06849767836814538,16.62699173943419,-52.25080046378605,73.33374231460797,0.05395990650392642,0.2254378492751687,14.30673923793514,-4.980141776377577,139.0022646403858,66.499134446247,66.57782917124433,19.84679876158815,-136.54192746669,83.71182963916405,-71.27446222396024,-71.1152523783093,17.75962851727334,0.222806106135007,0.221099804117289,2.6070780000000013,0.44865585416666653,4.15080831408776
643,E643_processed,-16.227905,71.641304,1.956091265647222,22.2595002,7.408627308711155,-34.37303953629611,35.16336048222944,0.0001487755159207651,3.588798733692512e-14,1.88943677739241,-4.999867799533968,1.81253352811901,0.01275148259364215,4.007159639478008e-10,0.08419767739074153,-109.25118,80.168976,-9.093876147735783,-8.7860885,26.780822791173,-95.58054426331232,93.56308885099456,0.0192858201637147,0.0034282825951375,26.54940934677695,-85.471703,83.122231,-3.008916737304194,-3.1255375,24.49609240309015,-75.88843591209347,86.22677407684739,0.02934188178348638,-0.1734803642866636,23.69745083378873,3838.28,3911.5261,3869.362425205555,3866.8638,14.89131555115359,-98.42358722330314,55.6983238335543,-0.06164781900765372,0.03239721280860566,17.24471439959155,-50.20159271489313,41.49489656729091,-0.02954974117148734,0.1237855393700344,13.76874628029114,-58.35441126730153,140.0209846971094,75.98157683319167,75.99644208135035,20.32054917783263,-65.3460364641236,51.85738004427162,-4.752107735676484,-4.510066272626251,17.5420118278232,0.2233057617346109,0.2277678391250325,51.877521,0.43580448213070644,4.016958726458048
644,E644_processed,22.370369,24.22591,22.73389461261111,22.723969,0.1103352026969192,-0.3413961968435724,1.399756764825891,-7.825093949394875e-05,0.0007054991743981748,0.1083010818717898,-4.993959050670218,4.840851319693233,0.1922079261418718,0.1764913657748297,0.3283049132982094,-99.103455,75.001381,-14.67873737717798,-14.473712,24.32355820430502,-83.58971955290772,90.07019798260961,-0.02970725227017473,0.1467397075480705,24.36588336296077,-76.806396,67.959953,-3.985735519689022,-4.2378929,21.83217588786636,-70.69495392718785,68.12471649982024,0.02792736923828283,-0.2061774832541324,21.63217707402582,3834.199,3875.8101,3855.459199533334,3855.5142,5.712329499734609,-67.05157405477304,100.802525446996,0.0652196639656911,-0.1822051446431913,15.82212332933742,-41.07903500145115,44.6471371545796,-0.03097102470548892,0.04631554639094254,12.65669969374988,-145.2970064447282,85.98998203923193,-84.20131857703812,-84.39949614878887,18.61845324540653,-42.84487457691013,65.16802078967689,15.12047981511363,15.36087247939062,16.03980753306369,0.2227549484172367,0.2244466358083183,1.5686639999999983,0.4066937481481482,4.418918918918919
645,E645_processed,-16.227905,71.595039,1.969459302331167,22.4011392,7.444193297992637,-34.43904808921844,35.09184286743123,0.0002819172450728199,9.255017630485414e-14,1.885957608244522,-4.999894878812431,4.464985082274342,0.01386373179291782,1.735084461429147e-10,0.1021584945735586,-92.932121,74.734131,-10.70202158342523,-10.221947,24.38002664182146,-84.32145450513582,83.25692154211757,0.01165458546001962,0.4584841824132805,24.33507612510332,-58.874893,78.634476,6.790251184986467,6.72015475,20.9517842863637,-65.71524604162589,71.45461199593167,0.03936627928463522,-0.03142658811713683,20.84813228704638,3849.8599,3893.2502,3872.283577377778,3872.7495,6.356183728958166,-67.71659634835035,49.1786643021508,-0.0393572393161732,-0.07451565087567946,15.524773461207,-68.05719233942548,55.92336231220164,-0.05243275835851535,0.06604429725428762,12.82782573591081,-12.30587801003465,108.5698330736354,49.81972335544302,50.05505572361557,18.55258803198096,-15.38592583224436,88.63144853731241,37.06288943273541,37.33988242155485,15.77652348366099,0.221075766433008,0.2222624376428641,51.898391000000004,0.4353687488655993,4.113593387434814
646,E646_processed,22.480469,23.231659,22.88379310211111,22.878159,0.1066871281117268,-0.4009477668148667,0.3438728350957687,-5.85631653123486e-05,0.002645967690206161,0.1051966101018793,-4.932943834409555,4.957613266720613,0.1965911747250005,0.180772896486793,0.3467591322829783,-92.714653,79.040123,-6.93173164435385,-6.67291405,23.53532694778908,-86.20069488187094,85.74813246245586,0.010229186983931,0.2038405532132042,23.54234713152682,-59.116219,95.408577,14.52260914968293,14.569441,20.46222984966567,-72.42485200220298,82.23813725436796,0.04291477328842994,-0.05155170295027067,20.44884150347875,3867.3481,3903.1877,3885.785377905556,3886.0908,4.739266119126755,-49.80825704930295,53.33523588769933,-0.01724633793215844,0.002185678967858484,14.91872218979572,-82.70693825375554,47.48120115900849,-0.06238711255074654,0.2419992523927716,12.7086182077769,-27.21432460382349,97.40226461743208,38.59418463296971,38.69773213446572,17.92438506624124,-59.44307987822055,125.6093866283614,74.45300763391663,74.53916239742843,15.42622352180556,0.2227774826132939,0.2272004910469661,0.6849060000000016,0.3917346453900707,4.249172576832151
647,E647_processed,-16.227905,72.103188,1.967480451542611,22.555813800000003,7.431990608397646,-34.72395581758541,35.95419805478771,0.0001556918505256225,-9.261539442411507e-14,1.903470297135569,-4.521086370888449,4.999717507468749,0.01551828564640061,3.882425352770302e-10,0.09655172562431377,-105.77958,79.680542,-7.083322083622249,-7.10697605,23.45445396215407,-98.47927713762795,86.97565268452385,0.01204342753518452,-0.0397613977786804,23.4619234993656,-58.764893,87.934753,16.18163822419648,16.128917,20.77715294981289,-74.44186816158046,71.17834309513538,0.04648842288372776,0.01718249347090371,20.81350536300219,3872.9114,3905.438,3888.974926344444,3889.1448,4.3482506808968,-57.62693893069762,54.51446916186733,0.01279481359690896,-0.1885752940367109,14.69398784481588,-81.55679161293872,53.60762064840315,-0.05301094776331246,0.03650929959510729,12.87926169556317,-76.34110162024115,52.15576459463913,-15.35070055992495,-15.06795606377384,17.80264996337387,-62.89913363178469,135.8350886583818,85.81218049372235,85.87237154347379,15.76596863873678,0.2244132448985523,0.2266698366965668,53.135636000000005,0.4322870104111459,4.1878771468617195
648,E648_processed,22.635124,23.408409,23.00049617611111,23.010719,0.1094892073247683,-0.3651699749650145,0.4229690435340916,-8.51863370383946e-05,-0.0009740915921776444,0.1079027357686476,-4.987934393848999,4.98641356856562,0.1994829908343554,0.1843745209307742,0.3935629445613653,-102.39876,88.617889,-7.273107089713641,-7.1376331,23.94991321383889,-95.50956756454596,95.41916308453105,-0.01705862046310349,0.0695249856391813,23.94395479670665,-56.373226,98.255928,17.83977290679459,17.719653,21.24961352772467,-74.26097469649253,80.87882965512378,0.01289535064983889,0.009720630866650204,21.30782613967359,3876.0244,3909.0688,3892.956046100001,3892.9912,4.565233319307192,-55.26060259396026,51.38312785766695,0.005234911160298133,-0.2336334626566043,15.4623331503565,-49.07216443368612,42.26368011697408,0.01470308371853253,0.1939688805376909,13.20699977805141,-82.18001776027565,44.4895060130643,-18.87508498124684,-18.58802191959539,18.50779846133486,-103.7025845779115,22.75118032636808,-38.21153368559126,-38.32968697438128,16.40418403589925,0.2216944955460837,0.2188657845140371,0.7070009999999982,0.4011317337662341,3.8825053995680343
649,E649_processed,-16.227905,72.059006,1.958697537654389,22.710472199999998,7.350939284620083,-34.26041218530236,36.30202459089188,-0.0001110566403652612,4.07076556427325e-14,1.940549465691803,-4.999853131701922,4.999687834638777,0.0138574680711133,1.200231077555374e-09,0.1170704930409443,-82.554222,63.451572,-8.260096246154323,-8.202289100000002,22.72561772920441,-74.15142927322057,71.46359753750136,0.01193439288997953,0.06352154538113275,22.72261544807974,-49.976086,94.252907,18.73799678853838,18.5953075,20.11648915264207,-69.02500243636435,75.2985781160107,0.03256421110195394,-0.1698274455381015,20.12829800427841,3877.8162,3909.0745,3893.304105233333,3892.9985,4.087217476452872,-44.12695451141364,50.63186203227991,-0.006207593862193187,-0.009909591123268056,14.53029899598824,-88.61889211206406,65.58997927924811,-0.06807353743681792,0.1381199293087878,12.49396568393768,-32.50670151375737,72.28024014168577,19.08707614248467,19.35205111954729,17.43822347485221,-1.63219514530125,114.3755172599447,60.0727951038641,60.03651437975126,15.17954872957764,0.2192959606589472,0.2271681088070864,52.583293999999995,0.42374206475059983,4.143234062015601
650,E650_processed,22.701408,23.430504,23.06569739288889,23.077003,0.10757567186745,-0.3622080427990694,0.3617727400496951,0.0001113994972989468,-0.0005367080317414128,0.1066917810284827,-4.77568778427748,4.813411854625164,0.1905326349454406,0.1791426175251715,0.3754243044779412,-90.931984,81.833466,-7.143658558236223,-6.774516849999999,22.34203936977682,-84.07782139941054,88.48533228995008,0.002506187557505383,0.4711210630350551,22.33069470532055,-55.27095,83.14904,12.54100714778665,12.5142045,19.8447479646065,-68.06801289363841,65.91911168664645,-0.008132969063703267,-0.1328751551490877,19.62046803632709,3866.2058,3907.2881,3887.59539735,3887.6399,5.730496176151259,-49.54817818573413,52.6544564611882,0.02576751590667811,0.0005987641454732184,14.6445228978546,-36.72877265260089,53.46922010746484,0.03737941781400914,0.1774663833457519,11.92486556549149,-64.53343662390282,61.59052921713157,-2.968940414217883,-3.160171729429972,17.2918094879278,-104.046835729961,0.02657984282481483,-54.77049262204049,-54.87389220692402,14.82794161609569,0.2212200493950758,0.2216516065987997,0.6628149999999984,0.39375350684931554,4.089041095890411
651,E651_processed,-16.227905,72.0811,1.975391250941056,22.847456400000002,7.454383518233779,-34.7913446252824,35.95709522081904,0.0001425653028050369,6.130331735047003e-14,1.899623500345852,-2.045437546387184,4.98429189201156,0.01395541397074836,4.457921984733603e-10,0.08888566596599615,-90.507973,73.720634,-9.084749692030432,-8.9194794,21.04295664406034,-81.61331305798141,82.56580999126602,0.04692581337171329,0.2524599190234518,21.06389656756758,-60.109795,68.094696,4.924522951937695,5.0542006,19.0861634003466,-64.01251139061502,64.29373293636019,0.0103715754546355,0.05612325873111446,19.03295275698892,3857.2749,3891.2124,3875.218433699999,3875.1365,4.776132551178003,-75.5349742540858,52.04166875705981,-0.05453555713654991,-0.02097713592579975,13.8314566332381,-54.27648332095286,34.46933412161557,-0.03335779428022804,-0.0988050793674482,11.39574487967287,-52.408194661286565,131.2078590998303,78.0745547966455,78.15143681692467,16.29104434493802,-29.17265853648826,64.31442712956304,18.64769069968644,18.65224454222182,14.27724127793829,0.2216645917332096,0.225551033047265,53.82054900000001,0.408393897664087,4.158089261059454
652,E652_processed,22.590939,23.430504,23.06994309183333,23.077003,0.1085411786646148,-0.4805458232001597,0.3684346645400578,0.0003194544714179718,0.0001635294698927054,0.1080291409500181,-4.836960627746982,4.960933081105124,0.1994474725984423,0.1811562754349634,0.3996852020020026,-92.291893,71.859276,-11.9662478484778,-11.8957955,22.57300695085317,-79.66299344795735,83.40022267694869,-0.003826061141094815,-0.02756224664170381,22.58582974087996,-84.439529,82.611481,1.432817402989606,1.35613325,19.89704834846173,-85.10698649543725,82.09724503810918,0.00794212291604112,-0.02266415122930088,19.88729680374714,3846.1001,3883.1746,3866.843187144444,3866.863,4.620922445044262,-52.12842892918734,46.76969883489528,-0.01622506538995428,-0.09148095790581512,15.03537730722807,-44.09091849019072,48.08872723746249,-0.01712307473477728,0.0434654117381752,12.1333683744349,-25.32427167813055,87.67703047504769,30.82768724679499,30.4473329128238,17.6587409273616,-35.19393058787399,83.25530127067047,22.9163241608736,23.03198780760945,15.08026277661196,0.2188568079225863,0.2227502030463956,0.6849060000000016,0.3996837225806456,3.8636559139784943
653,E653_processed,-16.227905,72.0811,1.964678822198166,22.953370600000003,7.383923613811393,-34.55073553282151,36.19708005871729,0.0001240387906089965,6.642223508957804e-14,1.930946767053969,-4.886206400016791,4.99989145957816,0.01608606190178016,7.275412815358412e-10,0.1339188700653925,-116.7435,75.133003,-13.53040682516383,-13.4343715,22.54494962006434,-102.9548383750402,88.93150474910341,-0.0146318037679423,0.01407345344247102,22.54247278934887,-69.601173,63.821239,-1.002081945223872,-0.8207429900000001,20.03331912928729,-69.14847324794745,64.83012532957828,0.001489343518249522,0.1355648563505327,20.03185597815209,3845.9099,3874.5801,3860.385966794444,3860.2339,4.309129734811462,-55.03389334760682,59.09102308605207,0.01871785167422274,0.2516773952985549,14.39591664249073,-36.89022643297753,34.78500666724467,-0.01356011590455358,0.05383100164389398,11.72200886659916,-84.31742904023547,51.64339201937155,-23.86662104461612,-23.7078351544861,17.28799529553741,-13.94231870742087,74.9351913969718,31.18074191595469,31.38537825614679,14.91843230746827,0.2201200079456613,0.2260977249726933,53.20192300000001,0.3985994713468829,4.100658781037602
654,E654_processed,22.635124,24.557289,23.00406067083334,23.010719,0.1082084610733524,-0.4185127444473621,1.475466318603049,-0.0001193152397839668,-0.0004525758462756452,0.1058447774534732,-4.566464648174077,4.958561615444459,0.2028185737988487,0.1877803505633633,0.3894948025867123,-91.121719,70.316696,-13.79926382032849,-13.693424,21.77932391380271,-77.44355454990492,84.01068194764096,0.03817219666455826,0.1251328365264679,21.8042140040384,-69.493866,71.940475,-3.943455418187339,-3.8266325,19.27863738471367,-65.63915471207201,74.87082760414607,-0.01363203519402707,0.01458300998927076,19.26402478825394,3837.0813,3872.6965,3855.559617638889,3855.0776,4.002616738552033,-50.28387589582663,50.02679568791754,-0.02140345925721629,-0.2067059395632302,13.63235014290563,-39.11626158060736,35.4126688005057,0.02461026447890478,-0.1116442714300452,11.25700846603065,-39.8781133045025,82.4369553323912,23.93659033028042,23.9604682142454,16.58192664922118,-60.67034697625134,37.45073306867,-8.031350686765153,-8.048108483936556,14.323408294185,0.2255145301881533,0.2267231473922093,1.723320000000001,0.3981243092105269,3.9375
655,E655_processed,-16.227905,71.50666,1.969858005099889,23.010720600000003,7.430498689262249,-35.12287938913536,35.52108625433952,0.000145878133873208,4.997161134737871e-14,1.903143167788253,-4.999997388127348,2.553324021076597,0.01387467946069832,4.183744035392863e-10,0.0874824030348772,-100.99168,72.098915,-13.27593023241528,-13.1393415,22.30348044152435,-87.44910677076389,85.56368992992876,0.001104075817617289,0.1429713589425989,22.3068573223056,-77.290482,66.912758,-6.30013225778255,-6.3266628,20.36425800380372,-72.0163529258738,72.18485705449385,-0.03694881235853814,-0.02942906770054488,20.36113172840677,3837.1394,3868.3938,3852.469269500001,3852.3708,4.039918805931312,-49.50510276262494,56.1676676609179,-0.02263642673326803,-0.1406273187104929,13.96226928781677,-41.65756226031611,53.52657733583145,0.04189095638111445,0.1128051463628175,11.85527256217163,-47.12176724946078,82.7587474788572,19.65496579531957,19.58855170468541,16.9641525443972,-107.3196037053242,74.71848541190685,-56.28789238797343,-56.31425947209549,15.04998346227921,0.2249443090151033,0.2267387370403184,59.564944999999994,0.3968855835593586,4.004374997253818
656,E656_processed,22.524658,26.612015,22.90809262494444,22.900253,0.1420000177963965,-0.5293330865847631,3.467553576358577,-6.347928526496312e-07,-0.003011335748883381,0.133696543067262,-4.960035517173958,4.774762853050739,0.1860820225018821,0.1692861195060363,0.3399299264762478,-91.946854,67.762909,-14.12985652907102,-13.868462,21.43296941110394,-78.5998563408603,81.62588467875892,-0.01763753003928441,0.2372723461961013,21.43219252096471,-69.602295,55.004532,-8.850942848644882,-8.87435675,18.73144522941467,-61.75781824201379,62.98746880712712,0.06212924698879081,0.03385337607055928,18.76189539796104,3835.3215,3864.0613,3849.105038811111,3848.821,3.984416522810897,-42.03243285036624,43.13908537631256,0.01208096545089628,-0.2426113624422346,13.3313421944434,-57.98133578872815,42.97519472176677,-0.04849554893111537,-3.030361067324361e-05,11.02499474999258,-81.39914734063547,24.23553763464128,-28.97790662843681,-28.95038410293298,16.18369451029037,-56.96005924581655,121.1397905669432,69.92847813109682,69.99041120000692,13.92600721807092,0.2233666130377225,0.2276409538693159,3.778046,0.48966447407407404,4.4100985221674875
657,E657_processed,-16.227905,71.020599,1.969247360893167,23.015139400000002,7.444599869601991,-35.20671748761951,34.95322101177168,0.0002744095153480209,1.282370969140814e-13,1.889657704149065,-4.999773483506875,4.843792679955493,0.01383598266362926,2.157660024307681e-10,0.117871044233512,-98.998344,73.669868,-15.51401682706716,-15.234308,21.18423648155783,-83.50129020220528,89.2940335137305,0.0261596823192353,0.2975898172686304,21.18902967559874,-80.328468,59.090355,-12.12492361469395,-12.1724225,19.36341436343084,-67.72768541762731,71.7518667789711,0.02129612433861557,0.02310248288661376,19.33993494560167,3828.0574,3860.3445,3843.455773922221,3843.3237,3.883088518944427,-45.92142231433555,45.38228877129401,-0.01762369432357075,-0.1174749573519764,12.71167286419488,-44.06303494958188,37.33449868624817,-0.03466984383532449,0.05417715666583284,10.81442115840952,-35.78102874758882,79.88224263124451,19.28891730813778,19.29916658452386,15.75461514331236,-42.96102254913887,55.77981577378976,11.01387452675619,11.01906079256104,14.04615330787678,0.2243688407138171,0.2333440609078637,61.089420000000004,0.41647154929615926,4.0365601863208855
658,E658_processed,22.458374,25.507324,22.78251982055556,22.789783,0.1074752484046553,-0.3668421131488304,2.6846372832229,0.000166668497417669,0.001421233653917756,0.1036792241977123,-4.950154306743478,4.701261339076993,0.1900312160027446,0.1752073392802274,0.3450395371005413,-95.108589,62.60022,-16.81458033481891,-16.6983115,21.16613870967198,-78.80436949075097,79.37559666280848,-0.005905896240142702,0.1206999046294552,21.16289608358307,-78.682114,55.590916,-14.48566316928835,-14.5170945,17.50845918901655,-63.63005695929117,70.89672093385568,-0.04905436198704503,0.006311219990292383,17.53322434525917,3824.4802,3853.1609,3839.455465055555,3839.6628,3.633612428459689,-44.86317908105676,44.00286526637777,0.001169702440508419,-0.101922544491975,13.41880684523497,-31.85365428559466,43.67476285409158,0.03301288269049234,0.06985331236671799,10.52426454268717,-58.13767704089166,49.77152495314804,-2.550147866505987,-2.539146094499512,16.1398150244217,-95.68391959026172,63.78094851508288,-52.1711449464627,-52.16655516942184,13.18279713485528,0.2277608023030172,0.2206447865888258,3.004761000000002,0.3910609571428564,4.2502369668246445
659,E659_processed,-16.227905,70.910126,1.953522675176833,22.9709522,7.408547463272564,-35.21177409834291,34.82598079906211,0.0002073692448152169,-4.200535428453534e-14,1.891098042133375,-1.125220540027832,4.999988454810943,0.01331054638564982,2.143269781348882e-10,0.06751140197625896,-106.84016,54.298,-17.63027868009165,-17.532193,21.11273832735207,-89.05514204577368,72.14551049103164,-0.05693468853577547,0.01833493216938265,21.14864969449517,-81.320526,53.819523,-15.76985949919202,-15.782744,18.73455450838091,-65.23103612329189,70.08377891271455,-0.005776630765227127,-0.06417008803267898,18.70148294887229,3820.9043,3851.2644,3836.823173088888,3836.9773,3.852101493878687,-53.01226591971758,72.44455013093955,0.05819881061192869,-0.01221677528454724,14.00451697770311,-58.84752349183073,68.37272378609902,0.02291988230654579,0.07928522910088653,11.35252972477662,-129.2030041750625,72.34840589833492,-71.79895612085096,-71.77161841430397,16.45411962375062,-67.29178877797227,45.89560232392348,-3.865968378401557,-3.786799533124404,14.13023402122272,0.2222710209680121,0.2211126375189596,61.420822400000006,0.4144573939714837,4.110106499772208
660,E660_processed,22.237438,23.054909,22.61976429061111,22.613033,0.1002752214705253,-0.3777086491322357,0.4013857308986205,0.0001554885380882075,-0.0005946543570587723,0.09661547582407702,-4.632608272061582,4.824376238225236,0.1994148566619887,0.182573102420085,0.3988596226859758,-100.13626,52.225395,-18.07716721660007,-18.077342,21.09894508591247,-81.96968611151235,70.44021552947652,-0.01064676382739555,0.01878321032965991,21.09941306496371,-79.114594,46.884144,-16.60658131314999,-16.484999,18.35439216064948,-61.97283906567593,81.25863893114177,0.07568940464614429,0.2072027769607017,18.46025881564568,3822.6624,3849.4785,3835.540299683333,3835.1914,3.846390700266414,-41.97560330889799,43.41715759544648,-0.001349638959360748,-0.06567599735919183,13.46641985703781,-127.4130677840225,72.8186738208488,-0.08572428986075495,0.02535056107786616,12.59067933652779,-38.30720170306842,65.9437997793033,13.511129192128,13.60026089246638,16.21691659354997,-61.80915835118805,175.4526259993418,119.6288413557059,119.7778696983194,14.47689463887967,0.2282959367109295,0.2244395093125382,0.7290959999999984,0.35189158940397436,3.9446153846153846
661,E661_processed,-16.227905,70.79966,1.939059212973611,22.8781582,7.370115661453334,-35.224028097217,34.70769976627768,0.0004524593318933531,4.633990396963847e-14,1.892574202994965,-4.999823663035017,4.134869272831192,0.01275855129543652,8.430872991637647e-11,0.09016824292223903,-87.607193,53.234737,-18.24176068667428,-18.42177,21.16387693954396,-69.08489396999221,71.47520341425187,-0.001886260685083307,-0.1252100229378303,21.19688665409818,-86.884125,56.184345,-17.07709198387745,-17.011402,18.7520728200169,-69.65796469866925,73.40535238904296,0.05099576899856712,0.09529208321656546,18.80559294061674,3817.8823,3850.9182,3834.395646200001,3834.761,3.915408965542478,-50.28237745207107,58.11631512740455,-0.01482692956332793,0.1892420250857275,13.84225045940109,-80.09268700382486,55.87634827944738,-0.05971298892755686,-0.03455902617170992,12.31925217652003,-20.11061678973339,99.30117543551405,39.07658340818292,39.10319116179576,16.47550644317612,-11.8230524022865,114.0469979009594,55.96909222758317,55.95834935328021,14.68716721046036,0.2222075965628322,0.2111348920004266,61.730139,0.4060850104824155,4.081221357517203
662,E662_processed,22.038593,22.789783,22.43259929361111,22.436283,0.1046778360050818,-0.3577348002464639,0.3274525410818232,-0.0003051059830148787,-0.001277661206162343,0.0990384793465306,-4.934307536098427,4.988812265329297,0.217213697257697,0.1880937909629604,0.424660176694417,-95.191582,57.758785,-18.22684794157162,-18.037812,21.98977147794895,-88.54409561727495,76.01225965711885,-0.04176707563567846,0.1370308704659604,22.07512819510839,-80.809769,44.46384,-17.27491408351235,-17.262681,18.98298281468763,-63.53261249817455,61.69342489440548,0.06163160644451088,0.03763815077197097,19.01944104988949,3820.4241,3848.2861,3834.338335388889,3834.7092,3.994205747228709,-61.47376480716869,118.837315116127,0.07030142008420699,-0.2729209130459447,15.08494362836467,-77.47374195581322,50.58564398868577,-0.07193640321596391,0.02534364464911532,12.36923133700765,-164.338502520629,69.29448952661319,-104.947712709393,-104.8618648545962,17.28608946885472,-54.360747912066216,124.5256170252961,77.11881828952255,77.12187272254542,14.81840126614775,0.2227589715105593,0.2147620555792487,0.6407199999999982,0.35709083749999937,3.73875
663,E663_processed,-16.227905,70.75547,1.929904417572167,22.750014200000003,7.338950462245125,-35.23713653169119,34.64785670468032,0.0002064840866674521,-3.475356433780556e-15,1.895291080040453,-2.252656491045128,4.999650749675936,0.01330660012736715,2.467488457677981e-10,0.08444466820861084,-90.214027,58.635132,-18.08347202403462,-18.0979885,21.36783916100377,-72.0464568714055,76.78840235659794,0.01064307626960683,-0.02184804714511274,21.368513510892,-86.771362,42.846703,-17.28480896426975,-17.3299845,18.98520028018249,-69.97664358514075,71.31449929111662,0.006344577943935703,-0.04235925554662145,19.05060028567583,3820.4971,3847.3096,3834.232335344444,3834.7476,4.064020417925325,-42.08542468307803,55.18376706565606,-0.03427321293247929,0.1207480903742494,14.06486538338433,-50.43888350244284,52.49927961131137,0.007015170588463604,-0.005509411849934587,12.20916964626687,-20.25200383614806,81.02281451321461,29.43402852913529,29.41091149202746,16.59979855880578,-124.9476419579989,10.9052459278664,-43.76620868279965,-43.84808878533621,14.91915753184115,0.2176539684048349,0.2172026715745272,61.9510762,0.39756643346628623,4.056240174721503
664,E664_processed,21.883938,22.613033,22.2456795575,22.237438,0.0969745804959625,-0.3352187437458067,0.3617043272818796,7.87804782093367e-05,0.0008082554447547685,0.09225416376244872,-4.983530153072982,4.994402574234867,0.2272401700346683,0.206400860368648,0.4605234662345979,-96.376282,62.938526,-17.91169274734482,-17.742804,19.94433545813118,-78.24838220762247,80.99364376686604,-0.02482759501874345,0.1500618352968614,19.95476706723212,-73.328094,40.481018,-17.39208623723642,-17.420329,18.38299786982704,-55.75312024502158,58.28810994257693,0.04306091633561354,0.008991131290722265,18.40696243365996,3818.5889,3849.0193,3834.382055233333,3834.6687,4.000849123278953,-50.18660514739465,54.91555259658053,0.03028154387750625,-0.1397880263573844,13.1143869945812,-66.52411528994396,37.84791521072642,-0.06101005193055865,0.1155812495228234,11.94613589278726,-114.4330429387812,12.06883868919555,-49.01107549891,-49.08672628024384,15.44894272699669,-3.642423830984986,90.62137828621725,44.93423630232454,44.99565955985781,14.3803274057148,0.2205278413696176,0.215557472032657,0.6186289999999985,0.3307614035087719,3.499415204678362
665,E665_processed,-16.227905,70.644997,1.916312408738611,22.595357999999997,7.303253141814503,-35.24379414061661,34.52845610940819,0.0003799541213406625,2.157870020259024e-14,1.895868517619074,-4.431240905755238,4.999754356975506,0.01607215174579518,1.313498404451511e-10,0.121580181386867,-106.50533,59.903221,-17.82845673773079,-18.131401,21.89814829785941,-88.60881002499738,77.89558628352633,-0.005937027259818052,-0.3282175338862289,21.89997195227065,-82.43663,56.09478,-17.35538526590245,-17.5964005,20.54491838751815,-65.06296591074378,73.25539264773478,0.01873272445564285,-0.1974444603274436,20.54447195378079,3818.4829,3850.6238,3834.131903055555,3834.5469,4.47598228793284,-47.37321987931932,47.18225700782773,0.0193577103253868,0.1943300654005005,14.0202489590435,-41.13702957356128,38.83984548803895,-0.02486782235520016,-0.007613021318569904,12.76746559458664,-81.53293493112258,33.02232345792396,-26.71663077643521,-26.67453054776234,16.81816286940636,-32.45748221325786,68.79841801912946,18.92930347177351,18.97664606002508,15.8237836383481,0.2216259713934778,0.2177707604372451,62.149916100000006,0.38409385232593524,3.968623215657176
666,E666_processed,21.685093,23.540974,22.08011575383333,22.082779,0.1076533393035207,-0.374051408405355,1.383227382550682,-9.62582308320738e-05,0.000499705206239395,0.1038841099591296,-4.944370370351537,4.731983913758649,0.2316611351550122,0.2061039416187575,0.4560179208947265,-89.089371,62.432941,-17.76806193071489,-17.792476,21.38704926165337,-71.28109228858446,80.19505635903278,-0.01281223964895052,-0.05978976082176579,21.39222851227825,-83.054436,48.4081,-17.39679595054815,-17.163624,18.74802649626633,-65.46956349664026,65.94955808732625,-0.03606042858846409,0.2207105288088576,18.76864540909266,3816.7078,3849.7546,3834.319304666667,3834.5637,4.121808780902668,-50.45956375825509,49.87931534101046,0.00750371474858033,-0.02556408105406549,14.00928059499517,-41.91487573704796,45.26101665751596,0.02431608504203895,-0.06749362345606702,11.70207120115677,-100.3175283451245,16.4695159630004,-44.26612681189309,-44.27951484939324,16.60738358555376,-88.10592330668051,6.847033075031629,-41.70195332415526,-41.51195599097419,14.41548729015408,0.2188715780213265,0.2161146349335773,1.6349449999999983,0.3747358277777786,3.3172222222222225
667,E667_processed,-16.227905,70.512436,1.9136758898655,22.431863200000002,7.310645047557533,-35.28112635685291,34.31647070690468,0.0002330965412588187,4.095638102218443e-14,1.881214584107776,-1.658781538118897,4.999829224163667,0.01608299466494512,1.94220218228605e-10,0.1176566880889262,-91.559143,51.232685,-17.57421628457163,-17.715381,20.29596374326172,-73.92115041632978,68.81794692069238,-0.01167964829803315,-0.137192283206127,20.30637206839314,-75.960899,42.254257,-17.33096030311144,-17.6004495,17.88740565277187,-58.65347556633654,59.52023433207974,0.001157400943960558,-0.3436010688235122,17.91087159780158,3818.4719,3848.8271,3834.258026955556,3834.5422,4.007119470002992,-44.14754745167696,43.36230628632605,0.02149050491629104,0.003821755118869952,13.25151171243657,-41.00772988197079,41.74885164208979,0.02564349560338439,0.09299703396870285,11.48994138018368,-84.3980705828534,14.52466937830666,-34.59888626603664,-35.0250159664032,15.69704613021945,-75.10026826651998,17.21691185097217,-29.98922780549028,-29.92173393124828,13.96046067067785,0.2205641637387614,0.2155289073724985,62.392952099999995,0.3611081230666761,3.7500479556681228
668,E668_processed,21.530434,22.325813,21.93813616861111,21.928123,0.09936809336136143,-0.3922006891125399,0.3653388040834769,-0.0001968861550959418,-0.001347903122819049,0.09637323715843141,-4.996192877560362,4.970475948305233,0.2277228894765521,0.2107590666624016,0.4762549704362066,-94.808311,68.738686,-17.42577277978703,-17.593393,21.42792986340206,-77.50226366540141,86.3018787205877,0.03136221744532708,-0.1243622613321871,21.44264961765209,-88.543556,64.673889,-17.32075324899436,-17.410693,18.88813355861241,-70.99132750365669,82.15293390194135,0.02575226902495228,-0.1147779901135629,18.89931399456862,3816.7187,3854.2163,3834.644618555556,3834.5747,4.278546150300096,-48.18525623677004,47.75861008718653,-0.03529275964753602,0.003993629788079378,14.13661499106446,-49.72213646016663,44.7328107929667,-0.03911752876481505,0.01697404506765832,12.08681285235086,-20.30868904643139,94.93356547925976,35.82658753092414,35.88431360139166,16.70197566673164,-30.9256901611773,84.77790790849865,25.52298666958066,25.59277562525372,14.70990451738352,0.2222489762144624,0.2178206742235974,0.6849060000000016,0.3543502087912087,3.2848263254113346
669,E669_processed,-16.227905,70.40197,1.893549658010611,22.2595312,7.220289315721439,-35.20383607389927,34.34126784082596,0.0001996288501573777,6.191227214093805e-16,1.911195796016892,-4.999905306115355,3.134974151668738,0.01497068053826685,2.856731807494779e-10,0.1089549204255517,-88.601997,54.767273,-17.32058406242137,-17.440342,20.83099236781626,-70.9497286501955,72.3227895574531,0.006442651685823824,-0.08594528734780116,20.83734542268245,-77.32914,44.026951,-17.3414290841295,-17.4191505,19.1139544832185,-59.92760440934218,61.35152879655469,0.01578473201943903,-0.05908495526246904,19.12915071597491,3819.3638,3850.6116,3834.452720466667,3834.5427,4.290835071616729,-55.07131926137816,49.61242153157219,-0.02685446289489028,0.1427411043253586,13.75858437521706,-55.12799912459135,41.08765430349212,-0.03575807684761572,-0.0576262979682674,12.15736072992489,-36.22682328031662,83.65958762788318,23.32838511348927,23.38831228407523,16.22742884872829,-0.4134529987143223,90.71355546114471,43.57576831007486,43.78090591925918,14.83239032468235,0.2216270088636352,0.2160827088672349,62.59179890000001,0.3537659733963466,3.5569658273854605
670,E670_processed,21.508343,22.215343,21.82964467416667,21.839748,0.09828009202622325,-0.3112418523032058,0.3958685755224071,0.0001334328986547167,0.0005708795553164433,0.09601221967420626,-4.994759263539509,4.965889490949488,0.2321797572848207,0.2107893852581625,0.4683020061281414,-91.631233,60.38044,-17.46480836990165,-17.6655325,22.67893962648358,-73.96653689720712,80.82806538364409,0.04632133488579475,-0.2030915079761919,22.76540261251565,-82.917297,54.776485,-17.32508498967379,-17.487692,19.28573421478627,-65.45598227897774,72.00198669733857,0.01489550260335663,-0.1303356894830769,19.28408615401537,3820.2566,3850.6116,3834.488753361111,3834.5413,4.460324704191117,-71.33147601023369,59.6939793202625,-0.01141491092183204,0.05376372496491744,15.46526901541118,-36.40341448756573,34.88111272494717,-0.005619843423023801,-0.01149575394714564,12.30716316152812,-90.72486186534253,82.87783120917246,8.81123837997825,8.84302888621536,18.17097758796924,-37.32620619989822,53.35466707573615,8.446198705005813,8.494908065816038,15.05336244243359,0.2110763619648153,0.2110538083050067,0.6628150000000019,0.3508448360655735,3.2577132486388383
671,E671_processed,-16.227905,70.269409,1.883193800069167,22.1048742,7.22301313401704,-35.25142822526507,34.12579495303068,0.0002763281524306443,4.129102430262727e-14,1.8972112498727,-3.111097422786805,4.999999359874717,0.0166259485015518,2.04364067292686e-10,0.1043996995514682,-90.594223,59.926247,-17.3024266330901,-17.6394615,21.04646943176513,-73.16481219564827,80.35316520781969,0.07618309757608845,-0.2550590908114346,21.08298688525789,-81.842216,45.557846,-17.44371531063435,-17.4150325,19.34187629849604,-64.10789629195884,63.13681611574822,-0.05102511918745007,-0.004376941716966176,19.3925040550913,3816.7187,3850.6448,3834.322155883333,3834.5413,4.423948982265931,-134.9307954882975,84.47084226346882,-0.1139415688431447,0.0764989638378708,15.70425014748443,-43.60450201322071,46.81015136751486,0.02109127776155053,-0.1062511296347033,12.80072262299537,-73.26430741364825,170.9221238396876,97.01078508737659,97.07834445567495,17.16198226362637,-91.49131979041394,23.28502160826824,-40.66000619978566,-40.53187465879954,15.40584058871144,0.2144431000972603,0.2109580181076276,62.746457899999996,0.35355662272866645,3.419585400190152
672,E672_processed,21.397873,22.126968,21.77009572966667,21.773468,0.09906833101936544,-0.3697286934019551,0.3709756202239445,8.734546333046968e-05,0.000487716216732971,0.0980804337100938,-4.984131844106357,4.684002891962004,0.2260968543457834,0.2056372856131387,0.4408922919331919,-97.507401,55.456955,-17.21714258667778,-17.3086615,20.99778663598326,-80.2712437601955,72.59668921186397,-0.02744358998738658,-0.120642214733866,21.02331844788017,-78.774483,45.072872,-17.53492314589152,-17.629322,19.71233832625836,-77.78140720277531,62.83747738127323,-0.02400856158202351,-0.08901716995080203,19.75327721750351,3818.4709,3849.72,3834.295501033333,3834.5417,4.394034506983604,-43.15711211438503,76.36268645786377,0.04149891988256789,0.07887834343089672,14.71336231202764,-69.35175854631925,120.7800077412285,0.07423091106035991,0.1028250998621048,13.86399365004503,-132.6990570231619,65.50014112862713,-79.32097559707567,-79.40720095772389,16.85143113291278,-161.9481808513438,57.10457562381608,-79.79574452028969,-79.77760929519678,15.8308555665259,0.2122151221588817,0.2116332603526447,0.7070000000000007,0.3559001028571431,3.408159392789374
673,E673_processed,-16.227905,70.04847,1.886303511363723,21.9723112,7.22261315088787,-35.2378841011578,33.89877876285746,0.000264697891868322,-6.92770897096751e-14,1.898572974694833,-4.431471555622646,4.99989736180225,0.01331164792037897,2.815964164377707e-10,0.1152451707258133,-88.706863,60.961262,-17.10226785102841,-17.21255,19.49171079656195,-71.51569695386982,78.34842004766074,-0.01719829980528052,-0.09725690947565546,19.54337315331838,-86.943733,47.007225,-17.80768897948061,-17.752834,18.94582556379137,-68.98716271412805,64.80478694462138,-0.05452685406186928,-0.004796392634724533,18.98894641679997,3814.0071,3850.6116,3833.8936164,3833.6484,4.126351060825,-49.6639329264093,82.85034162494235,0.02733231679385802,0.06059191105552131,13.82424598448769,-46.00807709017009,60.45027861665476,0.03860842973764315,-0.05852546099119649,12.52651705035349,-130.0072368475241,65.50014112862713,-74.04071875998878,-74.03000962917973,15.59969083787801,-111.1245369549547,49.61334880142941,-57.53938224510856,-57.50508181736746,14.96646962843555,0.2227629578730535,0.2123130212289812,62.967394299999995,0.3533184758000951,3.353467278748026
674,E674_processed,21.353683,22.104874,21.73848557938889,21.729279,0.1038537225147043,-0.3823354889536391,0.3773857121520426,5.687418823812064e-05,-0.001048011086894778,0.1029734875012735,-4.978315914670414,4.906726320003452,0.245002542165817,0.2170454339302657,0.4805728697955292,-88.948639,66.871078,-17.10276762397385,-17.0088615,19.65821239002355,-71.65777896068734,84.21969025065385,0.01639328981796581,0.0984754098195364,19.65371901273767,-81.037308,46.173748,-17.90315618397996,-18.049688,17.54770602221893,-62.71839357915338,64.07975929302263,-0.02348554150113442,-0.1612486159255671,17.55345864482794,3818.4709,3847.9329,3833.842333744445,3833.6484,3.892857775796872,-53.99980380085934,47.07420111379879,-0.02515263471983978,-0.1000175065554796,13.66313202536815,-38.63151920783574,56.37265465397005,0.04316426555500848,-0.1124101910196162,11.80805784312761,-62.95643819607603,56.62325722629357,-2.341333988704784,-2.238492345842167,15.60180189743404,-81.19392930476936,16.9267083722905,-32.72079179442525,-32.83139875148595,13.86722255837821,0.219443536218437,0.2178398124890486,0.6849099999999986,0.37015838743455537,3.132111692844677
675,E675_processed,-16.227905,69.937996,1.884561156704722,21.8706794,7.221693143605333,-35.23278789005983,33.77516539181524,9.22393082899313e-05,8.53147446562659e-15,1.899148101254086,-4.952999875746277,4.998984305375298,0.01495576352714085,9.340992247688078e-10,0.1003210923070536,-99.927307,59.633736,-17.13508822499881,-17.3153115,19.66340966938712,-82.98554864633476,76.79779024501296,-0.03164438335946348,-0.2297531785998896,19.66297614430002,-75.92511,42.654522,-17.9289654644195,-18.1613825,18.00084714793168,-57.87696161649346,60.70270597389116,-0.02699309795035416,-0.2853452667717258,18.02311007582644,3816.6853,3849.7185,3833.675529383333,3833.6484,4.065118685226151,-49.41126573619008,47.43656913765709,0.01984162733143388,0.006940063141670727,13.70759338295038,-56.75175192096329,75.28982958747547,0.0442493531355532,0.05949188825744778,12.26329141646939,-96.87770506053747,9.721423542534648,-44.01427400771416,-43.90115347491798,15.68130081061711,-105.0200435227686,45.24002792138394,-48.06119446036267,-48.0301930918715,14.33279422493411,0.2183925922934111,0.2071963707759562,63.0999528,0.3611978725852519,3.2800065763812887
676,E676_processed,21.309498,22.126968,21.7354489285,21.729279,0.1000543346787201,-0.4434331512260102,0.3827859255098797,2.120026970068261e-05,-0.0001659854536739773,0.09906558293915303,-4.989725245114053,4.993368147757699,0.2755630574883368,0.2425983323113821,0.4963713997414594,-85.861206,46.998032,-17.04547806139917,-16.888998,18.0141852340353,-68.5755215702934,63.95950778868843,0.03016036853313702,0.1961102412798215,18.02489919292038,-83.020561,43.324787,-18.03872590188064,-18.315566,17.56085837974986,-64.89478424466427,61.21230951565043,-0.003762069754162711,-0.2555662691243694,17.55740967850243,3818.4709,3847.0403,3833.723347266666,3833.6484,3.775085820712428,-53.07815564156777,41.79354218716453,-0.03152673734085232,-0.01979477553815379,12.41886282349073,-36.69793869984623,40.63465288248425,-0.006534061738460192,0.005483413855373653,11.13133527334962,-83.83515669415199,102.4273397065498,50.12592138066071,50.17284109328826,14.15901705016682,-54.58450246784237,37.42919759964938,-8.861575846390197,-8.731003746028389,13.5408749810998,0.2289142775156322,0.2212200431843618,0.7070009999999982,0.34849892924528353,2.8213500784929355
677,E677_processed,-16.227905,69.82753,1.8853375167495,21.799979399999998,7.225697940328345,-35.21925379196585,33.66612502116489,0.0004024649841993533,1.1187606022542e-13,1.896724356056487,-3.377196283829409,4.999984404023197,0.01551655413680015,1.041186380523896e-10,0.09879763037245683,-85.080963,64.469795,-17.05484237556069,-16.907134,19.41125497594387,-67.79774286299906,81.55309583649165,-0.009540115271193356,0.1186346166912241,19.42107348935395,-74.602692,39.42831,-18.06089041182123,-18.222678,17.88279369893285,-56.21820788179833,57.70635907569177,-0.01351641216439131,-0.2120223432412141,17.88511554843495,3818.4709,3847.9329,3833.654548755556,3833.6484,3.999637959318667,-48.25837342455102,44.53400688976501,0.01646291627304486,-0.1696116876550308,13.71935783164484,-39.01075724276726,41.01284338793486,0.01137115692353502,-0.1171599762326624,11.9777686413473,-88.74359333478012,14.20755109723179,-35.52005680763632,-35.40673745427605,15.47138199601352,-65.91877374541905,23.27191022921007,-19.7334337256294,-19.50681273535096,14.14445992321866,0.2272085597845355,0.214994721057828,63.2325192,0.3559504928787528,3.180832147635432
678,E678_processed,21.353683,22.966534,21.76990055905555,21.773468,0.1034839472398047,-0.4223200975056615,1.154103282092119,-2.783373662804859e-05,-0.002224338804979587,0.1025616522794798,-4.971840429450362,4.856310769625528,0.2605394388931512,0.236110178591533,0.4798877720516854,-92.268433,55.802177,-17.12246204567737,-16.9243045,18.8464195057993,-75.37973115987438,73.07858024828258,0.0158824187800186,0.2164106013658041,18.85833984448394,-76.221886,43.835327,-18.13622701644367,-18.1250355,17.13753241676437,-58.19505195325181,61.94446938391552,-0.001684097036397154,-0.03290961064912831,17.14188277152648,3820.2566,3847.0403,3833.777409711111,3833.6484,3.817760972474995,-43.54680065628968,46.89171888536718,-0.03004332842673241,-0.1807258442569022,13.27975785058629,-37.43912508102201,34.07185106208095,0.01038024191204009,-0.0137067423701972,11.07003478333414,-14.27029566555869,97.45938935177068,43.0189884841239,43.13379284582785,15.0241288802645,-65.14241429348886,20.89920522764263,-23.42850679976486,-23.32671211917781,13.26872659140086,0.2272289786255033,0.2244172989776318,1.281441000000001,0.36541468627451,2.9281758957654724
679,E679_processed,-16.227905,69.717056,1.887640795572278,21.7690484,7.23199466490528,-35.20753163072386,33.56570426858156,0.0001621827218429601,6.402922695752578e-14,1.898495472931536,-3.350356873806137,4.999941783000279,0.01551745679821916,3.899444854265777e-10,0.09802471890763677,-85.825249,48.829151,-16.85080072054604,-16.7861575,18.23487060236432,-68.97045149881713,65.54057231317965,-0.01031222891066978,0.01064666478183985,18.23634748971766,-72.183731,35.850258,-18.1853467477281,-18.55886,15.74568167497432,-53.99672150269838,54.02664355355037,-0.02381711306413005,-0.4278880640611636,15.7555590496792,3821.1492,3847.0403,3833.769426194444,3833.6484,3.566506730502482,-50.6122961169344,54.01309144435722,0.02062631808215635,-0.04412766472127494,13.08450501668088,-37.70960813416284,35.51084272280124,0.01383067813955885,0.03582338443324762,10.49239200069546,-76.45452068295334,37.96221041079559,-20.69127298049941,-20.70418191226292,14.58141501529519,-62.71707470168568,19.46228144671242,-21.69473027563677,-21.77652798943951,12.33730475519753,0.229433131573504,0.2186490299293181,63.3208882,0.3581633883754131,3.1095020617062596
680,E680_processed,21.353683,22.259533,21.84527110305556,21.839748,0.1068526514544565,-0.497288333210456,0.4017614758943092,-0.0003690763603189109,0.001659018990085984,0.1062517986493374,-4.893861512586519,4.858338519068183,0.243268818803174,0.2212957025278257,0.4799534855024247,-77.214027,47.792099,-16.74727233558369,-16.9140075,16.91396785866647,-60.35616773254617,64.65527577115262,-0.004794868473617458,-0.1548263091020375,16.9094511681972,-70.78968,32.223545,-18.05257472601574,-18.0350465,15.08806467415297,-52.5576426997287,50.29291833963715,0.002151743171118418,0.02652532709288657,15.08737368987961,3821.1492,3849.7185,3834.373897072222,3834.5413,3.382731002473727,-47.49974729037002,43.84797386086321,-0.01005229478894076,0.1324588744877182,12.42690166143461,-31.83119070227774,32.08862949807189,0.01017357814095832,-0.05778971086194007,9.981044694307453,-46.38633309835733,49.26360117990595,5.510485949636053,5.701954656351516,13.63177958415333,-43.84441033388076,29.23427459597995,-4.888649595449012,-4.788879333382651,11.69870524578213,0.2316423781561629,0.2289851457403385,0.7290959999999984,0.37660422842639574,3.038578680203046
681,E681_processed,-16.227905,70.35778,1.8821179427165,21.7690484,7.179284865993358,-35.11225855729026,34.4179424588291,0.0001033586832092461,-3.605031091686013e-14,1.92794041443788,-4.999990137694478,3.382646027591655,0.01329199570293076,1.021187052686854e-09,0.08511548240558425,-87.446602,48.165173,-16.59795007021734,-16.566882,17.56191879605828,-70.8164789279586,64.91033425768867,0.01324719393532444,0.03427289028493807,17.59402751576836,-69.039848,41.816277,-17.44602060712892,-17.572539,15.85902081481842,-51.60040301053871,59.27958145796274,-0.006691019254204689,-0.1415829963030263,15.87005930603342,3823.8276,3850.6116,3835.702409566667,3835.4341,3.608502329505892,-57.81132386338789,49.15330009487802,-0.01701158219525519,0.05404713864100774,12.92308530256625,-35.53177702746856,31.4065365587523,-0.001092384061396898,0.0769284071148606,10.19430378302436,-10.26051628951847,103.0185979991889,47.97350274551855,48.01961219276084,14.10800036569879,-25.26653537418595,54.43483535351902,15.2282843551918,15.29956893400154,12.15082681987637,0.2349917857635505,0.2277529139232254,62.746453800000005,0.36331526684757753,3.065675148019101
682,E682_processed,21.508343,22.325813,21.92102592061111,21.926792,0.1057691788124802,-0.3968958332592903,0.4064940369716775,1.722891368934923e-05,-0.001329006831492631,0.1045163423249775,-4.998813639407135,4.941627282160966,0.2598942988760073,0.2362507621893793,0.4836716156121847,-85.50441,48.031685,-16.27358341841751,-16.40384,17.77669835924962,-68.74097117957474,64.15276554196416,-0.0343505771362333,-0.2154718370363582,17.79745433076651,-73.528252,37.061131,-15.33989703327678,-15.3126655,15.89171159702223,-56.85875572420741,51.61218365125637,-0.01212147433082842,0.07572901651302752,15.85640559598406,3823.8276,3856.8611,3840.861945283334,3840.7908,4.266068942410484,-46.64459838009015,76.87336956584033,0.05383719476586164,0.1627284198509869,13.40472664162692,-35.83300364062015,35.34782017060012,0.02308658147140755,0.01348305976092116,10.39643284176213,-107.4023356393265,58.83542131428386,-59.73658870855178,-59.69287787166058,14.541003002266,-51.51846113153384,31.26998108702112,-10.06168444482057,-9.772377797611608,12.27795196129675,0.2222010747008405,0.2316707376386742,0.6849060000000016,0.3735926220095693,2.862738853503185
683,E683_processed,-16.227905,72.014755,1.896101504115056,21.7997132,7.235387740514659,-35.1576983838568,35.90648593588233,0.00015121587406365,1.265897759980795e-14,1.90948773605589,-4.999862305388262,3.296919535528056,0.01496952363222076,5.020922570748398e-10,0.1065504146163909,-84.919777,51.727688,-15.14121221163568,-15.1396055,17.90099792411734,-69.58231721672368,67.11478137252722,0.03155360803662293,0.05682966759790931,17.90560046161135,-71.673325,59.069355,-11.69875341265544,-12.0802445,16.11362680566829,-59.41987734221352,71.33685605847096,0.0186055509757037,-0.3367350073246239,16.0703791820453,3834.5413,3868.4673,3848.551812594445,3848.8257,4.298875589609509,-47.59782330967479,46.58246347455657,-0.03003145773161531,-0.01906291987164366,13.25585213047583,-37.74843149517914,34.295706969434,-0.009276891022753723,0.02576272378100541,10.58172584128805,-9.803963015470968,99.04699715439652,41.44079842836064,41.47480704437864,14.58975514935069,-42.2045509552328,43.24328950908452,3.960890926002664,3.93326309188759,12.49617400208184,0.2266029592955273,0.2260750196524511,58.018336999999995,0.3668537706780628,2.956591040161863
684,E684_processed,21.616741,22.436268,22.032821918,22.036915,0.1098715930029597,-0.4397747269877514,0.405125058507511,-0.0002410409916153654,-0.001766667385903841,0.1080760399539994,-4.967034478956157,4.977042900644277,0.2496698747451814,0.2181816753728176,0.4743987412564399,-82.39286,44.334732,-13.86061066296595,-13.7621905,16.58794624616069,-67.67361068760977,58.66989660030437,-0.02689634601644835,0.04495185851221284,16.58774494422098,-61.301384,54.528931,-6.756430968273741,-6.8150203,14.5857599412171,-62.55359427331628,60.86776944746627,-0.008245006059373913,-0.2484647359619689,14.56779961515584,3843.469,3873.8242,3858.713105272222,3859.5393,4.533239811882265,-41.74554258238166,44.59042647607185,0.02245771204265466,0.1295303903756921,12.49541758887679,-37.93557838080044,73.89017720225863,0.02777443194131995,-0.01849186252251833,10.0385607360176,-77.24719530950439,19.6518379660408,-30.74489003751377,-30.8471447687747,13.52781352279215,-110.9503156035283,30.685742602345513,-67.22875367889833,-67.27365859184363,11.46606385668702,0.2299811282131563,0.2327593272630031,0.7070049999999988,0.38923470212765965,3.184751773049645
685,E685_processed,-16.227907,72.12323,1.897396307782111,21.8612404,7.195232055164674,-34.23897041910151,36.09503946662515,-0.0001280922355002262,-3.543129019930876e-14,1.936676417485792,-4.999616748612389,4.998705717558971,0.01663522091455934,6.907599336195388e-10,0.121200583436672,-73.538559,53.990505,-12.38727070104176,-12.524823,16.62706658539538,-61.07385228785682,66.14372052527477,-0.03685070987872664,-0.195174335758213,16.65044691531606,-63.182201,50.927502,-1.925790614097095,-1.86072975,15.39433963290208,-59.47714721854642,52.35305108600214,0.01296637057212739,-0.05247201236542409,15.36609340679146,3852.3972,3882.752,3867.181377983333,3867.5745,3.961371160168265,-53.92409370862926,75.29090743643216,0.04415867145665658,-0.07962097756948383,12.96586444672528,-32.69868149957524,36.49658404886953,-0.01419189487972555,-0.06036679276090917,10.234510749231,-117.419227013662,59.19543871204607,-60.32309830244881,-60.15051835728539,13.72625104945218,-51.80087235058725,32.84149073347968,-9.71919898563651,-9.551444588375787,12.00458867619274,0.2266681490286725,0.2272118171102538,54.43790800000001,0.37066903361668363,2.967119056202857
686,E686_processed,21.773277,22.635059,22.184322939,22.192951,0.1129603220018294,-0.4261446620842607,0.4127467433264042,6.055358347132541e-05,0.0007016749215238705,0.1093667652944576,-4.990744512414739,4.992698718525841,0.2604572451207373,0.2289136972185452,0.4715184128896688,-72.580399,46.090786,-11.67930736025536,-11.693348,16.59613178082253,-60.93889421997638,58.22393935326955,0.05114365500072336,0.05187943069610212,16.63781272870309,-47.272583,61.058189,2.545574919799364,2.3407724,14.92201879154246,-50.54882785414785,56.53579520617506,0.02137435598966636,-0.4107181409530379,14.86903325139714,3860.4321,3889.8943,3874.252154638888,3873.8242,3.953707589890513,-65.70177293585797,44.10763740136768,-0.04980963078919504,-0.02203892960300635,12.95886889266993,-63.37552850185704,49.78345315482223,-0.04358301973763013,0.07444367017402609,10.25365824004042,-60.88755333879242,97.01728901789525,53.50929677308503,53.61576218747294,13.78315157543288,-57.39479109573848,85.81806375494345,44.82494359616393,44.72020736906207,11.61652170987673,0.229387693021195,0.2316402363855674,0.7732849999999978,0.38063318446601974,2.897903225806451
687,E687_processed,-16.227905,71.705467,1.921837671262111,21.9539748,7.297467043444861,-34.40961974889853,35.26868110145418,0.0003744538088687714,1.401671199603274e-14,1.907256658455849,-4.999863955421221,1.317763816984598,0.01275825509957606,1.03109342033472e-10,0.09090523627755934,-72.190948,59.396606,-10.86976432454691,-10.9452215,16.329976754869,-61.81961351223076,69.9987504771633,0.004547704515050951,-0.1110216815222849,16.31630505219603,-42.759808,64.177864,6.265936573024372,6.01263595,15.01213167990329,-49.92017462750974,59.06101778028069,-0.01334875954125106,-0.3336424276031091,14.97410020744448,3864.896,3893.9824,3879.505024488888,3879.491,3.826969219429185,-44.93303238265079,48.27392936342448,-0.02148540193075773,-0.0830121249447453,12.72963130753518,-34.54087390101299,35.19874570444842,0.01879467074151748,0.1141273560705139,10.23293741208694,-35.16951609329099,59.91873727847662,13.4118548225114,13.613591515614,13.49647198798809,-60.74160828465467,14.37457369721067,-23.87553989486755,-23.87664640963308,11.74179484151162,0.2243493027911884,0.2216913594883485,53.820522,0.3770958846608309,2.98242968566556
688,E688_processed,21.773457,22.767677,22.32733476422222,22.325802,0.1139612862801411,-0.5588576784505915,0.4751178659680027,-0.0001741593909331205,0.002471085339074254,0.1118432918903506,-4.871487967044919,4.965160839574507,0.2544171244902764,0.2237937324251631,0.4569252119625516,-71.820297,49.582142,-10.09026005405626,-10.0569745,16.33252046405629,-61.77073872749108,59.54766086419639,-0.004912982754098049,-0.01911841132337751,16.33508985841923,-39.377392,59.29438,9.29747358919087,9.279175299999999,14.05016010085943,-48.77698390980544,49.68581497593414,0.03068471058394472,-0.001621172495004375,14.05501584655453,3870.7947,3895.873,3883.843769866667,3883.4019,3.162849048240783,-57.65673138374891,37.33859460571617,-0.02322307004883202,0.1544892039855865,12.20863457638151,-50.75038748835155,45.95845544875721,-0.0454397116091021,-0.1118039190403897,9.61536454391992,-32.17411146565509,59.57313996316594,11.75599202185643,11.85210423385196,13.15260797002794,-57.131804780975344,78.84630207028258,42.93056851484524,42.78255802292426,10.87629095486729,0.2317700458861657,0.2322633267572952,0.9279399999999995,0.40361901052631594,3.1429071803852886
689,E689_processed,-16.227905,71.595009,1.918365457693889,22.0644416,7.255228859302982,-34.2522076016919,35.42366212550671,0.000374492758192337,4.915833887326402e-14,1.934677787135576,-4.999830501941814,3.258941519197315,0.01531648897602619,9.506041831958159e-11,0.1083386220147739,-64.566101,55.066021,-10.1007698822077,-10.1047135,15.74969412599731,-54.29654189914709,65.28376244230674,-0.01657440428038772,-0.02530676028119483,15.76155159976007,-38.892982,65.13781,10.66229351710107,10.400264,14.09679461743586,-48.86435010130815,53.67362211678079,-0.01183211679331495,-0.3360977640604578,14.08868589759045,3870.9446,3896.8403,3883.227005194445,3883.4075,3.140085603023508,-57.17045253468145,40.90978811879313,0.02841896843834013,0.06412082134900832,11.79053991785701,-39.66699688996677,29.88246448362315,0.01504896710093103,0.1026052418887589,9.267445441225608,-91.96223196351968,3.691147485810524,-41.01718001187583,-41.28229715915223,12.72904565842399,-63.07890645575747,8.233002301477635,-27.00732557867412,-26.72972046960706,10.80558702996796,0.2366413744164204,0.2372164282835353,53.489124000000004,0.3847367495111921,3.0253759425895232
690,E690_processed,22.082767,22.856052,22.48648033511111,22.480457,0.1068444040399651,-0.4085818843692849,0.402358843314678,3.942388838312863e-05,0.001775733671831791,0.1041800706969976,-4.936055222348996,4.967042950881589,0.2494159799040586,0.2284873411383165,0.4596971212621385,-70.235451,50.574329,-9.606575272327738,-9.752165300000001,15.3344299130322,-61.00467829435939,60.32928261196868,-0.008627827982737995,-0.1570608344956632,15.32666116162438,-37.985359,75.191353,13.13960356217844,12.8447665,13.95146625699662,-51.3529107155034,63.10056080820988,-0.01370492648256099,-0.1782156706474045,13.93853102929351,3872.8271,3898.7236,3884.8595966,3885.2046,3.176021116333411,-39.05673085128731,37.90429577115505,0.004613918139814945,0.0565017409364561,11.09117968717957,-30.5876715850203,31.90484571563261,0.01590034821463823,0.01779233186198326,8.972318422763793,-45.35932630985865,36.77669891979791,-6.839326006114954,-6.871410034706663,12.14332487494917,-71.80726990132882,3.487603924940906,-35.96676556165624,-35.70105586305591,10.53778856408456,0.2399320462859461,0.2366666392671388,0.618625999999999,0.3713813969072171,3.084192439862543
691,E691_processed,-16.227905,71.595009,1.932149563459056,22.1925834,7.290295710345152,-34.23061411913217,35.44090744559848,1.126940419251277e-05,8.82010000880981e-15,1.935130383954466,-4.999997628955714,4.999999704192136,0.01717566191812418,5.891024511870613e-08,0.4351608062018375,-61.457134,48.127777,-8.582198214321899,-8.598340499999999,15.24326595471265,-52.59138927535125,56.6864950733306,-0.03228379808611041,-0.04662976033463749,15.25211655922949,-35.486347,63.472168,14.95942762417902,14.709098,13.33543209410556,-50.20311251853003,47.95350640317756,-0.01119784109457692,-0.3342249688663196,13.30443762902942,3872.7517,3897.7871,3885.216237983333,3885.2646,2.976729292967392,-40.63962290594712,48.40831583813067,0.03426556671492269,0.03545012973419936,11.25785133926643,-26.75697782090691,29.54700670878179,0.009126029568197296,0.02157447316828032,8.612590302257992,-85.30604899284215,59.83680572309656,-46.66290602148876,-46.67881128354807,12.08632585820827,-55.26358977673065,10.82003131853016,-22.06334967554256,-22.05242140027512,10.07044637104212,0.2439401818622071,0.2383589939500043,53.312374000000005,0.3836921832073564,3.0344986945214227
692,E692_processed,22.237427,23.054897,22.656062678,22.657207,0.1123761812377757,-0.3922974591836075,0.4396534041800266,3.408332976148452e-05,-0.001312507164752338,0.1105218006000207,-4.999322494653829,4.971905621527802,0.2538987968874469,0.227766961335444,0.4724702003084444,-60.684505,45.014278,-7.700019786177866,-7.7757106,15.47842228347169,-53.22701313087938,52.68261533023293,0.02081793190895202,-0.04763895446071342,15.48545292171831,-28.280975,70.057404,16.6814534881775,16.631885,13.21222699235624,-44.59813565050828,78.23379694358019,0.04613488571766131,-0.06233454021973039,13.30839311897728,3876.2668,3898.6182,3886.523056838889,3886.9819,3.006999159341257,-39.5249799157679,43.0514375145634,-0.02447550577191241,0.1706642794599391,11.44341877262633,-48.65428840962207,32.5501933652064,-0.03341220574576714,0.06109561530758856,8.907734210197114,-6.672799404162684,71.73966891922116,35.23635422038696,35.04804472651512,12.287955753867,-46.89423529141316,82.16705271032477,14.090065452197,14.2674325181171,10.42856352850545,0.2377446397484728,0.2366496636913781,0.6849060000000016,0.39413961658031066,3.088984509466437
693,E693_processed,-16.227905,72.169441,1.945926274669611,22.3386664,7.326391648450734,-34.44782101811337,36.24562298375506,0.0001080040242734413,-1.625946095689362e-14,1.932779769981018,-4.999652456976237,4.999915749375696,0.01495461110894879,6.643316445863645e-10,0.116981176408371,-67.070572,56.96191,-6.827343436414337,-7.173158150000001,15.52545270899356,-60.00437436454223,62.43193372836095,-0.003993892115241924,-0.3628961395787331,15.51073158220506,-33.764999,73.552765,18.2883149533515,18.1759655,13.41618161923672,-51.40005226603456,55.43845928175801,0.01703307242510449,-0.1479266550035137,13.39990918919823,3875.3738,3900.3762,3887.147401944444,3886.9819,3.032404548712297,-60.34407960033813,41.43059085041331,-0.02667307266224609,0.1254954638457688,11.4589795172525,-65.4869130939016,34.38675280278024,-0.04930378184255646,0.01271463358895774,9.011425160200021,-34.61940250569432,57.88463138952794,9.864603190558798,9.788685534262502,12.31019718987995,-19.568904244934,63.79774974994631,18.02966521767593,17.95222582397669,10.24667157369044,0.2416193300899488,0.2344566302628608,53.864715000000004,0.3878015821215046,3.079747825714073
694,E694_processed,22.215332,23.253742,22.79561804827777,22.789772,0.1216718562178718,-0.590586117963086,0.4399941775855933,2.135103157528335e-05,-0.0003002715168015299,0.1195466334084009,-4.976260900202043,4.686551830233595,0.2561112225390599,0.2335429654575734,0.455866673837738,-61.456917,57.118767,-6.098186610443744,-5.8281982,16.35116150960006,-56.2967774601767,63.39823108948603,-0.03609640288780484,0.234030965851304,16.36241444036364,-25.781378,71.507904,15.91454440374086,15.528335,13.77662888658297,-43.42076711449289,55.69886295658689,0.01493145680619516,-0.2755483965471637,13.67082390885582,3870.1941,3897.8425,3885.380841944444,3885.3445,3.741710063416259,-41.45291343074875,43.23250514903962,0.02682550059731991,0.02245339787145362,11.28780983055831,-30.58295708769357,27.08661300806072,-0.01787276422094822,0.1489041078896496,8.526627646944828,-77.69925577262946,12.88709138606256,-34.79422550203961,-34.86684216284081,12.40654179335097,-7.300842128472844,61.56810237322951,27.33903762194382,27.25223892476134,10.07294619113089,0.2633816702206399,0.2555708197413636,0.8837510000000002,0.42054782178217837,2.959637561779242
695,E695_processed,-16.227905,72.147346,1.953022053073111,22.4892378,7.350787146591676,-34.53827856507475,36.24585179249691,0.0003599506292376214,-1.549769857641244e-14,1.931482660043712,-3.897506165848845,4.999813142871646,0.01711266875124823,1.328312721367838e-10,0.1215607759092074,-84.49836,62.946587,-9.29210021610583,-9.16552355,19.07165398308912,-74.43788193869398,71.69989849372266,0.01576132341156822,0.06325056687853126,19.06507608925109,-51.724644,89.792252,10.0716359055289,9.326536149999999,15.24634137872592,-60.68731765881738,80.92068202877404,0.03224450790719795,-0.7440684184364975,15.19767661838012,3861.1135,3892.5857,3875.673431249999,3875.4788,3.900864725061857,-36.98831103654084,41.14779414139039,0.0002384921125428876,0.04793123907629776,11.42972972891405,-40.79789386848172,35.37764220704349,-0.0278306016081881,0.09033201349967968,8.564698742244284,-60.616644880279,35.2968799187444,-12.7537222766733,-12.75288315085216,13.40493437484425,-9.031546213338297,82.85330476687722,44.28181096135046,44.48110588224426,10.50934268885503,0.2711001998061086,0.2646412279904435,53.334461,0.3940642060524084,3.0347249834599923
696,E696_processed,22.436268,23.518867,22.92696447116667,22.922333,0.129835213859,-0.5229917119903437,0.5730583714686858,4.287899447468657e-06,-0.0005892324550030434,0.1282362268857556,-4.767252088778497,4.850211405804862,0.2766052719581963,0.2483753418187317,0.4297683403177491,-88.300804,63.690899,-11.86135447172023,-12.0536655,19.95421145986059,-75.68028616566616,75.44593940893778,-0.00352239543029497,-0.1654614209208127,19.94349852833421,-54.653683,81.26812,7.578503585531816,6.89444495,16.64732485218728,-61.13492942873509,74.71023098431212,-0.01903809397825464,-0.7542710704346609,16.65674605724049,3856.6548,3885.3979,3871.15381585,3871.0112,3.388374888417688,-41.4704818834956,36.81198651080621,-0.006732116655868467,0.2253487128828144,10.71220393185967,-28.0554788005909,54.49350321970302,0.02549099534648222,0.01811812215622077,8.566411615311873,-67.7127180861245,31.07762072391976,-17.85299152205639,-17.74388593207427,13.24594723614946,-98.64540676873001,49.19657866677632,-51.60992816365687,-51.55294953280928,11.03235369338576,0.2766572716381809,0.2666515944634083,0.9058449999999993,0.4710311649484537,3.078694158075601
697,E697_processed,-16.227905,72.125259,1.961352658892,22.6351142,7.374313274155893,-34.41465383312174,36.19719727433791,0.0001188220241108367,4.196347172653606e-14,1.932172973336275,-3.161592020015943,4.999984644368086,0.01555258380096691,6.338774801163868e-10,0.116897251718177,-95.938103,73.617233,-13.4545156723768,-13.210499,21.96936110182672,-82.18703041440173,86.89511370974725,-0.004724060938260503,0.2285203338839445,21.98696632127881,-57.558853,77.883224,4.673246567436355,4.04064775,18.37186819389123,-61.20386490115211,74.18816427946152,-0.0140924888946584,-0.6390792267744428,18.35685007013211,3847.7598,3883.4207,3865.5104751,3865.5596,3.648339842710871,-42.78054566750771,44.95680859085736,0.01489500068551819,-0.09470445308112097,11.74353981744103,-30.90833027581004,29.81728494725095,0.01132331581857113,0.08219485918673608,8.908663823407624,-100.8143490451486,12.2050379301412,-42.41667781656486,-42.63907928602539,14.71288909355057,-63.92502937707358,14.28705956329421,-23.78872536438826,-23.58289010322513,11.97801342295706,0.2733194458395743,0.2666684781293374,53.599593999999996,0.4121438021488951,3.070883169913823
698,E698_processed,22.458363,23.474678,23.03530038438889,23.032803,0.1274585197655182,-0.5784029523029736,0.4792456644080756,-0.0001234846622963284,-0.0002488321050844611,0.126088682765599,-4.989979661223827,4.973818121715849,0.2711230250010597,0.2476704170082177,0.4312954772456012,-87.794922,53.501877,-13.44278453265382,-13.2025825,20.59297653107432,-74.57916450394937,66.68239637253669,-0.001904033224024864,0.2711127582893702,20.58946344661137,-56.454285,68.09462,1.015397543387411,0.632382065,15.05774454056586,-58.15638379738469,66.33695568274675,0.0007123531637011176,-0.2927286685133969,14.99344786374191,3846.8831,3878.2625,3861.131120544444,3861.1917,3.599719861270712,-41.68510095148412,43.26141748712654,-0.009347841407554689,-0.07276356385941174,11.29514816552445,-27.50887451471538,31.60308693389689,-0.006449013277476471,0.09676051586963352,7.909917084437531,-65.4334553132179,36.48968439284155,-12.52594376125424,-12.59385835662903,13.95401274627539,-30.29468051933113,48.5762989583562,14.8314004545858,14.9264808920164,10.18183798725678,0.2616822108567208,0.2616831151112022,0.9058460000000004,0.4570108049999999,2.9856905158069886
699,E699_processed,-16.227905,72.147346,1.974287984131944,22.776514400000003,7.426590619331172,-34.57346790283735,36.09232930083076,0.0001554287560326355,1.468202062747082e-15,1.916408799226967,-4.999900934416076,1.767172006812199,0.01440790150386778,6.160889911779259e-10,0.1169722950893349,-82.370697,54.753284,-14.44651174326761,-14.5765545,18.1789430057015,-67.13270440880653,69.49694422575342,-0.01188917964422247,-0.09614831624005082,18.17455606019964,-59.655228,50.406643,-3.094583646083411,-3.28602625,14.1247432087199,-56.39217519245882,52.99948686393482,-0.004452284483708302,-0.181939680899888,14.11520378370572,3841.0691,3867.4382,3854.522669172222,3854.4319,3.284414545563887,-31.95824966251891,31.37926987039738,0.01072060723298997,0.05852584891842749,10.35040243659194,-26.60077678804448,34.33027718850701,0.01987120828994253,0.05932542267849991,7.658774800236086,-65.69144238649638,18.53912676870982,-22.72517367084629,-22.86638550798824,12.38623658489224,-64.59655007111566,0.7600865315862979,-29.77162797881368,-29.69637922897056,9.654987364787011,0.2716426667539505,0.2649855104703753,52.583270999999996,0.42282216104363196,3.039439836998162
700,E700_processed,22.679302,23.474678,23.08183129416667,23.076992,0.1144787710405114,-0.412165850796162,0.376084220114383,-0.0001482179226583522,0.001223617500664371,0.1138580217320417,-4.915180523349633,4.966050715630023,0.2772643036285105,0.2453726110197125,0.4952276119180757,-77.927048,51.24044,-15.32069444204851,-15.171129,16.46756365846423,-62.46456397490407,66.61380836042719,-0.01060033756001372,0.1524676138341184,16.4986915316006,-51.052666,44.814701,-5.414604018488089,-5.5517347,13.16541592802528,-46.32519696947077,55.31833505920834,0.02876757584841111,-0.1218910690691399,13.19862126891386,3837.0205,3864.0208,3850.298088488889,3850.4255,2.974880303939013,-33.36350287686427,34.47757809449752,0.004282480085371128,-0.01781341421958205,9.868391907896148,-28.45029294815361,29.88398788401706,-0.0265833708919946,0.1281824609863368,7.39010920819717,-18.32272584283132,74.60476669180574,28.96370469727196,28.85962163816619,11.60843906982626,-57.69359657560648,51.04937809229621,-2.784700612417036,-2.629235962168281,9.334934931089853,0.2772394349730646,0.2650056292377651,0.7290959999999984,0.40154030733944923,2.748623853211009
701,E701_processed,-16.227905,72.169441,1.986670338718111,22.8958214,7.494144324820168,-34.83788169135334,35.93511616463336,0.000497458590380656,-6.464169924407182e-15,1.886835451198896,-4.999685592744015,3.841125732542056,0.01499078180800977,1.055265635913842e-10,0.1082360767022954,-72.418114,56.003662,-14.90787190671977,-14.777554,16.18017281275098,-57.31891813040144,71.12673755496948,-0.02845641562242594,0.09356567259175619,16.18491380711317,-56.939526,39.329391,-8.900326461308339,-8.96475935,13.29929427155214,-48.2113035404094,46.98910680497369,0.05204935407818511,-0.1665467693056396,13.29766316958757,3833.541,3858.5525,3846.137663516667,3845.9802,3.209885028033504,-38.61886280790863,35.67392318401028,0.03162215792305502,0.1638729253101158,9.479510169795748,-55.0062426229715,24.05126039899916,-0.05384235492505215,-0.03912266067795572,7.310401759729379,-71.18355513671833,14.32757618005616,-24.60417665474724,-24.44802321450214,11.14402634831212,-0.04244467012303704,93.51465939126955,58.28282017851924,58.2152314841893,9.067823294517806,0.2855543498406554,0.2712570678281229,53.555401,0.42885394313007835,2.972326119667856
702,E702_processed,22.546738,23.563053,23.07624275033333,23.076992,0.1259998126069193,-0.5251224308723524,0.4774476293255172,-2.842877469619749e-05,0.001483150755332681,0.1250821262429495,-4.942404729265028,4.976409984738131,0.2911190261147327,0.2601954036433521,0.505057539107442,-132.35161,75.819511,-15.42406544438015,-15.4467675,19.13386003124792,-117.0625914253572,91.16505761241099,-0.05332836293620795,-0.06155717603560723,19.23980861142015,-72.103104,46.425125,-12.02734607170719,-12.2464095,16.09287685342321,-61.12381911087539,59.39491381033746,0.01229621929077672,-0.2764427822422054,16.0716724436763,3824.479,3857.5181,3841.960350388889,3842.3403,3.426039119276435,-46.08069673705655,52.87968079488796,0.02526659007647893,0.1877575390709861,10.21038377177761,-29.7889339469564,24.73344342872558,-0.02283397709356571,-0.01528965699888019,7.614654803897976,-95.2150339402268,68.13140091817267,-10.33826787510229,-10.53318732965677,12.85868570342185,-21.53572808732645,47.97479103560749,14.49225579457128,14.46725421424286,10.28142222770419,0.2833031519815664,0.2760728996920767,0.7732810000000008,0.4551134845814975,2.6415565345080765
703,E703_processed,-16.227905,71.307785,1.983877918967611,22.9797784,7.487668544506209,-35.19084521756103,35.23962823551241,0.0002167249731692801,-6.728332486252888e-15,1.887274775035729,-4.999660363643674,4.97203826124399,0.01884009552276576,3.139843581540784e-10,0.1326201057556898,-106.97118,80.127762,-15.66879244576387,-15.399193,23.46498846899841,-91.09612496648248,95.63227082962212,-0.04638906190425282,0.1742101303780814,23.48159380984519,-89.786697,86.668358,-14.57424192873579,-14.8569995,19.99936278017345,-74.64706474437466,101.810961645652,0.04283708730722745,-0.2720876170122256,20.02357267607945,3819.9575,3861.9124,3838.586614094444,3838.7632,3.915706098627862,-43.33483823772165,55.69716256703994,0.06356719853595422,0.0244885763562358,11.78667234197774,-43.26682915482718,45.34195409049615,-0.02565221031424204,0.04998326174602738,8.943996327764802,-120.284828414237,0.9913303341956997,-65.23654117681656,-65.32292478282211,15.02035788829837,-33.38861807862394,85.98486131649841,41.62699613057119,41.79737470819342,12.50878922126158,0.285216861871921,0.2812368168884938,60.69170799999999,0.44104871673031576,2.8828405246761837
704,E704_processed,22.436268,25.264278,23.01506979638889,23.010708,0.1606942732860374,-0.5497912751797345,2.209163425782476,0.0001779215834359442,-0.000490297613819482,0.1591021460882817,-4.81556614056562,4.886392073731852,0.2950377977585039,0.2696098698468979,0.4040887306838434,-147.59743,96.729774,-15.7104797010335,-14.744921,33.74414212585626,-145.4116386175136,133.443860455891,-0.08060129953384798,0.9714148334989055,33.83936188851963,-100.91516,68.065872,-16.95771105118698,-17.6117125,25.4833138097424,-83.82125908662323,84.32640984917131,0.06411788653233516,-0.6648460670871771,25.52517874793468,3813.499,3857.3479,3835.869726122222,3835.9453,4.895076431368037,-101.0923647651137,82.8421136076603,0.05200437242291628,-0.05931993014726611,14.71319464416946,-78.64700122852844,59.56452409298773,-0.07273407739598656,-0.08184935580199748,11.28464917923649,-144.5780298926691,80.65787909221119,-50.96107277882554,-50.80193492216331,21.22003631043411,-38.645444248974144,116.2740043943329,67.58830035303652,68.18027442699844,15.98086154387442,0.2760325496572456,0.2699438410291847,2.540790000000001,0.6109747999999997,2.916883116883117
705,E705_processed,-16.227905,70.998466,1.972326536608722,23.0239656,7.440264556271551,-35.15056095913597,35.00933535033391,0.0004246865343398138,-3.563949683420458e-14,1.903807879010997,-2.469910507568708,4.999936059837029,0.01665775946172786,1.012462437800635e-10,0.09958101453986941,-159.05905,140.46153,-15.94737252955182,-13.2790085,44.30534811561876,-143.1705063752255,155.3558241011052,-0.03532940012445396,2.518543613665972,44.36081731285525,-154.18983,124.99699,-18.28371858999457,-18.836282,37.64914277407141,-135.3148243508698,143.742835898066,-0.02636811969898782,-0.5753130370676902,37.70798603390717,3799.8745,3867.7295,3833.4246588,3833.2205,6.744899821501467,-85.72153484562705,120.0816115897813,0.07598223894963489,0.02234404945435187,18.63842427033445,-60.25515930233576,54.0101732881921,-0.01816833701480963,-0.04601179390826082,14.85672518378733,-234.0521060111942,37.23213029507981,-140.9364496924564,-140.8431102759255,27.36940034743333,-46.39809604245247,130.9696002167852,55.09812182430286,56.54010291734051,22.9143302326513,0.2666688081939668,0.2649822880920629,61.487079099999995,0.47913411237388,2.8742896356969583
706,E706_processed,22.193237,23.563053,22.92433044894445,22.922333,0.1708526619471019,-0.7494277774458797,0.6374246840248976,0.0002160224634426971,0.00195009145423185,0.1694949834053678,-4.97684731907532,4.96686560810881,0.2971493073619744,0.2659766981023959,0.4074630154945055,-179.01234,133.28159,-16.1121447918437,-12.521053,48.79758471401924,-162.1218056924511,153.2971010652015,0.05085413589956606,3.551560159576553,48.90505040619591,-172.97484,153.32533,-18.6361067189141,-19.0048885,43.99058168034553,-159.1246743813153,172.2270226482718,-0.08344536919870711,-0.5782529405018255,44.10628507203168,3800.8271,3872.2544,3833.005931311111,3832.9373,7.673454243060129,-107.4547380764555,85.90662680097607,-0.0529315423089879,-0.675395233465067,20.65942996441526,-111.1435049774561,93.79675515722117,0.07920661677940552,0.1478570600840894,18.39243219031197,-196.3331016803186,89.18881087280782,-42.94298683031989,-43.11451426057287,30.86357714808176,-148.3509814197526,124.1100617626625,-15.85806614695889,-14.2714401326224,27.62609812151661,0.2600115424599717,0.263881497840214,1.1930650000000007,0.6337709248826282,2.804680187207488
707,E707_processed,-16.227905,70.976379,1.968506150751167,23.0239656,7.44695582004962,-35.20230680595671,34.89713336886838,0.0003193731434707956,-7.129526255122421e-14,1.892088491899607,-4.999971199223404,4.093484790282522,0.01664231033959935,1.633137082039302e-10,0.09749647530855764,-212.48901,182.01047,-15.37992812440258,-12.033883,60.801632499612,-199.3931566558772,197.8392509675894,0.07213442928160482,3.561923464486009,60.90112177915876,-191.54688,153.004,-19.2070619302913,-18.2346995,50.66898789625314,-170.7602042718402,172.8136593585379,-0.09351330526679623,0.797802669190494,50.73124980470256,3796.1807,3878.3184,3833.082485972222,3832.8298,8.813307986129988,-210.7361170123832,154.4464190962995,-0.1448372690011038,-0.4422697017807535,27.66961289140854,-113.1602167631479,185.2774710014448,0.135621355556333,-0.1296761832419507,22.50756975213156,-111.19086276630583,335.0965234750192,191.2230955964019,190.7056888418668,39.2686432629379,-272.5035087335561,71.3500801262689,-154.1461023260808,-152.1507145968848,32.06577485266958,0.2555204229777247,0.2588574592631741,61.64174229999999,0.5116820643607148,2.819486841523336
708,E708_processed,21.795547,24.181679,22.82004078321017,22.811863,0.221736999046667,-1.009057249031174,1.305721461743561,-0.0001046975066067418,0.0003869640933050304,0.2203397264237597,-4.862188692151103,4.957472345565596,0.2726263402358161,0.242004822465401,0.3456133451795512,-289.15646,202.6748,-14.92746368121426,-11.818443,69.858578854948,-274.188311552441,215.6684194564862,-0.03631780495380098,3.030550423981378,69.86407123072559,-207.21272,182.70876,-19.80282169003161,-18.675505,56.53597259042946,-186.8147592773567,203.6303946694484,-0.01956042068033434,0.9464683924714521,56.5240117684866,3793.5066,3890.0105,3832.777882860159,3832.8096,9.709104811339017,-98.75915520073727,103.204508818322,0.05310336409735705,-0.2532946151502351,30.99134102449645,-89.0663754353925,74.98173687811779,0.02224504995849893,-0.2087739246145546,24.86907971148808,-230.133232431742,86.83512057626085,-60.95745178122275,-61.53714867709874,45.59792048864148,-133.2972632365295,92.85807317523633,-12.2336731887554,-9.55543540000069,36.47877154634388,0.245653636340383,0.2466337662236889,1.723320000000001,0.8497712445652175,3.2479204339963834
709,E709_processed,-16.227905,70.821716,1.947291963153009,22.9797776,7.356382855229865,-35.07708314716972,34.9293919623381,-0.0004045308283607978,8.861401016375989e-15,1.918216345826737,-4.999999686028833,4.999999881469576,0.01392499881892715,9.983266392163529e-11,0.2343888774694652,-285.96735,207.97609,-15.31848929374573,-11.641795,75.38758333125305,-269.590840195367,224.2308753833429,-0.01431098545381992,3.603345534624289,75.37516896633755,-251.16643,191.4165,-20.21711603158531,-19.379021,60.06273641969815,-230.0129241939955,212.3945606994851,0.07335402973756851,0.727226454442464,60.06353599714912,3769.3789,3889.9001,3831.259435657536,3830.9937,10.50630699036733,-107.1104641078496,121.4960876160662,0.01301153178580427,-0.0448040774402742,35.57926275997929,-96.30237569252922,109.5692393639783,-0.06767142187373806,-0.09592919091758034,29.13742940101753,-187.05650135077,124.4149382151795,-19.97232843912308,-20.71562973144278,50.72438623673219,-31.57772887500402,235.2332731333284,120.6136822600642,122.2260242468835,40.56758436402782,0.2422650352695784,0.238957436457084,61.97314419999999,0.5902341522737584,2.8719328251612146
710,E710_processed,21.486237,25.109619,22.69126489164861,22.679302,0.2973606764140955,-1.210014204991445,2.403322075565544,-8.133717789793176e-05,0.001125555182342294,0.2946853665624789,-4.452635556599315,4.817520964509912,0.2374762709551635,0.215215270395628,0.241110622616873,-306.65787,219.11713,-15.50986079095204,-13.031029,74.36784466880702,-291.1780607672472,233.9972207802645,-0.007840027918403034,2.70051628459089,74.45404690503861,-234.27936,240.71182,-20.4681936112422,-19.356976,61.74697053774262,-213.9179289633488,262.0423137629247,-0.1326599934025004,0.8634949852824683,61.82257720269779,3782.7622,3886.3271,3831.551537472912,3831.0369,11.15671036756532,-161.0270597547602,123.2504129324293,-0.05910289301629883,-0.002415298016066103,37.66471032507799,-125.216326713016,185.1549791490265,0.1267454599588117,-0.4917730617882512,33.17504550103255,-34.71159247392842,274.7883811026572,125.2579480738097,124.7978317117463,51.61221126959651,-334.4696333364297,108.66318916866855,-176.6411153763397,-174.7646465188659,43.70924651447446,0.2372427332056101,0.2328589073665077,2.9605669999999975,1.1712627960526312,3.9203056768558953
711,E711_processed,-16.227905,70.75544,1.928847886880876,22.9002396,7.286974869256741,-34.97766921332836,35.00314070890123,-0.0003014425720944235,2.54838261611776e-14,1.941165719632881,-4.999946538301084,2.140697000841882,0.01498611581104214,1.898833552229472e-10,0.07105913281988964,-276.15109,204.5269,-16.16526699904356,-13.00188,72.02193741881253,-259.0229436301987,219.7511184027519,0.04398489936486275,3.262691000232083,71.92885540165786,-248.75317,249.55733,-20.02525395518702,-20.207567,63.10442426059923,-227.4608994507886,270.0990479667452,-0.01973691057261848,-0.4408527283688766,63.04823973238561,3775.6182,3899.7151,3831.464601972441,3830.9712,11.51431633524502,-166.6189334980838,129.5387125714764,0.03350457230885952,-0.6715973008941951,37.79155049457348,-121.3304842247355,117.5107512849854,0.04883055185043047,-0.13042374437555,34.84409743714544,-104.5759104397827,209.7774112594888,35.89975729237548,35.55322511815685,50.60924376443147,-199.6499967935106,107.8018212240837,-26.23256540566571,-24.14650818759315,45.40018199819388,0.235241241923415,0.2272364920177606,62.149898799999995,0.7441786500163948,3.1062691898901917
712,E712_processed,21.442047,26.567814,22.51384231901534,22.502552,0.2973640390610533,-1.034698304988829,3.842289522863564,0.001022514051188713,0.001177684795901607,0.2961151526925153,-4.797200007207115,4.290140738274818,0.2161540594943159,0.1996390974244772,0.2593055540132944,-275.62054,183.83136,-16.6855763840723,-14.8372625,68.73571613289593,-361.1814597412388,201.4306572238501,-0.2540677446870683,1.678612100931275,69.01308561234897,-236.42273,227.84505,-19.86067580560455,-21.2062605,63.83084115536433,-215.3441163082163,271.0931728597327,0.2092297084655572,-1.209636611485319,64.02449616031465,3765.7964,3888.1086,3831.521255162258,3830.9702,11.56591306677012,-248.7141960927074,384.1422027730637,0.2547604255265293,-0.6152310278407462,40.58103977808032,-278.7877135667411,160.6979408481427,-0.1858422489010091,-0.3034603010440282,38.3622679467904,-590.9863269151319,141.09797731622143,-401.3410629594569,-401.7702219927258,50.49878108592915,-135.6857282892428,449.0930044554445,314.1169260134582,316.2332510203074,47.72515635674049,0.2317327941249489,0.2184147174019446,4.529231999999997,1.1652216780821922,4.095899772209567
713,E713_processed,-16.227905,70.689156,1.928634803773944,22.785351600000002,7.320310734962509,-35.16341075851938,34.68114942684143,0.0002917988456790665,-1.289565480400811e-14,1.912615658218594,-4.999899003446087,2.847538938433388,0.01608019302008937,2.50412844760844e-10,0.08928074493117415,-254.66383,203.73105,-16.77519284716585,-15.5630825,64.29516223814949,-236.8565441326788,219.6665311604849,-0.08574833737224227,1.139951511444439,64.32458869180648,-227.84505,176.58279,-19.71143854556346,-20.937294,59.06731021440776,-207.0272660575104,197.5867677155239,0.03603424344102838,-1.295672789878921,59.10896065681094,3767.5818,3877.3953,3831.695773727778,3831.8628,10.32835029039737,-108.8128452410195,134.5207783687293,0.1129205302577132,-0.09035037433759552,36.4547975979645,-201.6752075927688,128.4979572644593,-0.1251841237797139,-0.116579020541888,34.50100152827663,-273.5672418225926,4.347393101678773,-139.2211918329659,-139.9303523610681,46.93761107041936,-2.363675765687901,296.4524077321939,130.1262825813185,131.9626278509982,43.54663784733974,0.2278021862865132,0.2216464860163874,62.2824597,0.8862002887165337,3.3971378374304897
714,E714_processed,20.933891,24.027023,22.34466874505555,22.347893,0.3113954536110757,-1.392273418371014,1.572387028600264,-0.0002399343191138299,0.007317319366806675,0.3098389903144699,-4.956698519065933,4.538305150721055,0.2060623177419664,0.1900241634411887,0.2701205115031747,-224.95305,177.62204,-16.58074448142721,-16.7667725,62.22919093859174,-207.9343745464978,194.3005460135654,0.1224822483661714,-0.1548195361015843,62.38558118605532,-206.13275,200.25563,-19.21437901618739,-20.0369855,54.24910707545918,-185.3879599353311,221.8197973517539,-0.07501557054356138,-0.8335508454163829,54.42471274802462,3780.9736,3875.6096,3832.379054922223,3831.8628,10.39353047289726,-126.3759101659046,149.7353003637485,-0.03736472281460745,-0.04499793098444071,38.12010394000171,-97.88297365625697,131.1824935160875,0.0399824551805741,-0.0155555318146321,32.74995548063585,-135.0099301995431,218.3479334234353,31.05586153735545,30.79599407704038,47.67586226933496,-133.8598741615138,198.5381412700673,45.28790770415046,45.98166634655801,41.23562680877478,0.2182951001807218,0.22109600299591,1.9442559999999993,1.2339153669064746,4.292840095465395
715,E715_processed,-16.227905,70.600777,1.920144527536641,22.6527886,7.31796979104774,-35.23582672433685,34.47664205753587,7.729250772131516e-05,-2.166325678839097e-14,1.897712111768473,-4.999999998726529,4.999999997006903,0.01607501557694987,3.835573661942556e-09,1.231065287120232,-202.93523,193.36769,-16.44237482620821,-15.844789,57.52681904937279,-186.3427270859588,209.6338156989299,0.09519217553945072,0.5945522600853588,57.53892405714989,-203.98833,199.81053,-19.10880511448851,-20.184191,55.03664824969886,-184.5096828047224,219.4721277109248,-0.1477705596126625,-1.253337076814297,55.14782525951932,3754.1899,3880.9663,3832.358797038725,3831.8628,10.15514751101805,-165.327732219126,119.078045011746,-0.1543040722827925,0.1520450285255057,34.72526602795362,-194.8398560024161,280.4840193109078,0.2209496987378313,-0.137569078035094,36.00274810874992,-47.667541174283,230.0666925183986,98.45130441824809,98.59999629072036,43.09554053724079,-390.5237112045186,204.38204787122524,-187.9980541402189,-187.3296108231079,42.68513558358616,0.2255797776813177,0.2177594779804164,62.48130069999999,1.0107884020978288,3.6723292331469453
716,E716_processed,20.955986,23.209553,22.17237016361111,22.171143,0.29702180807583,-1.253021053315494,1.048493573679168,-0.0008228316126540693,-0.00216127153424962,0.2961782508382059,-4.558127292055146,4.930042803185984,0.2033546235755086,0.1859770505059145,0.2670880514436744,-208.77129,170.51643,-16.10034220974942,-15.741327,56.21169503085075,-194.0158460719619,186.0523975030261,0.1116984866687966,0.3023720938109746,56.40357576410053,-203.98833,162.1678,-19.28922785056069,-20.801674,53.24978116756869,-184.5198226811935,182.5663530721414,-0.08677832915420979,-1.630590562105772,53.30555366152268,3787.2234,3871.1455,3832.428902788889,3832.7556,9.61993289883111,-137.5111122613395,99.53660979472701,-0.03226201060381538,-0.00830723871085315,33.42424018759831,-101.0816266624683,164.6590055606392,0.1281056611695174,-0.1847902868753568,34.69943195270851,-166.3129981711966,199.0209415042139,4.320834216849775,3.791914523315906,42.33466454425984,-293.5562761906116,214.8695403932881,-152.3313388819367,-150.8408988380992,41.43821773501094,0.2216584304583289,0.209977125166677,1.7896,1.1547266323529413,4.3938725490196076
717,E717_processed,-16.227905,70.446129,1.909782031730056,22.5025506,7.287843390783456,-35.23526431740061,34.3144956546064,0.0005292094203773568,7.615006794508316e-15,1.897345128095364,-4.999981342300552,1.910316054011535,0.01446279022655183,7.351180695770166e-11,0.07337509054930953,-212.48512,204.52689,-16.27069035824426,-16.72758,55.73422569373046,-198.1670824532418,262.4027420193194,0.02174971665503993,-0.5803565679269922,55.7476696862182,-224.6284,202.38,-19.05859657905874,-20.8554765,54.44781960585142,-204.7580907324422,221.9323411694052,0.02657512450265325,-1.745586890161866,54.4400753127485,3779.188,3873.8242,3832.242163016667,3831.8628,10.13624489755373,-313.8584253708726,227.4222201823409,-0.1789604116582251,0.2328983736432555,34.55931641200674,-104.0544091690608,113.4928487252727,-0.02769644914116863,-0.1527429975888354,34.5244899633964,-13.83501549420123,361.3186511632497,136.1461182574931,135.4706358761487,41.65863231440434,-122.136500723706,157.2738456503281,36.03786429632328,36.64555015813842,42.0030130119568,0.2271782036921942,0.2170336225919472,62.6580602,1.1149795435918912,3.990167705509369
718,E718_processed,20.955986,23.342117,22.02169158388889,22.016487,0.2904297047012465,-1.054560056509057,1.270059269900214,-0.0007300963694364589,0.003377637484519976,0.2897670472811377,-4.911241045112763,4.711301467566386,0.1989229756162858,0.1834313350626872,0.2474735311731918,-202.93523,187.69917,-16.2542919318707,-16.593461,52.57564858682871,-186.1849879798077,203.1508211545109,0.1206206997790544,-0.330456032712704,52.62285148304881,-159.35402,173.35695,-19.05400118463717,-20.8294335,51.13832693421237,-140.2135432176003,193.0489144091679,-0.02107205724903142,-1.852648523621987,51.15247010823629,3789.0088,3875.6096,3832.100355716666,3831.8628,9.889688587023798,-137.2054174467775,114.6383715630551,-0.08491589037261359,-0.4118222871219448,32.25806265823248,-101.2626410991167,96.83435659565498,0.03316593840342107,0.1004697619035149,33.07489852585547,-178.38562904731717,301.5790153394361,164.5853580743466,164.4588924716936,39.79277451124221,-200.9112812595234,35.29850757978005,-83.0921977356344,-82.90681804713785,40.0358032356031,0.2212123222212274,0.2111107093757668,1.8779760000000003,1.1217482058823531,4.38997555012225
719,E719_processed,-16.227905,70.335655,1.902039372316333,22.3434754,7.262533485439164,-35.24403007145039,34.19157270935153,3.337296377657963e-06,4.482480047253717e-14,1.899170031499154,-4.999999999895842,4.999999998959362,0.01663755607691163,0.0001685463887975936,3.887120681719173,-184.73306,185.87666,-16.3088596281005,-16.6577245,53.57294557823383,-168.1919226816283,201.6468362500614,0.04619697620663351,-0.3929679647971556,53.605654842211,-175.35719,179.61105,-19.00358616823845,-20.7210565,51.01661071055641,-154.8957485024653,198.6498553231866,-0.03719688290599051,-1.926551142556189,51.02835065933544,3780.9736,3881.8591,3832.027097033334,3831.8628,10.13915090658244,-117.3526387990303,113.7941681101222,-0.0003838896201580534,0.2621518618274113,31.73025608230224,-103.7255009632001,103.8374427668641,0.01613971623154553,0.4199576031482231,33.29236794111397,-162.9854861901824,111.6356314357479,-31.71037678535971,-31.91041024950563,40.06279773414566,-144.1248315130507,107.0609431638179,-10.8786429623072,-10.95054672844214,40.05811821578473,0.2288621360149771,0.2105641192319884,62.8348043,1.1693749358553185,4.218578728734543
720,E720_processed,20.867611,23.627167,21.89729637644444,21.90176,0.2882440608733218,-1.025943486361252,1.710380164967371,-7.393870151892819e-05,-0.004731648472148343,0.2875056431633293,-4.663935778728654,4.902501812800087,0.2049702839352757,0.1860296769742592,0.2520969262347998,-197.75146,183.43828,-16.31334991950981,-16.295933,54.16017500615796,-182.525915800629,199.4222940656709,-0.07908639891337535,-0.07189362322340886,54.17474908211346,-182.53629,188.42709,-19.00912965688678,-20.3664255,48.71653979642055,-163.2136839717701,207.654466816496,-0.02573473774272173,-1.354114738330804,48.83121010475816,3797.0439,3870.2527,3832.477109405555,3832.7556,9.497750067970276,-107.0583206184765,102.6712510763448,-0.01185069335694019,0.2345546442624311,33.32758627812873,-120.4559814303514,194.3981412559251,0.1003646975993993,0.1100903239886524,33.20011780572127,-190.4257562708862,53.72264920951766,-68.38026694672986,-68.39955311611587,41.35294895169002,-282.5186244849468,193.07409586795936,-128.5097226820389,-128.0764944758407,38.87461229789761,0.2189849754668322,0.2066312552078896,2.4080970000000015,1.1196494714285714,4.282857142857142
721,E721_processed,-16.227907,70.202896,1.894136969579444,22.187967,7.244361659722581,-35.23247315902088,34.05388245079716,-9.850195697936526e-05,3.111951377618004e-14,1.899419010930861,-4.99964126755995,4.999794729646656,0.0166346921312362,1.954930055331338e-09,0.1123505398134324,-219.64754,241.66536,-15.63095842378642,-15.35253,54.72640086355518,-203.6356398049284,257.3748223537829,-0.04541447397303764,0.1327828612839586,54.73894059812513,-199.21344,180.10378,-18.91132752389595,-20.6675825,50.65645844675558,-179.0537420599755,199.4779901104081,0.1045056513584045,-1.835543434428844,50.72580832186365,3779.188,3889.0015,3832.845689544444,3832.7556,9.867357560031028,-137.6983650595005,131.9136000457227,0.05534362952610802,0.1921867216924671,33.54520495231135,-240.1254321256548,119.8909550623934,-0.1718174279500154,0.3322140454095512,34.06206687547758,-181.701813210415,150.6371801356162,-17.52113783406738,-17.11895932255228,41.66611460652473,-196.6271968996744,325.3490569629504,201.5693545923789,201.9161374276055,39.9700730791164,0.2227683500769718,0.2116338850980135,62.967227799999996,1.1590522709305067,4.291089021934792
722,E722_processed,20.798794,22.787102,21.83365609811111,21.839302,0.2609238684563925,-1.049103428570137,0.9481988010698097,-3.348478729102517e-05,0.003604268284538515,0.2601756038920756,-4.311753215288149,4.542048400238582,0.2112099850004003,0.1949125860749805,0.2547573840617148,-187.74486,153.56833,-15.70116644863418,-15.2027535,53.90256033228867,-175.0868547978982,169.2155922155025,-0.03320723643138954,0.4395877465936375,53.88775674601077,-174.91354,164.42523,-18.57790989901051,-19.3796255,47.35361782269825,-156.0199588077978,183.6757824542014,0.1100782665304495,-0.7072408201887059,47.44183559125515,3794.3655,3868.4673,3833.516870072222,3832.7556,9.27491808598068,-114.2925782476244,152.1099532675143,0.0597911887668639,-0.2151832598131473,34.17308453167971,-194.813867919917,132.9332565658031,-0.1407105028105529,-0.01169755900478631,30.17007124524889,-272.1800301247078,59.20134143364382,-75.66497674013162,-76.00879288040102,41.58312468785942,-196.24934691294487,302.6620111298072,187.2435728808601,188.0926476780537,36.46254780294792,0.2150754501059914,0.216096953310011,1.855750999999998,1.0161279428571426,4.268171021377673
723,E723_processed,-16.227907,70.091385,1.882275029677445,22.055317,7.196896420826773,-35.17921063712908,34.01570233903188,0.0004448128826159325,9.135046995789299e-14,1.914194831187534,-2.579030539878809,4.999856655456853,0.01553918557987713,9.569935641559116e-11,0.07940508682022522,-181.22554,186.08784,-15.33360383369124,-14.937866,53.47651108438716,-165.8637114213008,201.0646534585548,0.1843857545268422,0.6205478101360473,53.65123762035132,-195.6956,164.49504,-18.24812066828986,-20.6927145,50.18982723195337,-176.2346020169379,183.501152984034,-0.007892040407570815,-2.421099576356706,50.19123415834678,3780.9736,3871.1455,3834.139890155555,3833.6484,9.594292471215594,-278.8335003507462,159.4861820768812,-0.2084839252861129,-0.2325445471791983,35.20210333303181,-113.5870760224073,106.1588549337752,-0.01567030561016461,0.09217077087857806,31.74109008613883,-160.40953473977865,428.215142407161,293.8245420197919,293.7761868034602,41.59489128783927,-126.5610846391534,141.797503915152,8.10171332392012,8.654916125257,38.87952652845593,0.2155855381368674,0.2122022132958662,63.099023900000006,1.1292335238854965,4.325543271768414
724,E724_processed,20.624405,22.612148,21.79172144777778,21.795273,0.2431489700292803,-1.153582738963794,0.8207437070606285,4.071974255066681e-06,0.0003765424387691496,0.2425570335367516,-4.993254410163318,4.816472046295565,0.221785100633117,0.1987203686188505,0.3262172504959516,-211.95459,233.17656,-15.39303194181419,-15.510331,54.56607039015644,-195.5084527400094,249.419839567602,-0.09174564894205545,-0.1632240390737827,54.59720456814549,-165.00757,173.12184,-18.20319846903785,-20.024083,49.20927570574444,-145.8554395753685,192.0658183814619,-0.008233842728714231,-1.932446419223841,49.27774105254245,3790.7944,3879.1809,3834.5670931,3834.5413,9.386548584937495,-124.7919350503106,156.8586412667749,0.09257812120368217,-0.04480864358456671,34.10364588243045,-93.69006621289903,119.2727194443126,0.0726283028796227,-0.1026435449758285,30.72655159560021,-303.4505752475612,8.911298516774371,-142.9309552040603,-143.0747509916423,41.73603497473394,-217.6924632808205,18.00166039968214,-96.44728039129159,-96.0991108143042,37.74495485515703,0.2216893886122746,0.2177521854378585,1.8779679999999992,0.9218182434210527,3.9148471615720526
725,E725_processed,-16.227907,69.937729,1.892120154720722,21.944792999999997,7.235267337702655,-35.21677781396483,33.7871284314144,0.0002356246860755925,7.382036684851351e-15,1.899850296594547,-2.690893417427924,4.999207980257475,0.01557622981383967,1.958486622255143e-10,0.08678308725559743,-190.98053,180.63498,-15.32210844188536,-14.985158,52.61243827643347,-174.7976885291419,196.1125746568995,0.110571974485623,0.2532065904118634,52.68095261125391,-160.81543,173.54936,-17.94458447215932,-19.83235,45.82906146870996,-142.9852567032014,191.9424662365499,0.001374877025788111,-1.926122190009171,45.82713214934822,3800.615,3874.7168,3834.8821494,3834.5413,9.03472168742993,-182.5821494394023,113.5742164419058,-0.1320808561311106,0.02119432284721956,33.12054194750526,-119.1872044426269,105.1217055120525,-0.06902570602361388,0.3323134653042299,28.20578290827523,-167.3199019854292,278.3666269968264,157.7941920429103,157.771485214212,40.32160917426853,-81.81985765725338,154.6275810352651,36.23190289045699,36.79659407406053,34.9065310403567,0.2221940692844326,0.2193724941658205,63.2544137,1.0668140991884123,4.249944684989744
726,E726_processed,21.000103,24.600292,21.80099891877778,21.7954735,0.2429095373442188,-0.8039894125153205,2.673825128065338,-0.0002009040081426116,0.003920393479855473,0.242101598090342,-4.228766056520818,4.359938862461981,0.2144516382282332,0.1967771637940058,0.2736865767606301,-176.14046,162.65715,-15.13683042575068,-15.007328,51.23242996824175,-161.7732683482731,220.4033089267413,0.1260269033876644,0.172534396695969,51.33792123312242,-151.75946,147.94014,-17.70826694830828,-19.3249985,47.97500903731186,-133.9102744295634,165.8485205989019,0.05001145403009494,-1.643948313421034,47.96359583300001,3799.7222,3870.2527,3835.3365296,3835.4341,9.22609551172566,-276.5679158074265,175.6539902188716,-0.174367959749924,-0.2342784872252226,32.88317411285382,-86.10727058013151,77.10599368401851,-0.02203084983111312,0.1534020264288479,29.07246904976074,-184.4130963870215,362.4627030348198,187.6875271540823,187.2828787663694,39.27942003959976,-105.8064726593112,102.6530707561812,4.434887616300193,5.033248329186162,36.44977198863651,0.2255366312782302,0.2105177401842283,3.203509999999998,0.9339151854304635,3.943171806167401
727,E727_processed,-16.227907,69.847214,1.891035175117778,21.8696591,7.23614568200358,-35.21625613828556,33.6910078524709,0.0001355127229542809,2.800750641980909e-14,1.900553921682881,-4.029898978832232,4.999718591309766,0.01498507370296422,3.982619893135694e-10,0.08907798572808664,-202.40469,193.26831,-15.12441166883644,-14.944062,54.93953732608585,-185.5173747564029,207.0689825049795,0.01822538355719954,0.1694450391432484,55.06710343379001,-168.55127,154.52472,-17.85180993996178,-19.936107,50.0752477357534,-149.7845614351396,173.988223617258,-0.1004470687822768,-2.283910415417183,50.13305117667039,3800.615,3875.6096,3835.444308277778,3835.4341,9.363497768973215,-117.9494045381008,102.7236172250742,-0.004594026639463475,0.2403782636684361,32.68476993332617,-102.695145707791,147.8151094367757,0.07129097549478745,0.4891293987739121,31.56806948179613,-257.8369037825971,31.64744610723031,-110.4444567842026,-110.6070688871642,41.4564126369621,-268.0404605650994,149.41379784366268,-147.4468800987017,-146.6920583649338,38.48313505131114,0.2216555340108464,0.2155583055065535,63.341215399999996,1.0226518098039166,4.159804536419304
728,E728_processed,20.646603,22.833904,21.83374234877778,21.839462,0.2687164919200232,-1.206028059323545,0.9900893237478376,0.0005227511466353711,-0.0008667757955797169,0.2684443462525996,-4.24137714963376,4.725103904590355,0.2005307146396006,0.1832542617437419,0.2674529752262418,-198.29823,155.26428,-15.30296008993365,-15.3931865,51.45252877720809,-182.7871313748367,170.4592189387724,-0.001590771459397931,-0.1710610853844341,51.54885214296275,-154.82431,168.66338,-17.72033015275238,-19.2839785,46.7497564156068,-136.7608605434992,187.1023027927675,-0.0005765338962089573,-1.764244768225507,46.78804262199313,3798.8296,3875.6096,3835.786396805556,3835.4341,8.907908628495237,-207.9025908820861,115.8954628312201,-0.1268848256078226,0.2712031901640437,32.33055769475143,-100.3228405714527,88.85404731226278,0.04799019234380326,-0.2168787445971549,29.94712932322356,-7.529229863557347,247.0075858745111,119.7209727847073,119.6229291353403,39.39055066839715,-187.3359763908175,37.65874636547528,-76.0926198232702,-75.38283026225652,36.13364707059674,0.2188475518755592,0.215526537100382,1.8116950000000003,1.0390391870503597,4.293556085918855
729,E729_processed,-16.227907,70.17849,1.898343518064778,21.834254100000003,7.25249061565636,-35.23684868959264,34.03334343546637,0.0001963455247141028,1.174830337825152e-14,1.898974081848061,-4.999957380170001,2.575411131843706,0.01502581345848495,2.736690605917053e-10,0.08091064916676426,-200.81305,192.49844,-15.00721979448332,-14.512652,53.78265254541043,-185.7663317409373,207.9415175182916,-0.05191781127536746,0.4472240823326616,53.78990457994765,-176.34406,236.42273,-17.47782871244468,-20.7464045,50.61582469348201,-158.8787109190111,255.1398518195017,-0.009301796719794113,-3.236953922392256,50.59986485525113,3786.3306,3900.6079,3836.377123877779,3836.3269,9.692487949328033,-115.3209818320613,147.5029026772126,0.1015955816361053,-0.112988648907522,32.42964668682899,-115.1904110108489,98.51961191984888,-0.01432044469994622,0.3103481069443585,32.56940840535594,-176.880431087766,92.51809249737838,-34.59037342372706,-34.41019525129917,40.37641785818761,-104.2248070824778,168.8022115308976,33.11337401080434,33.08966753295648,39.19259347265732,0.2222411641390952,0.2121927172091192,63.0539153,1.006110006037518,4.140520643578624
730,E730_processed,20.933117,22.96524,21.91319889316667,21.924881,0.2921993521111857,-1.011204391560602,1.070977154184398,0.0002072126549770748,0.004191924247931439,0.2920044403599835,-4.477951327334605,4.932862581910944,0.1933088208560769,0.1725837096528349,0.2644474941020932,-210.89348,156.70036,-14.67269313895929,-14.2785305,49.49247025897435,-195.6937668814905,170.5787250136176,-0.04243117401433536,0.3265365732112193,49.51889831781019,-179.67737,193.86665,-16.63759802323132,-19.8802605,49.50874264456054,-162.3665648480496,211.4591720101485,0.06385351227954225,-3.252590956346051,49.53124544662892,3795.2583,3880.0735,3838.088361016666,3838.1123,9.03859546448312,-88.10696054269417,107.777218753995,0.02801465156001668,-0.3608351815065571,28.83732258713719,-148.0590220682437,142.582963427376,-0.06848595370072538,0.563276078712097,32.5963218636907,-120.9354659344572,139.2966330392767,11.07363815204077,11.32518471023799,36.54129485138569,-171.749968344985,274.7846257991923,152.5549707335916,152.8144167944014,38.50939141904028,0.230544435260824,0.2138714310399377,1.9000050000000002,1.116512931818182,4.509547738693468
731,E731_processed,-16.227907,71.368408,1.899814804270861,21.8388783,7.235684664308711,-35.22351930301415,35.31352052236263,-4.990410637618892e-05,2.905639239290157e-15,1.911620448102365,-4.999980543869812,4.999980878787706,0.0166374918165303,9.371938337948791e-09,0.383171968824668,-191.75049,175.10667,-14.39652412968948,-13.8265595,53.02320160122963,-177.3945160247487,189.759204221988,0.08220600739168638,0.7110367622805578,53.04303052564351,-181.72314,190.67224,-15.20191701239741,-17.644006,48.30103934219561,-172.8884384034368,206.6995369559399,0.05444953884378586,-2.398834749387676,48.45488939947335,3798.8296,3880.0735,3840.108400277777,3839.8979,8.931376894742604,-105.7024705925958,135.2616751753084,0.03925446018977311,-0.3274860002215689,32.11037886536193,-227.1366361918219,140.3882626692114,-0.1395814111845853,0.09807426692939458,32.30885053703552,-86.02867961920194,177.63863155338,44.04103277625008,43.75366922995805,40.09113102627453,-155.92587461070474,399.9094604725397,182.0416998193197,182.1707056695838,37.62009131443821,0.2257393948689296,0.2138743357423708,61.085449000000004,1.00548269811544,4.18585876274589
732,E732_processed,20.888477,22.988262,21.99803378933333,21.993587,0.2947911495182923,-1.102391389442692,0.9764010074540397,0.0002041323714337651,-0.002306039158062505,0.2940032214604282,-4.904272532263929,4.901475205486936,0.1866421607352682,0.1731771044106286,0.2644208113542401,-216.72954,189.65259,-14.04814998236072,-13.4058545,51.65059280067022,-201.5585752562085,204.3842678029641,-0.00486364931946471,0.6474035224289949,51.6509163541244,-163.7991,186.37299,-13.36703263353646,-16.389287,49.49411714177229,-199.5689096423057,201.4052737165125,-0.1909429041848112,-3.233961886121476,49.77350055078757,3795.2583,3880.9663,3843.574908622223,3843.469,9.045711669241976,-112.8039174741456,104.9780799568405,-0.02858135161012955,0.01754722671982734,31.16382765168506,-205.1162904200416,340.0703665619114,0.2349304196939581,0.25219744284969,34.17509942772822,-117.3181368516007,157.7554796386232,28.18059380222356,27.78445652423961,38.79147356869321,-469.7826197699737,177.8774301560214,-326.6349954153515,-326.18006135677,38.88898123309681,0.2249872348218996,0.2144316585954149,2.054656999999999,1.1270948333333335,4.531565656565657
733,E733_processed,-16.227909,72.2668,1.911836361540556,21.869735300000002,7.289304466591285,-34.97190742264213,35.98954206000075,-0.0001000929659395574,-3.48569240313662e-14,1.892792392968939,-4.999949760468955,4.999925911635394,0.01496986625424553,1.798220592225984e-09,0.104654951292154,-205.05743,158.80257,-13.42462090268443,-12.132596,51.04737639305928,-193.4907663501554,171.1401685221736,-0.1317097887768572,1.333550623359266,51.15694155603685,-193.23099,267.78494,-10.02457549713337,-11.7533895,48.16406948454487,-182.9519625516843,277.7840312753628,0.02431400627623758,-1.654557050982542,48.21687865607075,3793.4729,3905.9646,3849.734776738889,3849.7185,9.01424463183045,-105.6802960161557,183.2576998692863,0.1412427598009493,-0.7439231013489114,32.12941580795691,-125.1240289920084,115.2931986968755,0.04757700506694072,0.12065171367904,29.44614572373778,-277.1986857613536,192.3819639665981,-141.7839158060146,-142.3194190861498,38.87102127493147,-206.3992183129799,62.38524682189168,-57.18285724721791,-56.49778416715651,36.34290025135002,0.2227597432791231,0.2221831981297645,54.188095000000004,1.0276760762106782,4.238537689783486
734,E734_processed,21.087475,23.824356,22.13590734638889,22.145386,0.2926211426149483,-1.084368832576549,1.665797894143902,-0.0002923729832959454,-0.0008483992754821362,0.2912212832831478,-4.627451125612018,4.889785780418104,0.1967081695076122,0.1785973695470506,0.2612158018607367,-195.26749,157.52953,-12.32570406611917,-11.294628,52.34303351024209,-182.9758984822152,170.5313346853352,-0.02917290518224252,1.00092673282621,52.33992476638577,-177.10414,210.9577,-5.724838055554723,-7.2841661,48.34067261761916,-169.0507489913039,218.6522503634604,0.1157819212803061,-1.647986596727559,48.42164892250879,3820.2566,3905.9646,3857.909331205555,3857.7539,8.74231910921481,-97.4161452225781,129.0243003457494,0.07379649144487543,-0.0879349967446812,32.16262959038347,-211.6760111710579,120.9290920810247,-0.1466080734711175,-0.07914084634673857,30.47893567101582,-147.4699165842732,97.56393606948365,-18.28683213969945,-18.1957642324267,39.50454512916752,-34.2086888211911,258.7483766234895,107.5113382835551,108.1597222700142,36.84294062922624,0.2205680521590121,0.2266940044482285,1.8998870000000032,1.142757696969697,4.5178841309823685
735,E735_processed,-16.227907,71.592995,1.9057880010805,21.939757899999996,7.218309889839632,-34.28948653986642,35.39418552894619,0.0007006158970156852,-7.8748880839563e-15,1.938295512839304,-1.522096018854854,4.99984188810209,0.01553072617327805,6.830983307868577e-11,0.08520251467685835,-185.5883,173.4055,-11.06926594077899,-9.012279,50.8578280903587,-174.7644974677886,185.1638890524728,-0.04534919829925715,1.980511496812599,50.86918078458529,-156.67757,190.13602,-1.878380805624803,-3.03034855,46.24310999955215,-154.3820475036555,192.8449930294455,-0.03930203869266812,-1.408564305536915,46.22589918959418,3827.3987,3899.7151,3864.277558427777,3864.0032,8.628964246184662,-95.82890225203228,94.73438050053755,0.04797486928414305,-0.2201431429132157,31.48490451507428,-95.19076333655491,96.57710087500386,-0.02979865141195582,-0.3324752864585054,28.42709023414752,-190.3793192497233,34.61593526342106,-80.21208225771656,-80.27240123142785,38.62794801145169,-126.3482978532643,103.4348367887818,-17.67459568611726,-17.43357662186466,34.95826701763684,0.2205483091926146,0.2205210966947607,53.46580900000001,1.0718639669204073,4.35914508366555
736,E736_processed,21.262981,26.743694,22.29365179,22.2813,0.2827169101213569,-1.281440395095811,4.152796298153985,0.0005751989878046222,0.0005509049622738384,0.2809649236445965,-4.570379788952994,4.925133197512416,0.201094183347765,0.1842678751722733,0.2953873666342668,-217.79062,177.4241,-10.33199767807521,-9.7026925,52.55762110268623,-206.7703596382021,188.2202168806999,-0.07075127178068265,0.7118749348720925,52.60546786619025,-157.23978,178.95267,1.761954480175778,-0.212125665,47.0581479343868,-158.4890663008453,178.6300365140694,-0.1481578438758995,-1.929186189285522,47.20533132672676,3833.6484,3904.179,3869.674235733334,3869.3599,8.647595307943464,-97.60471817015045,116.5677404640179,0.04368738617970059,-0.1277907237727911,31.57124890423312,-177.1431568816234,236.179041537581,0.1696775271103835,-0.06820540360933336,29.53672755455039,-171.3939606046044,102.5483750809938,-38.81999722861737,-38.86493077747683,39.34330379468064,-352.5992213596032,176.04707189480612,-225.4410604287415,-224.9110959801448,35.47574825931044,0.224984320337125,0.2233252842164112,5.015194000000001,1.0673335103448274,4.1073226544622425
737,E737_processed,-16.227905,71.639191,1.917661151538945,22.036923199999997,7.250096431071813,-34.24707550198207,35.47282568163273,0.000265039922750146,1.385109225980627e-14,1.936312748124496,-3.695660202042745,4.999970866851426,0.0160674644746735,2.705535305837294e-10,0.08596015322311905,-203.73105,173.40703,-10.10681568775223,-8.68872025,51.16785236329149,-194.7283302597897,183.1150063769459,-0.1336560565643857,1.177216271390811,51.28022624659984,-135.4463,183.76981,4.632296978883766,2.9244244,45.61988844723767,-139.7263916510599,178.5962024773422,-0.06552756842636084,-1.81917198731687,45.63012971252316,3834.5413,3908.6428,3872.397252372222,3872.0386,8.393588613241546,-103.2721255915414,235.5472621007872,0.1786137527958803,-0.2616357988335869,32.63550143315393,-108.6629902635516,100.3901433181528,0.08082465525477467,0.07633483574369926,27.25529574986644,-293.7331656681567,120.06579056936646,-172.6517432444585,-172.9491121754817,38.85213832130752,-213.4249232893692,14.00833100257649,-95.64949532575964,-95.0889026793587,34.0522282456424,0.22828871527776,0.2261530716105379,53.732151,1.0985476319032799,4.391975253324519
738,E738_processed,21.331577,27.71669,22.42414877177778,22.436268,0.2704149380767812,-1.511744165876241,4.886636588447081,0.0002787592768502472,0.003413654241339381,0.2670127311435891,-4.704603205733722,4.976544878722191,0.2154378885552371,0.195711592815513,0.2903561062982298,-192.62192,149.40034,-8.917513663640323,-7.76977325,51.01095322200223,-185.2240383124184,158.5583186673963,-0.1088872793162782,0.9993943122356326,51.08168383963108,-179.56194,224.65236,5.548312571819527,4.18107725,45.87237473182112,-183.870375124342,219.7262232577443,0.07430874481893107,-1.372025072609698,45.89412174679666,3827.8071,3915.3101,3874.132366311112,3874.2649,8.264258444967423,-113.6595612419587,179.8650826690083,0.138605683610402,-0.3100233528566598,30.77995185136365,-98.30855958322478,101.2729433916101,-0.04501707051310082,0.1612209476244146,26.56907419145707,-275.593999629659,131.11808362713347,-156.2073230636762,-156.6589893982965,37.92449058500929,-34.49213594204009,218.9636146889437,95.21286706248733,95.58200905384345,33.87689217557767,0.2283350077301146,0.2206808928611393,5.8327670000000005,1.0163154901960783,3.898695652173913
739,E739_processed,-16.227905,71.617096,1.926959347569667,22.156284399999997,7.278083557453606,-34.25454632327266,35.43908859797071,0.000609512449705033,-6.842545955267606e-14,1.934951970082688,-4.999935324864451,1.388357216017915,0.01445277671898004,6.535827833428763e-11,0.07713866037058145,-187.84952,177.66699,-8.029150817425595,-6.225839150000001,54.14273042073401,-179.5046367841091,185.4800639764165,0.0133061722791221,1.855619593553669,54.25004863236385,-127.98915,177.08163,5.769831905920728,3.50011,47.00808894703081,-133.0834032811281,172.0178549321551,-0.005296541318272328,-2.391670653318846,47.02254747943472,3844.1108,3910.1919,3874.172734727777,3874.4526,8.375648857842103,-109.9068656313901,120.2672886853204,0.05553530907443933,-0.03661699882297476,31.50015177056463,-98.07532773565221,72.87780050470545,-0.004767907453825166,0.1159541653476195,25.98266987106063,-268.2749603697731,23.35678798857454,-97.42884066257979,-97.99706952922617,39.81156524984239,-55.94456010565067,164.803650583723,48.58157399639082,49.43760142738851,33.91316763376852,0.2266408991341509,0.224976128200621,53.378651000000005,1.0940028925324237,4.3130031665755295
740,E740_processed,21.618797,23.607243,22.56206079,22.568832,0.2695077971847504,-0.9405930587123577,0.9805006012020132,0.000135046786248067,0.005275027181211464,0.2682823132079826,-4.721829834828739,4.83891419582875,0.214987028185778,0.1968732403996027,0.2759813770739263,-230.56279,195.96933,-8.594880242187278,-7.536165,56.19618617629238,-223.8160675966902,203.0865960099517,-0.0565643687233897,0.9532100818550284,56.21361435423437,-208.58052,224.93451,2.378949950443666,0.34727545,47.89920099114174,-209.6876600161916,223.0498779048237,-0.03759752465233157,-2.237261650665681,47.88213600805992,3827.1536,3921.8054,3869.725377877778,3869.1218,8.964895472587639,-156.7201969520908,111.7556397523053,-0.07257421268773005,-0.2731890125432557,33.02128850137395,-97.27388902886554,110.9803205771063,0.04712087786445993,-0.08037715247962929,26.97830641556566,-115.2404086579059,176.4289525302561,36.47294349047663,35.90435935769084,41.54269451377346,-189.6533973477778,75.89239836903036,-40.06885971925031,-39.49421180610123,34.78012781532973,0.2266081887671204,0.2239322769872432,1.6791309999999982,1.0431323793103446,4.111670480549199
741,E741_processed,-16.227905,72.213631,1.938184231367833,22.285074599999998,7.307001965597176,-34.48764472660615,36.27645356303309,0.000413043071944341,7.549484876069451e-14,1.936785636289391,-4.99995481621536,2.161402312036692,0.01496559968943444,2.024076727686214e-10,0.08010492394737645,-188.62596,205.88808,-9.346372239235166,-8.01421165,54.43556897300162,-178.2991261592271,214.9498064082102,0.05594935290705814,1.331578519729076,54.40773251773535,-133.50702,157.19254,1.466011957219417,-0.851395545,46.72100498163181,-134.8487138355618,156.3014644977822,0.09921758431741955,-2.199700120257857,46.77892422069078,3835.1899,3904.8396,3866.973797372222,3867.3359,8.585783809380942,-102.8389428508878,95.96371362985892,-0.006274498017035363,-0.3986267280806226,31.32445036485473,-164.3784917839817,114.9855652199503,-0.1053614041665144,0.6041320881488881,27.15099265429217,-80.82278226513932,177.4994868733745,61.87043771342063,62.15233080045924,39.82919319580871,-186.98367364465,239.4803065377762,143.6128538142477,143.9052107383645,34.29580836088797,0.2307949687523495,0.2272197634708227,53.97518600000001,1.079326782030856,4.233427714946676
742,E742_processed,21.883923,25.904999,22.72155106411111,22.723488,0.251237547695551,-1.040716281729421,3.01915842888491,0.000419333700306543,0.00124062187678262,0.2488331794377758,-4.987136975559326,4.956911027329637,0.2299889089823594,0.2045610539189159,0.3112169410197445,-187.8567,151.80777,-9.621557737658266,-9.028358950000001,54.14849990940508,-178.7891800028293,161.5222657873322,-0.1038988127171318,0.4709971836646654,54.2154524742364,-141.89407,179.52315,1.528139542236556,-0.67362961,47.56266408120626,-142.9515643298394,178.5626180741794,-0.001498572706987907,-2.24779480417499,47.5532123064832,3828.9392,3907.5183,3866.913323877778,3867.3359,8.788088590260696,-114.5479992987549,193.2426542071853,0.1138649355324755,-0.1766662974158915,32.16726564322058,-88.66505105780277,93.37733501989568,-0.001242320286114158,0.1864013092354365,26.7366810894253,-272.7100186119712,109.96699334924668,-162.414864607823,-162.86326017716,40.02223054217598,-122.3974002847315,88.19128735313808,-16.71119653402415,-15.93804325292956,34.62860255023627,0.2294216899635788,0.2277934571529606,3.844322000000002,0.965415930379747,3.7821052631578946
743,E743_processed,-16.227905,72.213631,1.946395149271889,22.4310548,7.336223663145062,-34.47707364538005,36.27797136077816,-0.0001968555172386639,-2.85588462804731e-14,1.933727311703404,-4.999897899607947,4.334450672788382,0.01608124604120216,3.552608900201827e-10,0.09246279962108982,-188.15358,186.36665,-9.44374893764825,-8.94277475,56.41535260786933,-177.6276123613251,195.7882632298218,0.03671988791026153,0.506633694301597,56.42266398165933,-127.06204,158.70105,1.044251868132667,-0.47878656,43.54671018227505,-126.9968435176658,158.4406637896669,-0.08439350069672928,-1.688922749129004,43.59620532887415,3833.4043,3904.8396,3866.646881283333,3866.4431,8.134255164698734,-99.62537677214969,103.4169595047953,0.00994407687890369,-0.3603104230594871,31.92509609345199,-92.53922315738262,131.3437264487063,0.09244471906043888,0.2071358983713918,24.61147326712586,-106.0135443884035,154.184390671336,20.75122643446075,20.57423285881921,41.15732178392538,-215.384278247252,136.21200541881674,-117.828806655879,-116.9730508466853,31.48043599061206,0.2272620640069365,0.2272386281870893,53.710060000000006,1.046991001440139,4.083535636265124
744,E744_processed,21.707172,24.800308,22.87432978216667,22.878147,0.2490900018440318,-1.154358144023568,1.891925559352984,-5.31802857206378e-05,0.008578828360299889,0.2478206580376465,-4.935062756894435,4.954477444226884,0.2143992260305637,0.199450517435842,0.2697183298225461,-210.13321,196.89873,-10.02228043655332,-9.254607199999999,54.69767984944904,-249.916127082395,206.1671694722214,-0.05843573377474182,0.8472555591257009,54.94841961018136,-195.17082,205.36333,-0.7467567482937832,-2.28428255,46.82448077682817,-192.6224411501688,209.1174441229215,0.06040132694902081,-1.784482923051401,46.94054341312278,3806.616,3920.0195,3863.775623555556,3863.7642,8.788971212259074,-114.4427579194093,120.0091599358284,-0.03032718794260277,-0.1115425365932566,31.86628884243057,-102.4038473687605,95.3620753420466,-0.001779661518870401,0.2180329420492255,26.59728613930272,-103.6126578689364,274.5828409737918,115.139662953168,114.8297606206112,40.6980243718658,-183.4383660191017,106.6782076972849,-36.80605681274378,-36.03201989722631,34.55359405301268,0.2288710682194888,0.2244191643674898,2.651256,0.9605548163265305,4.051467268623025
745,E745_processed,-16.227905,72.191536,1.961366161557778,22.577607,7.396165783090127,-34.57022502078625,36.10733927030804,-0.000165112844864657,-2.75852653153096e-14,1.917000989221497,-4.999483400254628,1.894019415731785,0.01674545577074403,2.865213286645347e-10,0.09252491557072993,-198.25687,189.53175,-10.61377568057614,-9.5444469,51.95602207256564,-188.4067198684252,199.4731381340594,-0.08969181684742558,0.8638317919762168,52.02385126797991,-130.49553,165.38977,-2.135181735836642,-3.61012425,45.17715170722014,-128.7107939891563,167.2361387864865,-0.006008735551544219,-1.478696261932943,45.14818757472149,3824.4749,3897.696,3860.940677527777,3860.1924,8.685548053981185,-193.4906147679135,226.1175122013569,0.1548246132905012,-0.2490977827468308,30.81441470005394,-77.88077644714485,77.6249404204732,-0.0391037674840355,-0.2528660051405218,26.17021499229343,-338.4834267048831,134.7452527688211,-164.1745283187897,-164.0460357349074,38.13089710192901,-103.5263055794043,95.20054983906633,-4.905147894224477,-4.380351277470922,33.28738651685133,0.2288560583712779,0.2295112658379062,52.67165,1.0105504253115054,3.9902522637932547
746,E746_processed,21.950207,24.999153,22.97928767222222,22.988613,0.2409676783536812,-1.012021968187531,1.920576456579444,0.0001374186550692764,0.005387221951200921,0.2400268739129222,-4.607674686366181,4.913994570621755,0.2222247056292068,0.2035400981841544,0.2913904460956187,-202.1736,201.90829,-10.61388069503423,-9.6008811,55.68645225167554,-191.3278795165826,212.2389575047148,0.02218805672751613,0.9723412400207858,55.77983854820619,-147.91963,170.79507,-3.815323427656017,-6.162259799999999,47.70191584527048,-143.2262052242624,174.3275730371911,0.03815641421195353,-2.402483003369464,47.78502897633032,3819.1169,3908.4111,3858.711594761112,3858.4065,8.934269027367618,-99.4927663823662,97.61878019962445,0.02922103051363124,-0.2571555957403091,31.25584868025774,-153.700813991531,99.26553008228473,-0.07285064103516843,0.3704282602704572,27.87252812355839,-218.644003493842,41.55895831637356,-91.65481660390941,-91.67230044642939,40.54206354599727,-163.42895424165894,268.5690699943847,151.3446965733743,152.0619590470296,35.27218361565475,0.2288750936696378,0.2255505948954262,2.2314760000000007,0.9276530649350648,3.8930735930735927
747,E747_processed,-16.227905,72.191536,1.963471823970333,22.7190696,7.382918568769043,-34.49556326455149,36.27608120817684,0.0002099430526405139,1.734275359949863e-15,1.928815060303897,-4.999999095135003,4.837093406695584,0.0155311675367098,3.805413522083131e-10,0.0985554556536987,-182.83513,149.12166,-11.65240598000284,-11.199411,52.2083298244385,-218.8235838334718,160.6033468885133,-0.09333141395491841,0.3740938306817991,52.3852025712476,-145.664,155.33618,-5.578298310345417,-7.6725404,45.82131875468145,-139.811772757275,159.2833378715312,-0.02069127272591263,-2.088599503610852,45.91489188153407,3815.4929,3895.9102,3855.110579027778,3854.8347,8.75226316477229,-110.6603880599098,134.9534295118203,-0.04440777383234083,0.01873339192965973,30.20912942315758,-117.2457996495839,185.8216119029922,0.1021343930764254,0.234187883090084,27.34768709715089,-166.2518264081893,204.4285119254506,23.12251782419826,22.58650149351937,38.78940102593021,-258.0074598119741,141.30971289621374,-111.6580589207069,-110.9776944548466,34.14440992516386,0.226610235404178,0.2238497184090533,53.687965,0.9826143362295531,3.947402451515525
748,E748_processed,22.038582,23.783993,23.05325528088889,23.054897,0.240818656469926,-1.009753555182586,0.7431069213571115,-0.0002380471516798583,0.007000601629749845,0.2403250502651066,-4.959851209193013,4.352577171954756,0.2261085622146465,0.2081327867568792,0.3034744234457317,-226.57491,173.53995,-11.99924540704108,-10.330766,54.84132720368394,-214.8414428363942,184.3945954166871,-0.02683861930178252,1.785029007944324,54.84082913339608,-148.67363,148.10435,-6.236838294471773,-7.42919755,44.88399974722035,-141.8891677288704,168.2226782824673,0.1597001875506264,-1.122192854203588,45.04496708592871,3820.613,3896.6636,3853.9680664,3853.8228,8.701799951610319,-122.1217750808771,216.6853110496154,0.1461669557053614,-0.4528511647043328,32.2641700995568,-208.7883834369344,134.9086060262142,-0.1719885111771452,-0.2027074106993023,26.95727809871614,-220.2100479097704,49.88747798494179,-77.84913156174689,-77.88573014715061,40.22197048495917,-145.35548791724153,284.6401401822887,135.4445329607079,136.5410251481596,33.50754267368621,0.230620451978725,0.2277781315757725,1.590755999999999,0.9134887672955978,3.7577405857740587
749,E749_processed,-16.227905,72.213631,1.981596113835833,22.8427954,7.464804332916501,-34.76643899896945,36.05266063701978,0.0004975062647045956,2.32806838917407e-14,1.899891901260162,-3.018637102751883,4.999892000429002,0.0160720284767991,8.821869180478896e-11,0.08866587532016272,-207.71919,175.40456,-12.1187582596879,-11.4494185,52.48589620631461,-194.0575466504559,186.7702832341172,0.1418070552224596,0.7440704219937804,52.56894249029412,-154.66832,153.86191,-7.724229213209949,-9.2759967,47.37529671849919,-147.0045172252627,161.4385914765277,-0.06812438624401114,-1.628018128546688,47.40631691914942,3815.2524,3891.7971,3851.470577822221,3850.873,9.03464334498754,-223.6500561770004,135.4790812817766,-0.1831535382427407,-0.3324573925104255,31.02974965125776,-99.98133643183999,77.91260074047071,-0.02168440987773799,0.0294063162875382,27.07573364338363,-189.0263676678814,307.2499491654902,179.8107343321929,179.8996177034894,38.47138973623634,-124.7632227996133,75.10028294932167,-25.13775148491765,-24.34327071518703,34.95064283712951,0.2300077800607921,0.223768898797378,53.290276000000006,0.962048991649457,3.9192114382355543
750,E750_processed,22.281612,23.938648,23.0953413249625,23.099083,0.2298403896523531,-0.8452098457550055,0.8440869528588268,4.544324681092309e-05,-0.001301533868458497,0.2292564152670183,-4.706965290957834,4.774034705344439,0.238427622063613,0.2135574850947823,0.324173074676342,-236.38126,177.07372,-12.42154280070701,-11.396334,54.31886556299651,-223.4563736947907,189.5659045204463,-0.01545774793521196,0.9966743992735044,54.33364276900042,-161.70477,166.5699,-9.500335536119008,-10.888329,48.46567229554386,-152.188051185194,175.7592824047072,-0.02932230073774398,-1.471315143833104,48.44767703519798,3809.7185,3903.4661,3849.005170348353,3849.0481,9.37998374334003,-99.64457976637456,106.748257295537,0.01339385504317908,-0.5181522102156393,30.56801463618355,-94.03054682738923,121.087896505913,0.08303446066065648,0.2049086223565517,27.96435897983735,-205.871835047896,70.24068815200066,-73.42062333868694,-73.40794331764963,39.58509391448337,-163.7181066623206,66.76309365993629,-51.45620744209057,-50.82381316562623,35.70543760386094,0.23056747757628,0.2244784444231663,1.524471000000002,0.8844096547619048,3.5460474308300394
751,E751_processed,-16.227905,71.374069,1.984941489703,22.948845600000002,7.492810964868701,-35.20772165081036,35.29895976842322,0.0001152834036827149,2.320172432633038e-14,1.890307786116405,-4.998899656981784,4.008816146987205,0.01562878747424787,6.463452544677238e-10,0.1105857356980988,-215.67365,150.90016,-13.08733652303072,-12.1143925,52.30577040884071,-201.5343105033011,164.2464928576615,-0.02258468795072733,0.8529899104958447,52.30284774034939,-171.15921,178.65213,-11.93629603302769,-13.092469,48.6587824345568,-159.3584926884787,190.8381976769975,-0.09848787220069216,-1.380903221877475,48.73080354006814,3806.2847,3885.5779,3845.225209372222,3845.3838,9.253051379393238,-81.21964752840773,91.63442039274618,-0.02525671287791921,-0.02361065982973054,28.7361357516506,-130.9870163968374,182.6195075430493,0.1170831883644883,0.05199994825639098,27.96694599854182,-123.7809176238491,101.3933294083705,-3.071612404878365,-3.116717053105309,37.55246433326122,-272.5525913199411,153.07786727664958,-156.9359576691342,-156.3828395489967,35.63070455211308,0.2366636074889843,0.2288792862887372,60.757992,0.930304446739769,3.806086828291722
752,E752_processed,22.303707,23.894463,23.07854411522222,23.076992,0.2155111868180619,-0.7812868753120055,0.7941793214450167,-0.0005388264124468888,0.002702399825254945,0.2151318655491052,-4.963671996578216,4.661102100599358,0.2421756807633384,0.2181863824325302,0.3462775695602096,-194.84222,150.28786,-13.43445962930656,-11.867049,51.72481234935379,-180.7450697368029,163.9972128657291,0.0629551795243322,1.548442968418077,51.79946340870959,-150.19699,145.30455,-14.16353791271172,-15.203157,45.98683635847443,-135.466611840465,159.9156884989442,-0.03765925661671916,-1.211574770050073,45.9897677314663,3795.3284,3898.8943,3842.11088005,3841.8225,8.940429480113409,-98.82464733343033,98.39697022258446,-0.02357299275224945,-0.436231908566965,29.0515136847455,-81.44963288263048,75.75327338931544,0.04073754281810296,-0.004024701537221453,25.80342602955461,-124.2991788708347,129.066300076192,4.694673577864863,4.945007944302106,37.67284168436755,-120.1552432775044,83.12443849769016,-16.91499295116384,-16.52155598292975,33.61533923676687,0.2322123309568842,0.2249912054527421,1.3919109999999968,0.8278601726190477,3.5545454545454542
753,E753_processed,-16.227905,71.197319,1.978671144719667,23.019546400000003,7.458316011066301,-35.15302355724982,35.20570086690584,0.0003283287872876292,4.558194290580807e-15,1.902091867968331,-4.999926707494402,1.271809370337746,0.01448999131485616,1.510947239076767e-10,0.08605043804522365,-200.01833,188.35167,-13.62333047842331,-12.6565575,52.55693758276698,-186.2106682930109,201.6652017208067,0.1330099705147614,1.0559963662463,52.64392928878392,-163.52534,186.66881,-15.65458133112085,-16.363828,46.53676381719178,-146.8249968504504,203.2068660577499,-0.06980183644683913,-0.8916972614258344,46.65186775725406,3799.7891,3897.105,3839.868766188889,3839.907,8.557337705500103,-256.4154145852398,148.7996353604993,-0.192869391182461,-0.1210489070482303,30.36599960443159,-112.3972006499475,111.2122513515787,0.03347906556514084,0.2677617408904802,25.58682598204096,-178.57415981295605,321.4924805823953,154.5135129259715,154.2613453491853,38.02300496552562,-124.1692942201633,167.2235031671559,4.082722851816105,4.475466347700388,33.75194611526805,0.234484271289069,0.2344243717961244,61.2219619,0.9027932951876292,3.760574866569234
754,E754_processed,22.259518,23.806087,23.01822516551839,23.032803,0.2246592315559357,-0.7743947984071118,0.7948723308407081,-0.0001030079594626479,0.00327290028356947,0.2238128533764421,-4.889709259482561,4.921350901282612,0.2510698206181028,0.2251044874649215,0.333419205501877,-208.77136,186.14667,-13.71190229128413,-12.776358,52.17470652173718,-193.8386204717248,199.0607298406933,0.07088938997559521,1.016346096480624,52.21883962515773,-185.03015,201.30801,-16.45937209926276,-17.5693415,50.52859284859593,-245.6462712311553,219.5016726614584,-0.1811362274953315,-1.248160682955173,50.79171030169087,3794.3762,3897.0408,3839.140424174909,3839.0073,9.265754970733555,-94.433406404109,98.65971556259274,-0.04806569083021504,0.05843733562108965,28.03560744850206,-123.2159991768603,182.3605501117319,0.1792688176325096,-0.05146657958405454,29.02412758506911,-182.0542994350232,125.6092582498098,-19.29637855832885,-19.52472802476233,37.27058587759691,-323.3412450447848,97.54518869396094,-96.66228066324211,-96.30390399980053,37.36552330867241,0.2349984361191279,0.2333512889780119,1.3919100000000029,0.8704176094674556,3.544378698224852
755,E755_processed,-16.227905,71.15313,1.975579240457,23.0504776,7.46882084156687,-35.21111494356064,35.08011564618074,0.000400087907316268,2.600166610535459e-14,1.890739631115974,-4.99980431018319,2.638908919230363,0.01561667219615836,1.013678116478884e-10,0.09990607950053938,-186.08321,170.81566,-13.66750873447821,-11.865097,52.26800677753275,-173.6821270816973,184.3116642125503,-0.09037102655285945,1.754033243850804,52.29431579156714,-173.76102,204.79248,-16.51301932998087,-17.619318,48.3248092127416,-188.200350249581,209.4251486520409,0.0526759454440169,-1.157147374410654,48.45041705697206,3791.6873,3893.4656,3838.826003405555,3839.0051,8.906702014630017,-88.89526810822903,122.3310224590465,0.03422282390520724,-0.4216842716650344,27.26040621872983,-160.3160681651787,256.9367844023158,0.1469220308247367,-0.1395266269837312,27.64460901995495,-265.2769810624197,150.10299487344716,-149.1785883704414,-149.3681962833357,36.41170399644163,-258.3917094063851,94.25545121183313,-65.92261140017798,-65.1452248074663,35.06776408974964,0.2439043999339136,0.2354926456686053,61.464992900000006,0.8847658538158141,3.6591571524895996
756,E756_processed,21.950207,23.673523,22.93301457617513,22.944427,0.234234932068561,-0.990504290229982,0.7145072387863709,-8.843986397823088e-05,0.002616017456038136,0.2321859155459088,-4.985251311641896,4.772507666467011,0.2517544308034361,0.2280721759349874,0.3458322038705948,-216.72954,165.30692,-13.45430540436398,-11.726741,54.59907480233457,-203.4513788493594,177.0944224764817,0.0498645728409596,1.935889480882137,54.61379209117766,-162.47267,183.37761,-16.81603701605319,-18.544116,49.98978179640226,-145.6047974562736,201.1209962188734,0.1386079284040388,-1.764831625286763,50.06725915963953,3795.2583,3880.0735,3839.021575480609,3839.0051,9.011168622652326,-79.82331020584657,86.52396820922824,-0.04556236017583815,-0.045740542722706,27.904306568654,-204.8135017916219,149.9227776770158,-0.1811910243521186,0.07507315342337328,26.98731656389066,-69.4081061198408,167.3122129681292,48.3752996310464,48.28883588817532,37.72045608854756,-7.4527704640152,247.5310295817451,122.1178931314946,122.9510281941921,35.17259545906884,0.2427681791759779,0.2417047902504623,1.5244719999999994,0.8902348203592814,3.5838323353293413
757,E757_processed,-16.227905,71.086845,1.9594255933085,23.0416404,7.409966363078607,-35.1686133025217,35.07759397582037,0.000267102859764834,-2.260547635794764e-14,1.904692710898907,-4.999121056232477,3.740147984621418,0.01590226085968113,2.744974183887442e-10,0.1092838218772817,-209.30182,159.26785,-13.37107826149914,-10.7677015,59.6001979137006,-195.7637974263847,171.9004598789746,0.0433278808057446,2.665443725440944,59.60614307196514,-185.5546,197.39848,-16.70024278283859,-18.0414395,56.22701470325623,-168.0711736589575,214.6332727591568,0.008742274953824082,-1.43687260332555,56.20512473827852,3789.9016,3897.9294,3839.190410716666,3839.0051,10.17111691239482,-153.0546305728682,98.09337023276537,-0.09752167533824112,-0.5111154279329968,30.38596942544367,-119.4549556037112,89.51595572264144,-0.0633670982666062,-0.336088944258349,28.40526973305154,-169.6441490597279,265.5740992922312,144.1044597441992,143.8241947158116,40.88841924805939,-167.7383882361793,86.8922718844644,-38.68014130619777,-37.91079768079105,38.83101034190738,0.2433185159614946,0.2394696726764082,61.6638332,0.8772822049006574,3.5973089009407486
758,E758_processed,21.950207,23.563053,22.81088123511111,22.811863,0.2472813163013367,-0.8477544385292961,0.7861524241017915,-0.0004957581950162559,0.001506017353153415,0.2466625331738458,-4.966494886518531,4.95006998754719,0.2533815440515319,0.2273645677396246,0.3124961929559068,-242.19591,210.6282,-12.97285878019692,-10.3453895,60.50118709276197,-229.5773142554414,224.5764858154868,0.1733087524759288,2.580888856813949,60.59954683486929,-173.9388,180.68457,-16.91697872464232,-18.0173225,54.58708231314044,-156.5340640743639,198.0729464199817,-0.07487245112698038,-1.19129190140914,54.66956536577131,3802.4006,3895.2512,3839.530117522222,3839.8979,9.978531845816388,-127.9933905468561,107.7877167103555,-0.08722610964186814,-0.5527517939082291,30.43210240506833,-112.7706890273485,114.1084824292526,0.007116446086903701,-0.1631988526669321,27.58869793921497,-170.12876658137628,314.7284468703518,171.0787625470198,171.2978382515481,41.75634499943759,-141.935059343762,161.8747868534992,-19.82095875899587,-19.0857329487898,37.61244977039897,0.2424240555827012,0.2444099094947134,1.5686600000000013,0.9504216315789475,3.488910505836576
759,E759_processed,-16.227905,71.020569,1.957059201180788,22.9930336,7.416978288039926,-35.22228447008118,34.92797974131136,0.0007462819530259101,5.144854863774351e-14,1.896116066665988,-4.99999842595919,4.999998233861389,0.01617414712504589,4.93282827397115e-11,0.183114369712326,-226.01413,189.24254,-12.61725371145521,-9.9505568,63.36035595041651,-212.9950432133428,202.4531211526269,0.06927639250010129,2.44278805908411,63.46639441579274,-196.40767,192.20793,-16.78600706665246,-18.027889,60.15745799806745,-178.8307243003243,209.3038687943678,-0.1422180432267727,-1.483571942452526,60.26261507804908,3790.7944,3893.4656,3839.672951791767,3839.8979,11.06054409580316,-126.1280921931926,108.1737394391968,-0.07925573664439144,-0.6707302600368905,32.18694444121173,-195.453117107609,289.3503645788325,0.2216954993639343,-0.07620567100392428,33.17021274334758,-213.2333094944796,121.8626366787247,-46.38993040146146,-46.33227351629497,44.04649375112674,-394.1757973793388,120.03444961106743,-210.5083902664616,-209.420947821423,42.39104104256166,0.2411273446720378,0.2383068851786909,61.840589699999995,0.8846687777573274,3.543542884953253
760,E760_processed,21.552517,25.527588,22.65238251958442,22.657207,0.2853593902241212,-1.106041488376163,2.748128557148689,0.0001759555194764019,0.00865729060861005,0.2829695549630057,-4.858504306626179,4.987970369310017,0.2472617650608739,0.2206766794011879,0.2992601871868235,-269.25394,234.23767,-12.03778598254591,-8.4243126,74.40624735909243,-257.8334674693509,245.4116492856672,-0.0740000855087244,3.664199668812042,74.5585104944195,-251.16565,210.9577,-17.58533940775092,-19.74724,66.29958418257635,-232.4773463576664,229.864247826756,0.063020505132706,-2.211268379058486,66.3783867695679,3786.3306,3892.5725,3839.554997144285,3839.0051,11.89934453281238,-149.9423812198218,163.6278994677683,-0.06469435743879977,-0.4363462177069435,38.87701716574335,-133.4666498765253,111.3222735240094,-0.02810313548602314,0.1406929981993379,34.47153005262632,-131.9231645720286,295.4767179959932,86.0097737634183,86.03130168180493,52.55634625735271,-233.4764090245325,111.5361506324154,-36.52437200079309,-35.27278487537883,46.78227743818244,0.2360908180126498,0.2305436766624762,3.7557870000000015,1.1093148888888889,3.684394250513347
761,E761_processed,-16.227905,70.821655,1.927899304840824,22.9046584,7.286108616737804,-34.98047872429053,35.06223947389906,0.0004458337294256701,-3.217798394811999e-14,1.937879508310843,-4.999997939038331,4.999997807166553,0.01610524993069778,1.095580933476215e-10,0.2443434909681156,-246.44031,215.40315,-11.40059671752464,-9.2745752,70.87699696920521,-233.5094835472769,227.9136374193069,-0.1042002363787907,1.97734292154535,70.8981493646365,-202.38,198.85143,-18.91119043311305,-19.77203,60.38444013412015,-182.9988096011385,218.3181794337132,-0.05087362493542553,-1.08285682521042,60.39568959340741,3788.1162,3892.5725,3837.266644813601,3836.3269,11.45745494462727,-131.3375651412469,221.2809344306772,0.1750963908017453,-0.4216501799397179,38.54219231896236,-100.7679102248974,94.5185830161938,-0.0347076574880971,-0.1885375701693057,31.64601158703237,-300.7474635103179,11.97388133889332,-145.4324430946074,-145.8071930225798,50.40887889952773,-154.9449966447145,113.8464502340937,-9.48651262750016,-7.935924221312737,42.37232575099607,0.2372565840431018,0.2316650656412597,62.14985250000001,0.929649824582724,3.571212248889914
762,E762_processed,21.287392,25.22007,22.52254153081412,22.524635,0.3626643059931161,-1.267653342498882,2.552577335927687,0.001061744355079297,0.004083828565195685,0.3615558817280921,-4.644182702924265,4.087120288339702,0.2194686198695637,0.2002519679310751,0.2470438456139831,-307.71881,267.92755,-12.3050802974947,-10.692214,83.80211760225869,-296.3081449639353,279.6154317149789,-0.03282149969952824,1.399798356950642,83.79424567652349,-265.37247,257.33087,-20.02183025744563,-22.333361,67.56240120726295,-239.8993974570581,277.3321130929712,-0.02553354099251676,-2.558920203625923,67.54910221520157,3752.4043,3923.8203,3832.576708124479,3832.7556,13.95795346435821,-139.2743958296511,135.6268111344413,-0.004005116168454577,-0.4871550717190463,45.7334760967946,-106.2389824339791,120.2397065482102,0.04885176786647954,-0.07949890402293924,36.36548639649179,-186.1468481049432,170.4967267619339,-1.784404415472348,-2.143838218194819,60.24827143964152,-168.1685789293947,159.0723939339676,14.48993219036771,16.21005704000568,48.00020444179957,0.2295014853848714,0.2295206206886856,2.894290999999999,1.460654267605634,4.215962441314554
763,E763_processed,-16.227905,70.269356,1.9318370708026,22.794187,7.350965713760315,-35.20357167192563,34.15724211803372,0.0003602108924091282,4.097347046729628e-15,1.895486470144723,-4.999999999701684,4.999999934704762,0.01333150619040969,1.762338281099642e-10,0.4107094886517344,-257.31659,271.90668,-13.97653467381243,-12.036565,78.87754494923601,-244.9282106365552,285.3132056882288,-0.03595778212511219,1.771746688434057,78.87004437145224,-208.81328,220.60762,-22.44333572782803,-24.939432,62.56713262318242,-185.4250574386231,245.7930995819193,-0.1518792879606427,-2.767035705892761,62.64590745813626,3772.9385,3902.3933,3828.15847232624,3828.2915,13.09508087485917,-128.0684228355389,160.0575385610508,0.0915278312419403,-0.1122753310975195,44.99444891984295,-120.4891596467977,162.0661815038359,0.1398305236474872,0.3589762279209476,36.59075977162979,-179.5316732695336,152.9417926736394,-9.75357067309176,-9.250324343119427,57.6314828770875,-308.6013862415126,0.357161206454518,-161.1535890519555,-160.3106020890116,46.13822280617495,0.2273548945834715,0.2289006404928737,62.812700500000005,1.0562086435800415,3.7034956462437343
764,E764_processed,20.889702,23.960743,22.34444952994777,22.369987,0.4019971026933615,-1.450013060423124,1.498002466429115,-0.0004000772385605826,0.01811076905827327,0.4001946926033324,-3.586060707541221,4.870128345090641,0.2096306285954112,0.1903329313340085,0.2122777779063362,-309.04517,317.26868,-13.09088421600883,-10.161351,87.48823024962341,-294.4151137197669,328.3054823012885,-0.1075765587770542,2.73575027276436,87.52822956352308,-233.47415,286.54865,-22.20945320489557,-24.455846,63.55264638200046,-209.0376651557469,311.5468772896755,0.03662558325028521,-2.208363205898465,63.53797658483735,3762.2249,3923.8203,3828.088373285921,3828.2915,13.99689220670581,-150.5673670726663,253.910912888336,0.165775882665173,-0.6633337823992242,51.49122997768163,-128.9314364134499,115.3979630254062,-0.007715277389199768,-0.1401710539881735,37.29617569363715,-355.9167088856018,46.8862778348929,-133.5310799712417,-133.14880210614,64.81966824185078,-125.0812326168074,193.2613581809241,40.38160672796576,41.03580797790772,46.76522417170795,0.2266877361365676,0.2287899282241986,2.7175410000000007,1.5601133065693435,4.37323600973236
765,E765_processed,-16.227907,70.267464,1.922287495020115,22.661623799999997,7.321156338317087,-35.22285664400977,34.13476424684197,0.00032746797670792,3.561580505700725e-14,1.897151894471881,-4.999999969999125,4.999999997112616,0.01437707263941418,3.500136815856971e-10,0.6743856648165738,-323.90054,338.49066,-12.44124197898122,-11.96508,83.27120565952461,-311.5576674544136,348.2026672794111,-0.04736648117170943,0.1699726912284731,83.26184071150148,-301.29153,258.93921,-21.66365858385129,-24.2941,65.76602913108661,-278.4119039043711,282.7664520420338,-0.02779018556061751,-2.68099935403718,65.7768199201401,3739.0125,3920.2493,3829.581409068178,3829.1846,15.01153424076216,-185.61251275231,166.5060411641938,0.03978374373602214,-0.218789331439126,51.039587307837,-125.6287067643065,164.657337319586,0.06659543289097379,0.1723054990856618,41.89157102613703,-292.8746241298535,133.9423654645298,-63.81098020977583,-64.06885026073385,62.78722817938281,-270.41707849145,90.71239726772514,-68.56346437528158,-67.3147601457778,50.37979977390105,0.2211614850936753,0.2177851337064935,62.89969860000001,1.194147783000419,3.869267108545236
766,E766_processed,20.292839,24.270012,22.1375925258683,22.148876,0.4910987466981426,-1.985897553006888,2.124491030492269,-0.0002454820150829217,0.008879885786134958,0.4894539112011677,-4.764324064410056,3.059542307556014,0.1850061988820869,0.1719150047990062,0.1799857168759997,-335.04208,381.73047,-12.66126996269691,-10.533417,86.33307324804304,-323.1305281527548,391.2127084425676,0.06588839018155501,2.075816140383413,86.59618833047412,-238.2991,268.32104,-21.01289715361728,-25.100935,68.55475119163239,-222.519646722572,291.1065290633914,-0.09183148479649315,-4.211498755593345,68.7818221193176,3722.9424,3920.2493,3829.724835187552,3829.1846,15.82039046902947,-210.3844247570331,202.6974518248091,0.07043219091282288,-1.354254842800525,56.97379997399018,-149.726103252892,154.9880493314406,0.01103725675241227,0.5849527894725597,42.6672906936379,-412.324076506378,117.77151221895,-137.539880800201,-138.4099826597733,67.5836951128985,-164.1045353393641,242.3449916552208,71.46589321119068,72.54717224418677,52.00007307073594,0.2211492612623512,0.2272689387008035,3.2919729999999987,1.9471922416666665,4.979166666666667
767,E767_processed,-16.227905,70.114716,1.908766600097061,22.5025136,7.283659494868764,-35.21823744787356,33.98264509882171,0.0001265158607163641,2.259137995444775e-15,1.906728659053342,-4.999999870188604,4.99999999204361,0.01499744141267714,7.006154123925003e-10,0.574669047805159,-292.59811,326.55328,-13.32834188327285,-14.795533,90.47246266605954,-276.4962178417204,340.920872386435,0.2197052366142107,-1.654192578710189,90.6017297356279,-250.62953,298.34299,-20.2105382535162,-25.692038,71.76623967370865,-228.3535434514925,319.3613879322102,-0.1866441584340709,-5.230212595285803,71.88665263647648,3705.0864,3937.2124,3829.716183065726,3829.1846,17.30563850666395,-445.6738729307928,255.0061574037961,-0.3521453177162343,-0.3582333666766715,62.3030547558275,-221.1707482015096,381.4724894094711,0.2867174311287906,0.4941630328334981,48.99931219503245,-259.087233559142,564.6114635824432,313.2189734788798,313.0036714065067,70.89724269827077,-572.0444451301383,128.87755131652943,-347.7296899756194,-348.3962299477542,55.52930063702119,0.2216484533320741,0.2194351353940025,63.0778355,1.405539267261896,4.148333974812701
768,E768_processed,19.162994,25.152367,21.97646643331851,21.993198,0.5741765422416668,-3.134131684256683,2.767660488871422,-0.0005273654845205947,0.01724411859579202,0.571974377836547,-4.31293667339706,4.430803626844153,0.1678799539308715,0.1551461334883883,0.1723129264579809,-365.28342,361.83487,-14.152135658508,-14.0538055,88.89035287276646,-351.4412514489107,377.7775683999159,0.2140717029834578,0.2626868651828196,89.07384295322817,-260.27945,334.53012,-20.11525906218171,-24.0388895,67.1661755454787,-239.0272710281955,355.6108829710206,-0.2096730450744136,-3.884569312120198,67.35758001071217,3717.5854,3939.8906,3830.265857001556,3830.9702,16.77011927595387,-372.4091960942582,226.1908008358116,-0.2480476607562531,-0.9870563764434443,62.7110929740951,-162.9624191861719,299.4036682705263,0.1730006426313554,0.6200423011861673,43.78404623710323,-259.087233559142,593.7529315120479,364.3492159377394,365.0315329603991,70.52670211577325,-579.7584588103305,134.12571124553756,-354.6306866508295,-354.3741559463365,50.91384638108115,0.2150465890322536,0.2284057722790555,5.9893730000000005,2.2598396203703706,5.522222222222222
769,E769_processed,-16.227907,70.068703,1.881704950671502,22.3387806,7.168274812796881,-35.0533509257837,34.16586464940792,0.0007070886550418418,-4.681438049971587e-14,1.939204672635542,-4.999865148706996,1.26022443630862,0.01277696785371357,5.489778738191873e-11,0.06992324407160105,-304.00494,282.25241,-13.5707441617483,-14.4990805,85.47842300232023,-285.9644591849895,295.1454970990847,0.01170885359833818,-0.9312047451256467,85.56071142303107,-246.07263,312.01367,-19.65989070125088,-23.5276545,67.74177999788768,-227.8284800059914,332.9763951519013,0.06556569431308698,-3.802802234671769,67.75221811583144,3746.1548,3937.2124,3831.114362793153,3830.9702,16.54668411741144,-226.4489152069719,185.0188209193725,-0.1335025607693028,0.1530555397743143,58.40414563924595,-145.4029736836451,129.9393451687741,-0.0913681424783565,0.3768729980693557,42.72685293308513,-40.79711950755102,406.7028351523619,172.0898229536452,171.938589621042,67.13458209868493,-54.32827584802098,297.1702752568365,103.2870847638072,103.2241003097523,50.73185078324629,0.2167116885214795,0.2261607326342414,63.1648772,1.6674228650201806,4.55499631808983
770,E770_processed,19.650898,24.22332,21.82555250444494,21.837818,0.5027350574258732,-2.152447358092556,2.320742068273309,0.0006808345929539231,0.007581819162728574,0.5017983437454577,-4.586805458507292,4.74772715288955,0.1727687827128629,0.1583993133735513,0.1992998655168441,-381.19992,353.34604,-13.74947097640846,-13.5718435,81.78786822013782,-368.196600180409,368.3080141889338,-0.02383988105523781,0.009216798413778097,81.77145421857881,-217.12291,335.33429,-19.66945770970945,-22.735299,68.77745684413456,-190.184501750123,360.7582883866584,0.1610122919367616,-3.229324058654482,69.01380214523367,3740.7979,3922.0349,3832.197257178575,3831.8628,15.91223548946555,-185.4062903821902,189.4116617885817,0.02846261146213352,-0.05702766834430406,54.66567674557712,-187.2371834681558,182.3261726985632,-0.0665495778666235,-0.3474543601755533,44.25371861644411,-219.4301945205609,221.3704662049238,-0.5315114125756222,-0.258342243831764,63.41712683589403,-179.8662161074779,287.9995720287502,68.56097340656727,69.60470922848279,52.77514661902772,0.2211764761734483,0.221652308279561,3.910362000000003,2.0025612053571424,5.309467455621301
771,E771_processed,-16.227909,69.816803,1.890823309324555,22.1749028,7.234210493766033,-35.20432793022201,33.65282641095945,0.000437475044621536,-1.45614654981318e-14,1.902946367608472,-4.999822244425754,1.715422727159189,0.01274232498368831,1.122241049606171e-10,0.06551626733710716,-375.89444,312.49374,-13.67451558808142,-13.4960085,84.77884886765513,-361.8768507647197,324.7884163982529,-0.04484206657496816,0.1674254192116873,84.77739222467042,-231.06168,323.80801,-20.27429003506752,-24.911886,68.23172412391496,-208.7607112693183,351.3760809153966,0.1810252647461947,-4.658304722660805,68.36799646056402,3730.9773,3964.8889,3831.781111196932,3831.8628,16.64798088571062,-179.9250764859406,208.4612755693642,0.005801068450471122,-0.4507632111484536,57.1097394383284,-404.6168475739166,255.254569034944,-0.3041072733888619,0.2892202549857665,45.44676250732935,-157.4101851371518,298.971670320487,72.97133098851819,72.86008184729867,66.13458549744304,-5.601247949938026,466.5074408320226,276.4795223084727,277.098872777383,51.74731260094423,0.2256020047690971,0.2310972822514034,63.35718539999999,1.8460721283138313,4.880010959111422
772,E772_processed,20.021618,24.595982,21.79275564375799,21.81245,0.4794726632227437,-1.80465926944178,2.723555620545596,-0.0003180609038508587,0.01345877455846436,0.4787345585185546,-4.533446377072144,4.937374672802925,0.1799868265095691,0.1648018899667359,0.2177890028823038,-289.41483,262.62207,-13.60933981678207,-12.942936,78.92341371502461,-274.2340608388085,276.9604897226655,0.1311114032091919,0.8219013999422877,78.9880892882583,-223.82425,272.87793,-21.10902396725009,-26.739113,68.60200288853316,-200.6128777658382,294.2733587496246,-0.004199850796593436,-5.61653134188473,68.55731789473911,3760.4395,3907.75,3830.608427301517,3830.9702,15.08465665238649,-191.7963359708286,165.5926517627793,-0.105840715185849,0.01142663210358563,51.26909636813782,-143.5546210069883,146.8912957233118,-0.05186961602577776,0.4679833160452153,43.1618345499929,-25.5116924108471,329.2874492612474,162.9808816226113,162.6015667308851,60.52350901838882,-122.4282850489771,212.4897845847966,52.81081565099129,53.9782561764255,51.72966689846671,0.221125871554391,0.2222161426514969,4.153079999999999,1.8721140165289252,4.917307692307692
773,E773_processed,-16.227907,69.556198,1.892125422997422,22.0324658,7.236418587299823,-35.19740906204822,33.38685351817409,0.0006964743623662127,5.03904215941331e-14,1.903897175407718,-4.999740041422861,2.775221602284214,0.01328969086246518,9.451760365394515e-11,0.07285679150300008,-320.452,285.17044,-13.83563478121071,-12.5775615,79.17761176934356,-308.2881143767529,299.018714090089,0.02997393686701832,1.231232417370475,79.17389534861906,-276.89874,326.75659,-22.14821862665971,-26.954631,71.4689106189961,-253.4885606968759,350.2735337157853,0.127772393872799,-4.668149577409781,71.53604450194287,3735.4412,3932.7483,3829.674445610624,3829.1846,15.72975057268375,-184.04091215336,187.0816294295119,-0.1195884456524452,-0.3818690238574067,51.51225549967454,-178.2351249911498,148.2702733305113,-0.1077073363263178,0.4596388532948774,45.76279267915204,-145.2336485394175,262.6347287063314,62.89392253577557,63.24496342442271,60.50019162964219,-238.22311615840172,403.9120228567796,211.7402424861921,212.559710217425,54.19942283922337,0.2249969889319781,0.2222599085181977,63.515142299999994,1.9283640780984896,5.020280009310048
774,E774_processed,19.959679,24.75238,21.78814835972662,21.792076,0.4954037881536865,-2.535783280360087,2.827553503621832,-0.001678637814862271,0.006430277819945769,0.496757671323617,-4.619683123965955,4.354854882075203,0.1816908331404871,0.164795252872665,0.2000810541395077,-308.51462,333.7157,-13.96623950824199,-12.758881,82.45096369111614,-293.4111171113499,352.0906675486095,0.04486529413043152,1.018429189153622,82.41830181648862,-287.35281,321.39554,-22.22964834477857,-25.422205,69.66256752703056,-263.9236040480555,346.7045461584589,0.0684959896926909,-3.15733937808366,69.66408147737704,3692.5872,3919.3564,3829.778795471468,3829.1846,15.93867729167667,-189.677031562748,176.7050383578084,0.02717283671453592,-0.8032252896557317,52.34119634625272,-154.0364778662248,156.3046212822767,-0.09378255941393913,-0.458742438449768,43.60616276729135,-161.223141505055,250.5631592347851,56.21625353647767,56.08661708998822,62.63591068828703,-91.6040591880148,260.530298693832,90.7814931740448,92.00534046246642,52.1373346946769,0.2317376983406181,0.2303739284517032,3.6230580000000003,1.8923890661157021,4.933333333333334
775,E775_processed,-16.227909,69.507172,1.890573548702462,21.9168836,7.233262046487006,-35.18544680863836,33.30634871863678,6.156376135454798e-05,1.147951649269955e-13,1.901720450309728,-4.999905001719264,4.999871680223999,0.01443513702312724,1.412957883290521e-09,0.1292024215392956,-334.51154,330.7977,-14.08702577321267,-13.574486,84.91151190498331,-319.4819037046825,346.2264597755425,0.07560851007941773,0.4351602474928105,85.15745656150602,-249.55733,312.5498,-22.01035309580347,-26.846512,73.09757269073545,-255.8751252891666,335.2513042623053,-0.1474153410217049,-5.176668815036479,73.35964440461935,3691.6946,3987.2085,3829.732841981551,3829.1846,16.63711139624275,-200.6983052492315,224.0488316573467,-0.01217591480734619,-0.1027115641065848,55.35427719303015,-232.6084020968613,178.857851419177,0.04187050293087364,0.8043418240311055,47.03636923538681,-387.906745260265,134.5450286338785,-129.0122439662242,-129.9320828584505,65.956399407864,-263.5231288474502,249.9511590603385,-4.791769068150784,-4.837836251790405,56.21451536197471,0.2278252025995208,0.2216901733055683,63.5999206,1.9948192300077614,5.132299474030243
776,E776_processed,19.738613,24.400715,21.82844384033567,21.835381,0.5109358560458706,-2.081639035945435,2.478209055073775,0.00046639148111313,0.004800167958120209,0.5101621114244987,-4.56982892819587,4.866288115316303,0.1756011954578968,0.1604531410038927,0.2005035307982807,-311.9632,258.90823,-13.93043492430173,-13.877073,82.12678107441442,-299.7201086590954,316.6488985199079,0.1988997145934891,0.1001538687829297,82.26044721464653,-281.99173,388.40878,-21.33266569068046,-26.6184935,72.55692123010286,-262.8795576169902,413.273912943228,-0.2734525139032845,-5.396093011172585,72.85977720005644,3725.6206,3952.3896,3830.608030160054,3830.9702,16.4552767718171,-478.5030274426442,243.8889394066758,-0.3423351113231423,-0.6534948324525232,57.13535090254651,-231.7775557536566,397.8394337216495,0.3120577592798718,0.6995199113252226,49.35628932201529,-193.72960042340327,631.2967225752368,340.8558645408086,340.6425256856232,63.93838515960714,-648.58482299456,302.61319312107213,-420.7510782346537,-420.5785340742169,55.74515433436022,0.2300724930643399,0.2223072596207007,3.7115860000000005,1.983214093220339,5.0545197740112995
777,E777_processed,-16.227909,70.10537,1.878003497942379,21.8541846,7.146280731325539,-34.97755617362944,34.31252187543119,0.0008568338336632797,5.812719094064167e-14,1.947205098002261,-4.99999813784228,4.999998218568919,0.01443412138991186,5.856744069439841e-11,0.2644122234277159,-373.77222,354.93771,-14.53352135270864,-13.377304,83.70963630988354,-358.1126349585321,369.3187632129595,-0.1367022854562572,1.13443227214478,83.83882734608986,-240.44351,331.31348,-20.3029252287319,-23.944185,73.89296533919844,-218.7811743781499,355.2328076187834,0.08328557272923974,-3.694889360013917,73.94452711775524,3719.3708,3938.1052,3831.380285925432,3830.9702,17.02924810240728,-200.0760387688072,295.9672560910654,0.1683832792056786,-0.6432332262968572,57.04005086732761,-163.8242562775897,174.2391186910243,-0.01036132265297056,0.7588465909922739,45.41135539934306,-557.2210223607907,369.3736455183743,-309.2545790499155,-310.0016919874394,65.1831622873567,-188.3444472199564,212.0200401311054,28.7533454088586,29.707829164841,54.95778457258126,0.2233713277603216,0.2266451256640327,63.11519479999999,2.0020236003184957,5.14737009549917
778,E778_processed,20.020985,23.79731,21.90508648247125,21.901264,0.4722658411685309,-1.912405702872703,1.840414052394455,-0.0004826991768702456,0.001074864511334813,0.4717520087611117,-4.957059488409569,4.846765396038546,0.1823217199056224,0.1634634571982069,0.22803041957309,-315.14648,306.12714,-14.61294019342669,-12.088226,77.14993043055686,-299.7651211656354,320.6086805881361,0.04190386322483015,2.697904172459018,77.12110293168675,-253.57813,286.01251,-18.85622197267985,-22.842363,65.3130405595386,-234.9874369145778,307.1571650533806,0.1701601360466817,-4.117023828470117,65.43857376306923,3744.3694,3914.8926,3833.834661492305,3833.6484,14.89561130369987,-174.8086587796839,189.6520934828492,-0.06627600901866286,-2.230902343379078,52.10348686711905,-264.0899871470695,157.3161001612698,-0.2207877113375409,0.8197211287176316,43.15946524273472,-142.3522621827808,267.2006702217157,64.13285475261887,64.8861368350493,60.29368544310714,-237.1154380016362,341.9088772131832,188.1365955441386,188.008508117402,50.01550286392242,0.2199843538508421,0.2244228189172491,2.9377630000000003,1.849175368852459,4.903825136612022
779,E779_processed,-16.227913,71.658798,1.891075444124444,21.8357978,7.197576190267278,-35.12971102085724,35.71410597785929,-0.0006241043131535715,4.147451565082143e-14,1.931693958613377,-4.999992652251979,2.730134346872047,0.01389895910219837,5.965307002567129e-11,0.07580542499512093,-348.83636,250.68471,-13.88681945019508,-10.701871,79.51907638959433,-334.7300977048909,265.2311140244937,0.1775931909113367,3.258001325761231,79.64765139904287,-230.79361,325.41632,-16.23906695735539,-20.5715645,68.4985802507308,-214.4989048804088,346.4128113659011,0.08919740737110349,-4.394114554492822,68.50674055243334,3750.6189,3938.1052,3838.379913091798,3838.1123,15.10506263823502,-315.0433522084368,206.9893170669373,-0.2087655880798558,-1.386603576156652,52.66334228160417,-140.8591339896682,139.9687808157087,-0.1273656114276135,0.2451574689807537,41.83955954169042,-204.12066793604663,451.5513707511703,274.2053413202524,274.164166575237,61.24532042135112,-46.01425327685878,307.1547152091347,125.1059356480751,125.3965295921578,50.83390858054305,0.2261535993475919,0.2295447468240613,60.12254900000001,1.9198907500149136,5.02369067837713
780,E780_processed,20.284744,23.512585,21.99597321844444,22.00824,0.4615483082920213,-1.716752155665509,1.468548038144883,0.000266860477562483,0.007327336881659329,0.4609136011888424,-4.706895690923866,4.608481252698386,0.1777633949618524,0.1623855536177718,0.2065638986411319,-300.02582,238.48206,-13.35502944875191,-10.9152495,74.8174961798049,-288.4202959031012,252.4279694227417,0.2104428932624457,2.429607629043194,74.96004093767543,-240.97963,275.82654,-11.57823611558231,-14.796217,62.60867302553385,-229.2722196309689,289.4783984652512,-0.03533105496874242,-3.393490791362778,62.6011005214448,3753.2971,3937.2124,3848.191437683334,3848.8257,14.59213568054931,-264.4037582891438,205.7021727227147,-0.2311740301052469,-1.165962334992172,50.40860144675995,-137.2856250648221,129.4482677468533,0.01675554794053714,0.96973309485392,38.29996887195421,-224.53611148960857,394.8151855980827,230.639645470968,231.1639528091853,58.40895690676612,-146.9038290334981,189.736841346621,29.63003385088275,29.51411509966447,46.75199017411327,0.2199608838114132,0.2205387175021211,2.8714869999999983,1.7993497372881355,5.071468926553671
781,E781_processed,-16.227911,72.263336,1.892678993525865,21.8698822,7.184489198602404,-34.60292221729407,36.30471579911702,0.0005190629556344405,-1.295955149234946e-15,1.938549967017507,-4.999999987020923,4.9999999629056,0.01388122673471148,9.32736533785283e-11,0.3440282633808333,-307.71881,248.29724,-11.33512270586198,-9.694953,71.62542436273922,-295.5427188485402,259.6406683936552,-0.0723819384439041,1.517210459759454,71.68005365412542,-180.85921,275.29041,-5.194145867983591,-8.1429167,62.43554763432279,-173.4327055527538,282.5954342825864,0.01510353428758862,-2.790381628778078,62.42931793449276,3795.2583,3944.3545,3860.196223398345,3859.5393,13.99879732699623,-160.645835732441,182.6280666505838,-0.005134047677291507,-0.953685917868146,47.00577792808995,-133.007278514148,115.9489327464428,0.04820748990787666,0.9710430235171259,39.10251682119252,-195.8791817963676,152.3323692372559,-13.84018268191051,-14.28570376271608,55.5761429307401,-183.8229654288888,128.7782638500806,-22.40895309115576,-22.38650562626464,47.09874870939279,0.2216424307612502,0.2254907295336215,54.73822,1.8792484564011123,4.976090972563603
782,E782_processed,20.464401,23.444904,22.12235342802378,22.141624,0.4507061288730914,-1.645115296077212,1.347501579995835,9.727831593731654e-05,0.007919761815660967,0.4498760870166502,-4.381532270935396,4.878385102285872,0.176674137926913,0.1601049218422602,0.2143091840990039,-282.25241,231.5849,-10.05325227122135,-7.4297972,69.00869356738094,-271.4415794414929,240.5763078928461,0.05287747135663056,2.537164918086098,69.09855354757939,-202.64806,251.4337,-3.808305105470704,-7.4198956,62.03593993959704,-220.9200792536335,260.352787608187,-0.04451758186605322,-3.764992387161437,62.19533681878548,3797.0439,3952.3896,3862.051229462749,3861.325,13.1637668456343,-171.8898694259813,168.5452556711179,0.08336240348365177,-0.7587184961160744,45.93948693594601,-131.1932730919143,145.8138750526733,-0.03108646787304125,0.2713790011566708,38.37008255647148,-272.7127440417166,99.04062860217032,-90.23453815593342,-88.99523925348815,53.81066169370148,-78.82293952178372,322.5764951514176,100.7381122338239,101.1061534047506,46.86498188357704,0.2194257897188997,0.2211051832086712,2.739224,1.7393179829059828,5.083806818181818
783,E783_processed,-16.227909,72.24662,1.926864651432778,21.935717,7.347171256365716,-34.91447129585943,35.88185891182972,0.001450380433739434,1.485037763788493e-14,1.882375227129904,-4.535085154704389,4.999987515057218,0.01305800141930713,2.389515392687079e-11,0.08924827522058895,-216.19897,223.36139,-10.43466734204844,-9.060987449999999,66.43215453166029,-206.3466204705132,234.8833674818245,-0.08543537505801974,1.318923920554264,66.44680301822515,-177.66982,240.44351,-5.148066551606367,-7.13150455,58.69276433619404,-171.4480963981155,246.2482614738821,-0.03282282329936351,-1.965953078704306,58.72401110012957,3791.6873,3923.8203,3858.241248477778,3857.7539,12.50629818051896,-133.2460934616299,135.0349328009866,-0.0110250423804927,-1.156506999331381,43.31993945191761,-176.3022963772894,197.6565122023817,0.153790488187757,0.510302924167356,36.6704432871872,-225.6929281020288,140.0609213370036,-65.41682022015473,-65.54041414875132,51.29727251874753,-303.6569057615985,22.23611107716708,-133.4589810725892,-133.2541507611189,44.11686661337598,0.220148017922533,0.2271907440357277,54.29972099999999,1.8526892496765235,5.009390797738429
784,E784_processed,20.668446,24.003868,22.24908590088889,22.258503,0.3611157004508672,-1.600288142075154,1.734258358900775,0.0004309554722389148,0.01162757734386867,0.3607790421825915,-4.994216731593101,4.676448937950069,0.1821930550329911,0.1685300173018452,0.2405416099136572,-219.117,190.23889,-10.88459202733244,-10.176398,62.73064839997701,-284.9182069079947,201.5154858602981,-0.2260435547148495,0.5332802034136923,62.98779926864604,-176.94508,214.71043,-4.223340196472643,-6.58510185,57.52576974087845,-172.3601284728479,219.797354129585,0.09499781388157606,-2.275264841429502,57.55302387944385,3801.5078,3927.3916,3858.998186611111,3859.5393,11.98543352750216,-230.5179857885498,397.1965411888448,0.2786747095520407,-0.6503101460007246,43.29851592261038,-114.4445334240943,110.7306182908553,-0.1111852934028369,-0.1637268814782782,35.1179432941568,-530.0694517394161,280.1562284656999,-366.0469331774342,-366.0756135479803,49.10220939711515,-56.80323175266506,224.1403274778691,82.47949890448055,82.05445021487833,43.35147245635824,0.2227752787934811,0.2238902497739973,2.5849110000000017,1.388885905511811,4.705759162303664
785,E785_processed,-16.227907,72.185844,1.911146228753375,22.029002400000003,7.234487395214211,-34.41758178794505,36.20335239588239,-0.0005857948467549258,3.805556193440133e-14,1.938935755649823,-4.999999500920325,4.999999512152913,0.01390733223348134,1.08800414543504e-10,0.3608845363514686,-245.37921,240.33897,-9.972423105449748,-8.4215679,61.24137705970752,-232.8722431279601,251.2364711977238,0.1298334830767584,1.595097728310241,61.33248010286916,-209.3494,292.17776,-1.548129836430512,-4.2881889,57.45736178655591,-208.6179189995054,293.7105823789733,0.07545038132155515,-2.678127664524103,57.43720920369779,3793.4729,3942.5691,3863.264349702762,3863.1106,12.12219553602967,-157.9653877380139,129.9731430013647,-0.06782103166246485,0.006973945783540714,39.98732147007873,-136.0779399791165,127.4856273962393,-0.0650642208204046,0.480995463639541,35.11030523787112,-44.93928295241864,277.6192955248985,130.7019970448964,130.672863483851,47.19421230151413,-132.2618369938344,171.2308201438181,26.32719188444196,26.43923398446022,43.18530996279726,0.2283692413130837,0.2183396182861855,54.258915,1.7519886175557455,4.963875963532495
786,E786_processed,20.889576,23.828045,22.37006575816667,22.369904,0.3679336857944514,-1.51718157801713,1.447220158807716,0.0003853457298521935,0.008762096505534054,0.3667479457069199,-4.389301321348789,4.746723726361438,0.178251081001192,0.1661055303161256,0.2356530795910937,-242.99174,243.78757,-9.155411743862523,-8.09546895,61.7204698681069,-233.5700258175461,252.2742644122473,0.064007827853992,1.076277945520929,61.74176452171324,-199.3817,263.22803,-0.5857474051496889,-3.3327689,56.87952506758084,-198.4221930421309,265.7769731510416,-0.1285903686119154,-2.951449186651888,56.94172890583513,3814.8999,3927.3916,3865.587087305556,3864.896,11.76273816294842,-210.0680034356875,154.0139862708095,-0.1427654190695158,-0.3488153916441683,40.61578610259961,-124.6581055347219,154.4479000246522,0.08375846658898077,0.626588943835392,34.62018566551142,-20.23587010230878,331.9580439609896,145.3443587689889,145.2296947245071,47.58123660065585,-311.6949006068331,213.30916573337743,-164.9303120532047,-164.5799599440808,42.71339713745922,0.2244297747883126,0.2223209933539309,2.9384689999999978,1.4176070491803279,4.8616847826086955
787,E787_processed,-16.227905,72.213631,1.921028832994611,22.135907,7.262480357610196,-34.47427389982719,36.24890754474958,-0.0001659611963590297,2.725691076901618e-14,1.93340459520266,-4.99999996524788,4.99999997491922,0.01499624487270623,5.833335186984269e-10,0.5745651677008802,-220.44336,251.21524,-9.107775689862605,-7.3693647,59.77223201773732,-210.9653458342604,261.2699924774859,-0.07142517147182813,1.677980895669146,60.000471746984,-183.17516,221.14371,-0.4243919258098784,-1.9168116,54.08081989644264,-182.0936638624826,221.6033866003274,0.03757004088339896,-1.488289025983537,54.06821770477432,3803.2935,3913.9995,3865.318576732041,3864.896,10.86597137329047,-143.5629191764835,254.1546337676987,0.1574812173941198,-0.5840528174926707,38.92678170023203,-118.9522687588251,127.12244614606,0.006887183571122168,0.1962093971770216,31.49409186957495,-422.4203243465136,264.32231065416084,-256.7388907931413,-256.3077804212775,46.04203627259299,-121.5255371430966,175.7528992346793,42.07514122105618,42.63219979595204,39.78284458402022,0.2255608725761973,0.2272740276385158,53.864716,1.6388672087477432,4.925308965251974
788,E788_processed,21.309486,23.518867,22.49615248977778,22.502552,0.3606397462200482,-1.230754832710172,1.052570343471091,-0.000438216614460506,0.004182849848187044,0.3601703660046772,-4.44218782715116,4.970388303670696,0.1838443235596221,0.168475383960673,0.2448702845366791,-229.728,190.93433,-8.978574390800894,-6.65780375,57.53455149677858,-220.0083946685135,201.4987830691395,0.1258726711635414,2.379249993008254,57.63968229960579,-174.95473,193.76678,-0.2457722800632889,-2.03050125,51.16978409560301,-175.1966629240912,194.8041154724555,-0.01976121937281531,-1.869727808568198,51.16556722652502,3814.8999,3913.1067,3865.998301416667,3865.7888,10.40856364819952,-263.9583332076054,221.4525393328648,-0.187880263709645,-0.556309466878739,38.97617130805201,-95.17907452277953,106.533203541374,0.0210975970823072,0.2016771806020258,29.83900101478081,-231.78775565794388,393.8347746732001,218.6800307447004,219.0490384346784,44.85771929271377,-166.5030566127285,71.03863407098247,-43.80969599702442,-43.57164674420767,37.60972386970239,0.218856777456938,0.2267011738177319,2.1872870000000013,1.3962940634920633,4.711315789473684
789,E789_processed,-16.227905,71.617096,1.930448935703444,22.256164599999998,7.288077781459872,-34.24559089106743,35.44198983357682,0.0005741829832551756,1.635856730735922e-14,1.935298218460172,-3.252807078269695,4.996346890654809,0.01335142484814249,7.714188003414535e-11,0.07638368008941977,-208.77243,187.79968,-8.793982671692705,-7.2708163,55.1822407454116,-198.0368426500875,197.2274514914368,-0.03017714965873524,1.569197683810823,55.26244876819132,-165.07684,177.91901,1.280590639135583,-0.8814843,49.45510995494634,-166.9406912144763,176.277408713789,0.1119685006612275,-2.036325668951936,49.51944557071284,3816.7065,3918.4854,3868.100495011111,3867.8135,10.08061933486388,-125.8630992521375,116.3647669849919,-0.04315579038180581,-0.5633167875585059,35.26182963869731,-159.227564246239,99.69121120151733,-0.1281827884690062,0.1264308896035002,30.10116719796705,-77.17668388177626,210.0441626146277,65.85905877098888,65.41434558934708,42.32986096548387,-154.80094561317856,253.7374426620608,137.2870371731221,137.7300050472472,37.00178979429226,0.224975160949852,0.2222763034148905,53.31237,1.5482909476756643,4.886807095824307
790,E790_processed,21.486237,24.490993,22.618471178,22.635113,0.3377235330515923,-1.155688259216282,1.836620695082557,0.0004946591263176566,0.00634035970589121,0.3371079737444125,-4.889972523687899,4.761821535777314,0.186699535411371,0.1683732783056641,0.2493294174884866,-211.96036,164.00398,-8.27605694524003,-7.957672799999999,56.05143681157681,-202.8179239871857,172.3881786560022,0.04092263841835363,0.3606213909782765,56.08757526339523,-158.19411,207.21317,4.267472162447116,2.0982809,51.41765724435778,-162.7390732387971,202.7030697920111,0.02746654081214805,-2.264150206052703,51.48558065402072,3829.2888,3925.7612,3872.778598255556,3872.29,10.31313653067584,-103.5504510062284,143.3220246708613,0.0702251792432982,-0.1456664085876993,35.99897815214006,-170.6674439702001,146.0364845747538,-0.06332861732859216,0.2293241547200173,31.00088814650928,-177.9168524224388,80.66097875290673,-48.18867671627191,-48.07753872672534,43.16519234012564,-166.88835587276967,271.8334193596898,126.6502614965941,127.1912404087834,38.44246674151682,0.2177225708112329,0.2210782083867577,2.2093810000000005,1.2984364076923074,4.5887468030690535
791,E791_processed,-16.227905,71.50663,1.940185557331944,22.3815392,7.313674118401403,-34.29398193450906,35.3160304049956,0.0005127611591308676,1.10830769435135e-14,1.929688798826884,-2.704340976327634,4.999950665508054,0.01390081556538086,8.469039647815209e-11,0.0728573091811577,-194.99837,163.21948,-7.114249701171818,-4.7448444,53.95676773463381,-188.1926063574003,169.1422422515676,-0.01212276875791773,2.156730505699587,53.95116016092071,-142.88406,206.43326,7.754641672003851,5.5447769,46.87287453764677,-151.5108145305682,197.9006076339128,-0.06826995859785771,-2.172512396208988,46.9067572825589,3834.2068,3928.9021,3878.839512994444,3878.7659,9.672879044191703,-111.6561165685224,105.414318936991,-0.04535575814870547,-1.000444786621031,33.1614833483109,-96.6610230422258,148.2914183653437,0.09632462256627138,-0.06782290778101796,29.3762751201767,-201.354907529693,43.56012484277865,-84.15105443903329,-84.53979114835995,40.65652895881104,-245.1804771978307,182.3693792253072,-127.3440232295074,-127.212728288005,35.51534765741734,0.2272543875158826,0.2199784640180995,52.539089000000004,1.4481082817564985,4.790262671127383
792,E792_processed,21.442047,24.513088,22.75142927527778,22.767677,0.3087366901140767,-1.297791697018976,1.694730946639957,0.0002896243598152692,0.005230262111675991,0.3072246493508491,-4.233366974877584,4.896821763702433,0.1884039448445828,0.1741997993433124,0.2573092928247245,-228.17398,153.58685,-6.104187246079751,-4.7170932,51.04527667161052,-222.8942218025362,159.3800201007884,0.05784247663407771,1.219512959100501,51.06741426683563,-142.21169,192.39546,8.90146175085039,7.2227774,46.05078420231531,-149.8798758950778,185.1233796760125,-0.04960431773266205,-1.774183237258693,46.0708716961829,3836.926,3928.052,3882.172545922222,3881.6165,9.044704166047577,-169.9267624092633,108.1218666260154,-0.1205593206628433,-0.4191766117898525,32.48323091924241,-93.6837526656787,108.2418091021257,0.05150526558912638,0.1468451675269016,28.25091768738093,-28.90584093528811,247.6339242111519,100.3832368678237,100.5384182167336,38.74846306471179,-229.8737172461458,0.8526588359247982,-104.1636554411936,-103.4219364636107,34.5511623648772,0.2255078224844584,0.2255356222496596,2.2314749999999997,1.1898613282442745,4.536708860759494
793,E793_processed,-16.227905,71.595009,1.962313736999333,22.5067498,7.411039476180592,-34.41418378718542,35.1593908834564,-2.740419324376599e-05,-7.010411309096625e-15,1.900936171621591,-4.999902344080443,4.999910307286223,0.01555656980843675,7.517768254926216e-09,0.2029154604153978,-214.11301,157.05339,-6.579450005793483,-5.002314549999999,50.85407518999619,-207.1133720240658,164.0303373698538,-0.08671778244311465,1.487445607233826,50.88562137124669,-136.77051,179.33434,5.117919782342057,3.7015927,44.43164205246624,-140.4936116359755,173.2188277295826,0.04830968982053453,-1.439668292171891,44.50522000913506,3833.4043,3917.3391,3876.409892705557,3876.2646,9.201798923085192,-111.9534030725068,121.8576544144031,0.1083170838178639,-0.6918888191095562,32.17794851176137,-94.03175876843625,98.44600245768257,0.01722949406318888,-0.3949971848771359,27.58343979900366,-266.5112488008214,0.1814162563109033,-131.4184104530812,-131.3081075084575,38.6161708552165,-212.8012750411585,85.59244050586535,-47.72908672361045,-47.69928360919928,33.74618207091845,0.2256220376694227,0.2210777050366044,52.95887400000001,1.3382169508241568,4.6808430796429175
794,E794_processed,21.640892,24.247963,22.86772248838889,22.878147,0.3258348596598066,-1.223895728942233,1.305854304744737,-3.996799844401745e-05,0.003843057672038502,0.3247974335977298,-4.854482952697666,4.293229386068434,0.180518997197632,0.1659651361036021,0.2425547525109605,-205.62277,151.71065,-9.295860666286556,-7.97745085,52.16462822272273,-196.7940899063688,159.1557411070821,0.01020167452202583,1.350623092609247,52.15031326662464,-156.27953,184.09935,-0.7142006201325309,-2.6009698,46.00398666607252,-152.5916402153182,185.2917225047067,-0.04489363682440056,-1.884450160570335,45.99939466277546,3826.2605,3914.6621,3865.5372339,3865.55,9.645709034818589,-93.04584995302089,106.6415799619845,-0.0164598031042425,-0.4557303603059961,32.83524330620295,-99.54505460412055,90.34040387243175,-0.03216005185795135,0.02790729431915362,27.69284882857591,-103.726787751195,147.265723890632,25.73823550502776,24.90017259278642,39.5059597824865,-121.1522256990163,101.2161458737522,-8.034026107448609,-8.046721280952,34.21862924702324,0.2261124232881245,0.2294068559533964,2.143100999999998,1.2689454098360657,4.910109289617486
795,E795_processed,-16.227905,71.771759,1.966908644098889,22.6306786,7.426242551367007,-34.30020009873162,35.39616300581947,0.0001047276365169074,4.529605737753458e-14,1.904033918633341,-4.9999764836503,4.999980366592117,0.01607552272774859,1.784921632917892e-09,0.1604909451247463,-193.38576,155.42682,-11.53508249510893,-10.5456785,50.91792022616956,-182.0034424775742,166.7230387872794,0.0300141515634823,1.011402627064867,50.94971450550121,-146.38921,208.04512,-3.582515771256906,-4.5640211,48.94868192318646,-142.6945182289924,211.2742772589291,-0.02518641458579235,-1.094532257000584,48.92605543818238,3817.3328,3903.9617,3858.059209122222,3858.408,9.43430382558346,-113.9171558130197,131.6869981882172,-0.06349607286089136,-0.3429371227142823,32.29978818176475,-104.8136646991985,92.04331419364001,0.05310796773229154,0.4327512540486707,29.68805192149637,-35.85192466699731,226.7691706881422,102.8236789346893,102.8087773224611,38.61697966458311,-139.2369457241734,78.71250938771699,-27.38681628420284,-26.79883654701023,36.59785509853204,0.2288639393610571,0.2261460740157408,53.577499,1.3142288516890077,4.721713105105683
796,E796_processed,21.751362,23.938648,22.95786769127778,22.966522,0.3110707351302412,-1.225276656006762,1.007355956770251,8.544889401439443e-05,0.004059042943089609,0.3101276994436757,-4.985887727291816,4.88829168712637,0.1871852071752174,0.1719604725024217,0.2550876139030764,-198.98985,156.03882,-12.14442072591081,-10.8680915,50.44965181404894,-188.0592800985642,167.6796734459619,-0.02314437793696674,1.181589930780008,50.4161435836313,-155.0657,169.28694,-6.050265709545033,-7.761771449999999,45.08507124941821,-160.2409731906349,176.6751748786078,-0.1041704024021097,-1.799631207559187,45.17830625308982,3816.4395,3898.5903,3854.19598225,3853.9431,9.085771051391957,-118.7544234974707,111.9726186150423,0.04378539407737102,-0.09197382268898746,31.61831300321543,-119.1631487843191,216.4512901204502,0.1417876382651196,-0.04379497712654778,28.65272020181629,-168.728471462361,80.38066131890086,-32.83639574079461,-32.17543233178819,38.19157310002156,-302.1796606838878,129.84201874133396,-194.7058853090236,-194.7157500989826,34.0515141586218,0.2267290301496143,0.221117915779635,2.0547250000000012,1.1969744307692312,4.611282051282052
797,E797_processed,-16.227905,72.169441,1.958921311901217,22.7500022,7.373974549620987,-34.3669448364808,36.2161809091785,0.000612411258494458,7.475254274462731e-14,1.93197266552068,-4.99999999645105,4.999999967228939,0.01440621286034165,9.988920711597242e-11,0.4664901081197448,-160.50717,156.60307,-12.63228548246607,-11.038714,47.31611140170111,-146.4669207332614,168.8192520094115,0.0981478973422814,1.644775062610838,47.48305698693824,-150.47002,158.29149,-8.250492526120059,-9.1522713,43.91582605909472,-141.1811118528074,166.8950394707103,-0.009693381037870272,-0.895654832432367,44.00043892928992,3807.4436,3890.4219,3850.545984315796,3850.3716,8.504570870099633,-243.7545872205789,118.65196808763,-0.1473763291065598,-0.8358339133501893,31.66516362844616,-119.9608246721779,116.997953276576,-0.05955104340440783,-0.1784080711274134,26.9928642222319,-164.73256019967604,337.1080827027765,228.9310522150619,228.5633954127761,36.52963637560228,-28.87636881355478,188.9504424374026,76.76272972632829,77.31761438744947,33.11329345334364,0.2227797047499575,0.2260967439410219,53.06933600000001,1.2701023280067882,4.671632558840353
798,E798_processed,22.038582,23.872368,23.02800819677778,23.032803,0.2925065218309855,-1.046365485324294,0.8203950329092848,-0.0007611904616164898,0.003012451710587238,0.2927920419958095,-4.647876469173525,4.880278821247071,0.1910972148221635,0.1757293736259322,0.2524247223664274,-205.08748,149.97446,-13.09936356013097,-12.3044695,50.61667555348203,-191.8015033520953,163.4705969605322,-0.06628023390350485,0.6259882746244507,50.63739042220659,-151.59834,149.71591,-9.992645954015217,-10.673128,43.18018045877803,-148.713199864065,160.2347141205615,-0.1182208956939661,-0.7387704557573951,43.27835453068977,3808.2744,3878.8066,3848.202627772223,3847.604,8.33202837121532,-88.31254459662183,98.59759186831889,0.0928003828744181,-0.0455828828026843,30.77044680801174,-139.4798205896319,220.3677582014665,0.1579343405125677,0.007588140473381077,27.06121410740352,-188.4748772140199,39.98808937159236,-77.33768827752706,-77.04795628015184,37.76631788204379,-297.8325141961514,131.49171164167439,-153.4632322125035,-152.534652752927,32.3080885018561,0.2266543207740711,0.2260929239265106,1.6791309999999982,1.1201559230769231,4.59948717948718
799,E799_processed,-16.227905,71.572906,1.976290537552056,22.8560524,7.457320347076013,-35.14424563576561,35.56649528003275,0.0003253926675009432,7.922188884914695e-14,1.902075878765976,-4.916216664467777,4.99993938915949,0.01385806803354475,2.52165683785295e-10,0.08689149585671377,-179.58356,159.18045,-13.58182220362224,-12.5070775,46.99937486493272,-166.5182081559085,173.1532703418074,0.04704380787048183,1.054184466676063,47.03479217225674,-164.25835,172.04901,-11.9131075924023,-12.247095,44.54108888177597,-152.6987983478522,185.5515820899532,0.04101741698507983,-0.358998271789106,44.573430276634,3793.8013,3897.1204,3844.745239044445,3845.3584,8.441210569742555,-88.4776310615517,92.20779696648053,0.02189165381681901,-0.2352354544341515,27.59409621036209,-83.32488144221098,82.87381928337278,0.01142394413531219,-0.3432226457205427,26.22098445485537,-130.3112571400947,94.04769576963352,-19.54491194480196,-19.80908514397455,34.55488520845975,-109.865705510966,103.2797418093881,5.031209910218628,5.368233447883469,32.82229290604445,0.231074308720565,0.2316061536365153,60.09517,1.2148746999237603,4.6492668368430525
800,E800_processed,22.060677,24.071213,23.08141383338889,23.076992,0.2718867515501741,-1.054927785414143,0.995672945515389,-0.0002151779866245645,-0.002659231620535538,0.2707098594947555,-4.693619609343855,4.803365499889163,0.1938715976222315,0.1793958910512141,0.2852520396972871,-218.59576,140.90149,-14.08643597671186,-12.4394535,49.69240041996597,-204.5575991997502,155.0864244799649,0.05440508101988164,1.590255996490563,49.70082509897699,-165.8692,181.72772,-13.86190588280486,-14.847256,46.18215079751984,-152.6138388850038,196.3947945784703,0.005318557730869277,-0.8890746553959543,46.18954067831529,3796.2546,3897.292,3841.793324911111,3841.7495,8.516058520810676,-86.84073285847954,95.8676973020663,-0.04324313795443742,-0.5579208767503587,27.90794561589327,-123.6191018586925,86.83401411970493,-0.0772712358730175,-0.3735686909927308,27.11660251996573,-122.2983549767294,102.1437314920112,-13.05858978668006,-12.6047732130878,35.88864629112022,-45.21802654228071,175.8775021362022,71.45089665863047,72.11680290192915,33.87603994923362,0.2333189632676335,0.2277571448027619,1.9442520000000023,1.0253391197183097,4.189719626168224
801,E801_processed,-16.227905,71.440346,1.979941539576889,22.9444282,7.465798739015331,-35.14204564581511,35.43924384542352,-8.585365972685011e-05,1.530763457939299e-14,1.900699427761933,-4.998919941983662,3.930821462111635,0.01276005609302345,5.144497721972193e-10,0.0796918239560026,-222.0352,155.77266,-14.62765465767392,-13.0511525,46.99830829812745,-208.755947691884,170.6544703773428,-0.04077939644722092,1.528818406088666,47.0435186138306,-152.9657,211.22935,-15.21885309269402,-15.239618,44.06838664523566,-137.7060281108308,227.2463987352473,-0.01225735475679499,-0.110399063839615,44.0606523696093,3800.6191,3881.9253,3839.357405377778,3839.9009,7.978350765766628,-90.58912130550888,122.3246163207414,0.01699162802858858,-0.4239490271604129,26.33928853864353,-92.21257640576417,89.45666289541717,0.03759024934422543,-0.2614571759331952,25.22452148267171,-267.221179828357,0.340145698912464,-143.7742086075328,-143.8979400897282,33.61040390042086,-112.5087569569444,118.4657676992559,12.97285656741999,13.64445838423987,31.8555526575107,0.2461301146949305,0.2311693318853241,60.603331000000004,1.160255242328961,4.5694614014628865
802,E802_processed,22.171143,24.115398,23.12127475538889,23.121178,0.2762446411871174,-0.9471042541063772,0.9960853602477145,8.295191686731631e-05,-0.003122652192912436,0.2752388694070524,-4.825115608616381,4.818833561239494,0.1964390813322534,0.1759164191736197,0.2897851891552289,-191.43205,161.05615,-15.15017398478104,-14.058356,48.10058994618923,-176.847093538297,176.4164030872331,0.07240373352189525,0.963881240487412,48.23769899068834,-165.05786,167.66502,-16.17152700433911,-16.521468,43.52687288588903,-149.1743366044116,185.1324621593699,0.07712844401338899,-0.3588083602994785,43.58272681996714,3800.615,3875.6096,3837.824028522221,3838.1123,8.283936561677178,-201.0066494054161,133.9656496201854,-0.1201698626042366,-0.2349042077878458,28.38249772960396,-91.74391209524418,81.09457544404688,-0.05491201028857023,-0.260097801443246,24.82348597746672,-145.78110475287374,319.2660089083893,202.9695266774035,202.8973774501557,34.99515375705887,-68.94366205491221,154.7851255785097,49.12222581845539,49.7210635531619,31.59595416646003,0.2422083332609635,0.2344120413319709,1.7454110000000007,1.055257438848921,4.288516746411483
803,E803_processed,-16.227905,71.219406,1.986291548556753,23.015128400000002,7.496814441568925,-35.19691706930166,35.15680037133244,-9.237266521918322e-05,5.429336103590212e-15,1.888611856979351,-4.999999991423037,4.999999990423268,0.01284258655133121,1.74785191471047e-09,0.7759829828403708,-189.93823,128.97144,-15.54705181673173,-13.865805,47.06752600992064,-173.9242635871221,144.111937755303,-0.1160159184359787,1.625506069190327,47.10453808509619,-162.06726,172.38319,-16.94407389584924,-17.114038,44.4789557422087,-145.1708616541527,190.283508483337,0.03478718588625378,-0.2140886117883465,44.47442725511087,3776.5098,3879.1809,3836.523011895105,3836.3269,8.086947055674361,-75.30585238039082,127.4553249468786,0.1038697262044861,-0.762141894173995,26.33083169405508,-79.07150771897453,86.90254130539424,-0.05967766748588441,-0.2696363623092104,25.85056683361407,-214.140871443962,134.74907260973015,-106.4413758663436,-106.1133544027456,33.67806335101276,-84.35338246058932,119.838434456477,21.688657864107,21.38420287183882,32.45452073061637,0.2444272511062854,0.2311150616889867,61.31033120000001,1.1333344644498902,4.519822978593285
804,E804_processed,22.126957,23.960743,23.08073875472222,23.076992,0.2694823533184792,-0.9481805417877043,0.8853706028121632,-0.0002869758310183047,0.006513973236910432,0.2679087160270344,-4.908671796897685,4.898596868743639,0.1955783391569934,0.1771314066501284,0.2706655075747146,-175.14897,136.23586,-15.78005674296711,-13.7223995,46.32481876668879,-159.3436410087734,152.1084532422252,0.1250586400886959,2.106044501306238,46.42354461168475,-211.4938,181.78712,-17.41897598597641,-18.598469,45.01969687527887,-193.2742826993122,199.3227222324875,-0.08580293152371966,-1.30545454093331,45.09038653967492,3796.1511,3888.1086,3835.887534894445,3836.3269,8.443363252238871,-91.76202339875395,79.79980211800238,-0.06015061412842868,-0.2959312639526088,26.0782953600927,-96.78840934825158,87.34933016595122,0.02822254345402279,0.2082662399289683,26.1942320254273,-21.62113298854179,223.6738890808776,102.6467605892876,102.6976795008355,33.44971933416572,-159.8871179995613,78.81101672446465,-34.93538057335024,-34.89582236987892,33.16069230996933,0.2331258947629646,0.232736329257548,1.7233160000000005,1.0240642835820895,4.437220843672456
805,E805_processed,-16.227905,71.131035,1.976555051688444,23.0548974,7.477245619195635,-35.21172749683853,35.04453778334729,0.0002399034904679489,3.335900717997457e-14,1.892257197105329,-4.997685674999738,4.627713057598744,0.01335725298103275,2.410945263340851e-10,0.08787703653503168,-207.17964,131.94838,-15.95423963080019,-14.6483265,44.65959400379723,-190.5251602329064,147.9368401639723,-0.008533761964056112,1.21999077770469,44.61849792738111,-160.84767,148.72899,-17.54859672282967,-17.8338825,43.14835880250443,-143.2104923662927,166.2656210842844,0.03175432204050135,-0.3676616360129898,43.15650484592879,3789.9016,3870.2527,3835.322696866666,3835.4341,7.66984226094118,-122.4562356474609,102.2979853368557,-0.07922924350548695,-0.2707528874876308,24.94820888476318,-90.19170681582015,92.78085933432314,0.04968492986915197,-0.1416783818408898,24.4252951840182,-73.57972925839114,135.9293579789122,25.10020018044833,25.17085079991765,31.85140236973887,-112.6744136207837,101.4929218041749,-0.9947969764750221,-0.287281327233082,31.03130318761634,0.2379203873966114,0.2361710243211947,61.5754606,1.084358239199095,4.425245289404279
806,E806_processed,22.147987,23.981441,22.96900776916667,22.966347,0.2410035101149557,-0.8199739935474444,1.002035014584055,-0.0007281363804398169,0.001261404151219904,0.2397813155404487,-4.854157340649021,4.727108472850631,0.2050431404932471,0.1838507705525262,0.3008192269030055,-200.81305,138.54854,-15.94255755059389,-14.754804,45.47915280497139,-185.0613826091005,154.6949921460126,0.09824758821428853,1.261154873243199,45.5552904518493,-144.48982,125.80346,-17.71172865662351,-18.01853,41.10958727358878,-126.0763993299511,143.7717058062499,0.07043858120829792,-0.2204279406384235,41.14455247520029,3797.9368,3879.1809,3835.332271933334,3835.4341,7.332067616216097,-174.3899622497867,118.2338742615502,-0.1028092683129469,-0.2043569077454133,24.67528305446142,-138.0724353790455,88.5815286967585,-0.09823135978700585,-0.2134286524610847,23.13804010725345,-148.2969842890571,284.5553138166043,171.81121823478,172.1162212639185,31.84147368095012,-24.57661729560373,189.3416584727298,70.50697624211536,71.08060984112808,29.32390039368481,0.2427616798501118,0.2378088076816846,1.7232580000000013,0.8982599315068495,4.071363636363636
807,E807_processed,-16.227909,71.014374,1.9701187699123,23.0548624,7.453425309038698,-35.20535437336962,34.94385758304177,0.0004701982289540639,7.08516867073756e-14,1.892353479277558,-2.791012889209142,4.999645753731955,0.01442214786585549,1.072907112547027e-10,0.08325796503375803,-195.38234,127.77249,-15.84679823407773,-14.230664,44.11150447977057,-179.0944831070309,143.4216857249781,0.03318640540827623,1.765904788241446,44.11885146387421,-161.51752,159.26086,-17.79799190663611,-18.2372675,41.84813854634173,-143.6226644491424,177.5672636720391,-0.006882483973460665,-0.510436149832044,41.84817669996674,3802.4006,3872.9314,3835.205941438889,3835.4341,7.27662842565254,-76.38058635092946,75.31463293383942,-0.02519355945302953,-0.6049083812993317,23.5270467333787,-77.89654135244788,75.7686862845434,-0.02736946919343232,-0.2428582508260542,23.42460782654296,-65.72097624856086,136.3662914911619,33.29806301634797,33.26765295833815,30.89008559611129,-96.11613386189268,105.8621386620165,13.45821636113503,14.16162325703062,30.016470731333,0.2393239370435232,0.2354536601077788,61.814106200000005,1.0246153393466186,4.317261606420596
808,E808_processed,22.060444,23.717472,22.84331254216666,22.833839,0.2428930889217241,-0.8121227891284328,0.8975576810631956,0.0004518156941528812,-0.004114322823053171,0.2415870131734144,-4.156559542572279,4.893661852757389,0.1988794867737801,0.1780438422696055,0.2843268501875537,-167.05611,106.41811,-15.81783208150192,-14.386081,44.637267589438,-151.5420367632005,122.3737128697296,-0.06587209643957648,1.420961205540829,44.69522646312104,-144.90717,142.13908,-17.86183246553909,-18.223756,42.26224756671714,-126.9819926787546,188.2089665723517,0.08656304563504003,-0.3754688222074412,42.44092980868712,3803.2935,3872.0386,3835.408208344445,3835.4341,7.238995019192816,-71.88247593785775,68.97641473791705,0.01183496623571479,-0.4229151698198947,23.71239174767076,-112.6042857805543,81.76284642345053,-0.02332034283490872,-0.1602972480884229,24.109161785372,-117.263883888852,69.24613681365022,-22.54914277857553,-22.79320128345639,31.44842109755213,-160.0874307178428,153.526112685556,-11.41163517256606,-10.9484161044258,31.11626497538609,0.2416403289764424,0.2355279661253004,1.6570280000000004,0.922193422222222,4.4312807881773395
809,E809_processed,-16.227907,70.931946,1.960873579158333,23.0150696,7.425695966021288,-35.21897439270153,34.84406852160758,0.0002544620082122912,-1.901220565858303e-14,1.892703306983889,-3.945660427920832,4.999731941535952,0.01441265896514995,2.227292968133856e-10,0.09666762130795238,-175.10678,128.59073,-15.65384745402774,-14.28563,43.57841618075001,-159.3364567998177,143.8860823968343,-0.02488194385549842,1.460357355498975,43.69421204820045,-154.33424,192.87712,-17.9444791765667,-18.0147,40.44220852949869,-133.1782381996158,211.1800282407144,0.003418808306266631,-0.1906678713705565,40.45079356698951,3806.8645,3877.3953,3835.245571761111,3835.4341,6.992413464837346,-106.7681273604948,174.4826030363688,0.09480508785875233,-0.4640422722897792,24.18362015338233,-106.6009077583041,78.34728945358356,-0.08127998049019135,-0.0105842505856617,23.3017111335024,-246.3166180397303,151.72984122779474,-147.2550463150723,-147.3873964102202,31.01145542239366,-58.54426644843257,175.633699130612,65.65107538176183,65.76863904700899,29.31923810243322,0.2377505421970616,0.2332675256955542,62.0613501,0.9850228391756783,4.283620328158628
810,E810_processed,21.928055,23.408398,22.69247864372223,22.679302,0.232900251197093,-0.8151494593294362,0.7494603684359022,0.0003475346385812143,-0.0009143013547621894,0.2302336527895197,-4.543116227819773,4.92053240731745,0.187193086151533,0.1742233533989946,0.2845395512854771,-188.13202,111.672,-15.79067055176422,-14.1537385,41.18138844391697,-172.6081082580434,127.4083912198945,-0.01739880997050599,1.609905235156248,41.17863576044135,-156.48906,125.66424,-17.95098197754588,-18.0936835,38.16576792834079,-137.4642600830001,144.1038833615718,0.02329932576880669,-0.3293012697216957,38.16321119496467,3802.4006,3860.4321,3835.177178616666,3835.4341,6.471394694256427,-68.46954768030153,80.27883687436568,-0.02936869522192789,-0.4883353264548909,21.7416706544412,-70.20414307551543,85.7391097412449,0.007812498848702786,-0.4840340207461008,21.93639481968531,-107.4363863982951,106.470966984742,3.165741329578195,3.168557030488278,28.7880699818768,-116.6444227783867,80.09365097732679,-12.37354501371832,-11.74128306734342,27.70846054132302,0.2384557580236318,0.2343830308209024,1.3919099999999993,0.8712712900763359,4.56243654822335
811,E811_processed,-16.227907,70.798653,1.955857786056611,22.9355316,7.427382028095811,-35.24915304753439,34.63929041976309,0.0001081899713968207,3.464828837422397e-14,1.877616145356175,-4.999413783636699,4.444818683220099,0.01498617436433626,7.173691608745918e-10,0.09288329800293268,-148.32434,122.01751,-15.83965600939061,-14.9023425,41.44631143431626,-131.988444819228,137.7833976418503,-0.0560644828327944,0.884840737026805,41.48683141682697,-141.17046,122.49332,-18.15140901927666,-18.910409,37.98861933128924,-123.1699019156807,141.2888349307221,-0.01244082941542055,-0.856970922783173,38.04629140933776,3805.0789,3863.1106,3834.646762261111,3834.5413,6.3769505973028,-66.89243377676553,76.6380920790206,0.05956624195814753,-0.3956614959319397,22.34160872367762,-72.09670808913184,103.2613109332843,0.04066292607163969,0.08925481432790017,22.09115966529507,-119.581612527195,73.1153327330834,-21.34879678736744,-21.27977108539039,29.41904131873957,-174.8883929296693,127.78505261911232,-84.63563199559054,-84.31386883877641,27.73657808389617,0.236098538143024,0.2321914376836635,62.2596725,0.9542092732472834,4.358163712569653
812,E812_processed,21.684402,23.143051,22.49673305816667,22.502335,0.2208196758973292,-0.7553377571608421,0.6623611384422403,-0.0003349787708645628,0.001376954221952735,0.2166435615329332,-4.579385655796862,4.98691900771732,0.1916452960839024,0.1763885233752974,0.2667152967529232,-150.37317,115.451,-15.85599835993363,-14.7114275,42.30055560588163,-134.3334876694716,131.1946064450395,0.01059615247141361,1.083044708242038,42.31312610243975,-151.13945,125.58302,-18.35316841172935,-18.195052,37.68633849227732,-132.2921945237543,144.1608452439155,-0.04758786119936394,0.1786830623462894,37.73815374736461,3807.7576,3864.0032,3834.500592911111,3834.5413,6.233062978775042,-66.8015524306834,96.31707798281116,0.04705635400531227,-0.3634148392086445,22.94874790250631,-74.44355017300562,76.50582970395777,-0.005148646038123268,-0.4845197875915925,21.54398048444623,-146.8783791645247,48.33116170531461,-46.36656392125559,-46.27375843979714,30.02772832025883,-84.54064323125016,123.486962900129,19.1531870882255,19.70349632730695,27.50082260045679,0.2338432098181288,0.2282980375594747,1.2372520000000016,0.8172828257575757,4.512060301507538
813,E813_processed,-16.227907,70.688095,1.9255183324945,22.811763,7.311422431204493,-35.17322562761107,34.66190344255045,0.0001046366184767193,5.474910173717443e-14,1.908482009205988,-4.999378904233081,4.463030592403413,0.0155292001184746,8.186719478489923e-10,0.1007640797156866,-146.51112,106.24663,-15.89801747678393,-15.3414155,38.2477550237984,-130.8057342571047,122.3352493360122,-0.06192104550920385,0.3317546880607479,38.27724004208626,-140.36223,105.12929,-18.32257080748144,-18.0156995,36.29826053396943,-121.7711520433733,123.7944992628199,0.02620205480651591,0.3429268947941408,36.29457869746338,3810.4358,3855.9683,3834.286523127778,3834.5413,5.939152031772402,-70.05368027739188,63.33130916731844,0.01934547187553303,-0.08544797919888492,21.29444757650979,-86.09258787998182,83.62432574028956,0.0355033512176243,-0.337504805652177,21.58939925300486,-124.6004557112296,60.67895402913678,-41.98538172042396,-42.1775671191371,27.67962231065438,-109.6091405219828,67.37643777375496,-12.81089292463209,-12.28380674296586,26.98270857213479,0.2302141202453263,0.2265012394147246,62.4584483,0.9066143506290144,4.402872423588864
814,E814_processed,21.530407,23.010403,22.27641942472222,22.281311,0.1953631477414196,-0.6976185572880793,0.7423059962440273,-0.0004237048536893245,-0.002401326794463893,0.1914215776853835,-4.979296983728084,4.958710582581677,0.1949983069863542,0.1778486659583422,0.2917994007929474,-166.62395,129.20338,-15.81951502673419,-15.426713,38.97681485413622,-150.1430680174502,145.1729064955752,0.007189547978870425,0.3945879214442046,39.04130806919957,-143.99376,101.37075,-18.50265975648742,-18.741086,36.12384112726723,-124.8317464368269,120.1253373039389,-0.01406286227187544,-0.2852486986637721,36.14986101159054,3810.4358,3857.7539,3834.280373905555,3834.5413,5.920295495882815,-94.58979140739571,102.4773490994043,0.05508630709310985,-0.1800515348227749,21.96613269653439,-71.57958434242741,75.46494746831459,0.03752084483911811,-0.0721099145067452,21.76601133656974,-206.3134521259352,46.99282146908127,-54.35072504499831,-54.31825185821523,28.34394219674919,-156.4388943915067,1.575968310842582,-74.7872092013032,-74.22758732574553,27.02973013218732,0.2321779077197578,0.2211002839482821,1.347721,0.7230097608695654,4.331400966183574
815,E815_processed,-16.227907,70.511002,1.918172708520722,22.6526268,7.307023079212134,-35.23333968891674,34.37918845786378,0.0001736686765438981,-5.399593263788976e-17,1.893865741432843,-2.762344335385849,4.999493788774564,0.01441580670679336,4.366152380324441e-10,0.08680752052742514,-146.35933,106.59872,-15.6435403281245,-14.9103575,38.19406417671699,-130.8550236724887,122.2510672327668,0.07459337052967124,0.7527129829771346,38.28665351194441,-151.00632,121.04156,-18.62942695138739,-19.1724615,33.87650075117742,-131.6606689227244,140.3826127068288,0.01600869162380044,-0.5543098147694041,33.90139043867898,3809.5432,3857.7539,3834.090011427777,3834.5413,5.7106916247553,-179.0938981802308,105.5982484289584,-0.1224111207938349,-0.1406089997086244,22.84658445140776,-74.9736976353279,74.2073525353485,-0.03102304195354028,-0.3505154721822589,21.40085797534601,-134.1879437069682,252.848202938203,169.4411127261664,169.3512060046537,28.24164174028517,-125.453099211391,53.33193115195316,-22.32235708473882,-21.79331371466417,25.98604214943936,0.2288704259684376,0.2172316159457632,62.67913480000001,0.8464034460865097,4.3817084480910875
816,E816_processed,21.394505,24.574821,22.07899932944444,22.079662,0.1987206888068075,-0.6826726851117986,2.435150221904354,-0.000178430386172834,-0.001278985954516861,0.1961378912649112,-4.787739086594543,4.93669090278151,0.1911020625310921,0.1734259100675625,0.2931409933207998,-133.02937,117.33818,-15.60227759696873,-15.6147355,35.06037115737522,-117.4258130965735,133.315064734262,0.07289006852593476,0.07593025042765422,35.14006730077352,-128.21313,89.918503,-18.52446577078583,-19.158327,32.58415920961183,-109.7432401400108,108.4243553267416,0.07836167415131404,-0.6231290802776763,32.62746277313573,3813.1143,3853.2898,3834.178055222222,3834.5413,5.306812958019543,-78.66743404815935,81.28446699565471,-0.04008486532832307,-0.06499085587351905,20.02656020875305,-119.0029820414248,80.79110517638277,-0.1033473637685954,-0.2102796465462093,21.52968835095896,-67.3084606058179,130.3952452077923,42.18812323682033,42.18713321607663,25.76033819772367,-110.68990413879585,174.2881816086787,96.97437227382218,97.81575731997027,25.33225923600851,0.2293791116686786,0.2199859705126729,2.8718749999999993,0.7704211567164182,4.460696517412935
817,E817_processed,-16.227907,70.398247,1.905252168689333,22.4752898,7.271234488420659,-35.24401073850328,34.24689146631421,0.0004213540345877597,3.25826013664395e-14,1.894203816659996,-1.222186219711678,4.999895098286796,0.01489418357800802,1.281155697290673e-10,0.08112735105791888,-158.98531,101.38039,-15.45489431120073,-15.1544685,36.23424385720391,-143.267728052164,116.8047050736184,-0.006396680272177125,0.3071834287189721,36.29665767798038,-156.72566,119.88223,-18.5282944662407,-18.7755515,33.50554297647703,-137.872963723339,138.6740616043715,-0.003931023639881216,-0.3354900357099402,33.50179565607382,3805.9717,3859.5393,3834.065362616666,3834.5413,5.627470304406054,-126.8113037315427,91.20608142275626,-0.07661673274966592,-0.2583290018131393,21.21437798949738,-68.5464396993757,78.24868686244321,-0.01445970726290409,0.334759141654799,21.20311244702307,-16.59438570726945,157.3716147431803,65.73289787002597,65.44488980624655,26.69606125429641,-119.4192907030674,56.8518544542276,-28.44158040120288,-27.8338970237761,25.71505210154371,0.2360619454260203,0.2205412091250907,62.8321307,0.8208356911284234,4.459575024300948
818,E818_processed,21.264881,23.694923,21.92289189783333,21.927074,0.1900533891102155,-0.6843725898181088,1.711915847047159,-0.0002774252753441254,0.002177915728613493,0.1873843747834773,-4.903094018886675,4.864661546964085,0.1983302700653853,0.1808620332338494,0.3069150164456451,-146.51486,112.76678,-15.40218904474768,-15.02459,36.08877319415922,-131.0204687178663,127.9787039002662,-0.04297027146612813,0.2803102488437059,36.09926201209677,-144.31479,92.770317,-18.57841520593732,-19.1629915,33.49749049407851,-125.340498002815,111.5480136864609,-0.03525669378413887,-0.7060995195130457,33.50833982754659,3813.1143,3855.9683,3834.165004772223,3834.5413,5.781155117470741,-71.78039476788933,89.21634461262491,0.07238470136584549,-0.03403569002775919,21.26888206019545,-70.52029869345627,73.12099072877808,0.03238009480413887,0.03072693770683709,21.82048393338523,-148.9541214235567,30.92717988116053,-60.0342432127209,-60.04950844300838,26.72828064647733,-121.3027314050796,50.02152502449236,-33.82991040938339,-33.49393322656971,26.16677243788974,0.23064923366348,0.2127877119712359,2.1651570000000007,0.7268625323741008,4.309112709832134
819,E819_processed,-16.227909,70.26136,1.895822023236822,22.2939368,7.247033377715105,-35.2357943015576,34.11067125587259,1.413435835115346e-05,2.142466675391685e-15,1.894431849011952,-4.999937655856241,4.999942671812951,0.01719897204551448,3.226784397153554e-08,0.221048242744716,-143.74603,139.88976,-15.41004071183322,-15.0547315,38.34822546586881,-128.3571625448114,154.7976978016389,-0.01420020969363488,0.3408778948574122,38.349174608118,-139.79852,102.95598,-18.51746832561999,-18.943734,34.54311686546736,-120.7699757173938,121.6336473760486,-0.0598388079361205,-0.4846507284547319,34.58972273689457,3813.1143,3857.7539,3834.05216805,3834.5413,5.758666985629096,-64.94296432570769,66.0975662533165,0.009936427787675737,-0.0002890176213785622,21.31264066456372,-84.87808367267719,145.1153486613513,0.09069995576922112,0.1710718280587032,22.32424730596018,-92.88424884639588,76.84820947528965,-6.804946699684631,-6.840442130723178,27.76082777356023,-199.0978272316959,86.96224570355747,-105.475624421231,-105.0508457330089,26.55043802897006,0.2317281501594717,0.2221944501871871,63.027809,0.7817695131587992,4.435141408631907
820,E820_processed,21.063152,22.435032,21.81586990977778,21.815731,0.1913111721189186,-0.7264307949434317,0.6145009223564392,-0.0002037629164623702,0.004019785501672049,0.1895570328289239,-4.95091996468579,4.964622344021655,0.1975025697759818,0.1827247547418086,0.3364555618698438,-145.10764,134.73521,-15.45725797759391,-14.598224,36.12614618660974,-129.3302235935627,150.7072162096586,0.02181265764442384,0.8221276479034101,36.20442490376912,-129.58809,112.22726,-18.48583320178028,-18.867937,32.79335941979271,-110.8494219215566,131.5145569261025,-0.07480831443559299,-0.4514197085254779,32.8642434462671,3809.5432,3857.7539,3834.187972961111,3834.5413,5.5058243907119,-88.68351046449577,82.96826903278648,0.036548185510535,-0.5047661527376048,21.34355962200632,-73.90743257994933,70.45366736973139,0.05925749591107289,0.1013726690383163,20.89619952772071,-160.4496198840001,46.15821061286978,-48.14608650866771,-48.43862214262502,26.87922113795206,-146.0728641038338,27.80215007360309,-56.21527386172606,-55.69617563663368,25.30814820443523,0.2266416064389826,0.2227409338619756,1.2592730000000003,0.7223728309859158,4.209624413145541
821,E821_processed,-16.227907,70.112587,1.889059280513555,22.1212226,7.228599319211464,-35.23295676214216,33.95647591294509,2.004066181726068e-06,3.71241920525599e-14,1.896054937448246,-4.999999999829392,4.999999999339412,0.01730181825394921,9.350939424821025e-05,3.81136149062763,-143.08284,116.72687,-15.24526357579875,-14.5644715,33.71014918441097,-127.3817307648679,131.8952652370249,0.1034774972440758,0.7298159312574796,33.81132974522688,-134.26234,99.619934,-18.29395499924098,-18.75064,32.71747513626568,-114.5508970788323,117.9933681887915,-0.07386139099083734,-0.4963674680200625,32.77523195322474,3813.1143,3856.8611,3834.19873575,3834.5413,5.618877414423619,-140.2995465914663,75.45691468270506,-0.1246044471845198,-0.2531741550537703,20.7974499017188,-82.0737088706222,150.3971073786896,0.1092457261097818,0.03670446332710564,22.05038741267973,-17.21884079341564,184.4364858911719,91.89679023891928,91.67315421010495,25.3650510233948,-197.2701574175387,69.34187641221018,-111.1897455639035,-110.8188409024133,25.66225815037869,0.226669173323353,0.214953928713215,63.1646538,0.7519898213407151,4.3645789816163445
822,E822_processed,21.129658,22.346504,21.75343058022222,21.749992,0.1862909713920106,-0.6296374778193916,0.6099848298617411,0.0003757361490495368,0.0009521486768064372,0.1847085393492517,-4.913454153267415,4.853624809554391,0.1905713816102399,0.1778028538209728,0.3252704248716302,-139.67879,113.64194,-15.26893700954566,-14.440281,34.98410430406098,-124.478915329049,129.2929121558233,0.0486241026164949,0.8304385321739821,35.02098500884441,-135.22754,121.3608,-18.26509912481203,-18.5098905,34.77957339653612,-116.6735287762016,140.1547375407752,-0.0178565351850385,-0.3466043391584841,34.78339326086647,3814.8999,3857.7539,3834.434781272223,3834.5413,5.502892883984567,-78.77444641501472,64.77173829061702,-0.06699157410821444,-0.6185690888727218,20.3670448272351,-78.31129734440206,84.20189260628945,0.02162682072030653,-0.2758647749982674,21.80985802351065,-71.1802705926556,99.159930880286,13.90504617574151,13.8534061579309,25.84482417812686,-110.4285492091714,80.8491519501779,-3.830013665852572,-3.197215651915184,26.60500187677323,0.2255475089079401,0.2144220136949867,1.1045990000000003,0.6872828918918917,4.044369369369369
823,E823_processed,-16.227909,69.97361,1.886659691389627,21.970754,7.221872635407169,-35.22705404695503,33.80834806295339,0.0003128397148990312,-1.681561041885984e-14,1.899913155293573,-4.999873382233383,3.857260159769609,0.01331254753127567,1.149353511290825e-10,0.08770938162713006,-155.36751,114.54431,-15.06546255015698,-14.1874685,36.8576818689775,-140.1093938308592,129.7201366658496,0.04387144657568876,0.9201891405956157,36.87175264532613,-150.1684,97.469795,-18.08577173102597,-18.092273,34.46500262913995,-132.0454864265829,115.3513094964011,-0.008347580223680887,-0.1119931427801054,34.46455936140023,3805.9717,3856.8611,3834.47460575,3834.5413,5.825822865685118,-78.61535108542873,81.10612750900285,-0.06849012760973822,-0.002312264452501545,21.62705098643742,-77.15989119904835,84.71822347510059,0.009596702292919064,-0.05928475560991942,22.22905791862552,-4.294629362519643,161.8632467507907,75.14870999317341,75.08235360229304,27.25141080345262,-112.3734330813149,78.29188628660079,-18.69076992628135,-17.83146955516139,26.7601274220828,0.231645693567728,0.2172274874502998,63.292503399999994,0.7259898345675784,4.271040795188711
824,E824_processed,21.082943,22.324284,21.73953177572222,21.74688,0.1896077678422936,-0.646722561048412,0.6047587116638891,-0.0001482142857370317,0.001753044838464976,0.1877784752035853,-4.820589532952505,4.919457564485826,0.2028347130801312,0.1859009270040932,0.3305476925500514,-145.2926,108.19082,-15.04489812909341,-14.745492,35.09073065862721,-130.0711015392268,123.3292535115242,-0.005888819938860685,0.3124489863437536,35.10547305547977,-145.65863,112.41285,-18.16820624102882,-18.686375,35.5603074807465,-127.014900086473,130.7221456906135,-0.01207689720774487,-0.5446962203808919,35.56237140812691,3809.5432,3859.5393,3834.86003855,3834.5413,6.197819833168487,-68.4726267300079,63.79659975881526,-0.008406400523641824,0.1427958181773823,20.66336652379583,-79.62527556465625,77.90926159500333,-0.0002498651682844771,0.2076926526730469,23.68554712904909,-60.77742168854088,100.839026621823,22.71164936468331,22.61738194727621,26.09510858936288,-93.41367398691155,89.95820531929647,0.377971944308753,1.054880766528796,28.08086750622464,0.2294175059644869,0.2106482283196691,1.1046370000000003,0.7121457432432434,4.029820627802691
825,E825_processed,-16.227909,70.388039,1.887605717145694,21.8638678,7.22595677489262,-35.24813100253913,34.23927685870314,0.0003134660392714165,-2.573373873132253e-14,1.897273992289434,-2.45137940617336,4.999748871003187,0.01626401670259079,1.751821246952937e-10,0.09941526634718417,-152.28297,118.6403,-14.9656006814239,-14.333893,38.72679799197068,-137.4517306893284,132.9998711186088,-0.06930340269888026,0.6360332166532925,38.79014567034178,-142.69962,104.61906,-17.85169050393501,-18.196426,35.66589763462338,-124.8216445178723,122.8389016225539,0.01313985983324916,-0.3463040141380334,35.6633384129422,3811.3286,3860.4321,3835.376272211111,3835.4341,6.060678348610552,-72.99711851115643,77.61975139576738,0.06523033833776773,-0.2278930106324495,22.58075554361193,-72.26639043847402,88.10610862352546,0.03829962230895625,0.27377902936883,22.40661249259872,-137.7142533901722,77.63386002648295,-39.12119510844032,-38.68363765389493,28.72913757777912,-98.59026594839784,82.60844074800464,-2.665927249273405,-1.664930014205953,27.28514291689595,0.2266447878318114,0.2198847224541517,62.89099920000001,0.723817031042314,4.210724727512535
826,E826_processed,21.106804,22.388828,21.78689225483333,21.791542,0.1903987731592078,-0.6728624826192396,0.5907806694887793,-0.0004346903826522817,0.004129435562462667,0.1882196775295111,-4.333251680828513,4.862150418635842,0.2111331862784941,0.1867556435998008,0.3523471732360562,-151.86191,105.71822,-14.71956784837838,-14.1460795,34.89969186950077,-137.0023252055757,120.6541287171369,-0.01924483429527665,0.623287430649717,34.88707170999412,-141.35715,106.55562,-16.67940979712317,-16.3185025,37.21532966660241,-124.1432975961413,123.5449487380005,0.006381971403299872,0.39274255290657,37.19628003183647,3809.5432,3861.325,3837.633782838889,3838.1123,6.545468100962212,-66.70862038371988,103.8727410451211,0.07369061374284204,-0.1900565594700976,20.5568568299955,-75.34255738902178,98.44194322586748,-0.01516023053137341,-0.261053771230138,24.42856150519972,-106.7042762434997,58.44293934910104,-30.12526327566817,-29.91695169875256,25.743648592433,-82.35331547579241,93.16026009482948,10.92805580071906,11.41436034298995,29.09927948967066,0.2317898052111731,0.2147507498483276,1.2150339999999993,0.7190807346938776,4.053498871331828
827,E827_processed,-16.227911,72.020279,1.889754739168634,21.806243799999997,7.212143084819805,-35.16469558636538,35.90582059387837,0.0003221678177823179,-1.120260123460875e-14,1.907292986428908,-4.999910347316441,3.527669832186866,0.01442829569367622,1.407529736634157e-10,0.09319530057487446,-169.17433,105.07782,-14.01895445659044,-13.0014095,39.97649832950331,-154.7422374579243,118.3242798875908,0.01185464039156018,0.9879649555846772,39.97701646218354,-146.08774,153.31367,-14.08972135620252,-14.3247125,38.98165989162984,-130.8838122416419,167.3594314650549,0.07738017040017656,-0.1959240147666477,39.02968984842833,3816.6853,3879.1809,3842.582120188888,3842.5762,7.259774060228177,-66.65518174633696,78.20262737117014,-0.02078802826074811,-0.4809694243467875,23.26612596495399,-173.8348969197261,106.3149128599705,-0.1164790384167461,0.2127153296633865,26.32032035004515,-85.02412727727557,88.16151185891694,0.9704356997553243,1.020757221994422,29.56506748670553,-128.03221085628033,235.6405652497519,126.1083769773092,126.3046694736957,30.68078568594668,0.2227264867573091,0.2149703788489707,58.22834,0.7135489466378058,4.129285198296313
828,E828_processed,21.212433,22.582985,21.87913401822222,21.87933,0.196372460315344,-0.7141006088849322,0.6885946976511581,3.81064241691877e-05,0.005098110121421522,0.194251504844405,-4.584990036871648,4.901871077410081,0.2054999565443551,0.1852284697115636,0.3332442019914175,-162.34148,114.20287,-12.71962851104159,-11.804782,36.67950403659762,-149.4334019359733,127.3530483488488,0.05905384165495704,0.9322493801475114,36.69821842553162,-144.77541,151.09102,-9.014538068340489,-9.2526927,40.90137471436676,-138.8489781889668,157.7604255926914,0.01987252095368566,-0.2429388903261165,40.84394209900733,3823.8276,3895.2512,3853.397260161112,3853.2898,8.525963300921969,-64.28402388442598,74.09939692356474,-0.04897444392978015,-0.2674622145582217,21.70593005924555,-93.77094294572024,94.42329378480332,-0.04790515396050204,0.3358030658003184,26.97572189060626,-37.58472787516877,135.8591657776704,45.88625697337069,45.80064232828347,27.35028380011137,-71.48421745673156,143.6680452475143,35.13781919808342,35.79478532353796,32.12351636259205,0.224941057515309,0.2122231435253375,1.2370000000000019,0.7280828523489932,4.012080536912752
829,E829_processed,-16.227911,72.062477,1.884637622262611,21.796695,7.158988190404664,-34.04855304064451,35.99661788765626,0.000308130711907314,2.519917222940202e-14,1.936311583845431,-4.726663045174371,4.999220257299758,0.01440358730634234,1.271599897447699e-10,0.08988298103304394,-165.50967,101.81035,-10.04617115078376,-8.741520399999999,37.3824613177915,-155.5152163109164,112.2427257442557,0.02610020546389955,1.242650316130223,37.37602918017866,-142.94637,157.75432,-0.5532754812932468,-0.891689155,40.45069849297893,-137.762117768656,162.8938679319692,-0.0776311660458558,-0.6112618272045474,40.38910252551333,3830.9702,3908.6428,3871.083018983333,3872.0386,8.978793487096896,-67.49832651009707,76.66112051747518,-0.01971583426466732,-0.3691330523439478,22.02208800740467,-93.76957358769691,96.88908009082931,0.05841100117245254,-0.1049305197474695,26.14641546231145,-102.2090722286039,83.0326329238048,-6.088755442782105,-6.010999296534294,27.79620280505713,-198.5807727133566,20.94378705374255,-88.83147760595925,-88.46407994988067,31.53623836118015,0.2277569247868772,0.2185501238885812,54.361430999999996,0.7137930106327843,4.069878763712436
830,E830_processed,21.394554,22.609608,21.98814808611111,21.991013,0.1848730368052077,-0.5828636783715389,0.6196952005283703,-4.77762345962743e-05,0.003665591400630552,0.1815707935605992,-4.727593853169704,4.952944701259797,0.203857789082155,0.1848054777638782,0.3133286789442398,-141.80858,112.23164,-7.022491692976094,-6.42214275,35.80029734050131,-135.4774787758062,117.8766004147796,0.01162198861105028,0.6864330197110267,35.79586591460461,-111.58003,147.43201,8.572708641655595,7.6777172,37.27344687432998,-122.881039477097,139.3254237967255,-0.0236945361525156,-0.5361566483492375,37.1944982324566,3859.5393,3924.7131,3888.530687744445,3888.1086,8.14304719992535,-62.61199035296538,71.10112347839731,-0.009004819741844772,-0.4518170226673318,21.24286264339744,-78.82590993117736,81.4031809541309,0.02265212232954165,-0.07646008004740412,23.39160836867154,-94.94408786521053,74.24500421769332,-7.968914263872168,-8.173729561688406,26.75410229578636,-93.66339960629509,94.25269133317441,-0.6391394834978942,-0.5100062240450021,28.68160112483594,0.2272503954581608,0.2188945702765592,0.9942020000000014,0.6812302176870749,4.062443438914027
831,E831_processed,-16.227905,71.396133,1.892232013976389,21.831751399999998,7.183242178561859,-34.39739372803378,35.14550619844419,5.845560126114647e-05,3.436700212720417e-16,1.935532764193609,-4.999972777693994,4.999847630131802,0.01387519051916936,2.267393401557748e-09,0.1016215170533773,-168.58777,118.00346,-3.988143260100017,-2.63443895,36.4399509960055,-163.5083067607312,122.7460853050806,0.0764522272607064,1.305812685132421,36.48601759942425,-115.55817,158.36844,14.50693903133372,14.718493,39.2216318532932,-128.1826398129367,145.8035577896778,-0.05276546300134939,0.1164261042259121,39.23821074425526,3868.4673,3928.2842,3898.926953094444,3898.9065,7.113050321259744,-100.8223327472933,81.90143427055375,-0.0740344654845216,-0.2854618719513429,21.96605946848137,-83.88714975549297,89.71588911579242,0.03535741988412764,0.1553327007907326,25.15094014985963,-71.76517073170625,191.8373360194515,94.88025262245348,94.86373195577325,27.2574596038535,-93.50034430705945,119.5578907303165,13.26097947995457,13.0867835011992,30.57228698764547,0.2327487560637282,0.2172030378398938,53.975170000000006,0.7055644879730162,4.040442568866133
832,E832_processed,21.397861,23.828178,22.12904771966667,22.126957,0.1886937810071577,-0.7453553264159587,1.627925318427915,0.000179513828280902,-0.0004057507938402087,0.1856065985328922,-4.940686849479803,4.656786251019023,0.1971978552790626,0.1817562901784744,0.3276810934269157,-153.82343,118.27879,-2.775970591289878,-1.6505697,34.38767211728408,-151.1647793621718,122.7152605808072,0.08271401579675042,1.059443493308621,34.45036916340957,-100.22736,163.60353,19.93657977610532,19.753809,37.24596842620185,-120.3533991631756,144.5725069573004,0.08741915058652575,0.05542055558087756,37.23497566769523,3883.259,3939.9773,3907.189889844444,3907.0129,6.756480577021142,-156.9362809796556,103.6366063055324,-0.1164699861969457,-0.33637688812995,21.24826527929758,-90.31042373667853,76.91104390387281,-0.01696897001711907,0.1834522041973643,22.89615726962738,-77.82587405818298,197.5324708248405,107.4873223531012,107.7086693300614,25.73044079084282,-20.99280814232266,174.6264062273742,72.83511855962627,72.94397150998083,28.30019781261432,0.2299659470986892,0.221319602554069,1.9000660000000025,0.6973832312925172,4.078458049886621
833,E833_processed,-16.227905,71.307785,1.903105407885167,21.9071444,7.209544488807141,-34.39199419060748,35.07653671395343,7.484414100099065e-05,1.817583207125751e-14,1.938986561790312,-2.762368616222962,4.999484859366233,0.01559250919934778,9.18515920409495e-10,0.09401697800791162,-130.38622,107.08215,-2.114367723228018,-1.0421239,35.9087740124949,-128.0172853258817,109.6426583524943,0.0368237726186867,1.151317979296354,35.95483121573162,-92.369316,159.22685,26.86232005811633,26.9634695,37.54776684515969,-121.74856926106,129.592474378101,-0.003389917774307381,-0.04236314739767844,37.45401952374453,3889.9028,3943.8289,3916.505138522223,3916.7537,7.040410826691686,-145.1227459052277,95.5540281857123,-0.09323558803628508,-0.1438354031436405,22.24445213169017,-93.30296092579695,76.7923879446771,-0.04265864680254501,0.06623421135946983,23.20833236716347,-78.6565744913739,212.7301517650332,135.1067533026247,135.2528277953012,27.07835226562428,-127.1255974949505,57.57396813752379,-33.44354510428087,-33.36507957748638,28.5711456797019,0.2227609930738715,0.2222425169338661,53.378654,0.7075845558531413,4.047260304969584
834,E834_processed,21.618797,22.878147,22.22912180672223,22.237427,0.1791824454686869,-0.6270100287773118,0.6275379069782846,-0.0002165305159503186,0.0008878711178166368,0.1761579008004606,-4.986227745714152,4.94567940509695,0.1978302453010062,0.182021462763948,0.3468472607497899,-118.33374,115.32909,-0.01452838210660886,0.8543556649999999,33.48282372595618,-118.0669031214737,115.9595714045398,0.05697863284145295,0.8898908390115714,33.50889796418664,-96.724289,170.70573,33.11258427011915,33.0930635,34.700381922967,-126.533881069517,140.8579396412237,-0.08529697490843967,-0.1775075215595425,34.7064425438181,3898.3188,3952.5674,3925.6364457,3925.6733,6.338731631149261,-109.4464500034386,65.16165308150286,-0.05040008460550223,-0.2650512925182151,20.32947618811265,-75.41085199679169,105.952796457875,0.07982655717332948,0.007267792649567895,21.8411990177717,-89.27970950978165,180.567280053642,103.4025161021916,102.9999438847781,25.10110246700921,-209.6793466867021,111.1990260141528,-107.0738107665052,-106.8259466423476,26.57689594533077,0.2361103811775142,0.2245977816058899,1.1709749999999985,0.6638811310344833,4.114252873563219
835,E835_processed,-16.227905,71.309738,1.913352709388056,22.0052538,7.232395351219743,-34.35191853087291,35.102953902447,0.000515564185124374,8.737147920873888e-14,1.933988728456523,-4.99988286646067,2.723189204214372,0.01276175179522179,8.026306436155488e-11,0.07871516067080661,-129.11203,119.18647,2.752155080628899,3.94390085,33.01832601273749,-132.1928755801834,116.0820653360699,-0.02106234839044651,1.166754149270522,33.01392711386922,-78.704895,159.75069,38.54577453688675,38.421368,35.87087124537616,-116.9337737442051,123.8294556326841,0.05259838820180134,-0.2080314116188504,35.86263387193474,3902.5552,3961.5464,3933.617118055556,3933.8464,6.934880816987566,-57.38577920095148,75.38136497845744,0.01048468647623357,-0.15020827895564,19.35929841275169,-73.77776729852093,67.79957921465653,-0.04079280965534707,-0.03871418583464781,22.76205642927906,-97.42265278216406,74.43075126560652,-8.94645909115644,-8.394917319273521,24.50497549795083,-35.61883482775631,138.9748230292878,55.32930444471626,55.3746528135412,27.72884554174419,0.2227472208293693,0.2167466873452191,53.00424199999999,0.6979316334113892,4.064146754121689
836,E836_processed,21.798164,22.900665,22.34380753444444,22.344154,0.1579171173903358,-0.5267091245975173,0.5393634142730579,0.0001065063783914849,0.0001901415159142432,0.1534892925154243,-4.666198629016269,4.99662434071606,0.2205456472088604,0.1964364504483017,0.3659308443172545,-101.23422,115.23616,4.894392239629845,5.615931249999999,32.10006080819987,-106.1700094588099,110.2004866626121,-0.006327660747890208,0.6886411133712684,32.09327059754534,-84.949348,188.91078,38.35708962724821,38.025131,33.96450319114773,-124.2807223816977,149.0261161887645,0.03179380716621612,-0.1715254156233357,33.96925094745811,3911.5247,3968.6926,3939.876592305556,3939.8088,5.91399951866093,-63.02121781550721,59.95077025238491,0.03295730260516832,-0.1021849310196652,18.37907766770557,-87.16125536426321,79.92175463832822,-0.05129538781932676,-0.003500747005389826,21.1811122619001,-90.52443277869128,68.54655184432441,-6.115540277988849,-5.788024170534493,23.47554636773064,-90.69449227434986,107.8011714089647,14.74914048316431,14.90251021997686,25.99533588746312,0.2310581482765314,0.2161688750741669,0.9281849999999991,0.5764626903225806,3.8627956989247307
837,E837_processed,-16.227892,72.030487,1.922313509236681,22.1157762,7.261735138965625,-34.35441747034086,36.08436108682817,0.0002930698474581686,5.808854005758406e-14,1.936578023645216,-4.99991444798133,4.447424309427896,0.01275195432614714,2.551653002448797e-10,0.0834042600417004,-137.51427,128.30766,4.0924067227867,5.178263449999999,32.06214092854938,-141.1323947480251,124.4286552026089,-0.05029116716626929,1.074480772769985,32.0860959478103,-81.941971,165.79567,37.06720419034314,36.762802,34.44989892417129,-118.8047639492916,128.8168348020244,0.08582778390751884,-0.2210585562606424,34.52968543586256,3913.9724,3962.1943,3936.673853083333,3936.3096,5.838784186541494,-69.4612367344804,76.08421702491722,0.0388034775453402,-0.1271080780874502,18.68443605988513,-104.3276603923827,75.61827467991932,-0.08749100905758987,-0.1813329516037001,21.03695882355008,-142.4205205069931,31.96071869507554,-53.01960037545518,-53.04084734221038,23.76083883095486,-44.71040695421635,152.5356930212708,55.09009920443284,55.37315822425145,26.21327355002116,0.2294629113195485,0.2222093219960333,54.01182899999999,0.6694080245371298,4.02600611964027
838,E838_processed,21.954075,23.12582,22.47073977727778,22.48465,0.1628251078437947,-0.5165679275762161,0.6594791920709342,-0.0002520714985657021,0.002889906956472801,0.1597086169051703,-4.780633183556485,4.871062866672807,0.1949283069147568,0.1784795101561812,0.3398881857491331,-112.79353,96.239922,3.464477361564801,3.82210215,30.70915111483106,-120.3377769818941,92.9694993912299,-0.02749036757267506,0.3161063252186995,30.81529649284595,-65.780716,154.17871,35.87971863853083,35.4183295,32.19535593721659,-101.6140961478955,118.8936125585004,-0.02930198935652819,-0.5195093549512899,32.20210778899002,3913.1167,3958.7,3934.433028161112,3934.5586,5.590242194137154,-109.0331970903662,171.6736598848979,0.09587121381950657,0.06825536157081258,19.21671249904934,-63.59947398061466,68.14276131988416,-0.02776285704991133,-0.007079028221952777,20.07013515882926,-224.7919421459789,125.07420633871422,-117.2713631593974,-117.3759652423452,23.16298784679039,-82.25607308804001,81.01013432481618,-1.259628326668425,-0.8809930215389339,24.70632586322463,0.2327461669404348,0.2153700767612042,0.9727859999999993,0.5812337172413794,4.122477064220184
839,E839_processed,-16.227892,72.052704,1.929855660069118,22.2368402,7.281218932341681,-34.43334040739161,36.12409358795264,-9.640609919733035e-05,-1.583448659163624e-14,1.937091837823668,-4.81292832790538,4.99972060631173,0.01387570124685588,1.093483180966307e-09,0.09697318194063619,-99.218651,106.21825,2.341001799393572,3.2199403,30.39618174109353,-101.9647501461205,103.4920071012222,-0.02070632265056952,0.943804025903599,30.40021166611116,-66.802734,152.18867,34.13201118171673,33.7102945,29.81642096229817,-101.1249214021696,117.8011584392041,-0.02923526843284676,-0.4800276644440089,29.82709478502755,3913.2446,3951.1196,3930.456892583334,3930.4214,5.234616780635219,-58.27206783782912,53.38713800904958,-0.02430466225035003,-0.1029391000320078,17.7040300684379,-78.66211227739964,69.84298967125956,0.04116660417329971,0.06123634887234219,18.34725905018932,-49.06957101618611,87.09283927932196,17.88066072479062,18.10114374722919,22.48529126538945,-89.75564699058219,89.24273499912188,-16.335653674115,-16.10174587578086,22.65414948944282,0.2266235364716232,0.2211271774613399,53.790806,0.6400381975156071,4.048085425101756
840,E840_processed,22.086727,25.027199,22.56293841605555,22.57312,0.1458272826969662,-0.4800621790952236,2.415648696757809,-7.327340252400809e-05,0.0006365799138563603,0.1429940657621434,-4.988614216067722,4.869760452978441,0.2088234165236443,0.1879414702311542,0.3539697853595764,-122.10754,95.652672,0.3359501239073833,0.86319518,28.25049252025539,-122.5172888310818,95.4895094621094,0.01586100533666725,0.6078666835373621,28.24094710860015,-64.731148,157.21738,33.24640010457243,32.8903695,29.66213463751535,-97.7636919226452,123.9391467984889,-0.09440086391490994,-0.4114395540174039,29.74627025880698,3907.092,3948.125,3927.013210272222,3926.748,5.011158976483046,-51.07775451541036,57.9841097311983,0.01655395743333132,-0.09752831522281902,16.07177225574813,-76.99758445830798,147.5197725482066,0.1187023423229516,0.1577642255379104,18.78489875701345,-57.93931974128132,85.33405401393931,16.83234768796074,17.05505607295432,20.61791208967447,-213.7996404229806,112.84172369020558,-131.0174185423812,-130.750288983432,22.6001874257862,0.22804921546671,0.2216976622350478,2.630946999999999,0.529587238410596,3.9568281938325987
841,E841_processed,-16.227892,72.008484,1.932252001302623,22.3532616,7.295703047359507,-34.33382905374899,36.05276883156998,0.0001060578846077483,-6.308504612316265e-14,1.933386352557777,-4.99926924277113,4.99988046227139,0.01552161249390331,1.216820850773888e-09,0.1032482639604664,-107.86669,106.53599,-1.570088417521034,-1.02642545,28.32383028357252,-105.8800156053898,108.4775375506496,0.03031122482100712,0.6546006608063255,28.31745881677285,-64.86544,140.73003,30.2916639891903,29.810684,27.97460478287417,-95.72995380340645,109.7223263963275,-0.03985275610250277,-0.2652551129451013,27.96356860322798,3900.5874,3942.6208,3919.837901288889,3919.4717,5.420801474107923,-58.24734027391145,58.19577337557256,-0.03982083448339841,-0.01586505778884728,16.33599344619227,-73.4108660114751,66.66480893618362,0.04767242582283755,0.2259275242967456,16.70746934792815,-55.11684432792736,86.17821303040989,16.62234156140599,16.71601077939967,20.83813943169235,-100.8357689513449,42.94313477053842,-25.92127840645936,-25.37499727083124,20.99126358482943,0.234442483880022,0.2244885347146857,53.835021999999995,0.6097096016603113,4.026962376085471
842,E842_processed,22.153053,23.147949,22.66283235122222,22.661556,0.1438209692548804,-0.5190083251815901,0.4807955823404238,6.887946081426476e-05,-0.0004484530998227184,0.1399771490986593,-4.863009596449731,4.52189955037022,0.1882774204400959,0.1735582726363795,0.349660911787889,-110.17734,91.175743,-4.028607326970719,-3.6510925,26.83697558717236,-105.6194417464795,95.76222985671265,-0.01481647196071479,0.4376679787336414,26.83898225720874,-61.743103,129.48369,24.46561859578459,24.1756515,26.20586137638683,-84.37403106096724,106.4302907533844,0.01104999737277131,-0.239780252086806,26.13805540034634,3888.0686,3930.9553,3909.03353318889,3909.5103,5.690756907811781,-50.80321724076837,55.29054527450958,0.01619553297728024,0.05353578632752587,15.79501540278202,-59.49257518333818,53.26396639366759,0.02165850464806941,0.05053050754171018,15.99438558648538,-110.1345969636864,24.35776818625164,-46.19736637478078,-46.47470619838593,19.9120888114505,-84.1864124309308,53.41700763653386,-10.78103039757657,-10.55720645950806,19.82248293555138,0.2288764650232838,0.2216237601357019,0.7738069999999979,0.5219786095890411,4.0865909090909085
843,E843_processed,-16.227905,71.975174,1.946442221140211,22.4601814,7.350505766556555,-34.37151648763061,35.88720827259323,0.0002620180923571341,6.491525854701147e-14,1.919327047466031,-2.451251784933728,4.999617388841083,0.0138505034734935,2.16871421880059e-10,0.08517925575586144,-100.81108,85.533195,-6.534011754286673,-5.96367455,26.80703028745278,-93.671003316697,91.03649688075345,0.02613423080171872,0.5057852345844234,26.81714886121877,-74.784996,126.04001,18.81780124402606,18.497344,25.42241518339235,-95.01367717574482,105.5949106515839,-0.05125888842383213,-0.2381511191147858,25.3871664290999,3876.8796,3920.991,3897.272782288889,3897.4434,5.274029663427538,-47.38446266119097,50.18299140463983,-0.002732116154076162,-0.03370480938778098,15.33023795477857,-49.30710147107876,67.5403237925535,0.0332261805726478,-0.1414251251878444,14.81832928859442,-73.41724312090203,50.50585236791941,-10.35031113616786,-10.2261220068826,19.68425674249702,-110.5865746139622,32.78615304904111,-44.77765180753741,-44.60225658134286,18.79478010495135,0.2299580943201458,0.2232111610737083,52.497626999999994,0.5746286773196161,4.028588947926328
844,E844_processed,22.216152,23.232189,22.75878708277778,22.767757,0.1395712802546845,-0.5223467224707752,0.4895790275722739,-0.0001233899949540548,-0.0003234503284514842,0.136850440059463,-4.999956890422571,4.969337830568626,0.2058674701598223,0.1838704530847963,0.380036499982829,-106.63844,80.877014,-8.418112852230694,-8.05125095,27.33489137363568,-98.15026648572311,89.28573381940168,-0.001479363894794924,0.4300000582818253,27.35019217697576,-94.22847,120.41725,14.21854610421087,13.963787,25.96077167920475,-108.4808134084653,105.1615423246831,0.006311856595684879,-0.07897225454765366,25.94719231777325,3866.8887,3908.9087,3888.249718811112,3888.3267,4.64198306114489,-48.77748456755928,47.35859852538435,-0.01045861455488956,0.1112385118489216,15.27082336489553,-60.21722676990033,55.63384742999293,-0.02373807634173764,0.03649497325660933,15.3515489357627,-111.4638059399499,13.1873900466078,-48.16156260725821,-48.45630458661963,19.78667965066384,-5.860476383191508,134.0253334719059,69.41688590952418,69.55794427916766,19.32860662458466,0.2288780411530248,0.2227627327379173,0.861694,0.5077184864864863,4.017937219730942
845,E845_processed,-16.227905,72.0811,1.953655799730778,22.5662474,7.369462646296815,-34.59287132672266,36.03273624080155,5.980895100054841e-05,9.760512945946118e-15,1.917508751561003,-4.424036133448847,4.999544291321224,0.01833747507002188,7.820545751962674e-10,0.1390316560099698,-107.20893,77.421822,-9.046778640798577,-8.22959375,25.92289674705266,-98.36356166306308,89.61019154160923,0.003458119062145686,0.7764284789594613,25.91827634069177,-75.12059,103.72771,9.977817455201333,9.8196597,24.19847100331732,-84.97229240654055,93.63145020862143,0.06042537830952847,-0.1933442147548367,24.20167188090485,3865.0864,3899.9866,3881.98046375,3882.0637,4.354169528604483,-62.28351431998243,46.40730970857568,-0.01943114349369239,-0.02416237540664012,14.69563420467378,-64.26215120916106,45.78239055675697,-0.02870279490478386,0.05009911660785615,14.30079494202164,-56.33056052233201,63.38445688418284,4.117823578252517,4.29364217237914,18.8582248843947,-85.83043269373547,123.4107634434347,69.53430835718807,69.58983889885022,18.01191738492792,0.2305223292929578,0.2257382519434321,52.737953000000005,0.5433961484100167,4.009325817159873
846,E846_processed,22.259533,23.275845,22.8429771385,22.856064,0.1347359412565236,-0.5762127024954884,0.4413070097372893,3.701598593892401e-05,0.0006087413627076967,0.131079171259984,-4.658958467250245,4.983702926989919,0.1971819988551897,0.1779122311597961,0.3722271086966961,-102.26785,74.093636,-9.921171278882394,-9.3680944,25.64695853259712,-91.90439482420565,84.23222079749627,-0.0004406994366315189,0.5786880290875556,25.66676120976313,-81.428833,89.657684,6.024127529837484,5.91196275,25.67279490802365,-87.82482951142181,82.57732006822621,0.03968507047481617,-0.1492964561492148,25.68750036953984,3858.7202,3897.2361,3876.328339794445,3876.447,4.522631355453015,-54.76626150318677,46.11349540619315,-0.03001172482456818,-0.235356764595568,14.64597135571077,-54.75509839490682,49.25787798495501,-0.03688777989097689,0.1412037936806967,14.94664648395054,-13.79749122010533,106.1504601979942,45.99939294479126,46.05787608883116,18.69337403070532,-49.1890716314735,71.9349615872053,11.08075227079537,11.29995302137012,19.08444639033074,0.2283120802610614,0.2272033488031924,0.8395609999999998,0.46617960666666686,3.96570796460177
847,E847_processed,-16.227905,71.528755,1.955168052050833,22.668629399999997,7.355999675577826,-34.93911372971359,35.79723343590675,-8.606610572311305e-06,-2.16254381626092e-14,1.929905786940686,-4.99999737710907,4.999999566487474,0.0127898606640244,4.812947655065343e-08,0.4455724060260374,-111.44933,86.307121,-10.99178259519916,-10.5234715,25.88949205220038,-99.88308017934826,97.83834731427478,0.01489915646909568,0.4434016589392469,25.87977476395633,-84.091316,91.861115,2.040394206104461,2.29990245,24.57746582858218,-85.58991436151123,89.73562035444641,0.01311312974654235,0.2494570766389629,24.55666127456035,3851.0308,3887.7261,3869.246594816666,3869.0508,4.53420442950357,-48.99028132008647,68.96876476834551,0.01019042168048669,0.08229060862926829,14.80660867795916,-67.20543997249139,63.48296653728292,-0.05111540082045705,-0.07590075128530582,14.52700241641482,-63.94338953873893,68.27032687458028,8.360475877566564,8.134281746632563,18.9204135750028,-16.75554641464218,103.8342099396925,43.54837238433273,43.79492364129686,18.22809242405501,0.2322594338263172,0.2255012316140761,59.65332000000001,0.5213395316788338,4.02990827029528
848,E848_processed,22.436283,23.36422,22.92084929127778,22.922344,0.1325637057185734,-0.4670592619950305,0.4382377102786185,0.0001621680811298835,-0.001196285095651386,0.129286392425381,-4.940478665887345,4.987286166106395,0.1983619854156962,0.1820686969979832,0.3458856119477965,-113.31011,90.509743,-12.40703746674897,-11.864252,26.4014937197639,-100.5792427998612,103.4591917267426,0.08551831658787504,0.5664878261378397,26.48126088934405,-89.628197,82.827293,-1.634913661027804,-1.69775155,26.34065415522064,-98.74620617298646,86.22561975929244,-0.02897717138664015,-0.03643570190573797,26.43260343914435,3842.988,3879.6077,3862.767205205556,3862.6362,4.761474951606536,-133.0901621874164,81.42331863288744,-0.102631656690611,-0.1171139046239965,16.20708130805596,-72.13928678802834,77.9858385985514,-0.00634576448691831,-0.01083155714254875,15.54089334657047,-81.60047645370884,175.5735258459316,111.6202817350287,111.5548456397892,19.68657029345226,-51.68606775947158,149.197214434032,38.28389602559577,38.36495831487103,19.8348269450283,0.2271886514673329,0.2249769268054943,0.729096000000002,0.476745523809524,4.051918735891648
849,E849_processed,-16.227905,71.241539,1.961534151672055,22.7561682,7.372696935942701,-34.95089329169138,35.52384697819276,0.0005510726011816843,2.727577556057546e-14,1.930157685446895,-4.999621123570585,4.298880861622201,0.01398235879243396,6.65230681376325e-11,0.1020259516622405,-128.31723,75.824646,-14.0463800936331,-13.359165,27.47122742547391,-114.1504201572826,90.43834805062195,0.07605745327521275,0.7233101011503592,27.52711651819769,-99.951973,96.941948,-4.896031784516307,-4.6421161,27.51644852753524,-117.1245400533186,101.3323350660536,-0.1199180505190447,0.0332585959221523,27.61085515005483,3834.5527,3876.7078,3855.821880233334,3855.437,4.614403326921466,-121.5804042525753,67.03190429771583,-0.09283003772326931,-0.07329101160934925,16.29061969986423,-106.3502485337113,146.6235426515038,0.1313667288748395,-0.06854082823231211,17.01058306785634,-65.69031359901216,166.8678006234613,97.2907451981072,97.29970399236564,20.18612588097439,-213.9340995214203,88.97683481461173,-111.5077995674624,-111.3213172652873,20.79298048413685,0.2255985550818009,0.2211027316854758,60.625452,0.5004418929924629,4.015796604629573
850,E850_processed,22.502563,23.386314,22.98169927172222,22.988628,0.1317577362924406,-0.4880088831013873,0.3999793963501376,0.000304649205944254,0.00153258573432887,0.1281194245794528,-4.838353773139604,4.952625898630695,0.1899790164390855,0.1709792921294311,0.369700122717021,-107.2976,64.649933,-15.58372180533408,-14.797309,25.36388642087631,-91.44099840869083,80.7386229536141,0.01309194922988702,0.8663697292379974,25.36070882440906,-83.822533,76.482765,-7.547164652952189,-7.36777975,24.11190807313275,-76.8944901355862,83.5305827567927,0.03638681529031475,0.07442935063801581,24.08207469039834,3834.3428,3867.5093,3849.89493435,3849.6497,4.196457354787777,-62.30684795333895,47.06309686865716,-0.03877317187998757,-0.2955187100901961,14.64331893843393,-46.04111371122529,47.42101280423479,0.007013843103987177,-0.009277421235488246,13.92912700892225,-50.24492031220497,61.21417134555966,3.38298035745537,3.435962980102719,18.57613753638026,-94.09262868104639,116.6544582586772,60.51200267257117,60.58343215050529,17.74916277483346,0.2273122031236697,0.2283599309305752,0.8174710000000012,0.4685184926470588,4.385574572127139
851,E851_processed,-16.227905,71.086876,1.973381345424278,22.8392698,7.444824418719951,-35.14433044247452,35.10567567537692,0.0003896138236082107,6.501966978241154e-14,1.902887847916579,-4.528599703376235,4.999819225271665,0.01441652990927466,1.245420398469607e-10,0.104057453705788,-113.47288,68.535942,-16.7570956865661,-16.030845,26.78698929036211,-96.12702200286671,85.36917186103085,-0.002746804153592887,0.6823809359955298,26.78121083302253,-91.782585,76.189522,-9.734237995434194,-9.588758,26.3593245433935,-82.05006388129124,85.43626555164454,0.01671480427309061,0.2076095365652522,26.38711997652854,3829.835,3861.9866,3845.086106027777,3845.9082,4.025636341905686,-76.4540561024285,47.51717792887499,-0.02741457971715446,-0.2544969543613442,14.64925386890198,-86.53525788104193,51.89345140452356,-0.04784964155825455,-0.03554860658391235,14.81305625351527,-56.87821933979798,78.64859372003535,4.58638817704287,4.331222551639053,19.11483837619992,-79.12925221330462,122.1953074637806,67.70825263727238,67.80433999327988,19.11254972189901,0.2328371313979196,0.2305358969046702,61.1336041,0.48822814383975544,4.101545880288482
852,E852_processed,22.590939,23.518879,23.01643316888889,23.010719,0.1249377733789961,-0.410627996549866,0.4839413949193607,7.768145936780496e-05,0.0002766196971901213,0.122015206035411,-4.958010457228516,4.714514784052263,0.1938862634319473,0.179274630799983,0.4048294611632407,-123.23428,67.89695,-17.72092055185921,-17.0910865,26.01682270608472,-105.4079584183253,85.3405925224376,-0.04540958698373571,0.5992286943412941,26.05342258262361,-100.76099,77.129196,-11.55637635729271,-11.464799,27.33482099361872,-88.72360531038143,89.34390911942924,-0.01888254010588997,0.092225526614095,27.33771868793563,3826.3408,3858.6895,3841.511430905556,3841.4915,4.230599754157248,-58.41956505626395,103.8978964802904,0.07085270121243095,-0.2232095352771472,14.46446713952217,-45.58250051042244,48.92090716851948,0.01945664128180459,0.1466954418930764,15.20954734088388,-148.4791083034107,80.8160346092524,-85.77028169618042,-85.68676987681941,18.49693088045884,-53.06144212789935,66.6832570175539,11.09355864574161,11.40197348922171,19.8905930607432,0.2405495266734028,0.2272151497319309,0.8174749999999982,0.44072838961038985,3.8760259179265657
853,E853_processed,-16.227905,70.97641,1.970725173414278,22.909102400000002,7.441433554097562,-35.14171737024564,34.98961766227327,0.0004446369241541405,1.612627831768666e-14,1.905163189465807,-4.360742341016754,4.996925583314792,0.01439269785414957,1.168408567782437e-10,0.09204563943587904,-122.57184,62.762531,-18.57851995783402,-17.7531395,26.210936777451,-103.5757649720792,81.54999015469805,0.003262590610659566,0.7895893850090259,26.23583845099801,-92.212303,66.753105,-12.86167441689547,-12.8236935,26.58534045231046,-79.05767301821126,80.02164911073382,0.03727211622272737,0.07597822563281786,26.60488291890546,3823.0564,3853.3247,3838.482823216667,3838.9817,3.903833517959583,-56.36456225515573,47.6210004819484,-0.02851409129353063,-0.1631161520606242,13.97120175956095,-47.02106123176159,43.66316667189016,-0.01169666686477561,0.08855441756837301,13.85087899190424,-24.98800831254905,101.6477960644125,37.49175501384856,37.27918595977827,18.44624412336531,-43.77685555052548,83.64216469890762,30.657613554722,30.87327969524416,18.71214085531498,0.2388448667012449,0.2330354973747515,61.4871064,0.47197809984402517,4.059432882055612
854,E854_processed,22.502563,23.474689,22.97652442461111,22.966534,0.1310014554931674,-0.4532300717303385,0.4936837388036494,-0.0001041108143364129,-0.0002771287373661245,0.1271382778328082,-4.984352475142948,4.985739960183658,0.1893128707495752,0.1687789611664723,0.3922781605623157,-107.2727,57.919807,-19.1295668237005,-18.4888705,25.42641803483798,-88.03413727834456,77.1801271308217,-0.05511030335617735,0.5256072414316466,25.45872949881178,-112.80479,77.42614,-13.87515947395977,-13.9207385,26.82927543555572,-98.68623397972182,91.41783252782346,0.0722577451698879,0.01606061695877559,26.88799257513504,3820.2715,3851.6885,3836.55024805,3836.4844,3.946759603221055,-46.24384707294871,52.60124616139137,0.05227761854195014,0.01807620814887978,13.50256796539605,-79.86773037835277,51.90170796637802,-0.07547175659496358,-0.1862208886446679,14.47176372927735,-118.9583712897765,0.4565449412756201,-65.49525415655803,-65.56059691790944,17.85140715042497,-62.037651341231985,147.3044164789017,81.84587016823531,82.00028741223761,19.04800285145996,0.2345292769210151,0.2335925279202506,0.9500310000000027,0.44978814864864874,4.029596412556054
855,E855_processed,-16.227905,70.888039,1.973172692186278,22.9488578,7.459809442796497,-35.19465991870742,34.8164710974794,0.0002367027025730947,2.987641720279948e-15,1.888859261910097,-4.999266698407133,4.999869096387311,0.01496654822946932,3.406331656451675e-10,0.1189120648331593,-138.53339,80.480797,-19.31266102990092,-18.531907,26.29733352694716,-118.7086853707221,99.99282464739399,-0.03874605770363586,0.7243811732675485,26.3045330312786,-110.25102,77.7481,-14.45819412765576,-14.162502,26.0881715334387,-95.54017087976956,92.4866553064812,0.04094478971847064,0.3405217726897911,26.10240861879192,3815.8962,3851.5464,3834.913673205556,3835.3345,3.739492302138707,-51.05200045981461,55.31623909114626,0.04865493759866558,-0.139045251656876,13.70968679584361,-66.25615596812264,51.54457173745089,-0.05849063103015506,0.04292726193511287,13.59474469007652,-103.4652067281288,25.86810314705209,-38.12401252701282,-38.06826113025895,18.29159302533631,-8.705699059482633,115.1676380953471,54.76275668834205,55.00306364825641,18.2414941593497,0.2427809174058835,0.2388037720671562,61.75223770000001,0.46039203227645764,4.061764720620635
856,E856_processed,22.436283,23.253754,22.87593009372222,22.878159,0.1200233898497568,-0.461432057178314,0.3929578835297314,0.0001578385645859006,0.001085580934060376,0.1147781500840409,-4.994699675102154,4.964800704721478,0.2022433783390269,0.1811828698232034,0.4472621737522093,-108.54903,51.614861,-19.57351104167789,-18.951791,24.58917617737558,-88.65478708728205,71.11761572526189,0.001534438478190983,0.6270450247970287,24.60576556213286,-120.11876,92.858147,-15.06143664470942,-14.6678275,24.488483101435,-105.0252938728261,107.9244451078002,0.003860922230883628,0.3607724592347228,24.48935736400689,3813.9275,3851.4326,3833.843922661111,3833.5122,3.586519092080352,-39.53398755992936,41.71443831098345,-0.007784786762058564,-0.2659629278467506,12.98317918252881,-46.11187092906984,52.92889827148221,-0.01458632639646851,-0.1573906088886106,12.62116792500293,-14.55732712937945,90.87658270487884,37.49579761324616,37.47373294646633,17.27606399480123,-73.64755253551434,55.21678936255606,-10.96976151722019,-10.87146581883961,17.12689291562792,0.238317462644878,0.2350133301132716,0.729096000000002,0.4062586969696968,3.6243951612903222
857,E857_processed,-16.227905,70.79966,1.964086600094055,22.9532768,7.43246584647027,-35.20506037821689,34.72299413572622,6.882637496868411e-05,7.814446853054335e-14,1.888305038809555,-4.999602639454085,4.998996432196359,0.01112342169635239,1.107562436356253e-09,0.09568342132447363,-113.20501,63.479939,-19.62079653925197,-18.9385405,25.80634982634152,-93.63658711507048,83.52615305970743,0.01549949350871732,0.6933561881308596,25.82089389376433,-98.475372,72.12928,-15.5240923819646,-15.139792,25.39817646778777,-82.8836949782576,88.09876455769731,-0.007513845261939044,0.4099483791891192,25.41573262987323,3815.7344,3849.6218,3833.032910061111,3833.4968,3.618611023397326,-42.82668200588746,46.01510640188407,0.009790047561199833,-0.1126097418601865,13.43618116344281,-49.35883155707494,59.18542791949162,-0.01461479744331547,-0.1740902367397729,13.31134821083953,-58.893297330294,48.64572227132824,-6.826965000241743,-6.633978022690098,18.07796062280548,-46.84767799785558,71.00839820528691,19.92288104856507,20.14959394754435,17.92089695967548,0.234961394813476,0.2327403674188212,61.9952662,0.4484078503370636,3.9935021599583456
858,E858_processed,22.259533,23.187469,22.72774916627778,22.723499,0.1242977317688577,-0.4340853827411185,0.4773762519725032,-0.0001107059234805997,0.001206729922484211,0.1197148708346708,-4.895628956826631,4.609896176707578,0.1944410292635556,0.1735013199108587,0.422112432809964,-100.48682,61.563812,-19.67245782348224,-19.198137,23.67649187069395,-80.72262159276457,81.37373691749835,0.007067694651346983,0.4536671856121555,23.67783211464375,-103.50385,74.146385,-15.88629077645892,-15.5747965,23.50780945397917,-87.63747443097176,89.96534580339078,-0.006338414407654227,0.2757404507456614,23.55613356949176,3817.3982,3846.8103,3832.462584205556,3832.5232,3.460531390828146,-73.23365800697024,46.96235294495848,-0.0421306973217279,-0.090377467214935,13.02912344646936,-51.02953399428291,84.0479687277877,0.04409630678669295,-0.04583854995118486,13.08379212987966,-7.3818738504852,96.77817241633457,48.37282521293696,48.30476930919538,16.77035302464954,-123.7643073065943,103.00773822389367,-64.50530532301073,-64.263385447806,16.91260991581531,0.2377485596934421,0.2366424608240745,0.7290950000000009,0.4341727631578951,3.942982456140351
859,E859_processed,-16.227905,70.711288,1.952886870409945,22.913507799999998,7.403199849477301,-35.20065759572313,34.62742885147128,-0.0002305116867538482,3.513537869540793e-16,1.894519189323892,-2.31501221557084,4.999724171811303,0.01344654890220625,2.860689831098377e-10,0.09165994761247669,-99.260246,55.975227,-19.56471777853139,-18.923089,23.92806856603147,-79.6777744923798,75.5215899085305,0.04311190837424358,0.6773073041006352,23.95931991607834,-99.466133,67.636963,-16.19020608216703,-16.0925705,24.25085497733583,-82.88158020466913,85.0742074317125,-0.006432405394592386,0.07788812738903955,24.24200569882141,3817.2292,3845.0183,3831.828482005556,3831.6384,3.404313758227985,-77.51162611065126,45.01895658356398,-0.03568880728718631,-0.08357806519274469,12.94205818757234,-46.01832506348134,40.26776164229477,-0.01245760109989197,-0.03175040667347928,12.73864781758664,-64.87181473289185,127.7097761034485,75.84428961222983,76.09707232472178,16.84726653321285,-74.3214993372406,33.17145981606254,-23.73823410896989,-23.57838480677709,17.07586822728984,0.239443037559595,0.2355793161425669,62.238299899999994,0.4398932982067379,3.971714904008086
860,E860_processed,22.038593,23.054909,22.57699073961111,22.568844,0.1235321386194361,-0.4950815453029223,0.4755905891760032,-3.585352284506365e-05,0.0001509738116131052,0.1168888005106166,-4.930066759979773,4.907034292227792,0.1927535285650457,0.1718272039290197,0.4378305334573838,-100.45577,56.878826,-19.58240176385035,-18.938811,22.73550165371265,-80.6811064466024,76.54503037376031,0.02882279303820268,0.6603350263999538,22.74717244512754,-99.468887,64.197762,-16.40513081983936,-15.87557,22.54408519534965,-82.68265656808423,80.70166422390844,-0.03171788493901612,0.4806783951841656,22.55895995772957,3817.2979,3845.8718,3831.524676894444,3831.6194,3.284888271994434,-44.06905554289394,65.81030327202457,-0.03008982196030354,-0.4971507407065356,12.59138140563474,-45.21799119752363,48.74061518077928,0.02726833885771074,-0.1088331870026187,12.5231165255604,-34.9958544938366,90.92290184651297,33.69047149316096,33.58790755876574,16.19685559829679,-86.48710543486159,24.45615409936223,-32.11665370989533,-31.96979319759301,16.26080754145947,0.2333022176515417,0.2318013305192348,0.7511900000000011,0.39270397560975645,3.6400406504065037
861,E861_processed,-16.227905,70.556625,1.936500636529055,22.829551000000002,7.337844317343177,-35.16086791046037,34.53598032992556,0.0002847949087453028,1.829765722144416e-14,1.907177026198259,-4.99983828731512,3.186011302834136,0.01328333523650246,1.499129711460306e-10,0.1110050686614421,-98.225716,52.597256,-19.52142718327025,-19.2273205,22.55557640185982,-78.91131250181255,71.95116602895942,0.01721726695516089,0.3573686027155923,22.61579392318405,-91.85833,64.547928,-16.53849111512408,-16.250477,22.65268747027546,-75.05961929298648,81.4714737118624,0.003669784199700688,0.2095646408312634,22.67373311964529,3817.1575,3845.8787,3831.110005655555,3831.5071,3.367306800401413,-115.1732024081004,79.62944485510688,-0.06637639305679507,-0.02444129142684859,13.48096940691516,-60.67984655649706,55.00017882967515,0.02415696736032119,-0.07561755938246889,12.7988183626612,-63.17747408640648,162.6099662642771,84.35827636327582,84.18914569020089,16.51540126471737,-121.1415288245022,6.068204357664223,-51.03457098195375,-50.90355221338167,16.49443704614176,0.2349774145603137,0.2294206946103931,62.50342139999999,0.42473039479927743,3.82260811966396
862,E862_processed,21.906029,22.767689,22.37237283955556,22.369999,0.1198221281044833,-0.4045113448197859,0.3839314583560027,0.0002733401861375325,0.0005236869953743643,0.1126011402898353,-4.925277594288749,4.909191181300391,0.1744076359352595,0.1606954316038868,0.4348631572142144,-93.086815,46.715809,-19.47455942543976,-19.318386,19.64501122221658,-73.53752742062795,66.21200343116635,0.01021530590965699,0.1521155418938637,19.6487228146359,-88.766426,55.458855,-16.71009586659411,-16.462772,20.13582301653538,-72.09498883046027,72.4295162979708,-0.03007436745669879,0.166244428683894,20.14610886993347,3817.2725,3843.1741,3831.1227723,3831.5161,3.199022455182872,-34.4803179865003,34.50284143877155,-0.001644519627118494,0.1490545033011277,11.23329068287024,-39.80830576614964,45.60094383966298,0.0295408220717119,-0.06172146600899409,11.56288183372734,-10.8715749300784,76.49431824152902,32.60302965802443,32.69710450681898,14.17976369157024,-94.77420905181918,66.96872023684915,-47.96948390324904,-47.82391277521128,14.72568136004892,0.2411293375289773,0.2283752411858956,0.7070010000000018,0.39335938513513424,4.040765765765766
863,E863_processed,-16.227905,70.424065,1.923435826830834,22.701407,7.321332891651141,-35.22213007896824,34.30183770158636,0.0002096605350275765,9.03138589872928e-14,1.896943036698388,-3.783246751262957,4.999385222018484,0.01397396700607409,2.401050204331854e-10,0.1153257845185613,-94.525406,57.544769,-19.29204541966376,-19.0654515,20.49106342461631,-75.71620612180128,77.03926807334913,-0.03262091893827833,0.2126578695521419,20.51103995577618,-89.897072,54.599567,-16.67108349938018,-16.584121,18.66479958984246,-72.7569969586576,71.59451903158612,-0.0231729315062406,0.04032400312543763,18.66620517419923,3817.3145,3842.8127,3830.948278488889,3831.3262,2.981729647324419,-44.43133740528358,50.20383099899533,0.03316139584900418,-0.3363593957579156,12.26266661213271,-33.30754316068446,35.13223180787518,0.01919788582486857,0.05736258884763368,10.78256900531043,-84.21456201992123,23.20013772381064,-33.91168083741401,-33.99853199883442,15.09138202683437,-74.55352554510306,11.88866945509061,-28.18340464125334,-27.92408907439528,13.71349981229935,0.2371853129788861,0.2350919328157739,62.702269,0.41525659390422626,3.8555560892317993
864,E864_processed,21.707188,22.546749,22.15504569044445,22.149063,0.110361027101003,-0.4217677814397828,0.3840353818811394,-1.706719691596538e-06,-0.0005578681984755923,0.1044975236220765,-4.997119885097348,4.970731062314377,0.1916669035817455,0.1715340641829988,0.4678898101903508,-98.355705,46.344688,-19.06563301387177,-18.889523,19.74620941350071,-79.2528053827505,65.32418094369106,-0.02997322173011239,0.1760112472525217,19.79043673549338,-85.110748,61.185749,-16.64663190031611,-16.407995,19.83087061971289,-68.42887122686987,77.91236000819713,0.004033870669174855,0.2626861058252433,19.84637103801155,3817.0806,3845.6802,3831.153030311111,3831.417,3.219232052303172,-41.24262982568075,79.04531360077934,0.05452022977929109,-0.1749700876635045,11.9916760287302,-43.46942999110008,41.51581479327976,-0.002164100672895236,0.002539533844974518,11.57985161339287,-124.1363109841216,74.35622256604475,-77.54294826112199,-77.716078254322,14.51930214127025,-20.36307370618199,82.60952029563394,34.46809397533062,34.76625113114223,14.67820774837608,0.2427589137779962,0.2288891368672709,0.6628149999999984,0.37146143225806516,3.8536480686695276
865,E865_processed,-16.227905,70.313599,1.908448243175944,22.5379128,7.28361992930446,-35.23171660360587,34.16781684499951,-0.0001407418291827237,4.400527178740178e-15,1.895397328590273,-4.49556364012408,4.999057696488116,0.01332067232986143,4.09259640612141e-10,0.112531122405683,-91.331474,58.422344,-19.01777819737971,-18.7751495,19.77226425846575,-72.1748648833723,77.42325864977785,-0.001300464759343574,0.2664548181275423,19.77548672756709,-86.668312,52.581646,-16.7056593122978,-16.6677675,19.7291193555723,-69.79578158432292,69.37212504758817,-0.03463728568690059,-0.0175274578812542,19.72874256486582,3818.0579,3844.8516,3830.929251283333,3831.3606,3.339690132516218,-40.80738250191632,44.25530880350886,-0.006562493297577913,-0.05187193725302253,11.7059713031233,-41.24227902050362,55.42808691061079,0.04194569087792205,-0.09885042695062232,11.93668150960511,-38.02388434488591,64.51213666391907,12.73986114743063,12.81249389343105,14.4892401240266,-99.53520315044601,49.94835421087545,-52.12606111527721,-52.0539279482004,14.68959754295901,0.2416373482433463,0.2295085207163018,62.879023,0.39959125062610956,3.8203664204544943
866,E866_processed,21.574623,22.369999,21.95464023738889,21.950218,0.1129083900226155,-0.4094803367161459,0.3773451172249441,5.714072511847622e-05,0.001406016190553474,0.107046178554501,-4.963564003884199,4.966704527136105,0.192191446212859,0.1706140116261486,0.464436153908024,-87.497917,45.039211,-18.84577328344455,-18.851391,18.63935762749959,-68.43418653695412,64.11407780926262,-0.003506938947590233,-0.01279932628551099,18.63717432443167,-89.516594,65.135742,-16.71622167938165,-16.6431955,18.70092986041981,-72.52580237008834,81.89788282648252,0.05267008568369834,0.1093910889480766,18.76493810582115,3817.0579,3845.53,3830.968987005556,3831.2122,3.127858431372432,-36.22110999756221,40.0954735769687,0.009652520136918474,0.02793377550815684,10.94516239168367,-104.4677110391424,57.74914144092982,-0.05940827264883147,-0.2001910556890105,11.58136484928235,-49.44664697989121,39.87627927572235,-6.750716717057703,-6.741972606156908,13.4970043223567,-81.54356828901189,147.924737248135,98.26040046130306,98.46141448077249,13.91231272074884,0.2462203228272856,0.2305425425965341,0.7070010000000018,0.36874251898734195,3.7701052631578946
867,E867_processed,-16.227905,70.092659,1.895554680267834,22.3523246,7.244476484301431,-35.22641497571233,33.93509992719465,8.879672441488304e-05,2.086830912326813e-14,1.898622608608159,-4.999961545226342,4.999978962221495,0.01498236410398089,1.114528557898587e-09,0.1072028535550934,-92.494064,53.310982,-18.67757658506265,-18.7990875,18.27867618591812,-73.57204252699108,71.76257152530496,0.02888769491315813,-0.1132227498002185,18.3101533944826,-82.82074,46.719269,-16.6968862192087,-16.790493,17.12773993841379,-66.10108414799845,63.35841747874112,-0.03196473252027648,-0.1217285010792504,17.14595588521027,3817.7258,3843.6755,3830.784411866667,3831.1343,3.238746761987777,-39.89224998541441,39.52854606463718,-0.02253506241377096,-0.1869537400878434,11.53892460083297,-35.38194826446481,47.62935803561588,0.02965174270002827,0.2592448331389694,10.65501759168169,-47.20919326956854,56.66376866021533,7.555080467841061,7.787840932089061,13.76621643195455,-82.21616465322666,5.694789809693965,-38.0015041510154,-37.94625425296307,12.88640556897494,0.2505553590609996,0.2322144458890394,63.144146,0.3920880150296386,3.8495084408280085
868,E868_processed,21.353683,22.193249,21.79169481566667,21.795563,0.1182478064243117,-0.4175057361583698,0.4260888979879804,-0.0001550839296848831,-0.0002932716465775669,0.1133307651915786,-4.942621792420809,4.991207568428714,0.184447692320433,0.1684771287392616,0.4478576231129702,-94.62558,53.098866,-18.61040462792519,-18.3803225,18.03125502670161,-75.93767921235687,71.7316270550575,0.03609707396893233,0.2772875662415659,18.04756090851453,-79.246597,39.541298,-16.65855751287387,-16.818285,16.59829679132391,-67.98652604482831,56.62368997281677,-0.02719946555216941,-0.1317503350660971,16.63322047285659,3818.718,3843.718,3830.973769338889,3831.1472,3.233995912364208,-70.79220172783803,45.22267228403699,-0.06119449413003383,-0.1045566402296894,11.98525702249339,-60.69378703317328,87.17754566036723,0.0475867114721532,0.03075204855506386,10.89137091163817,-49.534987609098586,101.9452253105593,54.60939726622551,54.67677844569045,13.75069443070341,-124.0298354755762,44.54479072594893,-73.42766208524884,-73.2314701892107,12.68984197455662,0.2393872342735821,0.2310854916455068,0.7070010000000018,0.3890968395061729,3.6733059548254623
869,E869_processed,-16.227905,69.960098,1.886554519725833,22.1667374,7.22165739014325,-35.21870724958393,33.79323238666022,2.311852247358458e-05,1.915270602454595e-14,1.895057946095576,-4.999996577810041,4.99999446622995,0.01442273843922068,1.664485759843694e-08,0.2907252586635902,-90.709839,44.052353,-18.39485409161864,-18.4630115,18.60513324130523,-72.38836797615667,62.53704413997468,-0.0009630646151214361,-0.04526366037001961,18.60956893641312,-78.35437,53.380775,-16.53205855409532,-16.6085665,18.19235553723,-63.64567587004413,69.62884801796463,-0.04990734660278018,-0.09040579662293069,18.22579099824141,3816.0945,3847.4307,3831.183381161112,3831.2812,3.672202523325999,-34.82695237843038,44.70625597363339,0.001781100673476159,0.02065508895512247,11.98268815059381,-38.44572241964983,73.66270251563964,0.03221911368773961,0.005838657086154608,12.03498304305608,-65.89372279956774,32.95545984585727,-16.58783653622243,-16.58027176001905,14.16973179651644,-123.0000094104992,44.54479072594893,-74.28900660463941,-74.24626270815182,14.17837023526395,0.2388519624069802,0.222234960272844,63.2546174,0.3830728302992942,3.7955731405650313
870,E870_processed,21.331593,22.060688,21.71895338594445,21.729279,0.1098947303776315,-0.3998577897523389,0.3432871102870863,-4.619787859732612e-05,0.001016290986692441,0.107662107901178,-4.951076472418699,4.989971564547101,0.2171731091255324,0.1948271814586618,0.49964351576366,-83.899429,50.756462,-18.29433601308979,-18.3559915,16.93479999232797,-65.66817239567513,69.01874433032043,0.006657935180343172,-0.04515349033959426,16.92769569564418,-82.603821,51.661877,-16.50567529032708,-16.632558,17.23821350517349,-65.90733727607679,68.35014844733901,-0.010594565379655,-0.1898326225196095,17.23652949928596,3816.7556,3845.6448,3831.424556405556,3831.2417,3.317161877662751,-44.64277537475383,37.31625081532027,-0.004524482255915974,0.001983598307042644,10.61612331223616,-35.16111999189934,35.85863810585609,0.0143899278654167,0.05119980819723491,10.47930344553395,-30.39328723986535,71.33255971075924,19.48314445760343,19.51064307300657,12.54973170608135,-56.222932729062,29.58744108041913,-12.23342519206333,-12.16908980567236,12.87213447688355,0.2440289884405182,0.2368258453117057,0.6186299999999996,0.35933947150259093,3.096206896551724
871,E871_processed,-16.227905,69.871719,1.8853166498285,21.9988244,7.216471052237132,-35.22377977956688,33.70239136440351,0.0003670905463556521,1.253590097359513e-14,1.895180873662885,-4.999954401487393,2.632040412592571,0.01274853347072299,1.123626357867432e-10,0.0961480017239607,-79.481461,42.057724,-18.22660786561951,-18.1010475,16.94975943786543,-64.45126439912187,60.09058118205701,-0.03825836059735678,0.07500697903770712,16.99148951021536,-78.919006,45.696976,-16.59274795873657,-16.500845,16.2872120104624,-62.55345646254655,62.40039271949031,0.01509520150863653,0.09044642190148777,16.2868634175703,3814.1331,3845.3196,3831.367525877777,3831.0508,3.252462761093835,-51.29859089652393,83.37705253611891,0.05627529234364437,-0.2269793817368564,11.1236058672236,-35.8862832249407,33.80289981433684,-0.01035297531220434,-0.007135068503518749,10.07825020442472,-122.4776400482211,69.95442796629438,-78.7847954203857,-78.94542480908501,12.75822114140856,-22.3307813107766,61.73021178612245,20.72829288171859,20.75195716186726,12.25382578022777,0.2499927011098033,0.2355357020434842,63.3208958,0.37639992947786105,3.686806389794075
872,E872_processed,21.265308,22.126968,21.71078845922222,21.707188,0.1197437117366182,-0.4407802933269439,0.4227133988615513,0.0002518051405105897,0.001372165585743966,0.1167342943975239,-4.985477712496578,4.984684852951014,0.206090398494648,0.184784525706829,0.4939924318457218,-83.29142,46.207985,-18.19391707773599,-18.3630985,17.14060241628465,-65.10616065543527,64.14606186769743,-0.01824700749327383,-0.159741386317632,17.14479376640464,-82.093811,45.912369,-16.68488608567018,-16.796145,16.63792665787413,-65.36841498757414,62.84138491186479,-0.01671293123260198,-0.132697717856924,16.63422618748104,3817.6787,3848.9272,3831.719667311111,3831.1685,3.266846005011609,-34.86944589241388,38.19766831177246,0.01057761899931518,-0.2084452652771321,10.77592631642841,-32.93055304889278,36.94641241075212,0.01316281392397282,0.07511723790775432,9.82446283350168,-57.65498033015295,27.18045669867806,-13.22271183971353,-13.20885745136413,12.72947106371449,-59.86053772445861,24.893577973438,-14.85013370125611,-14.67650331746178,12.19640872867053,0.2516202377429048,0.2371601569628386,0.7732850000000013,0.3846054525139666,3.332653061224489
873,E873_processed,-16.227905,70.203125,1.887414950504389,21.8662622,7.223820054357878,-35.23448543724825,34.04511833930317,-2.202777253069265e-05,1.840290733553548e-14,1.894632958317875,-4.999999344665174,4.999998233440786,0.01552943046441287,2.094475266363713e-08,0.3530081385089718,-97.887222,49.927803,-18.11058545197389,-18.1014635,17.40322765458711,-79.22760702526804,68.14402144142419,-0.02237965359358857,-0.03892235821644205,17.4132706757459,-79.771973,51.254189,-16.47876391343554,-16.8459305,17.16219254436272,-63.58424220980289,67.51543771724573,0.03966774540917842,-0.3599353361552402,17.18735927312309,3816.6946,3846.157,3832.175382794445,3832.0139,3.419760856798489,-42.3504298817566,50.73094178391369,0.02231784786145348,0.08502404784155648,10.5777925126603,-38.85605830537746,35.95924376675099,-0.01737026650154889,0.02840536151960272,10.20207743090876,-61.22061170487358,42.70257534675221,-4.194566822157108,-4.30828377017747,12.73810362045535,-10.30253339539968,79.20556553748385,33.0734367955413,33.05341036831281,12.71206660890644,0.2455396720336135,0.2342625899276844,63.055769,0.3746491429536275,3.545183848885819
874,E874_processed,21.309498,22.149063,21.76421256894444,21.773468,0.1221985994965427,-0.4647270326926253,0.3912327094268468,-1.267859742126594e-05,0.0002778040948538778,0.1188617179699596,-4.864810298007689,4.985931460669172,0.1965971027150681,0.1768129838823674,0.488453037526248,-82.807175,54.585426,-17.76437346122528,-17.8188095,16.80915281817502,-70.642307979237,72.0785952514398,-0.02043749708716499,-0.05950175489066867,16.83588695450181,-87.358932,54.780769,-15.65862576445611,-15.706261,17.37442191881166,-71.52151510164981,69.87531845586557,0.0185816745221931,-0.007355728340199125,17.37160945834333,3818.5237,3847.1235,3833.927363400001,3833.7317,3.379714435526353,-36.3408613374161,49.73343454483533,0.01561900300616601,-0.06517330721598036,10.60612999566864,-38.8431646021244,37.83272670632306,-0.03051822002893551,-0.1862958071243201,10.24469385424072,-51.14651489839643,64.12474190280979,-2.308492273426197,-2.309168736299342,12.52080438980544,-39.67755388003675,52.67545727352811,12.18986373779001,12.34955154008179,12.76411060929776,0.2532976696245418,0.2394442319664518,0.7953759999999974,0.39905403370786535,3.358878504672897
875,E875_processed,-16.227905,71.15316,1.877057858653945,21.7911432,7.136779951333787,-35.03806314640519,35.34342912313291,0.000181215002328462,2.128769965659614e-14,1.940688623017788,-4.998353258520555,2.063300935608368,0.01386232140571645,2.934139440542308e-10,0.099560826046343,-82.826469,51.921303,-17.34120575223107,-17.450504,17.15412801382027,-65.57382081877189,68.90416353088825,-0.04766371550654269,-0.1295670545669674,17.18557029445104,-77.164299,50.286366,-14.22766045606905,-14.436442,17.18028468363718,-62.73849375305439,63.84664959920396,-0.02275932926868121,-0.1738089756056103,17.181083483093,3822.0461,3852.3972,3836.457327011111,3836.3281,3.49194374239848,-49.11761193645102,72.48009721836091,0.06004609106375266,0.2117774591149751,10.98018360468796,-32.183414047009,37.60450165974805,0.02505738182942529,0.0962223090496499,9.978624189900701,-104.4215608235698,55.69924482391918,-57.96538672769366,-57.82241239633125,12.76269928964787,-64.01098777159305,24.57675361327072,-20.25200790765171,-20.05807156523848,12.50948814425393,0.2384317862851077,0.237280758034078,61.708044,0.3801676632435876,3.4462299360864934
876,E876_processed,21.375778,22.303719,21.85426569088889,21.861843,0.1236422798498996,-0.4656644745524967,0.4589393164884533,6.414785136543452e-07,0.0006837931315288371,0.1200887830278172,-4.9699959671324,4.999814264805304,0.2150106975820608,0.1854673293780027,0.4744414345449416,-80.351784,43.062248,-16.57026349555836,-16.399331,17.11294835761655,-63.3165888382408,60.03195889101815,-0.007966545262613313,0.1794421028400615,17.10561557785761,-71.84552,51.740601,-12.14332528849667,-12.379709,16.35025423440613,-59.60989532015165,63.85651504669752,0.01003067414397916,-0.2302028107373901,16.34358367190424,3826.5059,3855.9683,3840.471053488889,3839.8979,3.423548954431727,-44.75554368879476,41.43956891075649,0.03032818979430742,0.1351855472681346,10.50400638404063,-37.07950675138375,38.49954728630174,0.01750110886452019,0.0007998354615823545,9.40860944166573,-57.80714791016857,31.47818484232536,-14.59257207328377,-14.59635458659694,12.52702390908859,-59.76493624058251,28.28926917707848,-12.87841898643727,-12.76213798989876,11.86700614010293,0.2465784839350553,0.2360590640290098,0.9279410000000006,0.4051777853107344,3.369360902255639
877,E877_processed,-16.227905,71.970627,1.902820469453833,21.773468200000003,7.261404892988268,-35.25534718286897,35.78687942611676,0.0002143740958663242,1.345461684416552e-14,1.89439431249965,-4.999300293189476,4.999786401137948,0.01552715957657568,3.227033187208637e-10,0.1337915913574545,-77.451851,56.732418,-15.45457569888852,-15.397713,16.59667076995947,-62.60018963917179,71.63954097909894,0.01474394283864726,0.1127652109564019,16.58868667088126,-76.301758,62.327091,-9.389041934003824,-9.45328475,17.19720889336824,-67.29196574467557,70.63496453491616,-0.003027104718075521,-0.05486970234543875,17.17327064642908,3830.9702,3861.325,3845.445509805556,3845.2546,3.400332282706714,-37.16244316935519,36.44758992625745,-0.01615013094058087,-0.2179722487755396,10.08988857637822,-35.37989783473206,36.02978936009067,-0.01495514120779773,-0.03554886552928549,9.706713396616992,-35.4350544098677,54.04661165228295,9.203393499088456,9.126170055476859,12.11005740249647,-48.25424658871067,37.88240491320714,-2.81994947259842,-2.673747559307908,12.39549215375634,0.2533389386160452,0.2456728287089527,58.835843999999994,0.3874547165082661,3.366081063906042
878,E878_processed,21.442059,22.436283,21.96958419616666,21.972313,0.1225936816095658,-0.5145162584865837,0.4543593281602198,7.263476279880959e-05,-0.0001059975136065688,0.118617142555429,-4.976826023533474,4.830035617176593,0.2061305387969699,0.1829294432899571,0.4910082941734702,-96.415955,52.929035,-14.40932697933346,-14.234033,16.48681968147404,-81.70237167375825,67.65687313251357,-0.03053809514903466,0.1400345215920816,16.49691399752007,-63.748894,53.294285,-7.04005596710629,-6.852710050000001,16.46353947125136,-55.76991425427468,61.29615003188097,0.001053531872804213,0.108748362943335,16.45417544702833,3836.3269,3861.325,3849.864979516667,3849.7185,3.121443478745475,-38.32698128876795,41.90009422984033,0.020071196586235,-0.1018608748189781,9.674676812960973,-31.21447843041775,28.6206006656878,-0.01420087210175031,-0.07896868644981181,8.967790480500245,-80.89199092988456,16.45561563348439,-34.4955220145179,-34.53264835683869,11.79733170637653,-16.88675353563307,59.72555559216829,24.72181736507671,24.83028794198561,11.63974284429244,0.2515908683786304,0.2438686367958651,0.8616600000000005,0.38706879558011104,3.2983486238532107
879,E879_processed,-16.227905,72.257851,1.889616945320778,21.8088182,7.174233458551327,-34.8407906166559,36.36265953749985,8.706669791624488e-06,-4.124864726890092e-14,1.937562789448504,-4.999999884862151,4.999998877701429,0.01441625716791741,1.494339372036065e-07,0.7979072231230052,-79.501854,38.672623,-13.2797837379967,-13.0343745,16.03542536738131,-65.88858469477341,51.97758645476115,0.01119264321173105,0.2085334352911079,16.03250618975303,-64.717293,53.134144,-4.534780397506935,-4.15913155,16.85781753347695,-59.26525685201464,57.66532778149258,0.02178214464205943,0.3699184490318614,16.84772507345724,3840.0017,3867.6223,3854.411375255556,3854.249,3.38352196623722,-30.15412350640859,33.67232303872309,4.848581124976666e-05,-0.2343622597503249,9.745768208783282,-37.08185999598312,29.09955989033311,-0.0184632626469213,0.01091255188963291,9.533706865625962,-19.92569729548076,57.14753925338509,15.7265488996509,15.71941802395018,11.66825958880172,-3.182132246767284,73.36334453994384,36.77940379104106,37.00890453102735,12.12024829978837,0.2383482637036787,0.2377742374502873,55.67643,0.3870491077230537,3.291089597711592
880,E880_processed,21.618809,22.458374,22.05674174611111,22.060688,0.1103866033585578,-0.4261992888631162,0.3722917893959273,0.0001374084067080461,-0.0007949386848485254,0.1060460587220369,-4.959987985579354,4.951165596875482,0.2255813144235169,0.2000045962203155,0.5262030224033264,-74.769844,47.372128,-12.36750435575597,-12.320201,16.54416985768206,-62.74801956159031,59.71459365221733,0.01855234296816132,0.06761560259101727,16.55478111519885,-59.827888,68.96788,-1.488104445846578,-1.62721995,17.27565485615533,-59.18833954452865,69.30974272602828,0.01236256218096097,-0.1642802610993103,17.25441808224422,3847.0642,3877.5674,3860.332414405555,3859.7842,3.590952815460745,-47.48240857681198,35.13644893192127,-0.02539752615968822,-0.001123985812860995,9.871334089751615,-36.09903547114837,32.29651875341564,-0.002438474805953725,-0.07040972595103079,9.660164963563462,-0.8232577027686374,80.00685917406467,40.30237051211398,40.40235624404754,11.99868857690212,-56.95390992342632,26.46907048828161,-13.94692898439318,-13.85658810938009,12.44251924810131,0.2499863988140143,0.2449888276382339,0.618625999999999,0.34777755958549283,3.073493975903614
881,E881_processed,-16.227905,72.257851,1.91737905165,21.875099999999996,7.302203724526567,-34.74962935896524,35.92188801372336,0.0002403273409390623,1.039270724719231e-13,1.893718474384761,-4.999606862603038,4.563278896904677,0.01109119293702943,1.96269909023326e-10,0.1031236651042907,-74.372223,51.017857,-11.03475333621041,-11.051234,16.43652975715158,-63.37929033920864,61.94234797892831,-0.02183320053273871,-0.04015710496228087,16.44789337642711,-61.009258,65.927628,2.324677769990904,2.40309285,16.69314018209501,-63.19053950069215,63.75059601124336,0.009867912692234148,0.1213812525587285,16.65086946412325,3854.3774,3880.5027,3867.130780905556,3867.1013,3.531007528396846,-40.41555800141774,36.0379118612146,0.0166507925566074,0.02985242231824659,9.851739305489506,-33.34769066448409,31.73159485635351,-0.007927002698330708,-0.02461986885784972,9.170911645114748,-51.0297557849917,38.05790247170808,-2.894659074388503,-2.803449191032612,12.03668500039037,-55.80367078632378,26.98445625634735,-14.31679400280521,-14.14891764593256,11.88406251035218,0.2455433268831022,0.2394355817943618,54.46127,0.38473672533963404,3.28654701358197
882,E882_processed,21.751373,23.342129,22.16117059405556,22.171154,0.1188063947767264,-0.4098174298656517,1.13620770366777,2.401761055359818e-06,0.001303863568544116,0.1144655274232706,-4.974309279131885,4.965693509101171,0.1944332463181905,0.1760998901503631,0.4809806071783865,-69.480186,48.386086,-9.47153631995489,-9.30968805,15.41420613554076,-59.95461523085206,57.83305595318264,-0.01638311162506961,0.1324505969332445,15.40865818725554,-50.693924,56.983627,5.674226649188978,5.8521602,15.85759635122627,-57.01553284235708,51.16205311958038,-0.01876782707802132,0.1313463419092173,15.83598456141342,3858.0632,3887.7715,3873.830362738889,3874.3196,3.324006625162559,-34.4871356844755,35.03644273147364,0.02514415379183855,0.05752500189793461,9.330881329751664,-28.06893030821037,34.19656408585858,0.008927657168217732,0.03776621094015509,8.728940742460837,-45.92279249774322,32.91678383609491,-3.934552772739709,-3.772416513548544,11.24378346805294,-74.68621928107902,43.40654553647474,-41.008473621643,-40.96455432371218,11.28810081187132,0.2494565520952835,0.2427966001039062,1.3256300000000003,0.37983881355932253,3.3806026365348396
883,E883_processed,-16.227905,72.169479,1.904259006611778,21.9678932,7.214305603817229,-34.26694601305581,36.16219533299036,0.0001861756730807562,3.115947321231663e-14,1.935508259585127,-4.40062402587948,4.999931774543215,0.01607972394674596,3.626115052840095e-10,0.1345528103784913,-61.343533,43.041557,-8.026507932995399,-8.031171350000001,15.11210899824231,-53.83976879792613,50.74220724437144,0.01188891501614801,0.009549636710116879,15.11551942722757,-51.983212,67.443611,8.225080404678668,8.39030125,15.24062074124247,-59.1505305161512,58.43736310771826,0.003082589688985455,0.2203696117748599,15.2487092768584,3865.5239,3893.3318,3878.943592794445,3878.9341,2.987538685770684,-34.1734800302255,29.11129689132234,0.005319035080609097,-0.1140751338716992,8.960064392699731,-42.17207722782381,30.80286418933037,-0.02187835539187184,-0.08219562478552861,8.80921734343294,-38.22010665753891,35.53289558921551,-0.7493888516138417,-0.5571620107508054,10.91458530805254,-9.899723436881025,71.5780157180163,26.14507982703536,26.07711866393322,11.02877629922178,0.2465381959794914,0.2410724924702767,54.48337099999999,0.3837833975487052,3.29613692864404
884,E884_processed,21.839748,22.613033,22.24133196588889,22.237438,0.105112486252079,-0.4074846204599978,0.3629688018394822,-6.516096475140213e-06,-0.0007109770763703786,0.1025806830293886,-4.877536022289458,4.999284199585253,0.2149649991685694,0.1900452006005628,0.5265084528828962,-59.429226,42.512035,-7.355993178613338,-7.35281615,14.14275285927051,-51.93992905393295,49.73575890681713,0.001011868367220615,0.05286287121089575,14.15633175923066,-49.140091,64.758461,9.08374656088164,8.9799976,14.11444609613397,-57.87772741863701,55.76226233911866,-0.03525541802190189,-0.1417970514909894,14.1589145433369,3869.3037,3892.604,3881.26623575,3881.6499,2.700456389215587,-32.05989927794631,33.01293090271305,-0.01454930979768702,-0.2466878934101344,8.35443127742704,-49.99998692936941,73.04713994201552,0.05366218151573952,0.05192613129875134,8.447998760048389,-7.309607999959777,66.34117213183477,30.04300986334403,29.91285135045304,10.12689643693188,-114.7720072684355,44.61603639687132,-72.47970158374102,-72.44834528085804,10.17615857232767,0.259426107815043,0.2461161124553511,0.6849099999999986,0.33436868041237117,3.0797945205479453
885,E885_processed,-16.227905,71.683411,1.909550477852889,22.0606872,7.228397199412346,-34.23476841433146,35.51694916331891,3.511510925861996e-05,-2.592951565499064e-15,1.938347214754471,-4.999048989352596,4.999549178865784,0.01450366462164249,4.018875389344662e-09,0.1301349617261596,-60.207161,43.44577,-7.049631950721977,-6.828243,14.55747793897384,-52.93037854103332,50.50547723819376,0.0008183953650705418,0.2497590146264723,14.55000111104128,-38.174946,67.020699,9.820561010144413,9.98981525,14.91355844823151,-47.88078126197681,57.39664992392731,0.0146729167528243,0.2224191191955961,14.91259188000201,3870.9949,3896.8826,3882.484968972223,3882.5952,2.905122301676703,-32.93777564048097,31.16206903959182,0.005342253707511152,-0.06303393761029585,8.379420036823497,-39.7416594121601,31.53704207729552,-0.02369210488312427,0.005637691983495507,8.223875632342962,-28.18231495391805,50.66512156018495,8.17177333425919,8.270505085372129,10.32473678206788,-16.16064114945011,53.25499420299359,20.70808924442851,20.83937745964169,10.53554077996275,0.256651304746278,0.2410956017639048,53.710080000000005,0.3708463268896064,3.2403201318190495
886,E886_processed,21.883938,22.789783,22.30908271466667,22.303719,0.1082104896789363,-0.4381044663174722,0.4521071709741967,0.0002554362751857866,0.0002674586919165743,0.1049330599345659,-4.892758029238808,4.993328274724175,0.2122189018081294,0.1877313646844055,0.5191961263506528,-61.297279,51.293625,-6.479492516061328,-6.432078349999999,14.26058959008676,-54.72630131538725,57.66551841621176,0.02314329233223391,0.05329058336860876,14.25840249865734,-41.104908,69.573097,12.61397469714229,12.4525555,14.18665421935551,-53.50932165030902,56.99520947175203,-0.03706726996301963,-0.1474257022355298,14.19094227650365,3872.7263,3899.4985,3886.3149157,3886.1492,3.184672316617933,-35.18436592911775,34.36341643454176,-0.02366953323070099,-0.0404540982919217,8.394683511505477,-28.30697238225095,33.78054501730148,0.0204448794972171,0.07760432819634694,7.907021343474529,-10.42226252708295,67.09380607194707,26.62735775179892,26.64129274309176,10.15924367136804,-66.29166873346216,26.98230061694048,-12.05975359555533,-11.91293249951931,10.17965847940035,0.2704058799991036,0.2533067302574032,0.6628150000000019,0.3436687801047113,3.130487804878049
887,E887_processed,-16.227905,71.462471,1.916312403271833,22.149062400000002,7.243147211523321,-34.32358126552197,35.26267292668788,0.0004258781334770032,-1.119930211178826e-14,1.938299446316495,-4.120982652322698,4.999894306461839,0.01442781179414283,9.741261520400618e-11,0.1071643208698616,-59.329758,52.517776,-5.055368446721149,-5.00606705,14.38664390037082,-54.36686996059666,57.15839851228199,-0.0091256333781782,0.02764247154455002,14.3755251274369,-41.669231,71.160301,17.04968859277844,17.0705405,14.48939494313016,-59.65028506444591,53.0683375822542,-0.01034188726894615,0.03323992465074674,14.44944261667391,3879.8459,3905.8367,3893.475298355555,3893.3931,3.448471744951561,-29.67471060368825,33.10998912409404,0.004466506778844719,-0.03573780866160159,8.565154232323719,-51.54615123216048,72.45802076219758,0.04365873355740748,-0.1455782299219698,8.643541768335941,-53.75058351049275,19.3153525747422,-19.89995359560053,-19.87625168681983,10.33799410080412,-88.53192436099721,3.924124852817448,-32.67830748384394,-32.60664461615233,10.45428763878794,0.2605720397022771,0.2499581101572617,53.53332499999999,0.3585445258484018,3.1925455123435316
888,E888_processed,21.928123,22.745594,22.358018031,22.369999,0.1104825909330383,-0.4109579137223216,0.3841719664325586,-0.0001478163048263744,0.0007028398213573747,0.1073377682297847,-4.984582357089069,4.998161986475766,0.2050078313752862,0.179589737612428,0.4992825515416405,-63.95607,44.109589,-3.863411590059086,-3.8618356,13.47318992473286,-60.31477692769205,48.30293225505706,-0.006683831910831853,-0.01350443248752719,13.46777446015477,-27.017271,65.431992,18.35733771470772,18.230931,13.19916020581613,-45.4872788221239,47.15502002543369,-0.02552701434281326,-0.1521875605082909,13.20581472548026,3887.2729,3907.8853,3897.177901394445,3897.2463,2.515912970962939,-27.50949876406699,30.27826616902389,0.004602497843000457,0.130974263311316,7.946927642020198,-31.06600946640088,56.71732454068071,0.03089352222667037,0.02509492619539121,7.653909884351694,-48.75685318568806,22.35279385348312,-9.824163857904049,-9.834754044378352,9.463345975475816,-83.08728443320132,42.785232783438616,-50.35453994444989,-50.35998299356922,9.356748657206294,0.2744562617909818,0.2533323499759609,0.729096000000002,0.34812667027026906,3.2264864864864866
889,E889_processed,-16.227905,72.147377,1.919632604890167,22.2285996,7.254388535026894,-34.83736346227269,36.32043459839642,-0.0001419418076672698,4.882521408024452e-14,1.937688390110915,-4.999904627204534,3.505542362777018,0.01163773850882924,5.148766733144647e-10,0.08879930900695912,-55.283695,39.295326,-4.250481236623384,-4.2239921,12.60036971856184,-51.49959124581559,43.23535552349136,-0.02677475326530103,0.03128111578826481,12.6100232256366,-31.31851,59.519081,13.22149805700727,13.056417,12.73244557472005,-44.25495268129039,45.65529739604157,0.0008113189918821983,-0.1433108984733699,12.58202513542192,3877.8162,3903.6987,3889.871664144445,3889.4263,4.138810960274764,-24.28002122511141,44.11591404654253,0.02773895148634088,-0.01288756739515462,7.645219329547841,-20.83207017720593,21.81871660207363,-0.009462356135705886,-0.004582057950009988,6.85768709231478,-59.31468779949935,1.150819012757658,-29.47661408648724,-29.4467247417768,8.894754407963296,-13.7423009523952,44.41952255251685,16.29071902426896,16.35355142783829,8.741286347394265,0.28562585579359,0.2566292544188432,56.00783200000001,0.3507561007864334,3.178173084870187
890,E890_processed,22.060688,22.900253,22.44168474372222,22.436283,0.1055305339367838,-0.386660768065089,0.4591644209835135,7.589031964232749e-05,-0.0001789220092372548,0.1025776692429868,-4.984600127289496,4.968930819294947,0.218885875978806,0.1905884024033377,0.5047927947797383,-53.474396,49.031498,-6.497495944167745,-6.5084295,13.15945694897048,-46.83683725434821,54.77962159954672,-0.02949196739246584,-0.03787841880778775,13.16075816081027,-47.152431,52.770935,6.575728474775383,6.59913255,12.64037040536614,-53.829324948535,46.14854445530889,-0.01032872150176914,0.01890914055333964,12.52824301297721,3864.4197,3892.9985,3878.136128338889,3877.8162,4.113749800678817,-36.90801846175403,35.56248724289851,0.03139945335936003,-0.02438154260192605,8.188921031230397,-24.01979595581313,28.0029126244752,0.008799417676369587,-0.01813633269947479,7.035607138990484,-60.75263028929084,25.04432495543261,-25.61261460291929,-25.57332863019735,9.558711201976685,-33.38530147846438,33.19438460926611,3.125983973710285,3.236042264754575,8.847360859630657,0.2655164273474421,0.2544430113815938,0.6849099999999986,0.34113289130434726,3.2516304347826086
891,E891_processed,-16.227905,71.683411,1.920214406794222,22.303718600000003,7.264720820343667,-34.97926895975364,35.91533850470888,-5.791838621395209e-05,4.250162573731641e-14,1.937171752519236,-4.999397737034831,4.632431915600693,0.0138724150107561,2.385314233347831e-09,0.1147962654483838,-60.68602,42.302132,-8.937417512200184,-8.95344305,13.43531962124057,-51.17413121982229,51.86331176925259,-0.03618643522362786,0.009512441981975317,13.45321984748379,-46.293087,50.084415,1.272670271502767,1.17829645,12.95498918332536,-47.00770211350067,50.3770075387265,0.02186396704628387,-0.1813013100879632,12.91233671166885,3853.3665,3882.2815,3867.533228638889,3867.8875,3.673518780447253,-40.20499757811852,74.09860131093575,0.05601870940559495,0.1337348715560378,8.692417878851774,-30.0002695677433,36.58063624513463,0.009332654050606348,0.2106581510022376,7.337467872403086,-105.5321167863348,35.847097205740084,-56.4951215710251,-56.5140666625329,9.795073227868999,-35.67698825112956,40.62808762041377,3.140888258437791,3.192420517357454,9.1964844039682,0.2655441107062362,0.255479920443481,59.454474000000005,0.3494271671302043,3.213800376645986
892,E892_processed,22.082779,22.988628,22.51094993272222,22.502563,0.1098386284682913,-0.4188157978433152,0.4728882227184178,-0.0001468532774988429,-0.0002359841102690029,0.1062957087040026,-4.97975204169469,4.990224117396522,0.2363936865562577,0.2174236335909759,0.5115776851074914,-66.805222,37.858597,-10.92078756127085,-10.7403725,13.18414554712353,-55.32367435300061,48.96551694468531,-0.01587596244751389,0.1817237505583861,13.18233987792267,-53.444706,45.782337,-3.306512370600685,-3.5980787,13.05398223368859,-49.06551861469183,49.54293399785485,0.003402940062476604,-0.2608837827559009,13.01346901487246,3845.9309,3872.8247,3858.683208627778,3858.5273,3.529411795980212,-31.46143849198773,30.33401003204345,0.01943454272820296,-0.09738758667233871,7.696371081527007,-58.42749550976197,33.02530347033726,-0.03770967085025526,0.1718161190725404,7.49523286952205,-60.83520360437178,4.18721730005853,-28.95980407267516,-29.01321104118954,9.144040506131859,-7.981128247402975,67.56623893923697,31.68420461285792,31.64614789034496,9.108548565646265,0.2711015236839842,0.2638337381025657,0.9058489999999999,0.3523034137931036,2.9438423645320198
893,E893_processed,-16.227905,71.108971,1.930295323755833,22.370000400000002,7.290146485796981,-34.99049702632511,35.36347419115388,0.0001430500181823256,3.892783321081415e-15,1.93573830700745,-4.99954839463035,4.622666875182339,0.01551956594606336,5.652566594688468e-10,0.1033354588662504,-65.103493,45.202549,-12.64120559816393,-12.7868775,14.82410954518883,-52.12852194751461,58.17454407172229,0.0005941910603981928,-0.1210842605721605,14.82308951081126,-63.793831,42.476746,-7.408878103525845,-7.51932955,13.9292084217049,-58.06385574589362,50.13874655821876,-0.03535010816617403,-0.0415538709218041,13.92430415150021,3838.1045,3864.6709,3850.544244711111,3850.3789,3.381980296071123,-36.83000344604036,26.46615777967126,-0.01734005365346716,-0.1227744639547694,8.122700989816076,-42.90252355106565,73.35361009856173,0.05371160739242969,0.06172830175709842,8.01636911447398,-20.0939329751914,46.17359250405813,14.56971941643877,14.54706269085497,9.863831982313826,-96.24120072388672,42.693458639025195,-60.54681624372569,-60.55786754720895,9.610961301932582,0.291077165159176,0.272752097991148,61.2882618,0.34392008717696043,3.1264483222454222
894,E894_processed,22.171154,23.187469,22.63610764488889,22.635124,0.1291314208772378,-0.4744992566504479,0.5543748877111174,-7.134395211740195e-05,0.0004854380733289075,0.1254786464175218,-4.982563823348081,4.981664862152029,0.2788929044612854,0.2506830750264655,0.4930854563841373,-80.162651,49.832344,-16.19715978716374,-15.988684,18.71628267604304,-64.53946754087406,68.160994661475,-0.007523840355262409,0.1308147517277518,18.67089349594597,-82.158318,56.322536,-13.15958076185048,-13.355693,17.3754775053987,-64.15530271488205,74.16307332837471,0.01341143847746174,-0.2257645049703972,17.13425110661249,3815.8635,3858.7273,3840.432615911111,3840.8071,5.969282546698289,-32.1374152719581,33.55255839485896,0.02139295623509792,0.04293633962770738,9.244507889519017,-30.35800621219832,38.34592054428759,0.000280691664865097,-0.1417636367559884,8.289537295755627,-49.05201442556802,33.00194974784664,-8.288206800258466,-8.458008172065117,11.98327833199715,-44.42255990625686,41.60589775362638,-1.82680288963917,-1.67714898603208,11.14536612549477,0.288866818463362,0.2777565173858102,0.7953749999999999,0.4529762631578949,2.8558917197452227
895,E895_processed,-16.227905,69.717056,1.951091751286611,22.4495376,7.385006828321691,-35.09331552132973,33.71033194282484,0.00017751874673487,3.307834617061295e-14,1.906269963347173,-4.999905360901639,3.194460900019447,0.01663994840147956,3.690574294384422e-10,0.0950144695442351,-112.1676,70.529831,-20.8303974059489,-20.752144,21.56181998694312,-91.43884460965099,90.66441994739752,0.03002197669057683,-0.1097530590560338,21.53812615342908,-109.57959,69.57605,-23.47735108721125,-23.5236305,19.31315119857016,-84.57527890930808,99.72146060674429,0.003277448038807721,-0.2446539798583587,19.22052848156177,3795.3591,3842.7207,3820.259174444444,3819.4712,6.218376154399622,-33.21014633765931,36.66954403198157,-0.01552019847246671,0.02033324620995502,9.446612396112341,-67.43810354391414,40.75871456602124,-0.03617379503624171,-0.121775623231071,8.786321854744811,-19.03260402363494,71.70677933456516,23.35520596104977,23.29843945612809,13.06969178309053,-7.224004218827167,93.1655192255428,43.9229132372915,44.04929286713607,11.9468836088134,0.3011180726618304,0.2994173023160434,62.9011056,0.3676416037260652,3.0816677620848774
896,E896_processed,22.060688,23.275845,22.75634842016667,22.767689,0.1512971340067998,-0.6360971037171192,0.530404372754236,0.0001686887938283697,0.004087161538461937,0.1469715853811199,-4.982538327755414,4.920340944274928,0.2888594801092036,0.2609106232312815,0.4800479815127027,-114.90752,51.347881,-23.42018276797816,-23.4123995,22.4483135235734,-92.01386403908775,73.80805165793771,0.01305228434874254,-0.04064397716933699,22.44397490805484,-104.65931,65.274361,-27.04918607242791,-27.7708195,21.11441568351566,-77.48623947863034,92.28946194282469,-0.03739630149583659,-0.737097302372973,21.12730828615404,3790.6404,3830.0723,3811.150689777778,3810.4851,4.343784400621947,-35.70016401842214,38.3906744427471,-0.02096786012243557,-0.2223987375533869,9.632791072486093,-34.4853493414257,49.7094443172403,0.04120266600504757,0.01098840818395613,8.901948791584406,-41.19646304473564,58.45765273205229,11.19757808152552,11.24620262605064,13.63453490364053,-87.16458242089095,4.48074900227483,-42.16409011394455,-41.93153507336783,12.76873562761622,0.2950338044783476,0.2955271783272081,0.9058489999999999,0.5336116728110603,2.7583717357910906
897,E897_processed,-16.227905,69.562408,1.954964310352611,22.5423316,7.37460840027845,-34.99219669000012,33.68146191106459,0.0002542919739188361,8.126182051096619e-14,1.920504123401574,-4.999469857707894,3.110715133783637,0.01664855700176864,1.723945452144732e-10,0.1269924567763446,-113.62524,59.858765,-24.22535402999426,-24.2362345,23.06752315988516,-89.40007107479715,84.08602936140339,0.003905229645924231,-0.02076091785436229,23.09022394794965,-100.97553,62.370403,-28.00166852103812,-28.199759,20.35341134412993,-73.07396276482794,90.03995745950527,-0.008710021402992894,-0.2194427487654602,20.35197920359587,3791.4529,3828.176,3808.127294244444,3808.4287,3.939901513789843,-46.5262888187259,47.02836278923962,-0.02645106533492633,-0.1156722974000881,10.52455413383301,-31.36206978460899,25.87802473888904,0.01407208900495127,0.1031881671130735,8.431764545009232,-10.14070986412974,91.46873769226288,40.5401512810922,40.77177839052331,14.52586704046136,-46.57741411947155,35.35802670094586,-3.169373415734605,-2.853300305954823,12.40453085136537,0.2810816207191939,0.2811347536672024,63.033677600000004,0.40563018226733505,3.0072445482674857
898,E898_processed,22.259533,23.496784,22.83993921427778,22.833969,0.1562412726447606,-0.5917127880718621,0.6212054095489234,-5.297674466103798e-05,-0.002621430262830512,0.1531594319148007,-4.957761355059524,4.664270973409194,0.2649648551317946,0.2407057027577767,0.4148045902904345,-191.22821,90.852028,-24.22048544598335,-23.730602,32.87127694245928,-166.9210608011227,114.6693262852587,-0.04885904705014373,0.4255400314855953,32.89124073957863,-163.20323,122.85271,-27.8268230909366,-28.414753,32.71936220208273,-134.4290887253199,150.9024442184189,0.004814844998619745,-0.5738990223620819,32.71762350568955,3779.8425,3840.5576,3808.171322688889,3808.4138,5.519839127754898,-52.03868153816914,66.1341827072463,0.05418546752095292,-0.04424764719565966,14.09368979194703,-47.09387661014164,51.43147483810915,0.004010162309000062,-0.03916724358089851,13.08400687564959,-150.2390213036776,20.78844001736146,-72.62236003323983,-72.93407776003738,20.5950866122408,-63.87279737556592,83.65927903705152,19.89982243615029,20.62385034167367,20.07888610984183,0.2700408800698289,0.2683345984762688,0.9942209999999996,0.561090880208334,3.114236111111111
899,E899_processed,-16.227905,69.739159,1.969620489795611,22.635125600000002,7.450638752687388,-35.12583331152051,33.66818104948673,0.0002880428863671559,-3.241117035181246e-14,1.884402267134008,-1.468267438692598,4.999646094734144,0.01552400316470177,1.862193562299012e-10,0.08829817134105779,-169.67914,118.73282,-24.15294290260978,-22.480225,39.23549197459448,-145.2335332721613,142.7308352377072,-0.03003445441905792,1.679580052786974,39.22688565323601,-180.05852,127.93349,-27.42386230391913,-26.7749,42.13980542492522,-152.0513025064448,156.0151823725403,0.04397635809639823,0.730893102170451,42.13070494292164,3774.4712,3840.5493,3808.696666661111,3808.4055,6.729458573850837,-52.92934837694354,58.68339455647597,0.03077548731054087,-0.4810618793855637,17.11381013599927,-70.23886102434825,57.48740925375022,-0.03316452349803475,-0.1324618728963056,17.62094728471634,-146.7308267008855,25.58953918529496,-53.82758524648322,-54.19975005401855,25.10586449462391,-59.70324732050581,111.7825675191266,33.18324862721175,34.34421283914847,26.5415537381789,0.2637865290476988,0.2560138731860325,63.077866,0.44822302425494803,2.9847944731924105
900,E900_processed,22.237438,23.474689,22.90462129533334,22.900253,0.1669260976283779,-0.6684121478312486,0.6829833144484264,0.0005539109750730033,0.00273182650804539,0.1655232280898123,-4.867806661728013,4.934655230934384,0.2599396476269951,0.2371695298432563,0.3792381466062136,-188.30165,97.609352,-23.87061967805533,-22.586605,38.00545938324048,-164.3266509750333,121.4173803158154,0.09274370429335323,1.355838677931501,38.05645436412667,-170.94508,127.04615,-26.91151209155624,-25.7802305,42.44127135351513,-143.3521924597594,154.9953465844723,-0.01786882626225735,1.022802331358895,42.46225337149704,3778.043,3838.7632,3809.987286388889,3810.189,6.674982111932508,-108.0852648425045,67.95544695523493,-0.0796643241612558,-0.1293362049900622,17.18924447438793,-57.73232748464953,76.42981636749043,0.03131032319206712,-0.1618618856558971,18.06178860533052,-0.1037027406282304,212.1687601742457,126.7566866391319,126.6431426121991,24.63659739980672,-182.1699555927491,0.6424908072837522,-90.7636032276202,-89.81461309473468,27.12813546063611,0.2579571163016081,0.2550063567028757,0.9942200000000021,0.6058848994709001,3.1558875219683657
901,E901_processed,-16.227905,69.915909,1.969710091309722,22.7279196,7.454739380213338,-35.13290056836588,33.84244262376251,0.0005009020290014526,-2.917161352358117e-15,1.889671139134704,-4.116622295366185,4.999532704532973,0.01559858633439804,6.986477092295684e-11,0.1250952866264289,-164.19867,97.955208,-23.18757310551352,-21.708704,37.55940305791047,-140.7510078779944,121.2632595287128,0.08434127696580147,1.460565393130627,37.62416145507372,-162.96123,112.69109,-26.23096824260648,-25.377005,39.70049776510952,-136.2769144361119,139.46774440374,-0.05586182390258282,0.7925783725476037,39.74762171142181,3778.9358,3837.1077,3811.486508733334,3811.9749,6.247032885323053,-61.73262393110944,56.24276882757609,-0.07418957585262148,-0.3033442551458134,16.28895139378483,-52.23915339922325,49.39987509280069,0.003309066956708316,-0.05723504581868787,16.55943107996751,-37.88167057271466,150.4260559209636,39.01167116195663,38.70558259015345,24.0185488553823,-99.75822413267957,92.0513351439489,2.611354906197445,3.492650790513141,25.20632320479885,0.2611045580393281,0.2516332719112442,63.0999586,0.5011734258882585,2.965645890629562
902,E902_processed,22.281624,23.452599,22.89661723916667,22.900253,0.1530730963560824,-0.6085891374671283,0.5849886191028618,-0.0001898156575069671,0.002832017409653192,0.1504273413886505,-4.88184422129795,4.835807525016333,0.2649729452714402,0.2406460403641402,0.4082546473822737,-158.42566,92.421608,-22.3856648501837,-20.777571,36.03947059126846,-135.7334334071775,115.3612466420833,-0.03855092611186574,1.541963654647406,36.05517298521154,-166.85918,124.62689,-24.91567087659397,-24.22106,39.49009439500396,-142.4522306270109,150.7014428754018,0.001824988286881165,0.6482471064594362,39.47926840900952,3785.2356,3840.6523,3813.327268127778,3813.7939,6.423027648023308,-95.17411934536187,59.82170214558241,-0.04347560922372005,-0.2511007897721966,15.12990238016506,-70.86619632878909,80.82183387737227,0.04518481255066994,-0.08592885055434207,15.88677081879412,-71.51779184311175,72.1571251547319,0.6456939110831961,0.759841046204425,22.50950226266754,-94.98115388305875,63.66962435917641,-10.48392544146328,-9.201102940191028,24.42865296829926,0.2634125065003429,0.2583285969017107,0.9721299999999999,0.5523456461538466,3.068888888888889
903,E903_processed,-16.227905,70.026375,1.972489002925833,22.8074576,7.4547145284744,-35.14642070722233,33.95553681575329,-0.0001624437761100102,-2.932735110678454e-14,1.888577924037371,-4.999994538460318,3.813668697380724,0.0177309867860829,5.265924231811178e-10,0.1126538865754498,-124.98467,79.226128,-20.96630370792986,-19.8443535,33.62100366245276,-103.7509687256801,99.81126526875094,0.0140012216923114,0.9426372120996163,33.66683854179178,-144.30482,119.2504,-23.83229923968838,-23.051675,35.69911153412796,-120.3144262223326,143.4615386081413,0.02978111130635825,0.7436118324237505,35.70485042266405,3786.9951,3847.7292,3815.515859361111,3815.7295,5.966811806617492,-66.81664866397944,70.6790702191492,0.02928560036349246,-0.1843831378669271,14.07804815701849,-47.30630504887667,45.33944895524888,-0.01698323060818248,-0.1848566453473314,13.92277820611448,-138.6638378165201,24.9075561357213,-41.05840218951043,-41.03446540348111,20.89227970335053,-68.34955452829425,74.48898918696769,12.58088134574732,13.47679114597915,21.84301515724871,0.2666399068908948,0.2649274180651626,63.0999567,0.5411818723604072,2.9906551955009357
904,E904_processed,22.281624,23.452599,22.85845383505556,22.856064,0.1560991267438491,-0.5584353299274184,0.6082910362415906,-1.389581428168475e-05,0.0001373262197283641,0.1532487617818369,-4.9421853442937,4.941174444815096,0.2961011151389179,0.2652281341623047,0.466513688670899,-137.54166,82.817642,-20.51417580262629,-19.3574725,33.83360086528516,-116.9997523600397,123.381169543167,0.1174983692144094,1.157378479017584,33.93681526804198,-163.68706,116.91164,-23.2802782721063,-22.688761,34.91269327428266,-140.4373671687887,140.2780079319349,-0.009833955369787482,0.55854162110725,34.90158162509608,3787.1702,3853.2263,3817.321286972223,3817.4702,5.976883723574987,-148.552334269572,85.301034335292,-0.1191409690446945,-0.03833059275069051,15.18986468206619,-49.34879186420671,49.64643140336616,-0.006155355532536573,-0.06613602800595092,13.5866807943092,-66.45586423356062,261.527720431862,175.4280199353797,175.5930050379218,21.16280799095498,-91.50113798590819,60.71657718738111,-3.296175658948923,-2.427125129897604,21.27684768163537,0.2705837002323631,0.2643894117124245,1.0605049999999991,0.5582507603686642,2.7548238897396633
905,E905_processed,-16.227905,69.82753,1.962208619535278,22.8516456,7.431867980781985,-35.14002138024113,33.73756269777576,-3.919540869166549e-05,1.990393398731907e-15,1.893074031985403,-4.999921206467187,4.999899361566739,0.01775989342457958,8.815112268755609e-09,0.1528123740271136,-177.71341,102.71728,-19.90890027697447,-18.511529,34.72572232540251,-157.4869001090867,122.522313969798,-0.06139664139542304,1.344121755407256,34.79810670908312,-151.67061,125.94414,-21.65001608214543,-21.3312,36.2594027830219,-128.4189779071355,147.3097026643605,0.05954001426677165,0.2754679443532251,36.26912030433216,3785.1025,3860.1079,3818.977093733333,3819.1152,6.53805863520489,-58.68905784435407,63.77373317213016,0.01957865332598024,-0.3316027909615629,13.9207544088073,-44.72175972449128,46.59976265823833,-0.02967670581710663,-0.09289283691406425,13.90797257187131,-109.8046595589747,66.34118171605046,-15.83200125270585,-16.00383916660082,21.30364501029834,-9.983071753242255,136.618563902269,66.80962402912496,67.72326161084209,21.92893067530456,0.2760710180745544,0.2666381173570086,63.342987199999996,0.562236771802561,2.970441629499824
906,E906_processed,22.126968,24.247974,22.75221567177778,22.767689,0.1694334342927362,-0.6055229740161444,1.39767971796439,-1.804559985417299e-05,0.006054523516537342,0.1659335497129477,-4.989259174938539,4.809746931813304,0.3116466730689077,0.2746949982329556,0.4359107201811057,-133.23184,75.528198,-20.00700930288598,-18.9969255,33.79515568694087,-113.3415602008896,95.33085758869417,-0.03488670512714803,0.9750977452395793,33.84929592400285,-149.89636,133.17551,-21.3534491990815,-20.780111,37.0691381093371,-128.5274786023012,155.0768100199859,-0.03393537424941837,0.4731711155978449,37.09189775854284,3789.7217,3849.3052,3820.555319894444,3820.8882,6.398509736584566,-79.54515090133575,144.1986763941773,0.0968531519522585,-0.1187356198209693,15.34004773891649,-50.36461289995233,44.29182383674696,-0.00848197112593221,0.02986730578462459,14.56610834291704,-183.2920644192283,98.38327691605465,-106.0098486052158,-106.148745168664,21.25621751638534,-78.19869395314652,71.50533857157156,3.456315359358899,4.244493805689468,22.73145837161931,0.2688461948554076,0.2615937280033395,1.7233160000000005,0.6206534587155966,2.740672782874618
907,E907_processed,-16.227905,69.672874,1.950412356319611,22.8516456,7.381371086012388,-35.08730646534061,33.64726735948696,0.0004736066279922601,5.867382927286969e-15,1.905166739081213,-3.984578891488295,4.999480017726231,0.01719449859516583,8.89367903728705e-11,0.1245900055916361,-136.39769,89.149345,-20.01349970772139,-19.4510825,31.12785042214833,-116.4202343568351,109.2926832467267,0.03779098233767705,0.560168841993459,31.14216866351642,-145.08441,99.975716,-21.03546791600614,-20.511286,34.224416705147,-123.8408864841311,121.2424014166233,-0.01241842376187632,0.4746152287250567,34.22039718814598,3793.1953,3853.0061,3821.452499005555,3821.7024,5.821032271282477,-49.72843866910657,51.88064111062236,-0.04547782403461871,0.05633747297750835,13.18888898264421,-42.65844671111471,46.97529515396898,0.02690570619419953,-0.1245818070667003,13.52815287408611,-50.74287999330468,80.41734583537587,18.60971252085062,18.50439076268113,19.46540830480709,-73.14945638055639,63.20877362171649,-0.1726710495530331,0.5768439494006181,21.01863510496795,0.2700126077057725,0.2666768567610697,63.497643999999994,0.5796451289834683,2.966901838916529
908,E908_processed,21.928123,23.275845,22.62730944072222,22.635124,0.1585547121185251,-0.6662691834977331,0.6150286988091761,8.452067485224041e-05,-0.0005911773001343046,0.1548090127061908,-4.910122184532861,4.973988560675423,0.2949925063223768,0.266570632524766,0.4288381923296883,-121.10055,84.387291,-19.36889595890581,-18.375887,30.93781874941684,-101.8894692396126,103.733952935494,-0.003265802608087055,0.9564850476734352,30.91796487721944,-137.61115,119.65369,-20.78659896754501,-20.1796825,32.64242797195672,-116.758655648633,140.575914052911,-0.004857955319657549,0.6000900038275954,32.64833915232518,3792.0068,3852.7219,3822.119062222223,3822.425,5.54282600839194,-52.82760263312318,61.59977001950863,-0.01214112530198244,-0.1480574313744611,13.18244922455797,-69.65248127560987,67.32253329458192,0.01602263174883625,-0.1001034228328662,13.5829542034338,-70.15406118248524,60.88319018218177,2.459771284085619,2.250896247497198,19.40892303063099,-50.12117320407472,127.1278636076977,23.76132275733554,24.35553408573074,20.46347555865072,0.2682730775901324,0.257244034546612,0.9500310000000027,0.5709674380952378,2.845166402535657
909,E909_processed,-16.227905,69.606598,1.941059925046167,22.811876599999998,7.376727743667132,-35.13907236977786,33.39753748530834,0.000303328090635606,-2.402953846692283e-14,1.894738293141214,-4.999683627156381,4.146317241571363,0.01777601953032759,1.291729274631716e-10,0.1242717074890893,-149.11435,75.687836,-18.8285053715027,-18.098739,33.47589876278877,-129.8512186075217,94.56491034404078,0.09234674315396703,0.8078983747454547,33.53576438909496,-187.50491,130.24535,-20.63255250142192,-19.2655045,38.09068067760072,-166.5851661527666,150.9119201909933,-0.1121910876667744,1.36352090553347,38.17039272758941,3786.5347,3849.0332,3822.448026555556,3822.3386,6.293618704956936,-89.64385100988645,55.88901529559328,-0.06871926279636864,-0.249285255479416,14.74250328662658,-81.73649558339633,148.2750828509185,0.1183810668185321,-0.2469652788318102,16.64894101329477,-89.87683275865034,190.1520310847583,113.6722157260128,113.3873947600183,21.41756963991336,-257.5375412341824,80.18121239071392,-159.5213973285358,-158.8085058307369,24.11631483886772,0.2624214549347433,0.258948213821989,63.718588000000004,0.581620440560849,2.9130878972014385
910,E910_processed,21.883938,23.121189,22.48620124027778,22.480469,0.1598686738360026,-0.5873108955079456,0.607448680353341,0.0001155761886030611,-0.001508636607722675,0.1569921702437943,-4.990940945457121,4.842914234900172,0.2883431227807718,0.2620686160317879,0.4307907150040618,-128.89545,97.369942,-18.89627990409078,-18.1342925,32.60566609773566,-109.699735934927,114.4220611258923,0.03178982530883401,0.8610190194847791,32.61485239423283,-160.11172,106.31999,-20.16125072386435,-19.3039005,38.87373665013721,-139.7020941272708,126.4820643343732,-0.0120093550480578,0.7752057915801842,38.877758583849,3783.0942,3858.0955,3823.421542794445,3824.0005,6.503727539821631,-60.29603036431159,76.1975229633787,-0.05351580703598809,-0.04196792155152163,14.34333394427033,-46.42812450124994,48.28958140082644,0.02899598554966211,-0.2226899739018843,15.67146115035419,-9.190997289283851,122.3906590493776,58.32738970337133,58.10342142993098,20.788863536718,-121.6904656783958,22.87834329842116,-43.08167041239872,-42.15908152453524,24.08118042585942,0.2655129218248515,0.2610792235570883,0.9942239999999991,0.5914096666666663,2.885553772070626
911,E911_processed,-16.227905,69.628685,1.933831581091833,22.727919800000002,7.350887203924266,-35.14302666986615,33.28870748880646,-3.141365632487414e-05,3.899014370185581e-14,1.892814132117782,-4.999872485317381,4.999920701772846,0.0167367538505529,6.621405958058008e-09,0.1534580980889634,-121.02073,78.906898,-18.22816638509326,-17.9878915,29.8322596405514,-102.9389206024874,97.23546906451247,0.002505954241835981,0.2879470819739511,29.83042155325997,-166.88609,125.00328,-19.60960195710656,-19.706659,35.35352869382056,-146.7304283514874,145.0568160518657,-0.0414078389815587,-0.1190021098132172,35.36963913041013,3788.2517,3854.3206,3824.165388705557,3823.9819,6.070470923019432,-42.10690543083595,42.33198462436147,-0.005882314730806968,-0.1450884578365357,12.84099471706611,-50.44085798358249,53.4648793613741,0.01210770861159902,0.0363424602827731,14.22368440023501,-59.37182424970301,59.07608263151012,-0.2450318766563769,-0.6134685389568701,18.88623864048691,-114.2065290878609,43.25297561418898,-20.04590947154186,-19.11185755438295,21.90217525639838,0.2621950680377156,0.2604715974880958,63.8732376,0.5787253940000022,2.8590211472218905
912,E912_processed,21.618809,22.811878,22.28528635305556,22.281624,0.1574208449560951,-0.6344335758397832,0.5620258473197619,7.061450915496302e-05,-0.001142405717544284,0.1523533251437976,-4.897532222864097,4.984949222742898,0.2905431891021278,0.2570583741108351,0.4482180319654693,-127.19455,81.72802,-17.74675596544842,-17.507509,29.53488932237012,-109.2087506444665,99.29437832526345,-0.02890963713035942,0.3326046246341025,29.5832380757264,-150.56845,111.26636,-18.99424297453239,-18.741213,36.28616086293697,-130.8962367762712,130.7975712497205,0.01011911902612985,0.3188172110733141,36.29621009629068,3797.2114,3857.9031,3825.30029085,3825.6997,6.289575985382659,-53.85760763033124,47.10471211686401,0.002403003024057968,-0.08999089565507745,12.85103697253783,-46.8205592851346,63.17797639814174,0.02735320094708285,-0.009018950069268783,14.51751672355373,-51.3964807860875,100.9253351975778,14.58135271137913,14.29197710142962,18.76939376359491,-92.82500748265485,55.06484851003462,-10.75127948091399,-9.719654972251975,22.24777523603158,0.2688392801021219,0.268133255778604,1.1046900000000015,0.5666027684729062,2.9503278688524586
913,E913_processed,-16.227905,69.694969,1.910955278793945,22.604194,7.269482025237931,-35.08770101585195,33.25494238550229,7.304770789294249e-05,4.105158528891131e-14,1.914323365050306,-4.999818496821621,4.999724875678695,0.01720203253805452,2.107670186194225e-09,0.1347219342054743,-126.02253,78.986755,-17.67645484443145,-17.3709565,28.05467149109067,-108.1602220467665,96.12285711869019,-0.05634214639503897,0.2391955165321349,28.08324410344997,-154.27829,117.073,-18.97863071316033,-19.1906685,36.70151282119667,-142.275593797538,134.0074619283365,0.08972610965451923,-0.1612960346644359,36.73099313915846,3795.3521,3857.9687,3825.521037855556,3825.748,6.891617808067745,-59.61731229979769,84.29239440765514,0.06742564453633822,-0.1610526977109268,12.30125325366686,-99.76008738982459,76.62329309469979,-0.09301632941510188,-0.07414795087049075,15.00936212728745,-144.5286892222999,107.40234469604613,-78.17791740833464,-78.35510663160628,17.45691108465854,-3.116130727458628,172.588610256085,96.67528755929663,97.58846780065198,22.47180406550467,0.2833435202061594,0.2710122720192607,64.1162718,0.5815768184638143,2.835308943214604
914,E914_processed,21.397873,22.657219,22.077019026,22.082779,0.1611634223099064,-0.6688191313006929,0.561978301086907,-0.0001044455567856503,0.001935529997722541,0.1577828837877417,-4.96359185748603,4.985576791274885,0.2838519473789494,0.2542143624458001,0.4103048618415269,-129.02399,91.567131,-17.81023485296498,-17.532491,28.77833263853461,-111.3086892346466,109.5545768074127,0.02254612513160722,0.3494622648750465,28.78319783730739,-128.86971,116.93449,-19.25209122133893,-19.7781125,34.32209411654949,-109.4969855186239,136.1881125237499,-0.02660828391546013,-0.5780739471689067,34.31517457567683,3795.272,3859.6094,3825.495367066666,3825.6411,6.532930766203007,-45.53953245224734,40.47710846379282,0.008520754110322914,-0.01020160550061089,12.29627712424578,-46.87210975224152,46.46355751316928,0.00131888050849477,0.05223203246238828,13.69664248727065,-48.30304021082922,70.74836225657272,13.05911432151906,13.09321519219686,18.00770908302011,-128.7899613397668,9.32015160135766,-57.55109400218925,-56.7162729190234,21.06760435441827,0.2750788831586702,0.2672964339188552,1.0825960000000023,0.5883869747474748,3.017281879194631
915,E915_processed,-16.227905,69.739159,1.899729169544833,22.449537,7.240070267632654,-35.09215355959497,33.12497869776462,0.0001716756417867032,1.832824679794647e-14,1.911123076132026,-2.47353681571762,4.99994836081771,0.01792247046075523,4.120132941763592e-10,0.107463364575013,-124.26501,77.682938,-17.75827489776213,-17.316805,29.01174040294983,-106.6672961207122,95.69735155593872,0.01314198613460647,0.4611297858646907,29.0111157632777,-147.5556,113.52544,-19.34899567474459,-19.4961995,31.09350346759018,-128.2911905687326,132.8003695996671,0.06696283188724621,-0.09308163652183604,31.12528086149493,3799.002,3854.3572,3825.468054766667,3825.668,6.001719341701299,-43.36938501097614,44.20923236395519,-0.02181787767346884,-0.1265118834269989,12.29937596799209,-73.03902212209984,51.87720262946101,-0.05651349612422425,-0.02207829654612414,12.89608649750054,-60.60658660000359,71.8782959863015,6.720760778860778,6.546207910983664,18.08813958086962,-0.009809127665280394,165.8107499473838,98.77014579147026,99.4380785230831,19.26262870235308,0.272178002973097,0.2689394069591591,64.3372139,0.5876040613395764,2.8878005411055985
916,E916_processed,21.243217,23.916565,21.91715809566667,21.928123,0.1651207870349498,-0.7352563647864103,1.943171571944517,0.0001118088087263594,0.001925024203227464,0.1614977821695765,-4.839860727410118,4.86917255243789,0.2795432789183028,0.2485950967430434,0.4131273445767167,-134.1339,94.38855,-17.33000692743926,-17.0322345,29.73111534165226,-116.7616510438223,114.538241156423,0.1116898501623834,0.4023180997348628,29.90851537679466,-141.20822,113.19234,-19.24146017520456,-19.9481725,33.52053355692431,-121.3477781578446,132.2585976036663,-0.01931038304535179,-0.627767072893035,33.56269141429272,3795.2866,3855.0869,3825.8325119,3825.6416,6.465658781449148,-91.31410427141002,73.88582185452252,-0.05803169508394213,-0.009244265246915573,13.48692067394588,-60.10793353614061,56.66622498318566,-0.02034956414525054,0.1246487386064074,13.95091751739483,-41.48835430472275,200.2615576404357,72.42249428677603,72.42280943218007,19.32234975991389,-44.12038062240853,95.82589910876902,32.68575595406756,33.46889872915769,20.84021352929747,0.2732832662688047,0.2682961041449857,2.3198469999999993,0.600773222222223,3.0018456375838927
917,E917_processed,-16.227905,69.739159,1.897888639381167,22.2816238,7.249611187590279,-35.15119432833655,33.0465859058465,0.0003639118597837313,-1.681715276276052e-14,1.898267180933127,-4.999968663668973,2.564994985024644,0.01664253620025452,1.344370988559584e-10,0.1014208478741078,-133.54866,87.416191,-17.10194439661606,-16.9359265,34.90892021612061,-116.4035549881673,127.9304880047248,0.07301950734043437,0.2180261475714466,34.96557140116552,-145.4597,116.2925,-18.90181261417592,-19.992453,37.34922421433383,-157.8976351264341,135.113318188551,-0.1700173305481484,-1.251447778796122,37.59340374168234,3793.5654,3860.55,3826.377882211111,3825.7595,6.989804885648432,-172.8992842227708,93.1136141001209,-0.1307471754347162,0.04768036439682555,16.24921887469475,-100.5710839729933,164.8438125387902,0.144955466787051,0.1282353961971849,17.16560473640423,-59.531434870968866,214.5672541582474,131.6603879560939,131.8882803529244,22.09349047959271,-304.2342135309349,83.89757950729495,-163.9623398252546,-163.3130830615434,24.03535331953263,0.2721704687447961,0.2682040483675607,64.3151192,0.5836280140409016,2.940035112047453
918,E918_processed,21.221123,24.22588,21.83763392338889,21.839748,0.1750731003807305,-0.6424801586532095,2.335716435622107,-0.0002031014113778118,0.0003875826284283849,0.1732178318263524,-4.975263387363962,4.9765860734679,0.2705740295238354,0.2443073386312634,0.3747858825721198,-144.03033,105.64319,-16.57016657759992,-16.220742,36.89801804231269,-127.9184721763176,121.6264444701391,-0.003606422265306315,0.4139567236569544,36.89651128704303,-139.76115,133.55135,-18.14915716901676,-18.661592,35.5818508246291,-140.8551595718847,151.8694615910917,-0.1000387297944086,-0.6192832264780163,35.67849350603996,3791.6885,3857.8015,3827.099094433333,3827.4016,7.425685874620124,-50.09833299211737,48.53020218842176,0.005961466540648423,-0.01095104379866238,15.14522914754959,-135.586784357139,194.9004658451317,0.1461141318418667,0.01083375494126981,16.74364292482355,-101.6815767065614,41.47440262907201,-24.63718178255431,-24.52518881115144,22.84545765241321,-296.6494887510058,86.48368024299225,-159.4233525182871,-158.7760956095091,22.50261792517856,0.2694543753836731,0.2727444658481697,2.5849769999999985,0.6499747801047123,3.117565217391304
919,E919_processed,-16.227905,69.783348,1.889705951204278,22.1225486,7.232705770640174,-35.1521682120793,32.93784754948986,-0.0001930208135185144,2.252358202506795e-14,1.89832158921191,-3.229839725284029,4.999740067564193,0.0178345026674878,2.991926585154854e-10,0.1091129835086651,-181.45961,145.30603,-16.13527689812398,-14.886025,41.93615782968722,-165.5854900409198,160.8422174996219,0.07814861936699039,1.442371297354277,41.97510860903482,-150.7755,138.38336,-17.81092785905338,-19.2621105,39.82179064685115,-133.510259809711,155.7155216181308,-0.1027064994732915,-1.4513671448692,39.92039213990346,3772.0459,3864.896,3827.451851994445,3827.3987,8.811819009718855,-67.49664796648207,55.07355477557691,-0.0597018123305804,-0.1016677693462467,17.96567395302733,-70.41634484015046,68.68619487797167,0.05558872693583229,0.01115914659752981,17.00471254195423,-22.50208438763115,167.5889745674364,80.0511574302636,80.47761465974355,26.54774302623469,-184.3621803710419,55.63081072594294,-56.34713200941263,-55.72523222597829,25.39203683381629,0.2656110556187104,0.2594103603512499,64.4918708,0.5994294824427966,2.9945148750185826
920,E920_processed,21.044373,22.502563,21.79594043680204,21.795563,0.2136428916588808,-0.7619661908292367,0.7390305904605037,-1.416311115365018e-05,0.005748543210275892,0.2124158445952272,-4.94161942093804,4.925166811171263,0.2565494687017655,0.2325780461725293,0.3305409926485515,-189.70131,156.18269,-15.7946615956265,-14.107047,51.30510635582795,-173.6731350238873,213.4655897313403,0.1891825617685547,1.83215867146532,51.56806376142359,-186.63777,214.44238,-17.29794459186909,-18.636972,46.87749558505392,-169.4731919969811,231.9143128575611,-0.06643988852175332,-1.51345087250976,46.90923490238716,3772.0459,3880.0735,3828.017106955942,3827.3987,11.43901922119475,-156.6002074165024,141.4478863455834,-0.1502165688316152,-0.3379011267452547,24.73017975938866,-105.2015329169116,148.2941725946757,0.1039586190597233,0.122572792840103,21.91521568724871,-43.20151238587973,338.0853743344604,161.1199313235731,161.6138199047022,34.67352354127468,-216.5288248329682,21.8588910993879,-94.77986123606635,-94.67720086915403,30.87550462813259,0.2493692498697055,0.2505345133539303,1.4360999999999997,0.800777866666667,3.313863216266174
921,E921_processed,-16.227905,69.540306,1.893803122961167,21.9855674,7.240282500396544,-35.1846694592866,33.36710653094348,0.000638385240983368,6.957837692796662e-14,1.897924478514805,-4.999982549897534,3.025727151117851,0.01734843562251757,6.816282077340923e-11,0.1192016942832022,-239.01262,198.88921,-15.63625103726774,-13.7074035,60.3676962144408,-221.9915642709108,214.6011657623067,0.1501496251496527,1.934176462619996,60.44243874057832,-199.16534,210.4216,-16.94483614001057,-17.9232255,60.8752908845164,-181.5837329788971,227.4926150169082,-0.02150584452184527,-1.09875137165672,60.88285294576944,3770.2603,3893.4656,3828.849153522222,3829.1846,14.76245314964313,-219.5448217612661,136.0613154879219,-0.1917108695066556,-0.01628573380217965,30.69206759131832,-93.06969107590147,88.00883746693604,0.04058132635918171,-0.1812732053560722,29.8758400530043,-2.138054970659022,316.2796296637227,193.8212346078225,194.2481534917542,41.20624419379158,-178.7205596459758,77.31706564197923,-51.99511354472067,-52.24151787413426,41.72339618234541,0.2501332648314799,0.2383028892884588,63.674390700000004,0.6413031224427966,3.080176763857692
922,E922_processed,21.044373,22.701408,21.85513951838889,21.861843,0.2568133011705385,-0.8091624102518632,0.857591669024025,0.0004017219946406057,0.003363437581306868,0.254957294984204,-4.92238403846123,4.878393768756713,0.2482489418653596,0.2208472049497438,0.3312220432103471,-246.44031,231.05437,-15.55694013577825,-14.372452,69.15294321711299,-230.6526830308184,247.3039821249288,-0.08215622710250771,0.9674540301773913,69.16438232342848,-241.51575,198.49263,-15.67310183668706,-16.3992565,69.38322959006814,-226.68381271613,222.2671880339274,0.04001381805756379,-0.5877771437511101,69.39300467287036,3753.2971,3896.1438,3830.922617944444,3830.9702,17.37130579423695,-164.4451663034118,118.8944223397063,0.02338926404567266,0.03600073723381314,37.55337342876315,-185.8676167336731,128.9922206248574,-0.05480465487831501,0.07298348636393026,37.86646839530231,-275.1207565570049,81.13457898900322,-108.0970595581601,-108.0068803819961,49.56543833488395,-90.8000951695808,237.4684819482838,69.19466842202999,68.71944516374703,50.11460850596057,0.23000276922257,0.2234302552817331,1.5023810000000033,0.9645899588235295,3.5105468749999997
923,E923_processed,-16.227905,69.82753,1.892837123038611,21.901611199999998,7.22484692346278,-35.14962024838925,33.74456103668493,-0.0003621261387499018,1.378595812476485e-14,1.909857304666316,-1.915076142554833,4.999896962240559,0.01668064292055043,1.245137682497922e-10,0.07929142010059832,-314.35098,321.51343,-15.03610010279142,-13.8668025,74.84546852160778,-300.0081179871162,337.1635802984572,-0.07400316950600763,0.9818866143661835,74.95445508909454,-262.96014,211.22592,-14.52454159741554,-15.182973,72.26540426761447,-251.01555536163,225.398634102803,-7.341230299215024e-05,-0.4237474974918403,72.29200840631026,3749.73,3903.2947,3832.537441061111,3832.769,18.27541840578268,-191.8443127283943,281.1007188941933,0.1816937720641223,-0.5431713729486427,43.57855403801782,-150.8066726244924,213.9763512053915,0.1144322471443668,0.06822455923376225,40.83601575507151,-438.800609674166,166.89093669169466,-217.2600936664709,-217.1861523355452,55.24204536140834,-242.8183192337652,112.8243641366991,-68.73856036717332,-69.5918842262747,52.97810984755452,0.2310895927489864,0.2227413042362513,63.519737299999996,0.7209005605129213,3.1922205650872004
924,E924_processed,20.933903,24.601475,21.96880913852308,21.972313,0.284081577208626,-1.041055820702816,2.580406783732727,0.0004732985484063722,0.006935572319528717,0.2819103820103916,-4.907603590488112,4.962279577951826,0.2456860612247655,0.2185331968039212,0.304597166716821,-271.11087,268.19293,-14.86304777283203,-13.337659,74.28635677587305,-256.4515647458594,283.6542319300302,-0.05856232154178244,1.247406756807784,74.27593846330304,-268.85715,253.57813,-13.69206902424025,-12.666474,77.47728415586144,-255.7249897290792,267.7101507603959,-0.008926942650536401,1.1442547685525,77.52197554011566,3739.9053,3916.6782,3834.133158865367,3834.5413,19.11168091822546,-138.9496829130812,125.215100763594,-0.01320571622102621,-0.5990147179899097,42.25163454241725,-137.4078933720695,125.1553732820198,-0.04295983633718419,-0.333537077761791,43.85471483117014,-243.7571669513067,112.1253776753577,-50.67381813513032,-51.42697862610893,54.76850175552855,-104.5935704920615,252.4886316100229,64.86579631637561,64.52863342968651,57.14969576766382,0.2295328450756634,0.2277948684155599,3.269881999999999,1.0789816545454542,3.616901408450704
925,E925_processed,-16.227905,70.954315,1.909446151677611,21.879517999999997,7.284835729794303,-35.27033051421199,34.81769842520558,0.0002337493946832202,-3.14150294547681e-14,1.897749916486217,-4.999992013599969,4.999982134950066,0.01441539710222336,5.067514162882192e-10,0.09917187347848176,-284.3746,262.88736,-14.40536780296334,-12.2247595,81.8809203602715,-269.2734008776515,278.2759499940639,0.03435207741382477,1.948921523383709,81.86735479013758,-274.2182,260.54752,-12.27637129823817,-13.4349905,84.07058960223569,-263.5327660141429,272.2574270057742,0.0174235664719706,-1.069649297758703,84.0177425529058,3735.4412,3929.177,3836.163500083334,3836.3269,20.99835469951112,-152.3886287355153,143.5291350550491,0.02657192773253286,-0.4750831818814767,48.92173312622963,-164.4474124349347,191.9450533347466,0.1111391501154969,-0.09022727474287427,51.20043355943496,-95.82133300778848,284.3742253641506,99.87368686930975,99.95474036047777,61.79382084839933,-252.0189084352911,110.4696521767566,-87.20373532555087,-89.52974343519352,64.09659340904265,0.2200384345608274,0.215517853862727,62.238296299999995,0.8190194964725173,3.312144470938415
926,E926_processed,20.779247,23.099094,22.09688706517029,22.104874,0.3074672518891139,-1.288829198176289,1.003936132710261,-0.0003801296162013181,0.001825701120547946,0.3060528968217692,-4.834473213172148,4.89507290725635,0.2350129836710665,0.2136107494996395,0.2793853525376792,-279.86493,249.88889,-13.85454995027763,-11.50018,77.4822095483806,-265.7749504509263,263.3948875304534,-0.09789509001384585,2.242609697654213,77.57275224742477,-276.89874,279.84732,-10.73915331666241,-10.25141,80.73624368508109,-265.3929614788706,290.4641640412684,-0.1497777348695163,0.3050719577736505,80.8641452294598,3752.4043,3913.1067,3839.431786471471,3839.8979,20.171671771016,-185.7891438010791,258.3156827125574,0.1320261524450358,0.2848024689725008,47.47405763843639,-187.4824538577229,295.9089278986273,0.1314125477489841,-0.3274550631343871,49.37907939675935,-400.2940861463273,195.09904166909848,-206.8420160190849,-206.4314886801045,58.82043111918506,-481.6357553446431,120.48547455598019,-319.4762442774839,-320.9380204595925,61.5256535467223,0.2166484670676123,0.2111276587749928,1.9884419999999992,1.190233185897436,3.82404255319149
927,E927_processed,-16.227905,70.711288,1.916507556010279,21.9148682,7.30803634049493,-35.26015943266459,34.57522943829738,0.0006161455771328579,2.719979335729581e-14,1.892857486001182,-4.999902458782881,3.667915871802914,0.01549621582501957,8.312697715473047e-11,0.1084950274403338,-263.94843,271.64142,-12.92174442400373,-10.530068,78.93388887864516,-249.613694536525,285.092003386343,0.1119708418116297,2.479404468974981,78.9671740835803,-260.81555,279.04315,-9.383115307505829,-8.897773749999999,81.00272086291234,-251.7456044458459,288.2297469313418,0.109062404830404,0.5851792215993399,81.03571413674307,3747.0476,3927.3916,3841.939443532615,3841.6836,20.57443568826247,-137.3285798215933,139.6817001798935,-0.05939261158530074,-0.4167789611410821,46.82946065282792,-143.8552031376737,140.6256851047667,-0.07866115242057495,-0.2066613593511848,48.11500599900274,-121.4380041703938,214.9613200468378,45.08601014022261,45.21043210049622,59.58623465125019,-65.65964330017655,304.1011309787748,107.6581729185318,105.9252690115076,61.20304285756158,0.2161041801988049,0.2155272085649318,62.6801791,0.9369114892075598,3.476583854059934
928,E928_processed,20.867622,24.446819,22.19700704194678,22.193249,0.3201066068297941,-1.270352921141115,2.213659084128652,0.0002985642550745099,0.002381642246485266,0.3177597017058835,-4.824113386076076,4.647424384291639,0.2367227239449592,0.2145133399365426,0.2840278258716041,-250.41942,219.64754,-12.630789244983,-10.724302,73.46937491369384,-237.9591090899651,231.310521757254,-0.04170152795235658,1.73370245211429,73.52691148174476,-273.95013,263.76416,-9.613080519073458,-8.6219301,78.33828868778451,-265.3926771022806,272.9865380368865,-0.02073102778805357,1.040741276813435,78.36391236715608,3755.9756,3936.3196,3842.693038841046,3843.469,19.39830786928276,-123.3760390483232,186.3860833452979,0.04361151947738617,-0.4846245344132534,44.44243629663239,-146.9041429654154,145.1604387842947,0.0009235045827622496,-0.291557246726482,46.57797062077022,-330.2617470936314,194.5029854087551,-165.0388459076539,-165.3007115596827,55.63445775152223,-262.2253400452909,106.3174258122175,-97.04770235847414,-98.24330727947627,58.87248211733837,0.2194394747075536,0.2183303152933726,3.048946000000001,1.2300302884615384,3.8170212765957445
929,E929_processed,-16.227905,71.749687,1.905167585684927,21.9855684,7.223229501377706,-35.00745379875801,35.96517574440279,0.001072176232723917,-2.46871254152141e-14,1.943071350118499,-4.999999986053886,4.999999937667173,0.01439968734514866,4.117475411629747e-11,0.34356290465561,-296.57724,243.52228,-12.65827287889752,-9.4326267,76.81217033675321,-283.4137183206715,256.045214882426,-0.02221547462035016,3.068591306485971,76.79141082314126,-266.98077,290.30139,-9.187528647013448,-8.7070494,83.58731778955189,-257.1618991694282,299.690410493868,0.1328994707202603,0.5755540661615868,83.63008236714309,3759.5466,3925.606,3843.204387549308,3843.469,20.66808971754402,-171.397097997051,146.8697241748736,-0.03515814626316126,-0.4146084882664169,49.04208533511857,-174.6438966535118,142.2015178903124,-0.1476905970816889,0.08667785206097278,52.80373416498029,-233.6122900512684,101.9294143810273,-65.03539126547115,-64.00272836879948,59.79791294333538,-2.840249616397694,355.8316040350543,155.374147134939,154.3246179513445,64.64874671939948,0.2100161094809544,0.2149477876185123,60.051002,1.052922590878925,3.616475065900822
930,E930_processed,21.022278,25.021255,22.27600352719898,22.281624,0.3393767499671394,-1.281735783744427,2.474203842027968,0.0002404587076293816,0.00461568291293965,0.3373385971511902,-4.728086029490032,4.955346476088686,0.2322788925255146,0.2109153763045991,0.2722016879562965,-255.72493,223.09613,-12.49049926659314,-9.9426928,73.02835810783452,-242.1314670300725,237.4642163207689,-0.1344238788958238,2.322948153709696,73.11413717322655,-255.9906,265.90857,-7.65069955215186,-7.7260251,80.65505579330822,-249.4809935536121,273.5467683948477,-0.04761368560123534,-0.2368373419075116,80.64483385558272,3759.5466,3936.3196,3845.109001611379,3845.2546,19.75946900687834,-196.3005609548816,242.1819357538499,0.1570637956593291,-0.306626681833194,46.9418967139547,-168.8611317219171,144.2286429188987,0.03397522778805935,0.6566858903814463,49.65449964129058,-387.5396226178631,23.81888294899847,-184.7153282526182,-184.8153729860473,56.46285122391782,-217.2043066206445,134.02463134816,-58.35594880089226,-60.32995552807439,61.50037808468171,0.2150076539871174,0.2161195853598336,3.6233819999999994,1.287072830065359,3.9119825708061002
931,E931_processed,-16.227905,72.147377,1.927142944982388,22.0827806,7.334682897387839,-35.19442357879609,35.96708761307502,-7.336127935987833e-05,6.376074739633487e-14,1.897218081390844,-4.999995008971143,4.999995635967385,0.01778260317278393,7.447869558086657e-10,0.2475361577773089,-253.07219,232.91129,-11.3495622677448,-9.3297472,72.59321148039554,-254.0564179649056,244.9631480031022,-0.1437238665749077,1.970139707870969,72.75263068602037,-251.16565,282.7959,-5.277171930266521,-4.7854567,84.55350539533308,-246.5585613977062,288.423957661228,-0.06920224712784477,0.4778653504365451,84.7483408061243,3768.4746,3922.0349,3848.931767509306,3848.8257,20.17859695221495,-265.0417307121278,387.5697949989135,0.2428324859294342,-0.105456637406391,47.98474074082142,-222.2666177017892,351.0679505040613,0.1946074153479877,0.05688460385016114,54.13477286759186,-534.3005200196923,162.0890612955854,-326.6644733196106,-326.4366433549362,56.36486124942175,-512.8175268702811,187.87144307643868,-296.217549855493,-298.2245371186419,65.20857365393167,0.2188787539874752,0.217766477265653,57.686964,1.1501815835586635,3.7360989368088076
932,E932_processed,21.000183,25.242199,22.33971642213456,22.347908,0.3618528118568545,-1.330174840121629,2.755777430650873,3.57271368816283e-05,-0.00194250208191965,0.3591853531168908,-4.816216716769458,4.768985785719876,0.225567177270065,0.2010100158210294,0.2895625424680709,-240.33897,270.84558,-10.53730306760026,-9.1715841,73.95869827079288,-228.6577877820578,280.6214295839991,-0.09660854925549775,1.369281922742703,74.07840408925483,-283.332,276.36261,-3.930315209744764,-4.6668382,84.32470196504951,-277.0316844066026,278.8935076509975,0.02826342486779264,-0.4375311391420027,84.27226801996846,3753.2971,3954.1753,3851.849821034502,3851.5044,20.56516600220032,-150.1405767138713,283.3684718198868,0.1438395895441703,-0.1308180401957397,48.07259837179411,-163.2376827984363,152.6241681266382,-0.043052395143815,0.3350288223047038,54.01938611540663,-461.4897350243344,136.39063323422917,-289.0599823042718,-289.1310316599959,57.53117681816261,-229.6853191225269,178.686317070475,-41.43412052066035,-43.79211504602905,65.68459119744746,0.2127767974618161,0.2066716588627833,3.0268559999999987,1.4008048441558438,3.886363636363636
933,E933_processed,-16.227905,72.257851,1.930992276334815,22.1799936,7.346711309451043,-35.1078133777313,36.04341547301065,-0.0003554150801950055,-7.062707646392995e-14,1.896107656142741,-2.5868323905912,4.999823366472397,0.0161598626973067,1.473402558036912e-10,0.08071746738588281,-289.41483,255.99019,-9.905980310210811,-8.765164850000001,75.43330163302915,-280.9159964302781,266.8448261538064,-0.1686395474247861,0.784184556595878,75.53511206150448,-284.13617,287.08475,-2.538863296890099,-2.11539315,83.93512589236562,-281.9888284819717,288.2165738204205,-0.2227389355940026,0.004333625389216778,84.07730298227257,3752.4043,3954.1753,3854.260398899877,3854.1826,20.56328154366054,-149.9532377177889,205.9299921431117,0.1293191588295711,-0.282342154927965,49.49036115451158,-209.8398669127696,269.2975342192896,0.1667966039729459,-0.03248105051678873,56.06081452652414,-344.8278886549852,147.44184408327436,-178.509997925152,-178.0762661434779,59.2504202580844,-463.808455010673,194.34296964602004,-288.350286679828,-290.6865668400146,66.59144566905493,0.2100555178686694,0.2050517720970617,55.941555,1.2374245606251262,3.8112622890815344
934,E934_processed,21.066463,25.816639,22.4002176795399,22.414188,0.3497572094031887,-1.338690858418369,3.290397391900685,-0.0007309860718332891,0.003963610192784947,0.3484476514816794,-4.279193562818766,4.897923742695029,0.2212790966564089,0.1993593573422792,0.2499476965660166,-235.30199,261.29568,-9.003256826431118,-9.32830285,75.97752200801051,-226.8109282183749,269.9208327444925,-0.1019957498999106,-0.306790694132431,76.09742633578702,-283.86935,289.49722,-0.9275876367782675,-0.849982265,83.66011143790486,-284.3482080588622,289.6970871130382,-0.0432573329953742,-0.04043405379409303,83.7404991183348,3772.9551,3940.8008,3857.262646632585,3856.8877,20.52431308769915,-204.3415833438439,283.9929661694066,0.1705316084713233,-0.03696775407652453,49.60071170348888,-232.1048762247499,253.4740546093309,0.1394252117535956,-0.463744209828747,55.55779849978003,-421.7107517447113,147.44184408327436,-242.3636047851179,-242.6613584112496,59.2711044950499,-338.9247559070753,39.7714179772723,-171.6460736638654,-174.133907448528,66.17924278967044,0.2100358416943037,0.2066842143041503,3.9768909999999984,1.3686139591836732,4.054627539503386
935,E935_processed,-16.227905,72.12529,1.938031778445827,22.2683686,7.3612650511092,-35.18980916046724,35.96122866797893,0.0003411412718338925,2.567759272981082e-14,1.900531795008788,-4.45477217171955,4.99994312488244,0.0144604680965012,1.257520642057753e-10,0.08004987822611616,-255.99246,271.37857,-8.810923844374063,-9.17996835,76.4313802563168,-255.4971927451813,281.4272281394517,-0.06699958178310597,-0.4981284762000628,76.68629440209624,-273.68686,342.30426,-0.3682005291598955,0.063733924,88.27350370002033,-273.7398189182127,341.9296141511558,0.06217586432403342,0.6679585483366299,88.3052131109537,3764.9099,3947.9609,3858.333909884431,3857.8596,21.47773595812264,-232.1976227564551,186.2439651610307,-0.1020221533557002,-0.04883277132882791,51.54389496463994,-284.4706541986015,225.3248836107879,-0.1673123814791709,-0.1459958178667274,60.68368342984258,-118.8727822538865,392.4811771668171,126.0603793384492,125.4884932826741,61.0445731145925,-90.47039852821344,394.8305045215953,105.5155188100943,103.3577634748027,70.93967932525648,0.2155480255511676,0.2072158145451135,57.907909000000004,1.29535102155277,3.8988075152920714
936,E936_processed,21.199028,25.08754,22.41683408383333,22.414188,0.3458798437041232,-1.358943902929003,2.545112151577193,-0.0008399183882066546,0.0019829699792481,0.3452737534557764,-4.942647101572561,4.826946002950499,0.2211024291944004,0.1963209809580085,0.2740949980102204,-247.25729,261.58334,-8.195330282378823,-9.22247645,70.8915585697429,-238.7400172275147,270.1891793030068,-0.01267691786076946,-1.097063808773384,70.85656976673442,-272.35672,293.80618,-0.9889668165705888,-0.1124011815,81.18346370463189,-271.345593099308,292.2789113946224,0.009081030175001356,1.122633653310087,81.17178157453264,3759.7524,3940.145,3859.212578583333,3859.7886,19.86872110915838,-173.9596831124811,230.9649163632805,0.1571167197171396,0.3036865286673169,48.18913698154405,-184.7908419395026,165.7638424006015,0.05105263725552139,-0.5432557315979551,55.3172901699529,-228.167299391164,98.29772091495497,-54.25374584814228,-54.70587655539822,56.4642396444421,-212.703832504234,225.4131498052078,7.252343283265275,5.532939300097163,65.13165313465325,0.2084361069153923,0.2088841112582117,3.2919769999999993,1.3425418827586209,4.100457665903891
937,E937_processed,-16.227905,72.235756,1.93614930214935,22.330231400000002,7.35758788985722,-35.12092064172511,36.03218327290193,0.0002130039463104072,1.423824321013595e-14,1.896076843538084,-4.999970701928645,3.866760124917457,0.01440486019037032,5.105624275865418e-10,0.0848289542804884,-223.09875,221.77235,-8.622740804327703,-11.035476,77.3725890319998,-215.5737218577685,229.9596437600194,-0.02085377298679359,-2.455635811009784,77.36200209928042,-270.73669,297.81235,-0.5176832826563617,0.94007599,87.7510490480233,-271.1784206317229,297.5311455333712,-0.08941520596063299,1.263161472561284,87.78000773285498,3764.9905,3956.0337,3858.996486859651,3859.6106,21.73004128039032,-144.9397107120912,130.3796260490233,0.002324324780948998,0.3254857136699894,51.45097561458579,-186.2893591688746,168.0037703446582,0.0778036616340619,-0.09647506972203598,59.9480546546019,-167.735369842445,138.5000122839133,-10.25894438273622,-11.74044283916627,61.30671106475138,-256.0323574174154,154.3384672045451,-78.26030048136167,-80.21522344034196,70.64855883756358,0.211686838278541,0.2029375662332528,56.449715,1.325812760925007,3.9540905378345514
938,E938_processed,21.044373,24.844505,22.40111778347594,22.414188,0.3611056394424829,-1.341601017033522,2.379309012310526,-0.0001854302964045995,0.006397525924290277,0.3602847773969581,-4.546339145254103,4.80211278420082,0.209450900511451,0.1905733748840648,0.2463641058519816,-223.38312,257.33658,-8.815323777756973,-10.066002,75.63103810617194,-215.0277171177351,265.6349186291021,-0.12458450196614,-1.543600751326352,75.69999547330679,-283.62164,303.74408,-1.622803266301633,-1.8545558,87.3419621259508,-282.3654837387691,306.1816215900852,-0.1572859231529995,-0.1790965877229267,87.47605583531822,3756.4353,3954.4829,3857.015752078009,3856.4404,21.56138351275886,-143.1942590200568,226.1879801290968,0.1590645865557688,0.8585803564658434,50.67378436979799,-179.6124349438724,232.6554227101666,0.1836561453092981,-0.2967316409334462,60.12020554797429,-357.6786905238455,151.00544153914223,-183.0579067940629,-184.1579905455895,59.76165995704554,-303.8002525229662,136.7295937272115,-114.0586687896216,-116.82897706278,70.37894101883947,0.2088875587604385,0.2072751298021298,2.9384760000000014,1.3809403846153845,4.18974358974359
939,E939_processed,-16.227905,71.749687,1.935310139241903,22.3744192,7.356013320001538,-35.25190288703733,35.61494514955955,-0.0002214049515142682,1.94767293963902e-14,1.895701937444991,-4.999999996655057,4.999999974411609,0.01551993668283497,4.780953253981621e-10,0.5833490176044769,-258.94156,275.11673,-9.438286481672874,-11.82261,76.08288158989303,-252.2446847007495,285.0086204963147,-0.1489395522734357,-2.530832796624978,76.21631855694388,-286.58554,420.8974,-3.448880532300072,-3.5537229,90.27353502077115,-284.2292963754836,421.6622913422933,-0.2228622915625327,-0.2127763735761419,90.45263201847904,3753.7595,3966.2922,3853.222883954664,3852.8884,22.14338592691439,-163.13678705309,155.5964476572765,0.1290510141710112,1.012625372794325,52.31529108664254,-291.5639790446209,403.5762773570627,0.3059620582561223,0.312367549126165,65.40151049225435,-273.41573604336,120.2571286440349,-84.79160468622042,-85.34646670751431,61.18600770923133,-515.0350210634499,1.789090090067694,-302.2613696670323,-304.3359528472854,74.06017722095925,0.2083138030858109,0.2049893865856668,59.94053399999999,1.3559947801557761,4.028635000464121
940,E940_processed,21.022278,23.629349,22.42392482159129,22.436283,0.3902846448901449,-1.407923914333105,1.229499976886193,-0.0006756971936971384,0.009440830297504551,0.3898668272037301,-4.991829875396626,4.884818841161904,0.2000757834099003,0.1816419972626719,0.2550055166735218,-251.5106,273.53741,-10.17778886027775,-13.450017,79.63246938358209,-240.3173261610635,283.8518340076254,0.001458498843827589,-3.601850990160341,79.62155323056496,-288.98672,335.10135,-5.391489574063247,-3.4908619,90.91959278059734,-285.2404951961643,340.8877803446378,-0.06032983737515391,1.884409032223429,90.90778691432071,3724.165,3951.1689,3849.656336104011,3849.3188,22.1881873815276,-162.4192503707314,157.0945954891339,0.1149895015790634,0.4591215621947669,54.29729115372147,-193.443217213587,182.1017062977504,0.1270820091982171,0.3383355852188987,63.25356393594595,-247.9881517010646,100.6679418598435,-62.76174572565514,-62.6041208979883,63.28974543627805,-287.5064718145578,150.2984346042204,-98.50712115606665,-100.5690311798327,73.22038695772169,0.2079461358083182,0.2034233337058887,2.6070710000000012,1.5139203656716422,4.455970149253732
941,E941_processed,-16.227905,70.998497,1.934743457317828,22.405351000000003,7.334973087057471,-35.18617434796636,34.97412296410289,0.0006550315361424766,3.127153895451129e-14,1.908295609710607,-4.999946387850963,4.284113131952436,0.01442344735080292,6.304566168589904e-11,0.07717106072792602,-295.80106,287.57416,-11.66531096930516,-14.3502255,81.07571440236866,-282.3665926085869,298.0076941571333,0.06316508054577336,-2.691444172639105,81.08632647209734,-329.45758,354.65613,-7.211251239111037,-7.7429767,94.36138113978102,-322.2432171656583,360.1506985607429,0.05891587347065564,-0.3034818265161512,94.39496809664546,3713.3521,3966.0056,3845.136043753474,3844.71655,23.22312417639404,-254.4894470337811,154.8002940270618,-0.150636764802557,0.3687851383179526,54.52536768569732,-215.817554717297,204.0777279432877,-0.132814826834733,-0.6764197704080364,64.32256101599154,-53.60017872013206,324.4112417053897,140.1215468628955,139.7811770588195,63.97302012684534,-39.03706448979651,431.6090356300261,158.8631980155336,156.2058944326389,75.3019813499259,0.2161381027007266,0.2072611366285775,61.9510708,1.4013642872770329,4.1374325161536465
942,E942_processed,21.000183,23.850285,22.49665066383286,22.502563,0.4174179099210722,-1.52806249117392,1.351985825794311,0.0002540610305123618,0.009538156347869808,0.4167829596503674,-4.774699444642115,4.967547595475477,0.2022867133803915,0.1834180353400913,0.2431343431943631,-252.54616,289.15906,-12.90420170057985,-16.059723,78.15974713511446,-241.3078615748835,302.2970426347892,0.128792853125403,-3.155557886554647,78.25541521535115,-337.48477,324.62128,-10.14217377104317,-8.5805607,91.97483319882055,-325.9319646841215,334.0832100115905,0.07063533532661706,1.663711202879572,91.98752481250105,3695.3318,3945.3584,3840.364047291215,3840.0557,22.46086873271548,-266.296747316948,152.8525276894104,-0.1420873040394986,0.9242032621090579,53.73882485631101,-220.6616217180949,204.7882971939613,-0.05900837297142496,-0.5730627489362439,64.09296563421316,-267.54865838999285,413.826641670488,245.5992253105856,246.345638107601,62.22793777155862,-72.46278492380284,392.7396035580243,129.9556194152586,127.9641441728806,74.12477317280104,0.2111403174341349,0.2061334864156382,2.6733510000000003,1.606465155555556,4.435308641975309
943,E943_processed,-16.227905,70.379875,1.9446464967305,22.436282,7.382899304722773,-35.20318657276059,34.27734254120634,0.0004339516618648894,3.340196887865906e-14,1.894924102501169,-0.8355578459943138,4.999961845600617,0.01444956717364632,1.049554773285793e-10,0.06796407167878114,-254.67082,312.5112,-13.69388068631191,-15.985768,76.04336155640001,-240.5337769106443,327.4262399588411,-0.09719399666139214,-2.638832850723825,76.10924840642046,-346.87012,377.16092,-12.36914849184933,-12.8974795,88.88816480016143,-337.0197751901675,385.5811689143709,-0.09893048702946268,-0.5742302569875555,88.92549836518003,3680.1895,3948.0344,3836.950152777778,3836.4988,21.69585575360617,-161.7992880621514,158.208151555097,0.07795062060491308,0.5589377508216478,51.07898245747752,-226.0459597121343,215.4376968361133,0.0995399660880242,-0.1301400899731769,61.21577990500792,-266.6076930311042,114.0781126316458,-69.20856565530126,-69.57704274334642,60.12252325004383,-340.816436942654,160.7231755052618,-133.1723297344514,-136.1428528472068,71.09963953936511,0.2155487982122117,0.2066262917297945,62.8569239,1.4424963495569754,4.247221517275982
944,E944_processed,21.309498,24.004944,22.57024866014778,22.590939,0.3946538805119484,-1.271593340934355,1.455358318344912,-0.0002171124224067118,0.01351355239248817,0.3936403045027388,-4.141037702275199,4.638908876564463,0.1930518631278308,0.1779044629040141,0.2421192740174773,-247.50827,248.83577,-14.14126873443745,-15.551748,73.94091123469298,-233.4172011012841,263.0296559262021,-0.07719200086487053,-1.550247682475769,74.00420975693866,-296.47186,274.76816,-13.54898503687755,-12.555576,87.65627967732358,-283.8624775811791,286.0513472854381,-0.02873735676051386,0.7750264359807311,87.67417180007075,3733.8437,3935.6248,3835.064571070615,3834.7156,21.11786212988605,-183.1911066574501,265.9550913428248,0.1834591553597897,0.01699586662014951,50.68321461851195,-199.7517934267358,203.7832096076707,0.1256588140719641,-0.9277307186516737,61.32896026730278,-353.0325677441562,212.81499710963593,-181.285088512649,-183.0906742324521,58.6484264183275,-281.3214496662905,129.6704267222901,-105.9740403428276,-108.3127469988087,70.86844711989797,0.213868695396091,0.2049751297812001,2.562884999999998,1.5227733615384618,4.576726342710997
945,E945_processed,-16.227905,70.22522,1.94125782632098,22.4716322,7.33784514626845,-35.05008628672294,34.32600801696024,0.0003357579242492529,-1.137906068073112e-14,1.92092509615425,-2.766227441898513,4.999660711800478,0.01558428448606509,1.44824083655689e-10,0.08978130636648864,-237.16093,278.53885,-14.43527535168249,-14.9357225,69.71254632971151,-223.443102390745,293.4516729698415,-0.009488990735482946,-0.5747249114645232,69.72093551853456,-280.116,294.32251,-14.17024308424581,-12.0317895,79.06943481368026,-265.8637262429796,307.5400944380919,-0.08242609442270388,2.010110443658769,79.08368464076206,3718.4822,3943.4661,3834.287971191244,3834.5842,19.15529107542521,-151.9716952367216,148.3190950516665,-0.01978801715433678,0.07084189632881,45.98306300950914,-186.9995036339629,178.6293148560806,0.005300538696377047,-0.125020423513508,54.72736082684828,-273.4390684514846,81.28069254257831,-85.73229844199486,-85.72392523807571,54.46026296026719,-247.3403524583672,169.5964287330083,-67.49608055480502,-69.70773018563538,63.45410328886422,0.2189193046685165,0.2066600878411236,63.03367449999999,1.473328230027933,4.351641277917504
946,E946_processed,21.309498,23.850285,22.67542451555729,22.679314,0.3690832963518282,-1.394002159682743,1.212704198880592,-0.0002093320078957943,0.003576348975107876,0.3681311385880803,-4.996747155211684,4.966103111523092,0.2050048432517579,0.1845615619729755,0.2534256037080677,-247.2446,245.38762,-14.78510808102934,-15.485925,67.51783211862853,-232.0546663650518,259.5778022634634,0.05900741594110899,-0.6717737679466731,67.6032736723583,-307.4595,354.10114,-14.01987243531791,-13.145529,79.39013928740248,-291.6065426159429,367.6946894142654,-0.06841707528112877,0.8026200873352259,79.4607160822726,3696.1914,3964.9238,3834.534170207801,3834.595,18.90255759182865,-212.8653848566977,160.6666960200035,-0.1232880717868451,0.4006103399051604,46.2647829065625,-219.9068114295741,188.4176514420992,0.05287533162081576,-0.172998540384302,55.51815485980273,-21.9579824402856,336.2996789884824,178.4056902712865,177.5472260164389,53.73065760397314,-175.1643354005296,311.1321187221915,45.7640949330329,43.64997601262454,64.35610985764079,0.2122133450679915,0.2072318301014079,2.408225999999999,1.4160849710144927,4.310336538461538
947,E947_processed,-16.227905,70.00428,1.956628307864478,22.524657400000002,7.396866184966239,-35.10329987666562,33.98916066164544,0.0003156975784593152,4.306938931104865e-14,1.906410490198302,-4.999999992263506,4.999999999048848,0.01607966557363743,3.661737265272486e-10,0.6587137227112192,-235.29886,219.64764,-14.33865944958878,-13.553519,69.00745530922035,-220.3777485128411,234.6932265054743,-0.07610034585587729,0.6830307309622903,69.08848229444027,-273.146,272.07391,-13.81474998399149,-13.615699,75.7082570159347,-259.4163422793808,284.1036484314943,-0.05167910821268214,0.221907470793262,75.71211703893192,3734.5486,3927.3916,3834.697013980108,3834.5464,18.14547916941109,-128.8749180868048,135.0221166528664,0.05170531918625026,-0.5121502576421442,45.70084084340025,-174.1002266002414,163.8739535966857,0.08912949961381003,0.1181306983680042,53.11038288103234,-189.955024427437,177.566863776246,-8.270031203435826,-8.969749769790091,54.19850894438911,-237.3575473031017,149.0592003400024,-66.82025584502769,-68.1286271536754,61.13919356858387,0.2178042867600414,0.2055994460671075,63.342986999999994,1.4880368476791073,4.393617052429033
948,E948_processed,21.309498,25.418949,22.78651505755555,22.789783,0.3797223035203315,-1.632101405481118,2.538819188864404,-0.0009699745191221518,0.00325251935873831,0.379272685428507,-4.967910856445413,4.79690542781609,0.2111831890576805,0.1887203062890206,0.266978203752892,-215.93372,250.94998,-14.26303501173122,-13.537037,70.0695312086919,-219.4060723910998,265.2920818560776,-0.1580070741148102,0.6883095918228452,70.19787521560865,-277.97095,263.22803,-13.85624231121367,-13.109959,77.13613277180352,-264.6641887459216,276.5436164309757,-0.04914339774680691,0.9115388889111558,77.12440406426235,3741.6907,3945.2473,3835.133168694444,3834.5413,18.37417570626976,-201.7006863900942,336.3495076101843,0.2374856386936973,-0.4898629721120003,47.26677893996533,-182.2658044515007,179.3073756019877,0.08712817349277503,-0.3608929590307053,52.9209238210566,-425.9749928199411,208.5485377273386,-246.5339554897443,-247.0978021472754,54.71398254633316,-190.4922141930407,208.6146551577226,-19.03910227969375,-20.38502919429175,61.73687313575592,0.2199660617009383,0.2072316971027674,3.557106000000001,1.4729206944444444,4.138248847926267
949,E949_processed,-16.227905,69.761246,1.964524066507639,22.5997764,7.44063841762121,-35.12789739825573,33.66340605023331,-0.0002049209312713141,7.77658918383196e-14,1.885539628496096,-4.999999982202617,4.999999976367574,0.0144190434012332,4.005180627676209e-10,0.5138749253384031,-238.48206,232.38074,-14.38423600458102,-12.621287,70.36528230569749,-223.9288538117928,248.1125829485025,-0.09976202348838814,1.514673340990228,70.45035982912364,-267.24884,266.98077,-13.65365988918414,-13.03499,76.72721649243486,-253.146376806313,280.0327445888964,0.109591233043865,0.7519150540439492,76.75215353019661,3747.9404,3924.7131,3835.569849480526,3835.4341,18.16020552384968,-162.8876211942169,200.5267880640657,0.1546531608126898,-0.3947246321213473,45.87560822696924,-161.6113032446096,197.0132441841984,-0.01018827847884022,-0.4013642305899019,51.69418071422727,-398.0055184947055,208.5485377273386,-229.2006202252037,-229.4697520582375,54.55302363935365,-105.5620470696743,337.0537102720183,133.837876483093,131.4507730511745,60.63866854317819,0.2216759724795457,0.2128269083677643,63.5418284,1.5064329096449196,4.383318104065569
950,E950_processed,21.309498,24.80032,22.85506970333333,22.856064,0.3856520706711142,-1.52915479055833,1.819653032557905,0.0002292574985918508,0.002167921993710248,0.3843189446730736,-4.712870958284147,4.797149481560988,0.2055246279516113,0.1847916495571952,0.2552691490904215,-227.34052,235.82932,-14.32401186969483,-11.532419,70.34466764280444,-214.2213679708913,249.9312600380276,0.01128069385878464,2.784586177837985,70.35769243509918,-287.62085,281.72369,-13.42924318480277,-13.2285255,75.93105707583712,-274.1903870470057,291.6735389489095,0.1861336207304971,0.4430130942055959,76.07847456298143,3738.1196,3916.6782,3836.253644405555,3836.3269,18.31010030457962,-135.3159838881335,120.761362934957,-0.01266847789088418,-0.913308537723676,45.14124724709041,-314.5978500012706,156.328353360248,-0.2465207107033642,-0.7640409162244302,54.2841722663928,-204.731644267994,116.9441139885795,-37.19175888872991,-37.30009521148645,54.33582121261603,-197.7060704261815,515.3004790354435,296.4928423584159,294.5264077500202,61.3141854828817,0.2183212460403965,0.2133383140450541,2.717537,1.5060352374100716,4.295454545454546
951,E951_processed,-16.227905,69.540306,1.963132697666148,22.683732600000003,7.419842444120119,-35.05179726855692,33.51866087715364,0.0003623400340793841,3.231586074164607e-14,1.902918930767633,-4.99999118359629,1.680645644868274,0.015016958923517,9.029948135639531e-11,0.07758180195951528,-235.83188,237.15828,-14.05304989676929,-12.965538,66.16699514761795,-219.823130419029,250.2296023521275,0.1088863610023997,1.188255513320703,66.19824116039952,-245.0013,249.82626,-13.40364260761881,-12.74469,77.24464360928117,-231.0048237249796,261.8505116293423,0.09229060342327296,0.789417741797731,77.30795137640683,3739.9861,3916.7205,3836.697608017112,3836.3928,18.02545206583216,-158.1344190290376,141.5352180301498,-0.1387568965385811,-0.9017742315256534,42.85901591458466,-191.1762559772494,188.0380332915224,-0.1159107451585487,-1.299629261204888,52.80447231587111,-0.422115090527905,306.1359325651469,162.1438272406656,162.6231989219024,51.00251777029989,-179.9618565941317,280.320955394958,74.35003856586872,72.96329237103969,61.39329515126927,0.2213507367915221,0.2166725017999446,63.674390700000004,1.5048558839926052,4.351214983305732
952,E952_processed,21.154842,23.960754,22.86901949611111,22.878159,0.3791545665495871,-1.81000420239381,1.10041407417538,-0.0004712739567819199,0.008393439476328285,0.3797090188029798,-4.800807494907405,4.62469896998739,0.2099709642175197,0.1897563408226096,0.2611183168679163,-243.25703,194.42506,-14.16827271659733,-12.1915245,66.52037042676585,-228.3669365128299,209.1578036275188,-0.08395681482870147,1.908977751828536,66.51926723694943,-283.60004,299.95135,-13.48889819446038,-12.2766455,78.17777067446177,-281.731464890202,312.5693283941837,0.006970635065196904,1.290953360928476,78.3753511804804,3712.2288,3929.1782,3837.080936677777,3838.1123,18.37732620314119,-123.1436436255626,153.6094841900586,0.04067121956131776,-0.6838972251801856,42.52639352656713,-242.3739482374817,202.5994129739983,-0.1483364887019741,-0.5536323855343035,53.0059845935013,-291.4731500718054,13.14716616624635,-130.3157912318184,-130.8721640284024,50.89690958749693,-203.38655828351028,506.6054157164087,276.9100026872172,275.9694745373104,61.75749468018947,0.2278317043197728,0.2188767015763306,2.695443000000001,1.4581913286713286,4.183023255813953
953,E953_processed,-16.227905,69.562408,1.961679947578588,22.7588518,7.413496324508076,-35.05560760099877,33.42068391328615,-0.0002124439395217327,2.79167423731015e-14,1.909318795722412,-4.999999990631828,4.99999998312893,0.01720843771189076,5.23929238727839e-10,0.7923443825767774,-219.38228,196.55595,-13.9703267887245,-10.647095,66.61602355599456,-204.8149389926399,211.3406232640349,0.1472364617652611,3.262703563999434,66.71875056822117,-333.18985,237.763,-13.06414138640549,-11.750388,72.18137232243728,-320.5060274173461,250.5422154300673,0.07833351249280464,1.413099625075958,72.1670079262615,3720.2637,3909.5356,3837.41892434024,3838.1123,16.98210718295647,-252.1045117309568,125.7104878877622,-0.1876414092444255,-1.006847334025792,42.2639164015161,-159.1010672464533,180.2083701827739,0.01131840016218567,-0.4087313497061853,47.20249797366282,-4.596991797149641,335.1426913565422,193.0628981111508,193.275463814921,50.5588401690623,-63.53548337479341,349.5517809185873,117.5023651696992,116.5143152615729,56.01969382119737,0.2313154717783524,0.220631714023354,63.87324290000001,1.4752011186157596,4.30075790607346
954,E954_processed,21.552528,24.159599,22.81327924533333,22.811878,0.3466191864862992,-1.242998992041232,1.300806281624025,0.0002447935062537662,0.005988736631548322,0.3455111107995259,-4.635345560533523,4.629644056364049,0.2116153372211537,0.1930205753876775,0.2686558175513473,-213.28094,243.78757,-14.17235790000307,-11.7912785,63.79820284480834,-200.4090779073236,257.8944719610354,-0.05280555858716018,2.323376980246612,63.90663420685877,-250.09344,260.27945,-13.31903177606117,-11.699766,72.71032846846715,-238.3868167145377,273.6866247726086,0.02536612495408789,1.733565810575413,72.70753431261666,3755.0828,3913.1067,3837.834854305555,3838.1123,16.71112848970431,-145.3470722980418,128.7432696027105,-0.06218603693941648,-0.8721463462824843,41.37388864179225,-158.999877464691,155.3041499681037,-0.04496996973536337,-0.9622984083568564,48.00437354583897,-93.69970304522332,221.0094954239925,73.63108042816927,74.08500044695786,49.40550162264606,-145.6388974819503,225.3491393741869,17.06081631735373,17.0322982998982,56.7450556548557,0.2244179261402018,0.2194422418380971,2.1651960000000017,1.3316541188811186,4.171925754060324
955,E955_processed,-16.227905,69.606598,1.951407806434167,22.803039599999998,7.386844338447032,-35.05548381870977,33.33427169502419,-0.0001720640256925768,-2.484981659440483e-14,1.907488627437635,-4.997586954730343,4.832906356919059,0.0199983892723024,4.561226400787537e-10,0.1341486862406797,-226.54469,196.27896,-13.95765033561658,-11.1666925,63.37002816061844,-211.7770061666733,210.0220188699745,-0.02240322128478338,2.644860107718437,63.34959554089483,-220.0715,220.33954,-13.12463282325125,-12.214225,68.65455720786278,-207.1928664687799,233.8329519150645,0.02617701559604279,0.9618119612512297,68.65051797776076,3744.3694,3913.1067,3837.853305444445,3838.1123,15.44873474328819,-112.8229661480328,189.9261829073874,0.1246183054071553,-1.334297804905807,39.81731455862312,-150.691070406744,132.7006275807338,-0.03797197688101566,-0.6258978625977949,44.92029035661223,-175.8053536005766,103.0039272721374,-36.14230856338383,-36.33702000752737,47.95928714229168,-111.6895754450997,236.3054657808901,63.30517273411046,62.40313516488889,53.17621873246568,0.2309836977874538,0.2227502026546681,64.02790080000001,1.436977270084291,4.2197977883433255
956,E956_processed,21.486248,24.137505,22.69855348700001,22.701408,0.345192598249145,-1.220511729658855,1.374914971475806,0.0002964182863457005,0.009062650700014017,0.3434757915806713,-4.796314229419513,4.744164285240533,0.2078381087277243,0.1925174583195384,0.2632901357730071,-229.99326,172.32103,-13.83075052519726,-12.2036025,61.48717442661967,-215.5068144532036,188.1425661509756,-0.09078443076297395,1.452511531722398,61.55227004414117,-249.55733,241.51575,-12.6867694115295,-11.0101975,72.50472161923858,-236.8215090891662,253.6425832806725,0.09434916403240792,1.831832084895844,72.52402203648194,3761.3323,3897.0366,3837.975567755556,3838.1123,16.28780657484823,-112.7741666999912,111.4304138512139,0.04715342044106689,-0.1622775935757854,39.31657778887825,-146.4453766139319,147.9319316453414,-0.06016067614737899,-1.018811091849528,47.34530275151469,-184.9041784260291,94.11387702555261,-36.55293263371177,-36.82444354878099,47.3272722053785,-71.21547649004134,257.1536574314873,88.12099477008725,85.50415723107577,56.12459542320923,0.2305313031887066,0.2184951266771901,1.9663460000000015,1.3156000070921985,4.234117647058824
957,E957_processed,-16.227907,69.644424,1.948056015415468,22.8074584,7.39471824083808,-35.10110966261259,33.14463051137899,-9.888693180202897e-05,2.345038112938499e-14,1.895784885010424,-4.999999980383809,4.999999838765985,0.01614454684921311,6.378977012337566e-10,0.4738765717314807,-251.21524,222.83084,-13.59985070790404,-12.117274,64.97939216350828,-236.9217164041125,236.432689876139,-0.02012237560443155,1.413230761110913,65.01288112050939,-296.46658,251.4337,-12.41702094639838,-11.837484,74.09543515005483,-284.979853684373,263.7453955225552,-0.01594784126456281,0.524048901664497,74.08373208570761,3740.7979,3919.3564,3837.871643730207,3838.1123,17.00947313364986,-123.9586157025893,136.4861637446126,0.0835576081878397,-0.6473506482426608,40.777350646282,-161.9082487365848,152.5246559824326,0.002886802042391869,-0.5568445772902848,48.38773436486959,-263.7294335387704,51.91280856672228,-92.93179096983879,-92.52995881722453,49.32039043628065,-190.3393606418245,169.9067528649654,-25.94648598883152,-26.53292839997797,57.384092702015,0.2227595887947446,0.220020873741037,64.2219882,1.4168802772998323,4.204554010062783
958,E958_processed,21.397625,24.711147,22.56399518063118,22.568356,0.3268747152274408,-1.194864359712849,2.025761304701077,8.225526642355357e-05,0.004605390505495327,0.325312465460014,-4.960142210584078,4.764920018898976,0.2194194782041415,0.1987244960580324,0.2770473276989068,-219.38228,182.85287,-13.65147793720884,-11.787209,62.79552991107129,-204.167416954178,197.1321169906342,0.04800039822792765,1.916058979592544,62.78266661589343,-249.55733,249.02122,-12.72865132386398,-12.572522,72.01991064547836,-236.746020598158,260.6888597389739,0.03613813005141747,0.2177597420622224,72.07258150038626,3753.2971,3906.8572,3838.01231174575,3838.1123,16.12054810369649,-165.2536155538653,158.3024972151255,-0.1045917971743057,-0.5814252992510491,39.01015290287661,-200.9754210715724,188.3669203251404,-0.1016591855210243,-0.2338003523945107,45.93997256592156,-57.93089851894316,233.2421912464866,75.323196010537,75.96780237322551,47.44605078951869,-40.36443170562108,307.789567151035,123.4442114538766,122.0803297677307,55.06879368690366,0.2256616605384511,0.223885294358023,2.474464000000001,1.2526750933333333,3.972566371681416
959,E959_processed,-16.227905,69.739052,1.940281710828,22.763173000000002,7.369493592361385,-35.09633899840821,32.96438069279787,-0.0002520965136449354,-2.081794217777859e-15,1.898799602957918,-1.097383294194921,4.999956938397877,0.01608169787781938,2.893428340619575e-10,0.08346272310365198,-259.70404,241.1348,-13.74237197670806,-11.7863945,61.95455853133651,-245.5615580568867,255.759146281629,-0.124530745198114,1.708420367367547,61.96559031064294,-258.67111,239.37131,-12.05225044046801,-12.349929,70.13612322408312,-271.3602076845422,251.2458641436844,-0.1307602364679588,-0.3404089904881022,70.27835673355,3775.6169,3897.9294,3837.713882288888,3838.1123,16.1066980388455,-147.4411970883048,221.1954751129824,0.1448596729091475,-0.5844912808203286,39.11364464766439,-151.1199046982676,179.5184326963429,0.1083844998681928,-0.2843532454317845,45.74025724412375,-373.5784211398647,163.8502448457118,-197.0038087245859,-197.1637602555565,47.09088799635346,-246.1897520990822,188.620993646109,-88.06043051928481,-89.0484861667654,54.7017368051602,0.2295331573243194,0.222736213693139,64.5359766,1.3728311570776102,4.171417514813813
960,E960_processed,20.933884,24.910759,22.40768328488081,22.413319,0.351148235237486,-1.485760922145763,2.304157950642073,-0.0004924594757435496,0.002523553905173739,0.3494798890493962,-4.806487710193378,4.752081415557678,0.216695410910604,0.1966061400570254,0.2871866987809581,-233.97238,222.83084,-14.97016810040375,-14.474467,67.4487286673033,-218.1932333946138,236.8762175483119,0.2722434793783903,0.4099919526169302,67.65640174045119,-286.54865,377.41861,-13.59683931491355,-13.174769,80.17702195335829,-272.1737410424246,389.7226296880653,-0.1192004425894621,0.1354474907995087,80.20637865359444,3732.7629,3957.7466,3835.023137561816,3835.4341,18.20824045205166,-267.2175649924852,142.0265238717814,-0.1844915278524555,-0.5239440240288777,43.55815296497022,-192.5776235897027,188.2007886104677,0.169014936645392,-0.1367569052512465,51.85244872368946,-165.08718894968843,486.8667908217192,313.7036719530341,313.7433833177291,52.03536665642654,-333.650579515067,98.47892019962133,-156.4120313944405,-157.2866340781711,61.75024700376785,0.2235296434592499,0.2189336794336181,2.7396320000000003,1.3462054459459458,4.019955156950673
961,E961_processed,-16.227907,70.023323,1.920550545388222,22.674624,7.300480980940113,-35.00464753456128,33.18104349622737,-0.0008620392219306617,4.369237103902983e-14,1.908037757395583,-4.99998382272326,1.493747905959166,0.01547431084140371,3.796875499738226e-11,0.08072237504761684,-241.66536,219.64754,-16.1005340849608,-16.1703985,69.83410079055838,-223.9526936581946,235.9575356072979,-0.1090278907974555,-0.2372014103838032,69.84427169597772,-301.0235,314.96228,-15.36357056931192,-14.134538,84.08846307072993,-286.6175055660867,329.9744612214915,-0.1777739904905722,1.105276635809341,84.08260901970145,3747.0476,3927.3916,3831.623751716667,3831.8628,19.27578742409417,-124.2174928382717,140.9549114169656,0.07969994344016512,-0.2479217992087066,44.53516333719646,-180.5378673226177,208.6147582168679,0.1727803645783322,-0.3701156318913741,55.25858835330327,-282.8689601134776,38.59052746539434,-116.1997477144002,-115.7182862927431,53.62112879410562,-401.7884757914758,26.97807836594393,-199.9403207582993,-202.6214899408242,65.24605645550666,0.2160378429711404,0.2148316408741178,65.4395866,1.340865198784785,4.116317637113038
962,E962_processed,20.86734,23.452354,22.23697693643738,22.237316,0.3783365767703644,-1.425979454231577,1.221684265150171,0.000172634135881651,0.007791188112903972,0.376494985688173,-4.844171737626811,4.455878484617648,0.2067828011856151,0.1857890324866984,0.2360473494760178,-237.95151,244.84865,-16.57449177116522,-17.68173,72.47833511342098,-222.4423303913605,262.4326071732826,0.09752466480840286,-0.9633268871338854,72.5212443368106,-321.66357,301.0235,-16.32476212429547,-14.6183235,89.25038183499542,-305.6025869610526,317.0219693625957,0.2298249329152921,2.125718921086468,89.45071772632738,3737.2268,3927.3916,3830.08249609401,3830.0774,20.55949131817714,-129.7027828889164,138.0490522500695,-0.0893398471305368,-0.7729773056442566,47.33076448263596,-357.1567119126905,233.5541128871732,-0.2230142491044041,-0.3145126588101821,61.12744701158102,-102.1856038101839,209.8369758013324,58.55729623074786,58.18607953933217,56.56065307806326,-178.26800361610614,549.414069256441,324.7315912433035,322.9397013559663,70.62731431154855,0.2133177296688329,0.2139130060795869,2.4302980000000005,1.4668858394160584,4.3341404358353515
963,E963_processed,-16.227905,70.048386,1.916645179594,22.546455400000003,7.304456954041068,-35.06732680390478,33.10264881827706,0.0004158741851036185,1.36000563035976e-14,1.900632347239057,-4.999970798149228,3.309498357290353,0.01387401882763883,8.852402505420945e-11,0.07759169697373151,-240.86954,242.72644,-15.84120487336344,-17.64017,70.62747567910286,-226.4947381987788,275.1283263502073,0.07088411780870991,-1.889550825061201,70.74205497155987,-326.22049,280.91953,-16.54212742094887,-16.284416,91.82762737283407,-310.0841069516975,296.1721367493504,0.2163095815329884,0.5309158718572751,92.03622613832079,3731.8701,3920.2493,3830.199999611111,3830.9702,20.58603417014589,-134.3010033542122,132.2141985437623,-0.01950790504313916,0.5631701088688637,45.67216940104322,-228.8891539765636,250.5974630733324,-0.1702546492761295,0.2610450398647366,60.39155578008224,-249.3177553830429,126.0168721555099,-81.12074235729678,-81.19182734638956,54.95893727738654,-116.6830982686033,399.5197871598863,158.5507920506766,158.7170934745736,72.0031833749727,0.2227564371592133,0.2138626272232299,65.46393239999999,1.3426041009337308,4.146541073117318
964,E964_processed,20.712952,23.408386,22.10748691722222,22.104862,0.3548956679167956,-1.415262770121467,1.287528023497408,0.0008878055456285542,0.008595466489499406,0.3548010110953262,-4.902725632947928,4.969157597321142,0.2016626170126608,0.1867272247679992,0.2638596744464983,-252.01108,231.8502,-15.50219778676558,-17.280736,72.74464471617013,-236.8041229609833,246.7960239557456,0.05346216046386792,-1.896239732774086,72.81813013112802,-314.42615,297.27075,-16.5223451953019,-15.2069515,87.46202785381111,-297.5992181792141,312.3009034237837,0.03191369799956153,1.257502724488047,87.48036417558966,3710.4431,3910.4285,3830.726000294444,3830.9702,20.07170576795854,-131.3228858744831,150.7796910017595,-0.04991640207228101,0.7089769933804981,46.36901524433299,-282.8725457184601,188.9937569337021,-0.2039737653461813,-0.7576583644641648,58.32896908026773,-254.8863062429903,93.96065854658393,-66.2951307695108,-66.57472752224484,56.25755506692412,-34.93925325600619,361.331403984012,148.8061923793571,147.3908864026889,68.54683840679641,0.2222010271404123,0.2121447271697086,2.386130999999999,1.38141918705036,4.300478468899522
965,E965_processed,-16.227905,70.00425,1.906999436957944,22.4050522,7.281231707977537,-35.08593549239738,33.03635292746822,-0.0004341845565394527,9.604458878285846e-15,1.893936141772903,-4.999974202033797,2.145782870840728,0.01552042723914971,1.385930236397374e-10,0.08526822762798818,-239.01262,257.31659,-14.82912450205139,-17.2513895,74.17133134191187,-224.2564661661252,270.5344747411091,0.1252809733482385,-2.195416435838917,74.3383071342626,-314.42615,320.59137,-15.37585055101787,-14.0784645,89.25619002144002,-298.6173564305496,337.4326814321884,-0.07673091704070475,1.34433347853038,89.31598318488156,3734.5486,3933.6409,3831.364793877779,3830.9702,20.77994110587616,-179.5450260368611,138.7730942064101,-0.1075892120938454,0.6782463991209395,48.88306845678549,-215.4504971371507,288.7865781554634,0.1682916884585848,-0.1601387629772226,60.97055428466958,-231.7596917668716,223.3633672105033,36.71368972082321,36.11954893755874,58.37701600789605,-429.0190500100333,86.99629240551322,-175.6587961869328,-175.6670426356222,70.79927343114528,0.2149903892807574,0.210511886741925,65.3535008,1.3525571145675792,4.172251616085157
966,E966_processed,20.381546,23.209553,22.02724078169797,22.038582,0.3617386336514516,-1.659371429344879,1.193053999442576,0.0002261758268952765,0.01217512002633146,0.3614091802479331,-4.680589561592513,4.960728153934337,0.2111103220573742,0.1894371923386005,0.2437044866885894,-243.78757,249.35834,-15.21964012546317,-17.773224,73.30362285979845,-227.6417390699121,262.9540950514734,0.1191524170714721,-2.256708764963456,73.3263630772308,-349.27304,325.68439,-17.72320072953606,-16.8816005,90.19131153082296,-332.4399499764158,343.7332092669615,0.1562532491463469,0.7913652984114865,90.26870782754803,3723.8352,3932.7483,3829.041385792866,3829.1846,21.26573361671396,-307.838831567749,190.6482541074977,-0.2237619600047763,-0.01148193555571609,48.52083946450293,-229.0755926555546,195.0558016840293,-0.1267254183565699,-0.506061143447583,58.88476476978623,-222.35124988224152,382.1787932718428,169.4509397717333,168.7400960869064,56.9128299600047,-94.64179808724505,388.8201067347507,112.2720421974402,111.7365034617021,70.32449139623424,0.2189528452762874,0.2177257371705335,2.540786999999998,1.392704964028777,4.306714628297362
967,E967_processed,-16.227905,70.401939,1.905982031513616,22.272487,7.276680709589455,-35.01256587792233,33.49219003992164,0.0004696893922873989,2.295191651584829e-14,1.904996258799616,-2.433947975323564,4.999271245902506,0.01389732448926996,9.973088617182847e-11,0.06836512224057924,-233.17656,234.50293,-16.21815296209382,-18.0345745,73.58286518982825,-216.8269487327887,249.3958270212142,-0.07064051791105523,-1.971210101268616,73.5977181759076,-324.88022,311.74564,-20.57594422524105,-19.273885,91.04112923880287,-304.225847344775,331.6877685661964,0.01257005075741869,1.300286994067548,91.03596381524316,3717.5854,3917.5708,3824.922924713793,3825.6133,21.24676249331775,-144.6387675546124,128.9017515848758,0.06734513112710953,-0.3035190510508379,46.7682817505735,-189.8117552230985,187.8054434186663,-0.03024329852201833,-0.9814614962253341,60.37620043929844,-265.0545703552242,71.47304683272101,-89.94794814282128,-89.99360199499341,56.46524351634338,-144.1463159730447,299.4088051254873,44.90752221795402,44.06420656502623,71.40312144224893,0.2201759220986225,0.2155925868720341,66.5465675,1.367978105954895,4.186771012332865
968,E968_processed,20.690857,23.054897,21.97984426830759,21.972301,0.3585460376591738,-1.286855369616747,1.073701904052214,-0.000125657109562304,0.004372265865602645,0.3587675907920045,-4.976941855625196,4.545976892781637,0.1977274911123457,0.1841783873028815,0.2508220934762229,-215.13788,242.19591,-16.17013718417647,-17.731827,67.79704790568688,-198.851274310529,257.9473176020937,-0.004641913892505235,-1.686411292032157,67.78697851327273,-287.62085,297.27075,-19.60639319174392,-18.2218,86.24275631380611,-267.1427682239411,306.1371406172527,0.01562474398022005,1.41170505384228,86.2331608599396,3732.7629,3909.5356,3826.049508295366,3825.6133,19.51673066691992,-120.2755616590082,115.0863610445039,0.03786753047417116,0.7271175779537984,42.45379486013486,-164.4144007399483,168.4913564980027,-0.009435088074775026,-0.8888718900016777,55.56717772493872,-144.3469098993435,158.6849903029099,4.762884300267923,3.498936067617219,51.58384536953805,-228.9945742981035,186.5726872258682,-33.63901801889894,-33.36918903172456,66.39613409848388,0.2201297611234984,0.2188433029474163,2.098912000000002,1.3861467463768116,4.342270531400966
969,E969_processed,-16.227905,70.401939,1.900489200348669,22.153275999999998,7.246632843550326,-34.9491006487576,33.59853629235573,-0.0002757902817051629,-3.710195724754794e-14,1.910251047552235,-4.999999997449817,4.999999985333357,0.01500290486184091,3.013978430946334e-10,0.5312495744046494,-242.99174,236.09459,-16.13030179158674,-18.966541,73.67897368318772,-224.3813675900406,252.2934283449632,-0.1464934485133758,-2.934437669905714,73.6929395670485,-342.83975,327.8288,-20.16599440606032,-18.502333,93.04250657717473,-322.1498626534192,349.3723679527516,0.1938388335181543,1.773969261295598,93.20718652419067,3724.7278,3910.4285,3826.22767459021,3826.5059,21.18806180908809,-137.1942786147858,126.9438175992306,0.0734110177230678,0.00918265650413641,46.10574588969421,-379.4439449321401,180.263407851041,-0.2675757111758267,-0.9054246306049478,62.78066076452377,-271.1795680699072,52.92684553068999,-100.3226540995807,-100.653873522364,56.1781675610513,-225.56143303318453,584.0861213196258,362.7971417208554,362.5133286366621,72.96619039633646,0.2227848446720451,0.2166823011407143,66.5907551,1.3946724365635905,4.260711844276774
970,E970_processed,20.646671,23.651428,22.0281489408856,22.038582,0.4298826304531496,-1.40413446389768,1.631046324486961,-0.001233368202022182,0.009193693393499666,0.4302026118214106,-3.814107039196633,3.815220005518454,0.1927699609312361,0.1752406912917303,0.2187864610147428,-237.68623,240.60426,-16.23099321708375,-19.221062,73.48599317687881,-220.9349141180876,255.9038180372354,0.139112922229434,-2.845273546189045,73.50934675845676,-349.54111,332.38568,-20.85670116294789,-19.337173,95.45622310668224,-328.1461615608132,350.1797037050424,0.09956994202439538,1.656587536024972,95.50400318908011,3707.7649,3923.8203,3825.92354355242,3825.6133,21.82526294945036,-167.5432481465417,131.7892939236841,-0.04866811444048146,0.6380621070660197,46.36215710121953,-219.1402099725501,188.8959544803051,0.001297426903093412,-1.009713442674752,65.21461301913774,-225.19992070513013,369.6156972705368,209.8970178131991,209.4437167231871,56.11561074262855,-216.3991427030151,322.5372211643499,58.96318730215457,58.11329616137893,75.99235034400526,0.2278280495400392,0.2055792299763889,2.8501009999999987,1.6554366031746037,4.73968253968254
971,E971_processed,-16.227907,69.688438,1.91280742520948,22.0783286,7.292609264988944,-35.13630388853355,33.09273140678961,0.0002631696658770361,-5.222935154724055e-14,1.901462945203046,-4.999883738182432,1.49254357534075,0.01445931730720115,1.804971849629838e-10,0.08686699554662974,-220.44336,213.01569,-16.13690696539437,-16.3636395,70.5549361096509,-208.3377630776353,229.3550112312706,-0.1151761296306411,-0.2103508818833689,70.66797363027958,-334.79816,317.10669,-19.69093582872184,-17.258088,88.96891715066293,-315.8095794321787,337.2092832583316,0.2470291558843622,2.455346560312176,89.22798572539743,3718.4783,3919.3564,3827.99696975439,3828.2915,19.87407434684112,-134.9088977937812,129.8209119181753,0.02937676256641072,-0.4160270613977914,43.86658557468471,-496.2072647797701,214.9504726797798,-0.3820162408676866,-0.717833330362061,63.50384775211619,-205.1563485498725,143.0656395386233,-23.86002208863768,-24.23310746032398,53.6772084274431,-208.32646354844087,672.1123340814249,441.2418053554574,440.5418195693449,71.22982611028087,0.2233560621331475,0.2161477590533935,64.2439533,1.456518668009322,4.404657320823148
972,E972_processed,20.446091,23.539074,22.11262992676964,22.124279,0.4019020705332112,-1.661419759718787,1.463107473039957,-9.38084326681978e-05,0.006336714571053632,0.4012607097925951,-4.856996056208515,4.799069859788087,0.1960998487027668,0.1766705032999965,0.2467063142898079,-252.8069,235.29877,-15.20516225790896,-15.5871655,69.75211205594395,-236.6168954104393,249.4175532949449,0.00419715465021866,-0.4344492649044798,69.70519347196739,-395.11011,324.61218,-17.70356426626758,-15.617275,85.52846416056161,-380.4274274249311,341.9596824864157,0.0941983344934583,2.24446012203305,85.51737283306421,3697.9438,3947.033,3831.820707261918,3832.7556,19.6526562970007,-139.3977510586087,143.9320523866909,0.0655142777325856,0.1605557258826031,45.24569488194448,-208.7133398548748,220.807123010565,-0.04509483983785757,-1.022237651087482,59.9637777336164,-155.2846445884544,165.2443612631758,1.471074141818978,1.620114174075417,53.86240124297456,-26.35986806937045,441.3144915808174,178.2256053518038,177.9290960395896,68.7383965499503,0.2228675308769798,0.2089506930905491,3.0929830000000003,1.5690569328358208,4.449627791563276
973,E973_processed,-16.227905,71.373924,1.913700809989944,22.0557212,7.280101752105212,-35.21843237432118,35.32664698038514,0.0001739691602992534,5.90384351241709e-14,1.912497088311724,-4.999999994845223,4.999999986627947,0.01497530364851907,9.496655661698196e-10,0.716574573823408,-228.6669,227.87108,-14.19486262177954,-14.592766,65.04885693429921,-213.5821022371152,241.6693139358147,-0.1657760345887754,-0.6141368258987541,65.15711055589506,-338.81897,310.40536,-15.81317631650629,-14.787956,83.68934033155152,-323.7797863627424,324.4215802118566,-0.1394829071542018,1.095057685753272,83.79969536449578,3741.6907,3929.177,3835.813893649648,3836.3269,18.70942497319605,-167.3165817343182,240.9903282343169,0.1833745882224063,-0.1010901321901958,42.93775833314963,-195.2556998938199,327.3081220956001,0.2070411968504596,-1.35895059526937,59.33875711020018,-376.9597812664236,178.65302719230968,-201.3872217550007,-202.2962853554142,50.58121011587028,-497.3004256251855,374.2699250781735,-283.6348930247658,-283.9891274287058,67.54099865010477,0.2284134385580814,0.2111003219787499,61.354423000000004,1.4769528866932746,4.427754791968733
974,E974_processed,20.686058,23.584213,22.22632186204023,22.235657,0.385341344424691,-1.575100158208668,1.360011073503182,0.0002739889855343681,0.01094950842794673,0.3842661780278873,-4.321449784547911,4.978501590655684,0.1978645192545262,0.1767106756654812,0.2652030765815179,-244.05283,202.1394,-12.91060092920402,-11.8000645,65.06605895048841,-231.0248911203554,216.9559366330784,0.08305220625865822,0.881610956693784,65.11649034987342,-293.24997,299.41519,-11.67330449980981,-10.478959,77.78929839313226,-281.2409364308838,310.9760612188506,-0.07881554044475626,1.025644981307398,77.78199232031461,3735.4412,3931.8555,3843.387565907322,3843.469,17.4078527152036,-117.7429604108218,127.2266811413685,0.02105249477895999,-0.004360341225361386,41.50394986462673,-186.2303256285446,167.2802736281284,0.05552767422149175,-0.5073984369421822,53.11348290469743,-190.9343208499902,149.5566193573535,1.636709748137297,1.366162667162973,50.23762671199736,-307.5736573915397,96.22082231524043,-123.6669625133342,-124.7441111359275,61.55146976885599,0.2266237054491126,0.2183862869216502,2.540699,1.4706280000000003,4.395110024449878
975,E975_processed,-16.227911,72.024498,1.92467773178855,22.0818802,7.32790422580211,-35.24324827535562,35.86867125227093,-0.000411636713132077,-2.967216215094094e-14,1.899995786633453,-4.999987796128687,4.99998963175465,0.01390924477601114,1.02852070499238e-10,0.1503102345758481,-230.78908,237.15567,-11.52962783447802,-11.222942,63.81208848657317,-218.5349004621599,248.2971351848757,0.0007847187257182951,0.2222523270432077,63.86120150551595,-257.06281,294.32217,-7.529551820953113,-6.4864058,75.78206127666527,-250.4184363059611,300.3397972631274,0.01380994416935087,1.147011185137817,75.80751683621911,3767.5818,3929.177,3850.219741202289,3850.6116,16.64118216407402,-144.7386850095624,143.9919144630236,0.01193903001750257,-0.2346432845397537,39.04993396730266,-156.7954465806763,182.807753858259,0.04259448977087724,-0.4108786577979853,50.98960720854844,-251.3168597805347,81.17339019866755,-88.53652201387598,-88.3903864072689,47.98018118685822,-231.0928028572725,153.0153454835373,-45.43828062345197,-46.20774630526992,59.40985295534149,0.2322174646191699,0.2161108943479466,58.82757599999999,1.4947946492832027,4.446681103078804
976,E976_processed,20.910431,24.839619,22.33076527662648,22.342167,0.3757599024068711,-1.414568906285335,2.325964662488707,0.000313950653844914,0.00566158678363414,0.3750172726700976,-4.675633966015608,4.719985086120221,0.1977680452491977,0.1792878240289967,0.2630902919022992,-219.64754,200.54776,-10.7213625054363,-9.3371639,63.81610440098758,-208.8878600371701,211.7643676097286,0.08780192072733334,1.21678149633919,63.90030053272191,-279.04315,305.31235,-3.198136557547175,-2.9980781,78.30803514432935,-273.1607008016531,310.1556723999648,0.0306498471547879,0.3314966979740559,78.31746920274375,3761.3323,3934.5337,3858.382691632869,3858.6465,17.34927708764932,-113.0273469528109,116.1773524716413,-0.1008801638294296,-0.9122697574454826,40.77435706798705,-265.153548455361,171.0150164009885,-0.1536031622257501,-0.8885840870295887,53.65740990871305,-123.7261896040703,159.3522288123166,19.97515849810222,20.05248974425398,49.33215604003095,-91.84843971663514,373.6617540613292,147.9322372298441,148.0860999724612,62.10810554965825,0.2250046260559878,0.2161043658024516,2.6951259999999984,1.4275816496350366,4.374695863746958
977,E977_processed,-16.227909,72.224983,1.934379561326963,22.142597200000004,7.351535688676957,-34.57556446855068,35.88077936368346,-6.654359542781905e-05,8.320014100658418e-15,1.896665734404927,-4.999999991526805,4.999999995204962,0.01497432923181123,2.763424228199647e-09,0.8154667880679031,-209.83238,182.21205,-8.816082242305017,-6.3249049,59.54202662262537,-199.5371990569478,189.9494442939468,0.08918363994495335,2.532646606078522,59.58723799276119,-242.3199,241.24768,4.294189677902789,4.4555368,72.69080442528366,-248.2540122402955,237.9899949460415,-0.05959883576964765,-0.3683851158623241,72.76295378581152,3782.7593,3945.2473,3870.453954603034,3870.2527,16.05583153579282,-212.887475675979,129.8548350472978,-0.1679827645748449,-0.9318093551620144,38.61082061884692,-152.0274420349272,156.0313026902622,0.008016742960083471,-0.2860252634961018,48.53002218686242,-220.4399103293134,304.888433101564,168.9229827293331,168.9213470880588,45.67039174431611,-123.3675839280264,229.6246866291309,51.46731571197971,50.90845066688632,57.11352231372206,0.2299654703591226,0.2138871990597336,53.48262799999999,1.5017699864044547,4.460277350168724
978,E978_processed,21.154564,23.452408,22.4105141121729,22.413738,0.3774720893969337,-1.283838005235537,1.061393474412564,-0.0004928853391627202,0.007744033727322908,0.377356450562682,-4.925155069737579,4.955749020672838,0.199433643155127,0.1824275183046593,0.2357655271074681,-228.40161,201.87415,-6.107507269125924,-4.3350115,63.34720951341085,-221.3441551163222,208.1887521433363,0.147340012759558,1.701787192276807,63.48652124387286,-212.29796,259.74335,10.87668570746552,10.809491,77.80884659527648,-223.8124159769309,251.7029504043823,-0.1404152492499343,-0.4879318846454073,77.86281598898408,3810.4358,3963.9961,3881.359762170121,3880.9663,16.66203949857152,-123.4259253158726,131.6299060044741,-0.07576927810196231,-0.7869844574780096,40.11770687674449,-180.0696130030393,264.9637847701184,0.1974075442647897,-0.2369470095482313,52.77517963654777,-71.98425230980223,263.0397831019773,88.77041232835187,88.71200792925615,48.73328413632562,-357.6148985895793,28.93344737207588,-181.8715251303301,-182.0302371638983,61.13338012515812,0.2249667415679077,0.2199717697610233,2.187270999999999,1.4605942611940295,4.46318407960199
979,E979_processed,-16.227905,71.705467,1.922292148940664,22.230884600000003,7.263346096329019,-34.24303969508676,35.54650070096477,0.0001596754940140917,3.682400075601978e-14,1.936454548587401,-4.99999999996755,4.999999999409853,0.01330209859519228,1.114387199912744e-09,0.8479006359535618,-195.06213,181.3837,-3.532483719757356,-1.93038,59.2079757503883,-190.1868034508009,185.2434960675759,0.05416885805255369,1.621592104782717,59.19054373553396,-225.46506,269.40237,15.9674051499919,17.160566,73.6828617108821,-243.2726208913475,255.3517854940181,-0.05765399281564112,1.233243519860437,73.87811329631938,3810.1567,3958.1729,3889.192309717207,3889.468,16.1503683705454,-146.66811074279,120.6905969688212,-0.1218122224519756,-0.6792601056381322,38.53648561445395,-194.2335152975919,285.5489618351215,0.1487058055867165,-0.3915412246456427,50.91886321961056,-66.05931430352067,206.1159035366653,69.121760351898,68.48379117388292,45.66016486679119,-405.9117599317608,322.3895804452813,-248.0570626884922,-247.4888333902423,58.4883584081706,0.2199564920441157,0.2172104442401636,54.218216,1.5166594893678982,4.484460059808929
980,E980_processed,21.044361,23.540958,22.463922515,22.458363,0.3439036082283113,-1.415298298882777,1.061021825996882,0.0007080724171663987,0.00105856497314086,0.3433880301697051,-4.925073908900099,4.793143440636119,0.2054865329925326,0.1879632507047148,0.2595269261255884,-212.2556,180.64737,-0.941143644799255,-0.25233674,60.44362731810973,-211.3643170395749,181.6489408609345,0.07886769959572489,0.8461120332355381,60.50349397602264,-194.78578,255.76563,20.71949530910294,21.088791,71.10545698455792,-214.8787758354351,234.435201650693,0.080128377167884,0.4024694843702821,71.18281764322427,3828.9368,3967.3435,3898.525242438888,3898.5767,15.50522274431472,-192.8966252031086,142.2291475389319,-0.1252691481467945,0.001951706406030262,38.87359649549396,-251.8552929786624,174.5024978087793,-0.175449823391073,-0.2124949811783843,48.6828869244869,-180.17771390658356,331.2931486131413,190.5626274786285,190.8167661314087,46.41988583942506,-250.82984209026503,362.9159430204535,193.3262432390428,193.4566861673375,56.1686840255846,0.2210967950249652,0.2160857657449663,2.4303170000000023,1.320805345070423,4.207259953161593
981,E981_processed,-16.227905,71.595009,1.934246687015223,22.314840800000002,7.336296060290152,-34.453170546621,35.14243141176769,0.0005787698764637225,5.87421657473736e-14,1.908093994263054,-4.999999994455957,4.999999982870053,0.01386080664932876,1.494888971885022e-10,0.5984615852005144,-200.8497,190.48378,0.1992323165912051,1.9628857,61.0201090545301,-198.8429336875981,190.1732098241098,0.1408153628371344,1.671844810785994,61.07439829374268,-236.4659,259.80292,17.91843856349904,18.606115,70.05738625342552,-256.3153978630855,243.2358242781291,0.01549590141377518,0.7783266081036482,70.06486013672853,3793.2725,3987.0437,3898.15009501639,3897.8918,15.54682981619126,-146.8800044360526,124.1117660973514,-0.06721941344058946,-0.5616373677714988,38.53041870126492,-180.8486257149096,188.2397864572267,0.09857211669959229,-0.04882980056859054,47.64440202158696,-180.17771390658356,290.077120873621,158.8985744723967,159.3396093327142,46.62313245550897,-220.223948648195,140.6438176398493,-57.12601397550313,-58.31626233001825,55.05676318823436,0.2201063851364068,0.219421987716191,52.892594,1.449733237747062,4.377975542504739
982,E982_processed,21.176922,24.689838,22.49372386897088,22.502552,0.3564469750078318,-1.390570380754349,2.139696723387203,0.0009497798236654396,0.01156034834679058,0.3560051493652889,-4.316725092587241,4.959706119192775,0.2017161967214122,0.1830582547138901,0.2458695528439961,-226.08382,213.34372,-0.2103080539869304,0.120273275,60.1837176602245,-225.8964089080372,214.6777246550155,-0.1045790241771766,0.3182437362214108,60.21577304992117,-211.81764,297.36475,18.26477046494818,18.1328725,75.52528869675321,-229.1719943273839,279.8792938314557,0.07680029392017924,0.004138629970492858,75.521416453878,3813.3003,3980.2996,3895.837971693709,3896.3191,16.4331794483916,-121.2682358589403,118.4034260999341,0.02699188728069257,-0.3109767319737653,38.67183936407892,-158.8395907293344,181.5831324694667,-0.08794776375056823,0.08805185258900661,50.42120077528488,-254.3220626086424,34.47687536225052,-104.3736746109999,-104.1103212805565,46.32685683754176,-174.436098057031,187.0515970556036,4.289078722561502,3.881800574312679,59.35901137591281,0.2251707589381824,0.2094790777972578,2.850101000000002,1.3873947883211681,4.3558252427184465
983,E983_processed,-16.227905,71.572906,1.9291239368145,22.3904954,7.303807443519629,-34.37944827033805,35.24083066456004,2.075152757605462e-05,-2.257033050173351e-17,1.916020143665051,-4.999999570977534,4.999999868820575,0.01551832952978286,4.513071954762264e-08,0.5280054817467821,-197.96146,203.00151,0.4055269781073555,0.481230185,60.15631969617055,-198.952182932224,202.930987779569,-0.04343322527917319,0.05653184034019754,60.15586387335388,-199.04318,259.83008,21.27020391081498,20.9283215,73.18169481568299,-220.7342965187356,238.5947768514254,-0.02924923713873443,-0.5425474096210965,73.21326068739174,3813.4897,3975.1436,3901.708013388889,3901.8694,16.38359636039061,-111.2558866303299,123.2746594176063,0.09054659681958428,-0.05894118331047471,39.11360427135143,-160.3118620976652,157.9248571775866,0.05831991960459176,-1.09592309969403,51.35387924513704,-234.0006487032529,34.14747346253056,-101.8461107093419,-102.8267377238217,46.46065937676085,-288.4322009852505,87.23817908488873,-121.0209903790229,-122.1362551521521,58.84874301208931,0.2244269675412048,0.2105329037422049,51.279735,1.4134008088441314,4.359215032735773
984,E984_processed,21.154827,23.629333,22.48270471044444,22.480457,0.3739681801247384,-1.323637026244194,1.151571722831526,0.0001335002563117843,0.00491901490974274,0.3734499117482931,-4.464672777893131,4.42249660799736,0.1955498874253451,0.1771763989592643,0.2534240296738892,-193.73024,209.90643,-0.5339746953104556,0.0277267015,60.20234231860661,-193.4360436220888,209.0973531415131,-0.1548783207186253,0.5089067315112797,60.31384345465265,-246.42953,296.85477,20.22173914916344,20.411825,73.30963550821254,-267.832773828839,277.3505949866424,-0.05737717145493381,0.03611811827280764,73.29746745174329,3828.0942,3979.6733,3901.630881394444,3901.1919,16.58321214203255,-122.9687825543954,170.7386611440369,0.1201342472173761,-0.7815721266892677,39.29535035952924,-156.2183383253667,146.8193553591485,0.002378899654072408,0.01713591794465863,51.75371050944572,-323.9416633921289,185.41209764200875,-162.6936712409942,-162.5569036870671,46.83478817488557,-221.4351818331985,126.5580822100524,-49.4341636779044,-49.50441092427212,59.26383203587193,0.2211416256013306,0.209376957045946,2.2756620000000005,1.4301175112781956,4.483291770573566
985,E985_processed,-16.227905,72.169441,1.929499731370708,22.4394554,7.32577559768386,-34.87972582226247,36.02288091284586,-0.0004683719928921021,1.375083205935937e-14,1.911397594735734,-4.999793697261269,2.473901917305224,0.01497550380678618,1.347367777859452e-10,0.08726281284981216,-187.40408,207.78156,-3.641676146356473,-4.2835474,59.01507164919624,-184.8971610239241,213.7627911318991,-0.1048748995830799,-0.6564254019286873,59.05449881640704,-233.84483,261.4664,8.721348064378674,8.74968625,73.10780599469093,-247.3718458275755,248.6672366949468,-0.03270114775416571,0.1218288560176881,73.00206068115034,3809.0898,3955.0186,3883.352639104346,3883.2407,17.57720228295749,-126.0010041170908,173.0854796524511,0.1434889052444408,0.1656130834328717,38.97702102918863,-159.6363594521161,168.4757909677593,0.09153832025316548,-0.2642881206359302,49.94398075597016,-253.9547854464624,50.37813579571673,-96.03471395025933,-96.00743593715357,46.10062040117653,-222.2817936236702,133.3478397565907,-54.12633161127774,-53.0434716908149,57.99608797457785,0.2222367206138966,0.2155773950774943,54.26240100000001,1.4052987110997706,4.3768513819605115
986,E986_processed,21.199017,23.474678,22.44427989155555,22.458363,0.3246052185328972,-1.248707127934481,1.077756452812761,0.0003140994909418439,0.004040827092314313,0.3238770103053503,-4.879982450342924,3.606012061863222,0.2005462023424099,0.1869184722439795,0.2497621070941319,-225.82559,200.35059,-7.979664146771333,-8.075530050000001,58.5778604576695,-217.6961324547293,209.3734982304935,-0.007088234334290709,-0.001794314461243264,58.56095803128451,-234.35799,263.31744,-1.6089291688966,-2.59215605,72.12050176082981,-230.961829532479,264.7298035636173,-0.02568751138013856,-0.7891695758716675,72.09008907372224,3772.3672,3941.2361,3865.805900872222,3865.3208,16.32009783550614,-114.4725487004602,113.51870737007,0.04000464309258001,-0.4037842849066564,36.88914681615663,-136.3055559740664,145.5173575172341,0.006752814588854569,-0.101277170168732,46.97741847977848,-138.1773835531023,146.6071762867966,19.63738700394271,19.84771352404974,44.70426825968742,-199.6580876965627,149.6659090557345,-25.7813917486529,-25.48195646228575,55.88907068589082,0.2195339248916768,0.2150018569703872,2.076819999999998,1.2606191223021583,4.293062200956938
987,E987_processed,-16.227905,72.147346,1.935062358801767,22.4626946,7.353886965028648,-35.01869551948865,35.92787241259578,0.0006942067641316235,-4.755762650439737e-14,1.897110088458843,-4.999999998454137,4.999999990200674,0.01545670786895913,6.911840075770672e-11,0.3172801076899804,-180.35547,189.8735,-9.857135170616939,-9.9270067,54.89015753733199,-169.1305650776952,198.5764461479013,-0.0281123861689703,0.08390664735931797,54.86851968995182,-230.03816,264.63904,-4.442738523486461,-5.8188434,69.45432962735633,-224.9125163221566,268.6300722194679,0.001085633235820247,-1.243463635643003,69.47347524561754,3772.8125,3935.2439,3858.693296583143,3858.491,15.18948031223457,-113.0857400550783,106.0735520069595,0.06680904626111615,0.3814616669367077,36.18029170668156,-177.8776954798033,158.8767682679202,-0.03122994658742858,0.03253507638450515,47.26509904612494,-157.4684467827687,99.89731550850705,-25.13246647258795,-24.42481153887909,42.69520807347912,-121.2158539558847,272.5035402023179,64.71236652367813,64.70326377136672,55.02963116634292,0.2238989585827107,0.2122375111624674,55.079875,1.3719062056331948,4.360524649402507
988,E988_processed,21.199017,23.430492,22.38120759114395,22.369987,0.3019506389825621,-1.177125525931829,1.091104535983369,-0.0002143386128842833,-0.001913183919709432,0.3011797005430724,-4.766446940117164,4.823333876651731,0.1967105980068639,0.1805171430061467,0.2538770753792762,-170.53856,183.25746,-10.25293094516836,-10.59831,54.39831717612913,-159.1389073356056,191.8902440574095,-0.1008463250817107,-0.3692134804816034,54.49962474996087,-235.93565,257.65247,-4.603066843286681,-4.8912983,66.67040232738482,-232.0243378705105,261.1405579026654,-0.1057362948783281,-0.3472864531234698,66.72113282688075,3779.0808,3916.5991,3856.416263720207,3856.6487,14.65244945666447,-146.3458158664652,233.8236469306985,0.1534598226534172,0.02904487368051889,35.9304082100172,-178.4808976509256,284.6898937642912,0.186703711174903,-0.1004352019952641,46.04639155245492,-329.9281576960825,161.78143694902292,-199.9967520855192,-199.1143578542321,42.20190893906332,-365.8890706279333,64.97851800247324,-160.6089691752483,-160.4694608723992,52.93528587324515,0.2200054919873049,0.2138979964488803,2.165191,1.153770292857143,4.264285714285714
989,E989_processed,-16.227905,72.213631,1.914309414114889,22.4539444,7.243680718687945,-34.69630539404316,36.29815632820712,0.0003458571555226092,5.194357085540742e-14,1.933097728816289,-2.689863182553616,4.999891190747149,0.01555193645928618,1.118820186348775e-10,0.08985213940771868,-190.36316,207.22708,-10.37877661886639,-10.44578,54.63040978842878,-180.7267118622289,217.9343325265108,0.01758274841074847,-0.0364861010042874,54.6258867061883,-224.68124,211.81639,-5.045562559061978,-4.52461265,67.16514549476517,-219.264411213421,216.7587224412584,0.05781528008210398,0.5704650927157546,67.18729482414558,3781.8538,3914.9104,3854.358189877778,3854.1758,14.65654570880243,-111.4138749602628,113.0800729749835,-0.0428804636618955,0.1687216281950992,33.95877091683084,-142.8606749993177,153.186823811187,-0.09365639582162566,-0.2491357712926594,43.77942439631911,-135.6929721111734,153.3229320292705,24.17598406617206,24.15504550819276,41.47589623826076,-40.72463748152732,290.8227990841287,109.310801587108,109.3453076547238,52.09608136448867,0.2194641442307924,0.2177636872691618,54.17403100000001,1.3105414119658174,4.320744976339252
990,E990_processed,21.221111,23.386303,22.34864809311111,22.347893,0.2935876468082022,-1.128841151908785,1.063584531131243,2.239099604760033e-05,0.001348310393465436,0.2929864843061236,-4.258431322524701,4.968367798049226,0.2049563217083107,0.1862838024751055,0.2690162464181216,-178.19078,161.86572,-10.04273166645891,-10.107361,54.57266327722618,-167.4883609622276,171.5127367454606,0.01542077221446324,-0.006760487144228833,54.63142020368098,-230.30916,234.60112,-5.850980455515133,-5.7427399,67.46414665513807,-224.1332695886813,239.3409268888727,0.04984673830246888,0.3055542328653988,67.47706244048011,3787.9641,3913.9954,3852.749193922222,3852.354,14.7811118231341,-116.4803941900844,120.4419282219374,-0.06157530963009654,-0.008393483484146813,35.07384769130073,-152.7773680322086,146.4811831737015,-0.05819267514685406,-0.2645534639649245,44.51841809743604,-26.50800207050464,223.9039823378361,101.8807454462624,101.9320284154455,42.22051725795441,-98.88871246880848,251.824918534574,63.58013808459712,63.42988921464952,52.64168576869037,0.2216477583943787,0.2127657840181166,2.076817000000002,1.1280936814814817,4.417241379310345
991,E991_processed,-16.227905,71.086845,1.916764894135389,22.431850400000002,7.250545699910978,-35.00709440331422,35.3201568992871,0.0001796912050779243,7.586302763307762e-14,1.938127404896628,-1.749633264553928,4.998850208421222,0.01447671879704619,3.389199068567524e-10,0.07174992744119549,-169.60733,181.81055,-11.04015821361786,-12.1270735,53.30674205758152,-157.4898791977613,192.1374960013038,-0.02150984563743399,-1.093330106545086,53.2820855791679,-203.75601,187.40372,-8.6465848262145,-8.99501515,61.45157422567175,-194.2162534249538,196.487309212726,0.04000881509450006,-0.01143535207464419,61.46302941889532,3756.7007,3901.3611,3848.087021972222,3847.7505,13.95479516933237,-90.70434805610589,102.4642950468659,0.07095334536315466,0.4813308464837922,32.4648961325891,-133.5411514356078,131.6800979952865,-0.01822923843124731,-0.4044956867489908,39.95851115793729,-186.6213442496529,59.31717386095877,-56.18990429891191,-55.83366217119467,40.03251904542042,-148.3692440335788,169.1838671278017,2.022094101953093,2.811310663355747,47.78017621500806,0.2260267726102727,0.218873520066674,61.509177799999996,1.2719990792480291,4.362741261569002
992,E992_processed,21.221111,23.297928,22.39684941533334,22.392082,0.2806392604966983,-1.13846305666521,0.9250355999907809,4.822461132300375e-06,-0.0007107105239324701,0.2798541490154388,-4.567958873671195,4.776339301210617,0.202757799871748,0.1852282781859226,0.2608442304117082,-176.55101,176.57764,-12.86701293095592,-13.435169,53.92647800751789,-164.0459668609267,188.2053245265672,-0.0756930955631298,-0.6809316537617125,53.99258333081099,-223.07286,178.18393,-12.5206809482536,-12.6570715,65.43211516896754,-212.3340684873812,190.9246600940685,0.004904724726021224,0.07069388539069266,65.46170984825824,3785.2202,3896.8479,3841.773691805556,3841.5093,14.25716944962817,-117.324232383977,180.7399614499788,0.1113869652699767,0.3846282760125392,33.45469017161415,-141.3194869270032,140.2288282990391,-0.06608177428701958,-0.6299493926547663,42.24020365021308,-303.2657574255032,100.25638308048336,-175.4613999847866,-174.790939161554,40.72218472053854,-49.81940341208946,273.4334795221335,93.46052160474238,93.4567489722703,50.62481371132723,0.2272019288499129,0.2177504435291241,1.7454150000000013,1.0693403857142856,4.261848341232228
